CustomerID,activity_month,cohort_month,cohort_index
12346,2011-01-01,2011-01-01,0
12347,2010-12-01,2010-12-01,0
12347,2011-01-01,2010-12-01,1
12347,2011-04-01,2010-12-01,4
12347,2011-06-01,2010-12-01,6
12347,2011-08-01,2010-12-01,8
12347,2011-10-01,2010-12-01,10
12347,2011-12-01,2010-12-01,12
12348,2010-12-01,2010-12-01,0
12348,2011-01-01,2010-12-01,1
12348,2011-04-01,2010-12-01,4
12348,2011-09-01,2010-12-01,9
12349,2011-11-01,2011-11-01,0
12350,2011-02-01,2011-02-01,0
12352,2011-02-01,2011-02-01,0
12352,2011-03-01,2011-02-01,1
12352,2011-09-01,2011-02-01,7
12352,2011-11-01,2011-02-01,9
12353,2011-05-01,2011-05-01,0
12354,2011-04-01,2011-04-01,0
12355,2011-05-01,2011-05-01,0
12356,2011-01-01,2011-01-01,0
12356,2011-04-01,2011-01-01,3
12356,2011-11-01,2011-01-01,10
12357,2011-11-01,2011-11-01,0
12358,2011-07-01,2011-07-01,0
12358,2011-12-01,2011-07-01,5
12359,2011-01-01,2011-01-01,0
12359,2011-02-01,2011-01-01,1
12359,2011-06-01,2011-01-01,5
12359,2011-10-01,2011-01-01,9
12360,2011-05-01,2011-05-01,0
12360,2011-08-01,2011-05-01,3
12360,2011-10-01,2011-05-01,5
12361,2011-02-01,2011-02-01,0
12362,2011-02-01,2011-02-01,0
12362,2011-04-01,2011-02-01,2
12362,2011-07-01,2011-02-01,5
12362,2011-08-01,2011-02-01,6
12362,2011-09-01,2011-02-01,7
12362,2011-10-01,2011-02-01,8
12362,2011-11-01,2011-02-01,9
12362,2011-12-01,2011-02-01,10
12363,2011-04-01,2011-04-01,0
12363,2011-08-01,2011-04-01,4
12364,2011-08-01,2011-08-01,0
12364,2011-09-01,2011-08-01,1
12364,2011-10-01,2011-08-01,2
12364,2011-12-01,2011-08-01,4
12365,2011-02-01,2011-02-01,0
12367,2011-12-01,2011-12-01,0
12370,2010-12-01,2010-12-01,0
12370,2011-03-01,2010-12-01,3
12370,2011-10-01,2010-12-01,10
12371,2011-10-01,2011-10-01,0
12372,2011-02-01,2011-02-01,0
12372,2011-05-01,2011-02-01,3
12372,2011-09-01,2011-02-01,7
12373,2011-02-01,2011-02-01,0
12374,2011-11-01,2011-11-01,0
12375,2011-09-01,2011-09-01,0
12375,2011-11-01,2011-09-01,2
12377,2010-12-01,2010-12-01,0
12377,2011-01-01,2010-12-01,1
12378,2011-08-01,2011-08-01,0
12379,2011-06-01,2011-06-01,0
12379,2011-09-01,2011-06-01,3
12380,2011-06-01,2011-06-01,0
12380,2011-09-01,2011-06-01,3
12380,2011-10-01,2011-06-01,4
12380,2011-11-01,2011-06-01,5
12381,2011-08-01,2011-08-01,0
12381,2011-10-01,2011-08-01,2
12381,2011-11-01,2011-08-01,3
12381,2011-12-01,2011-08-01,4
12383,2010-12-01,2010-12-01,0
12383,2011-01-01,2010-12-01,1
12383,2011-03-01,2010-12-01,3
12383,2011-04-01,2010-12-01,4
12383,2011-06-01,2010-12-01,6
12384,2011-08-01,2011-08-01,0
12384,2011-11-01,2011-08-01,3
12386,2010-12-01,2010-12-01,0
12386,2011-01-01,2010-12-01,1
12388,2011-01-01,2011-01-01,0
12388,2011-02-01,2011-01-01,1
12388,2011-03-01,2011-01-01,2
12388,2011-07-01,2011-01-01,6
12388,2011-09-01,2011-01-01,8
12388,2011-11-01,2011-01-01,10
12390,2011-09-01,2011-09-01,0
12391,2011-11-01,2011-11-01,0
12393,2011-01-01,2011-01-01,0
12393,2011-04-01,2011-01-01,3
12393,2011-09-01,2011-01-01,8
12394,2011-05-01,2011-05-01,0
12394,2011-10-01,2011-05-01,5
12395,2010-12-01,2010-12-01,0
12395,2011-02-01,2010-12-01,2
12395,2011-03-01,2010-12-01,3
12395,2011-05-01,2010-12-01,5
12395,2011-06-01,2010-12-01,6
12395,2011-08-01,2010-12-01,8
12395,2011-10-01,2010-12-01,10
12395,2011-11-01,2010-12-01,11
12397,2011-07-01,2011-07-01,0
12397,2011-11-01,2011-07-01,4
12398,2011-10-01,2011-10-01,0
12399,2011-03-01,2011-03-01,0
12399,2011-05-01,2011-03-01,2
12399,2011-06-01,2011-03-01,3
12399,2011-08-01,2011-03-01,5
12401,2011-02-01,2011-02-01,0
12402,2011-01-01,2011-01-01,0
12403,2011-10-01,2011-10-01,0
12405,2011-07-01,2011-07-01,0
12406,2011-06-01,2011-06-01,0
12406,2011-11-01,2011-06-01,5
12407,2011-03-01,2011-03-01,0
12407,2011-04-01,2011-03-01,1
12407,2011-07-01,2011-03-01,4
12407,2011-10-01,2011-03-01,7
12408,2011-03-01,2011-03-01,0
12408,2011-06-01,2011-03-01,3
12408,2011-09-01,2011-03-01,6
12408,2011-11-01,2011-03-01,8
12409,2011-06-01,2011-06-01,0
12409,2011-09-01,2011-06-01,3
12410,2011-02-01,2011-02-01,0
12412,2011-06-01,2011-06-01,0
12412,2011-07-01,2011-06-01,1
12412,2011-09-01,2011-06-01,3
12413,2011-01-01,2011-01-01,0
12413,2011-04-01,2011-01-01,3
12413,2011-10-01,2011-01-01,9
12414,2011-02-01,2011-02-01,0
12414,2011-04-01,2011-02-01,2
12414,2011-05-01,2011-02-01,3
12415,2011-01-01,2011-01-01,0
12415,2011-02-01,2011-01-01,1
12415,2011-03-01,2011-01-01,2
12415,2011-04-01,2011-01-01,3
12415,2011-05-01,2011-01-01,4
12415,2011-06-01,2011-01-01,5
12415,2011-07-01,2011-01-01,6
12415,2011-08-01,2011-01-01,7
12415,2011-09-01,2011-01-01,8
12415,2011-10-01,2011-01-01,9
12415,2011-11-01,2011-01-01,10
12417,2010-12-01,2010-12-01,0
12417,2011-01-01,2010-12-01,1
12417,2011-03-01,2010-12-01,3
12417,2011-04-01,2010-12-01,4
12417,2011-06-01,2010-12-01,6
12417,2011-08-01,2010-12-01,8
12417,2011-10-01,2010-12-01,10
12417,2011-12-01,2010-12-01,12
12418,2011-08-01,2011-08-01,0
12420,2011-10-01,2011-10-01,0
12421,2011-01-01,2011-01-01,0
12421,2011-06-01,2011-01-01,5
12421,2011-08-01,2011-01-01,7
12421,2011-11-01,2011-01-01,10
12422,2011-01-01,2011-01-01,0
12422,2011-06-01,2011-01-01,5
12422,2011-09-01,2011-01-01,8
12423,2010-12-01,2010-12-01,0
12423,2011-02-01,2010-12-01,2
12423,2011-03-01,2010-12-01,3
12423,2011-04-01,2010-12-01,4
12423,2011-05-01,2010-12-01,5
12423,2011-06-01,2010-12-01,6
12423,2011-08-01,2010-12-01,8
12423,2011-12-01,2010-12-01,12
12424,2011-06-01,2011-06-01,0
12425,2011-09-01,2011-09-01,0
12426,2011-05-01,2011-05-01,0
12427,2010-12-01,2010-12-01,0
12427,2011-10-01,2010-12-01,10
12427,2011-11-01,2010-12-01,11
12428,2011-03-01,2011-03-01,0
12428,2011-04-01,2011-03-01,1
12428,2011-07-01,2011-03-01,4
12428,2011-08-01,2011-03-01,5
12428,2011-11-01,2011-03-01,8
12429,2010-12-01,2010-12-01,0
12429,2011-04-01,2010-12-01,4
12429,2011-06-01,2010-12-01,6
12429,2011-11-01,2010-12-01,11
12430,2011-10-01,2011-10-01,0
12431,2010-12-01,2010-12-01,0
12431,2011-01-01,2010-12-01,1
12431,2011-02-01,2010-12-01,2
12431,2011-05-01,2010-12-01,5
12431,2011-07-01,2010-12-01,7
12431,2011-08-01,2010-12-01,8
12431,2011-10-01,2010-12-01,10
12431,2011-11-01,2010-12-01,11
12432,2011-06-01,2011-06-01,0
12432,2011-10-01,2011-06-01,4
12433,2010-12-01,2010-12-01,0
12433,2011-09-01,2010-12-01,9
12433,2011-10-01,2010-12-01,10
12433,2011-11-01,2010-12-01,11
12433,2011-12-01,2010-12-01,12
12434,2011-03-01,2011-03-01,0
12434,2011-09-01,2011-03-01,6
12435,2011-03-01,2011-03-01,0
12435,2011-09-01,2011-03-01,6
12436,2011-09-01,2011-09-01,0
12437,2011-01-01,2011-01-01,0
12437,2011-02-01,2011-01-01,1
12437,2011-03-01,2011-01-01,2
12437,2011-04-01,2011-01-01,3
12437,2011-05-01,2011-01-01,4
12437,2011-06-01,2011-01-01,5
12437,2011-09-01,2011-01-01,8
12437,2011-10-01,2011-01-01,9
12437,2011-11-01,2011-01-01,10
12437,2011-12-01,2011-01-01,11
12438,2011-07-01,2011-07-01,0
12438,2011-11-01,2011-07-01,4
12441,2010-12-01,2010-12-01,0
12442,2011-12-01,2011-12-01,0
12444,2011-06-01,2011-06-01,0
12444,2011-08-01,2011-06-01,2
12444,2011-09-01,2011-06-01,3
12444,2011-10-01,2011-06-01,4
12444,2011-11-01,2011-06-01,5
12445,2011-11-01,2011-11-01,0
12446,2011-10-01,2011-10-01,0
12447,2011-04-01,2011-04-01,0
12448,2011-10-01,2011-10-01,0
12449,2011-06-01,2011-06-01,0
12449,2011-08-01,2011-06-01,2
12449,2011-09-01,2011-06-01,3
12449,2011-11-01,2011-06-01,5
12450,2011-06-01,2011-06-01,0
12450,2011-07-01,2011-06-01,1
12451,2011-01-01,2011-01-01,0
12451,2011-05-01,2011-01-01,4
12451,2011-10-01,2011-01-01,9
12451,2011-11-01,2011-01-01,10
12452,2011-11-01,2011-11-01,0
12453,2011-07-01,2011-07-01,0
12454,2011-10-01,2011-10-01,0
12455,2011-02-01,2011-02-01,0
12455,2011-06-01,2011-02-01,4
12455,2011-07-01,2011-02-01,5
12455,2011-08-01,2011-02-01,6
12455,2011-09-01,2011-02-01,7
12456,2011-03-01,2011-03-01,0
12456,2011-07-01,2011-03-01,4
12456,2011-10-01,2011-03-01,7
12457,2011-04-01,2011-04-01,0
12457,2011-09-01,2011-04-01,5
12457,2011-10-01,2011-04-01,6
12458,2011-02-01,2011-02-01,0
12458,2011-09-01,2011-02-01,7
12461,2011-07-01,2011-07-01,0
12461,2011-09-01,2011-07-01,2
12462,2011-02-01,2011-02-01,0
12462,2011-11-01,2011-02-01,9
12463,2011-04-01,2011-04-01,0
12463,2011-05-01,2011-04-01,1
12463,2011-06-01,2011-04-01,2
12463,2011-10-01,2011-04-01,6
12464,2011-02-01,2011-02-01,0
12464,2011-05-01,2011-02-01,3
12464,2011-07-01,2011-02-01,5
12464,2011-08-01,2011-02-01,6
12464,2011-11-01,2011-02-01,9
12465,2011-06-01,2011-06-01,0
12465,2011-11-01,2011-06-01,5
12468,2011-01-01,2011-01-01,0
12468,2011-06-01,2011-01-01,5
12471,2010-12-01,2010-12-01,0
12471,2011-01-01,2010-12-01,1
12471,2011-02-01,2010-12-01,2
12471,2011-03-01,2010-12-01,3
12471,2011-04-01,2010-12-01,4
12471,2011-05-01,2010-12-01,5
12471,2011-07-01,2010-12-01,7
12471,2011-08-01,2010-12-01,8
12471,2011-09-01,2010-12-01,9
12471,2011-10-01,2010-12-01,10
12471,2011-11-01,2010-12-01,11
12471,2011-12-01,2010-12-01,12
12472,2010-12-01,2010-12-01,0
12472,2011-01-01,2010-12-01,1
12472,2011-03-01,2010-12-01,3
12472,2011-06-01,2010-12-01,6
12472,2011-07-01,2010-12-01,7
12472,2011-10-01,2010-12-01,10
12472,2011-11-01,2010-12-01,11
12473,2011-06-01,2011-06-01,0
12473,2011-08-01,2011-06-01,2
12473,2011-10-01,2011-06-01,4
12473,2011-11-01,2011-06-01,5
12474,2011-01-01,2011-01-01,0
12474,2011-02-01,2011-01-01,1
12474,2011-03-01,2011-01-01,2
12474,2011-05-01,2011-01-01,4
12474,2011-06-01,2011-01-01,5
12474,2011-07-01,2011-01-01,6
12474,2011-09-01,2011-01-01,8
12474,2011-10-01,2011-01-01,9
12474,2011-11-01,2011-01-01,10
12475,2011-10-01,2011-10-01,0
12476,2010-12-01,2010-12-01,0
12476,2011-01-01,2010-12-01,1
12476,2011-02-01,2010-12-01,2
12476,2011-04-01,2010-12-01,4
12476,2011-05-01,2010-12-01,5
12476,2011-07-01,2010-12-01,7
12476,2011-09-01,2010-12-01,9
12476,2011-10-01,2010-12-01,10
12476,2011-11-01,2010-12-01,11
12477,2011-02-01,2011-02-01,0
12477,2011-04-01,2011-02-01,2
12477,2011-08-01,2011-02-01,6
12477,2011-10-01,2011-02-01,8
12477,2011-11-01,2011-02-01,9
12478,2011-12-01,2011-12-01,0
12479,2011-11-01,2011-11-01,0
12480,2011-01-01,2011-01-01,0
12480,2011-03-01,2011-01-01,2
12480,2011-07-01,2011-01-01,6
12480,2011-11-01,2011-01-01,10
12481,2010-12-01,2010-12-01,0
12481,2011-01-01,2010-12-01,1
12481,2011-03-01,2010-12-01,3
12481,2011-05-01,2010-12-01,5
12481,2011-06-01,2010-12-01,6
12481,2011-10-01,2010-12-01,10
12481,2011-11-01,2010-12-01,11
12483,2011-01-01,2011-01-01,0
12483,2011-04-01,2011-01-01,3
12483,2011-05-01,2011-01-01,4
12483,2011-06-01,2011-01-01,5
12483,2011-09-01,2011-01-01,8
12483,2011-10-01,2011-01-01,9
12483,2011-11-01,2011-01-01,10
12484,2011-01-01,2011-01-01,0
12484,2011-06-01,2011-01-01,5
12484,2011-08-01,2011-01-01,7
12484,2011-11-01,2011-01-01,10
12488,2011-09-01,2011-09-01,0
12488,2011-10-01,2011-09-01,1
12488,2011-11-01,2011-09-01,2
12489,2011-01-01,2011-01-01,0
12490,2011-01-01,2011-01-01,0
12490,2011-05-01,2011-01-01,4
12490,2011-06-01,2011-01-01,5
12490,2011-07-01,2011-01-01,6
12490,2011-08-01,2011-01-01,7
12490,2011-09-01,2011-01-01,8
12490,2011-11-01,2011-01-01,10
12490,2011-12-01,2011-01-01,11
12491,2011-11-01,2011-11-01,0
12492,2011-08-01,2011-08-01,0
12492,2011-10-01,2011-08-01,2
12493,2011-05-01,2011-05-01,0
12493,2011-06-01,2011-05-01,1
12494,2010-12-01,2010-12-01,0
12494,2011-02-01,2010-12-01,2
12494,2011-05-01,2010-12-01,5
12494,2011-07-01,2010-12-01,7
12494,2011-10-01,2010-12-01,10
12494,2011-11-01,2010-12-01,11
12497,2011-09-01,2011-09-01,0
12498,2011-10-01,2011-10-01,0
12498,2011-11-01,2011-10-01,1
12500,2011-01-01,2011-01-01,0
12500,2011-02-01,2011-01-01,1
12500,2011-03-01,2011-01-01,2
12500,2011-06-01,2011-01-01,5
12500,2011-08-01,2011-01-01,7
12500,2011-10-01,2011-01-01,9
12500,2011-11-01,2011-01-01,10
12501,2011-01-01,2011-01-01,0
12502,2011-02-01,2011-02-01,0
12502,2011-03-01,2011-02-01,1
12502,2011-05-01,2011-02-01,3
12502,2011-08-01,2011-02-01,6
12502,2011-09-01,2011-02-01,7
12504,2011-11-01,2011-11-01,0
12506,2011-04-01,2011-04-01,0
12507,2011-02-01,2011-02-01,0
12507,2011-07-01,2011-02-01,5
12508,2011-11-01,2011-11-01,0
12509,2011-02-01,2011-02-01,0
12510,2011-01-01,2011-01-01,0
12510,2011-07-01,2011-01-01,6
12512,2011-10-01,2011-10-01,0
12513,2011-08-01,2011-08-01,0
12514,2011-03-01,2011-03-01,0
12515,2010-12-01,2010-12-01,0
12516,2011-06-01,2011-06-01,0
12516,2011-09-01,2011-06-01,3
12517,2011-06-01,2011-06-01,0
12517,2011-08-01,2011-06-01,2
12517,2011-09-01,2011-06-01,3
12517,2011-11-01,2011-06-01,5
12518,2011-08-01,2011-08-01,0
12518,2011-09-01,2011-08-01,1
12518,2011-10-01,2011-08-01,2
12518,2011-11-01,2011-08-01,3
12518,2011-12-01,2011-08-01,4
12519,2011-10-01,2011-10-01,0
12520,2011-03-01,2011-03-01,0
12520,2011-05-01,2011-03-01,2
12520,2011-07-01,2011-03-01,4
12520,2011-09-01,2011-03-01,6
12521,2011-07-01,2011-07-01,0
12522,2011-10-01,2011-10-01,0
12523,2011-01-01,2011-01-01,0
12523,2011-02-01,2011-01-01,1
12523,2011-03-01,2011-01-01,2
12523,2011-04-01,2011-01-01,3
12523,2011-07-01,2011-01-01,6
12523,2011-08-01,2011-01-01,7
12523,2011-09-01,2011-01-01,8
12523,2011-10-01,2011-01-01,9
12523,2011-11-01,2011-01-01,10
12524,2011-01-01,2011-01-01,0
12524,2011-02-01,2011-01-01,1
12524,2011-03-01,2011-01-01,2
12524,2011-05-01,2011-01-01,4
12524,2011-06-01,2011-01-01,5
12524,2011-10-01,2011-01-01,9
12524,2011-11-01,2011-01-01,10
12526,2011-09-01,2011-09-01,0
12526,2011-10-01,2011-09-01,1
12526,2011-12-01,2011-09-01,3
12527,2011-01-01,2011-01-01,0
12527,2011-02-01,2011-01-01,1
12527,2011-09-01,2011-01-01,8
12528,2011-01-01,2011-01-01,0
12528,2011-03-01,2011-01-01,2
12528,2011-07-01,2011-01-01,6
12528,2011-08-01,2011-01-01,7
12528,2011-10-01,2011-01-01,9
12528,2011-11-01,2011-01-01,10
12530,2011-01-01,2011-01-01,0
12530,2011-04-01,2011-01-01,3
12530,2011-08-01,2011-01-01,7
12530,2011-10-01,2011-01-01,9
12531,2011-11-01,2011-11-01,0
12532,2011-11-01,2011-11-01,0
12534,2011-08-01,2011-08-01,0
12535,2011-06-01,2011-06-01,0
12535,2011-09-01,2011-06-01,3
12536,2011-10-01,2011-10-01,0
12538,2011-11-01,2011-11-01,0
12539,2011-01-01,2011-01-01,0
12539,2011-03-01,2011-01-01,2
12539,2011-11-01,2011-01-01,10
12540,2010-12-01,2010-12-01,0
12540,2011-01-01,2010-12-01,1
12540,2011-02-01,2010-12-01,2
12540,2011-03-01,2010-12-01,3
12540,2011-05-01,2010-12-01,5
12540,2011-06-01,2010-12-01,6
12540,2011-07-01,2010-12-01,7
12540,2011-08-01,2010-12-01,8
12540,2011-09-01,2010-12-01,9
12540,2011-10-01,2010-12-01,10
12540,2011-11-01,2010-12-01,11
12541,2011-03-01,2011-03-01,0
12541,2011-06-01,2011-03-01,3
12541,2011-11-01,2011-03-01,8
12544,2011-11-01,2011-11-01,0
12545,2011-03-01,2011-03-01,0
12545,2011-09-01,2011-03-01,6
12546,2011-09-01,2011-09-01,0
12546,2011-10-01,2011-09-01,1
12547,2011-03-01,2011-03-01,0
12547,2011-05-01,2011-03-01,2
12548,2011-06-01,2011-06-01,0
12550,2011-09-01,2011-09-01,0
12551,2010-12-01,2010-12-01,0
12552,2011-10-01,2011-10-01,0
12552,2011-11-01,2011-10-01,1
12553,2011-01-01,2011-01-01,0
12553,2011-02-01,2011-01-01,1
12553,2011-03-01,2011-01-01,2
12553,2011-05-01,2011-01-01,4
12553,2011-07-01,2011-01-01,6
12553,2011-08-01,2011-01-01,7
12553,2011-10-01,2011-01-01,9
12553,2011-11-01,2011-01-01,10
12553,2011-12-01,2011-01-01,11
12556,2011-07-01,2011-07-01,0
12556,2011-10-01,2011-07-01,3
12557,2010-12-01,2010-12-01,0
12557,2011-01-01,2010-12-01,1
12557,2011-03-01,2010-12-01,3
12557,2011-07-01,2010-12-01,7
12557,2011-11-01,2010-12-01,11
12558,2011-12-01,2011-12-01,0
12559,2011-01-01,2011-01-01,0
12559,2011-02-01,2011-01-01,1
12560,2011-07-01,2011-07-01,0
12560,2011-08-01,2011-07-01,1
12560,2011-12-01,2011-07-01,5
12561,2011-02-01,2011-02-01,0
12562,2011-05-01,2011-05-01,0
12562,2011-06-01,2011-05-01,1
12562,2011-08-01,2011-05-01,3
12562,2011-09-01,2011-05-01,4
12562,2011-10-01,2011-05-01,5
12562,2011-11-01,2011-05-01,6
12562,2011-12-01,2011-05-01,7
12564,2011-03-01,2011-03-01,0
12565,2011-02-01,2011-02-01,0
12566,2011-09-01,2011-09-01,0
12567,2010-12-01,2010-12-01,0
12567,2011-02-01,2010-12-01,2
12567,2011-05-01,2010-12-01,5
12567,2011-06-01,2010-12-01,6
12567,2011-08-01,2010-12-01,8
12567,2011-09-01,2010-12-01,9
12567,2011-11-01,2010-12-01,11
12569,2011-04-01,2011-04-01,0
12569,2011-05-01,2011-04-01,1
12569,2011-06-01,2011-04-01,2
12569,2011-07-01,2011-04-01,3
12569,2011-08-01,2011-04-01,4
12569,2011-09-01,2011-04-01,5
12569,2011-10-01,2011-04-01,6
12569,2011-11-01,2011-04-01,7
12569,2011-12-01,2011-04-01,8
12571,2011-08-01,2011-08-01,0
12571,2011-10-01,2011-08-01,2
12572,2011-10-01,2011-10-01,0
12572,2011-12-01,2011-10-01,2
12573,2011-04-01,2011-04-01,0
12574,2011-01-01,2011-01-01,0
12576,2011-02-01,2011-02-01,0
12576,2011-05-01,2011-02-01,3
12576,2011-07-01,2011-02-01,5
12576,2011-09-01,2011-02-01,7
12576,2011-11-01,2011-02-01,9
12577,2010-12-01,2010-12-01,0
12577,2011-11-01,2010-12-01,11
12578,2011-01-01,2011-01-01,0
12578,2011-11-01,2011-01-01,10
12579,2011-09-01,2011-09-01,0
12580,2011-04-01,2011-04-01,0
12581,2011-10-01,2011-10-01,0
12582,2011-02-01,2011-02-01,0
12582,2011-04-01,2011-02-01,2
12583,2010-12-01,2010-12-01,0
12583,2011-01-01,2010-12-01,1
12583,2011-02-01,2010-12-01,2
12583,2011-03-01,2010-12-01,3
12583,2011-05-01,2010-12-01,5
12583,2011-06-01,2010-12-01,6
12583,2011-07-01,2010-12-01,7
12583,2011-08-01,2010-12-01,8
12583,2011-09-01,2010-12-01,9
12583,2011-10-01,2010-12-01,10
12583,2011-11-01,2010-12-01,11
12583,2011-12-01,2010-12-01,12
12584,2011-03-01,2011-03-01,0
12584,2011-06-01,2011-03-01,3
12584,2011-07-01,2011-03-01,4
12584,2011-08-01,2011-03-01,5
12584,2011-09-01,2011-03-01,6
12584,2011-10-01,2011-03-01,7
12584,2011-11-01,2011-03-01,8
12584,2011-12-01,2011-03-01,9
12585,2010-12-01,2010-12-01,0
12585,2011-04-01,2010-12-01,4
12586,2011-11-01,2011-11-01,0
12587,2011-12-01,2011-12-01,0
12588,2011-10-01,2011-10-01,0
12589,2011-07-01,2011-07-01,0
12589,2011-11-01,2011-07-01,4
12590,2011-05-01,2011-05-01,0
12591,2011-01-01,2011-01-01,0
12592,2011-05-01,2011-05-01,0
12592,2011-09-01,2011-05-01,4
12593,2011-05-01,2011-05-01,0
12593,2011-08-01,2011-05-01,3
12594,2011-01-01,2011-01-01,0
12594,2011-02-01,2011-01-01,1
12594,2011-03-01,2011-01-01,2
12594,2011-04-01,2011-01-01,3
12594,2011-05-01,2011-01-01,4
12594,2011-06-01,2011-01-01,5
12594,2011-08-01,2011-01-01,7
12594,2011-10-01,2011-01-01,9
12594,2011-11-01,2011-01-01,10
12596,2011-04-01,2011-04-01,0
12596,2011-10-01,2011-04-01,6
12597,2011-03-01,2011-03-01,0
12597,2011-06-01,2011-03-01,3
12597,2011-10-01,2011-03-01,7
12597,2011-11-01,2011-03-01,8
12598,2011-02-01,2011-02-01,0
12598,2011-05-01,2011-02-01,3
12598,2011-07-01,2011-02-01,5
12598,2011-09-01,2011-02-01,7
12598,2011-11-01,2011-02-01,9
12599,2011-02-01,2011-02-01,0
12599,2011-05-01,2011-02-01,3
12599,2011-06-01,2011-02-01,4
12599,2011-07-01,2011-02-01,5
12599,2011-08-01,2011-02-01,6
12599,2011-11-01,2011-02-01,9
12600,2010-12-01,2010-12-01,0
12600,2011-02-01,2010-12-01,2
12600,2011-03-01,2010-12-01,3
12600,2011-04-01,2010-12-01,4
12600,2011-05-01,2010-12-01,5
12600,2011-07-01,2010-12-01,7
12600,2011-08-01,2010-12-01,8
12600,2011-09-01,2010-12-01,9
12600,2011-11-01,2010-12-01,11
12601,2011-01-01,2011-01-01,0
12601,2011-02-01,2011-01-01,1
12601,2011-03-01,2011-01-01,2
12601,2011-05-01,2011-01-01,4
12601,2011-06-01,2011-01-01,5
12602,2011-10-01,2011-10-01,0
12603,2011-11-01,2011-11-01,0
12604,2011-03-01,2011-03-01,0
12604,2011-09-01,2011-03-01,6
12607,2011-10-01,2011-10-01,0
12609,2011-01-01,2011-01-01,0
12609,2011-06-01,2011-01-01,5
12609,2011-09-01,2011-01-01,8
12610,2011-08-01,2011-08-01,0
12610,2011-10-01,2011-08-01,2
12610,2011-11-01,2011-08-01,3
12611,2011-10-01,2011-10-01,0
12612,2011-09-01,2011-09-01,0
12613,2011-03-01,2011-03-01,0
12613,2011-05-01,2011-03-01,2
12613,2011-10-01,2011-03-01,7
12614,2011-03-01,2011-03-01,0
12615,2011-06-01,2011-06-01,0
12615,2011-09-01,2011-06-01,3
12615,2011-11-01,2011-06-01,5
12615,2011-12-01,2011-06-01,6
12616,2011-02-01,2011-02-01,0
12616,2011-09-01,2011-02-01,7
12617,2011-11-01,2011-11-01,0
12618,2011-11-01,2011-11-01,0
12619,2011-03-01,2011-03-01,0
12619,2011-04-01,2011-03-01,1
12619,2011-07-01,2011-03-01,4
12619,2011-08-01,2011-03-01,5
12619,2011-09-01,2011-03-01,6
12619,2011-11-01,2011-03-01,8
12620,2011-05-01,2011-05-01,0
12620,2011-09-01,2011-05-01,4
12620,2011-11-01,2011-05-01,6
12621,2010-12-01,2010-12-01,0
12621,2011-02-01,2010-12-01,2
12621,2011-03-01,2010-12-01,3
12621,2011-04-01,2010-12-01,4
12621,2011-05-01,2010-12-01,5
12621,2011-06-01,2010-12-01,6
12621,2011-07-01,2010-12-01,7
12621,2011-08-01,2010-12-01,8
12621,2011-09-01,2010-12-01,9
12621,2011-10-01,2010-12-01,10
12621,2011-11-01,2010-12-01,11
12621,2011-12-01,2010-12-01,12
12622,2011-04-01,2011-04-01,0
12623,2011-03-01,2011-03-01,0
12624,2011-06-01,2011-06-01,0
12624,2011-08-01,2011-06-01,2
12625,2011-01-01,2011-01-01,0
12625,2011-05-01,2011-01-01,4
12626,2011-01-01,2011-01-01,0
12626,2011-06-01,2011-01-01,5
12626,2011-07-01,2011-01-01,6
12626,2011-08-01,2011-01-01,7
12626,2011-10-01,2011-01-01,9
12626,2011-11-01,2011-01-01,10
12627,2011-07-01,2011-07-01,0
12627,2011-08-01,2011-07-01,1
12627,2011-09-01,2011-07-01,2
12627,2011-10-01,2011-07-01,3
12627,2011-11-01,2011-07-01,4
12628,2011-10-01,2011-10-01,0
12628,2011-11-01,2011-10-01,1
12628,2011-12-01,2011-10-01,2
12630,2011-10-01,2011-10-01,0
12630,2011-11-01,2011-10-01,1
12631,2011-10-01,2011-10-01,0
12633,2011-02-01,2011-02-01,0
12633,2011-05-01,2011-02-01,3
12633,2011-08-01,2011-02-01,6
12633,2011-10-01,2011-02-01,8
12635,2011-07-01,2011-07-01,0
12635,2011-09-01,2011-07-01,2
12637,2011-01-01,2011-01-01,0
12637,2011-03-01,2011-01-01,2
12637,2011-04-01,2011-01-01,3
12637,2011-07-01,2011-01-01,6
12637,2011-09-01,2011-01-01,8
12637,2011-10-01,2011-01-01,9
12638,2011-11-01,2011-11-01,0
12639,2011-04-01,2011-04-01,0
12640,2011-09-01,2011-09-01,0
12640,2011-11-01,2011-09-01,2
12641,2011-08-01,2011-08-01,0
12642,2011-08-01,2011-08-01,0
12642,2011-10-01,2011-08-01,2
12642,2011-11-01,2011-08-01,3
12643,2011-01-01,2011-01-01,0
12643,2011-05-01,2011-01-01,4
12643,2011-06-01,2011-01-01,5
12643,2011-08-01,2011-01-01,7
12644,2011-08-01,2011-08-01,0
12645,2011-01-01,2011-01-01,0
12645,2011-05-01,2011-01-01,4
12645,2011-08-01,2011-01-01,7
12645,2011-11-01,2011-01-01,10
12646,2011-10-01,2011-10-01,0
12646,2011-12-01,2011-10-01,2
12647,2010-12-01,2010-12-01,0
12647,2011-03-01,2010-12-01,3
12647,2011-04-01,2010-12-01,4
12647,2011-05-01,2010-12-01,5
12647,2011-07-01,2010-12-01,7
12647,2011-08-01,2010-12-01,8
12647,2011-09-01,2010-12-01,9
12647,2011-11-01,2010-12-01,11
12648,2011-07-01,2011-07-01,0
12649,2011-05-01,2011-05-01,0
12649,2011-08-01,2011-05-01,3
12650,2011-12-01,2011-12-01,0
12651,2011-01-01,2011-01-01,0
12652,2011-01-01,2011-01-01,0
12653,2011-02-01,2011-02-01,0
12653,2011-07-01,2011-02-01,5
12654,2011-02-01,2011-02-01,0
12654,2011-05-01,2011-02-01,3
12654,2011-11-01,2011-02-01,9
12656,2011-04-01,2011-04-01,0
12656,2011-05-01,2011-04-01,1
12656,2011-08-01,2011-04-01,4
12656,2011-09-01,2011-04-01,5
12656,2011-11-01,2011-04-01,7
12657,2011-09-01,2011-09-01,0
12657,2011-10-01,2011-09-01,1
12657,2011-11-01,2011-09-01,2
12658,2011-11-01,2011-11-01,0
12659,2011-11-01,2011-11-01,0
12660,2011-11-01,2011-11-01,0
12662,2010-12-01,2010-12-01,0
12662,2011-02-01,2010-12-01,2
12662,2011-03-01,2010-12-01,3
12662,2011-04-01,2010-12-01,4
12662,2011-06-01,2010-12-01,6
12662,2011-07-01,2010-12-01,7
12662,2011-08-01,2010-12-01,8
12662,2011-10-01,2010-12-01,10
12662,2011-11-01,2010-12-01,11
12662,2011-12-01,2010-12-01,12
12664,2011-01-01,2011-01-01,0
12664,2011-04-01,2011-01-01,3
12664,2011-07-01,2011-01-01,6
12664,2011-09-01,2011-01-01,8
12664,2011-10-01,2011-01-01,9
12664,2011-11-01,2011-01-01,10
12664,2011-12-01,2011-01-01,11
12665,2011-01-01,2011-01-01,0
12667,2011-10-01,2011-10-01,0
12668,2010-12-01,2010-12-01,0
12668,2011-01-01,2010-12-01,1
12668,2011-03-01,2010-12-01,3
12668,2011-11-01,2010-12-01,11
12669,2011-03-01,2011-03-01,0
12669,2011-04-01,2011-03-01,1
12669,2011-07-01,2011-03-01,4
12670,2011-04-01,2011-04-01,0
12670,2011-05-01,2011-04-01,1
12670,2011-09-01,2011-04-01,5
12670,2011-11-01,2011-04-01,7
12672,2011-01-01,2011-01-01,0
12673,2011-01-01,2011-01-01,0
12673,2011-12-01,2011-01-01,11
12674,2011-05-01,2011-05-01,0
12674,2011-06-01,2011-05-01,1
12674,2011-09-01,2011-05-01,4
12674,2011-11-01,2011-05-01,6
12676,2011-02-01,2011-02-01,0
12676,2011-03-01,2011-02-01,1
12676,2011-06-01,2011-02-01,4
12676,2011-08-01,2011-02-01,6
12676,2011-09-01,2011-02-01,7
12676,2011-11-01,2011-02-01,9
12678,2010-12-01,2010-12-01,0
12678,2011-02-01,2010-12-01,2
12678,2011-03-01,2010-12-01,3
12678,2011-04-01,2010-12-01,4
12678,2011-06-01,2010-12-01,6
12678,2011-07-01,2010-12-01,7
12678,2011-08-01,2010-12-01,8
12678,2011-09-01,2010-12-01,9
12678,2011-10-01,2010-12-01,10
12679,2011-03-01,2011-03-01,0
12679,2011-05-01,2011-03-01,2
12679,2011-09-01,2011-03-01,6
12679,2011-10-01,2011-03-01,7
12680,2011-08-01,2011-08-01,0
12680,2011-09-01,2011-08-01,1
12680,2011-12-01,2011-08-01,4
12681,2010-12-01,2010-12-01,0
12681,2011-01-01,2010-12-01,1
12681,2011-03-01,2010-12-01,3
12681,2011-04-01,2010-12-01,4
12681,2011-05-01,2010-12-01,5
12681,2011-06-01,2010-12-01,6
12681,2011-07-01,2010-12-01,7
12681,2011-09-01,2010-12-01,9
12681,2011-10-01,2010-12-01,10
12681,2011-11-01,2010-12-01,11
12682,2010-12-01,2010-12-01,0
12682,2011-01-01,2010-12-01,1
12682,2011-02-01,2010-12-01,2
12682,2011-03-01,2010-12-01,3
12682,2011-04-01,2010-12-01,4
12682,2011-05-01,2010-12-01,5
12682,2011-06-01,2010-12-01,6
12682,2011-07-01,2010-12-01,7
12682,2011-08-01,2010-12-01,8
12682,2011-09-01,2010-12-01,9
12682,2011-10-01,2010-12-01,10
12682,2011-11-01,2010-12-01,11
12682,2011-12-01,2010-12-01,12
12683,2010-12-01,2010-12-01,0
12683,2011-01-01,2010-12-01,1
12683,2011-03-01,2010-12-01,3
12683,2011-05-01,2010-12-01,5
12683,2011-06-01,2010-12-01,6
12683,2011-08-01,2010-12-01,8
12683,2011-09-01,2010-12-01,9
12683,2011-10-01,2010-12-01,10
12683,2011-12-01,2010-12-01,12
12684,2011-05-01,2011-05-01,0
12684,2011-06-01,2011-05-01,1
12684,2011-10-01,2011-05-01,5
12684,2011-11-01,2011-05-01,6
12684,2011-12-01,2011-05-01,7
12685,2011-09-01,2011-09-01,0
12685,2011-10-01,2011-09-01,1
12685,2011-11-01,2011-09-01,2
12686,2010-12-01,2010-12-01,0
12688,2011-08-01,2011-08-01,0
12689,2011-08-01,2011-08-01,0
12689,2011-11-01,2011-08-01,3
12690,2011-05-01,2011-05-01,0
12691,2010-12-01,2010-12-01,0
12691,2011-01-01,2010-12-01,1
12691,2011-07-01,2010-12-01,7
12691,2011-10-01,2010-12-01,10
12691,2011-11-01,2010-12-01,11
12693,2011-01-01,2011-01-01,0
12693,2011-03-01,2011-01-01,2
12693,2011-05-01,2011-01-01,4
12693,2011-08-01,2011-01-01,7
12694,2011-06-01,2011-06-01,0
12694,2011-09-01,2011-06-01,3
12695,2011-05-01,2011-05-01,0
12695,2011-08-01,2011-05-01,3
12695,2011-10-01,2011-05-01,5
12695,2011-12-01,2011-05-01,7
12697,2011-06-01,2011-06-01,0
12697,2011-07-01,2011-06-01,1
12697,2011-11-01,2011-06-01,5
12700,2011-05-01,2011-05-01,0
12700,2011-07-01,2011-05-01,2
12700,2011-10-01,2011-05-01,5
12700,2011-12-01,2011-05-01,7
12701,2011-04-01,2011-04-01,0
12701,2011-09-01,2011-04-01,5
12702,2011-11-01,2011-11-01,0
12703,2011-09-01,2011-09-01,0
12704,2011-06-01,2011-06-01,0
12704,2011-08-01,2011-06-01,2
12704,2011-09-01,2011-06-01,3
12704,2011-11-01,2011-06-01,5
12704,2011-12-01,2011-06-01,6
12705,2010-12-01,2010-12-01,0
12705,2011-04-01,2010-12-01,4
12705,2011-05-01,2010-12-01,5
12705,2011-07-01,2010-12-01,7
12705,2011-09-01,2010-12-01,9
12705,2011-10-01,2010-12-01,10
12705,2011-11-01,2010-12-01,11
12707,2011-02-01,2011-02-01,0
12708,2010-12-01,2010-12-01,0
12708,2011-01-01,2010-12-01,1
12708,2011-03-01,2010-12-01,3
12708,2011-04-01,2010-12-01,4
12708,2011-05-01,2010-12-01,5
12708,2011-06-01,2010-12-01,6
12708,2011-08-01,2010-12-01,8
12708,2011-09-01,2010-12-01,9
12708,2011-11-01,2010-12-01,11
12709,2010-12-01,2010-12-01,0
12709,2011-01-01,2010-12-01,1
12709,2011-03-01,2010-12-01,3
12709,2011-04-01,2010-12-01,4
12709,2011-05-01,2010-12-01,5
12709,2011-06-01,2010-12-01,6
12709,2011-07-01,2010-12-01,7
12709,2011-09-01,2010-12-01,9
12709,2011-10-01,2010-12-01,10
12709,2011-11-01,2010-12-01,11
12710,2011-05-01,2011-05-01,0
12710,2011-07-01,2011-05-01,2
12710,2011-09-01,2011-05-01,4
12712,2010-12-01,2010-12-01,0
12712,2011-01-01,2010-12-01,1
12712,2011-02-01,2010-12-01,2
12712,2011-03-01,2010-12-01,3
12712,2011-05-01,2010-12-01,5
12712,2011-06-01,2010-12-01,6
12712,2011-07-01,2010-12-01,7
12712,2011-08-01,2010-12-01,8
12712,2011-10-01,2010-12-01,10
12712,2011-11-01,2010-12-01,11
12713,2011-12-01,2011-12-01,0
12714,2011-02-01,2011-02-01,0
12714,2011-05-01,2011-02-01,3
12714,2011-06-01,2011-02-01,4
12714,2011-08-01,2011-02-01,6
12714,2011-11-01,2011-02-01,9
12715,2011-08-01,2011-08-01,0
12716,2011-07-01,2011-07-01,0
12716,2011-12-01,2011-07-01,5
12717,2011-04-01,2011-04-01,0
12717,2011-07-01,2011-04-01,3
12718,2011-09-01,2011-09-01,0
12719,2011-10-01,2011-10-01,0
12719,2011-12-01,2011-10-01,2
12720,2010-12-01,2010-12-01,0
12720,2011-01-01,2010-12-01,1
12720,2011-02-01,2010-12-01,2
12720,2011-03-01,2010-12-01,3
12720,2011-04-01,2010-12-01,4
12720,2011-05-01,2010-12-01,5
12720,2011-06-01,2010-12-01,6
12720,2011-07-01,2010-12-01,7
12720,2011-08-01,2010-12-01,8
12720,2011-09-01,2010-12-01,9
12720,2011-10-01,2010-12-01,10
12720,2011-11-01,2010-12-01,11
12720,2011-12-01,2010-12-01,12
12721,2010-12-01,2010-12-01,0
12721,2011-02-01,2010-12-01,2
12721,2011-04-01,2010-12-01,4
12721,2011-06-01,2010-12-01,6
12721,2011-09-01,2010-12-01,9
12721,2011-11-01,2010-12-01,11
12722,2011-07-01,2011-07-01,0
12722,2011-08-01,2011-07-01,1
12722,2011-09-01,2011-07-01,2
12723,2011-10-01,2011-10-01,0
12723,2011-11-01,2011-10-01,1
12723,2011-12-01,2011-10-01,2
12724,2011-01-01,2011-01-01,0
12724,2011-06-01,2011-01-01,5
12724,2011-09-01,2011-01-01,8
12724,2011-12-01,2011-01-01,11
12725,2010-12-01,2010-12-01,0
12726,2010-12-01,2010-12-01,0
12726,2011-01-01,2010-12-01,1
12726,2011-03-01,2010-12-01,3
12726,2011-05-01,2010-12-01,5
12726,2011-06-01,2010-12-01,6
12726,2011-09-01,2010-12-01,9
12726,2011-11-01,2010-12-01,11
12727,2011-01-01,2011-01-01,0
12727,2011-02-01,2011-01-01,1
12727,2011-03-01,2011-01-01,2
12727,2011-06-01,2011-01-01,5
12727,2011-09-01,2011-01-01,8
12727,2011-11-01,2011-01-01,10
12728,2011-01-01,2011-01-01,0
12728,2011-02-01,2011-01-01,1
12728,2011-03-01,2011-01-01,2
12728,2011-09-01,2011-01-01,8
12729,2011-08-01,2011-08-01,0
12731,2010-12-01,2010-12-01,0
12731,2011-01-01,2010-12-01,1
12731,2011-03-01,2010-12-01,3
12731,2011-04-01,2010-12-01,4
12731,2011-05-01,2010-12-01,5
12731,2011-06-01,2010-12-01,6
12731,2011-07-01,2010-12-01,7
12731,2011-09-01,2010-12-01,9
12731,2011-10-01,2010-12-01,10
12731,2011-11-01,2010-12-01,11
12732,2011-06-01,2011-06-01,0
12733,2011-04-01,2011-04-01,0
12734,2010-12-01,2010-12-01,0
12735,2011-01-01,2011-01-01,0
12736,2011-01-01,2011-01-01,0
12738,2010-12-01,2010-12-01,0
12739,2011-09-01,2011-09-01,0
12740,2011-10-01,2011-10-01,0
12743,2011-07-01,2011-07-01,0
12744,2011-01-01,2011-01-01,0
12744,2011-04-01,2011-01-01,3
12744,2011-07-01,2011-01-01,6
12744,2011-10-01,2011-01-01,9
12747,2010-12-01,2010-12-01,0
12747,2011-01-01,2010-12-01,1
12747,2011-03-01,2010-12-01,3
12747,2011-05-01,2010-12-01,5
12747,2011-06-01,2010-12-01,6
12747,2011-08-01,2010-12-01,8
12747,2011-10-01,2010-12-01,10
12747,2011-11-01,2010-12-01,11
12747,2011-12-01,2010-12-01,12
12748,2010-12-01,2010-12-01,0
12748,2011-01-01,2010-12-01,1
12748,2011-02-01,2010-12-01,2
12748,2011-03-01,2010-12-01,3
12748,2011-04-01,2010-12-01,4
12748,2011-05-01,2010-12-01,5
12748,2011-06-01,2010-12-01,6
12748,2011-07-01,2010-12-01,7
12748,2011-08-01,2010-12-01,8
12748,2011-09-01,2010-12-01,9
12748,2011-10-01,2010-12-01,10
12748,2011-11-01,2010-12-01,11
12748,2011-12-01,2010-12-01,12
12749,2011-05-01,2011-05-01,0
12749,2011-08-01,2011-05-01,3
12749,2011-11-01,2011-05-01,6
12749,2011-12-01,2011-05-01,7
12750,2011-08-01,2011-08-01,0
12752,2011-09-01,2011-09-01,0
12753,2010-12-01,2010-12-01,0
12753,2011-02-01,2010-12-01,2
12753,2011-03-01,2010-12-01,3
12753,2011-04-01,2010-12-01,4
12753,2011-07-01,2010-12-01,7
12753,2011-11-01,2010-12-01,11
12754,2011-02-01,2011-02-01,0
12754,2011-03-01,2011-02-01,1
12754,2011-04-01,2011-02-01,2
12755,2010-12-01,2010-12-01,0
12755,2011-03-01,2010-12-01,3
12756,2011-09-01,2011-09-01,0
12757,2011-05-01,2011-05-01,0
12757,2011-06-01,2011-05-01,1
12757,2011-07-01,2011-05-01,2
12757,2011-10-01,2011-05-01,5
12757,2011-11-01,2011-05-01,6
12758,2011-03-01,2011-03-01,0
12758,2011-08-01,2011-03-01,5
12759,2011-03-01,2011-03-01,0
12759,2011-06-01,2011-03-01,3
12759,2011-10-01,2011-03-01,7
12762,2011-11-01,2011-11-01,0
12762,2011-12-01,2011-11-01,1
12763,2010-12-01,2010-12-01,0
12763,2011-07-01,2010-12-01,7
12764,2011-01-01,2011-01-01,0
12766,2010-12-01,2010-12-01,0
12766,2011-01-01,2010-12-01,1
12766,2011-02-01,2010-12-01,2
12766,2011-04-01,2010-12-01,4
12766,2011-07-01,2010-12-01,7
12766,2011-10-01,2010-12-01,10
12766,2011-12-01,2010-12-01,12
12769,2011-04-01,2011-04-01,0
12770,2011-05-01,2011-05-01,0
12772,2011-10-01,2011-10-01,0
12775,2011-02-01,2011-02-01,0
12775,2011-03-01,2011-02-01,1
12775,2011-05-01,2011-02-01,3
12775,2011-06-01,2011-02-01,4
12775,2011-11-01,2011-02-01,9
12778,2011-01-01,2011-01-01,0
12778,2011-03-01,2011-01-01,2
12778,2011-06-01,2011-01-01,5
12778,2011-10-01,2011-01-01,9
12778,2011-11-01,2011-01-01,10
12779,2010-12-01,2010-12-01,0
12779,2011-01-01,2010-12-01,1
12779,2011-02-01,2010-12-01,2
12779,2011-03-01,2010-12-01,3
12779,2011-04-01,2010-12-01,4
12779,2011-05-01,2010-12-01,5
12779,2011-06-01,2010-12-01,6
12779,2011-11-01,2010-12-01,11
12781,2011-02-01,2011-02-01,0
12781,2011-10-01,2011-02-01,8
12782,2010-12-01,2010-12-01,0
12782,2011-01-01,2010-12-01,1
12782,2011-03-01,2010-12-01,3
12782,2011-07-01,2010-12-01,7
12782,2011-12-01,2010-12-01,12
12783,2011-09-01,2011-09-01,0
12783,2011-10-01,2011-09-01,1
12783,2011-11-01,2011-09-01,2
12783,2011-12-01,2011-09-01,3
12784,2011-11-01,2011-11-01,0
12785,2010-12-01,2010-12-01,0
12787,2011-05-01,2011-05-01,0
12787,2011-09-01,2011-05-01,4
12787,2011-11-01,2011-05-01,6
12789,2011-10-01,2011-10-01,0
12790,2011-05-01,2011-05-01,0
12791,2010-12-01,2010-12-01,0
12792,2011-03-01,2011-03-01,0
12793,2010-12-01,2010-12-01,0
12793,2011-01-01,2010-12-01,1
12794,2011-09-01,2011-09-01,0
12794,2011-10-01,2011-09-01,1
12795,2011-11-01,2011-11-01,0
12797,2010-12-01,2010-12-01,0
12798,2011-06-01,2011-06-01,0
12798,2011-10-01,2011-06-01,4
12798,2011-11-01,2011-06-01,5
12802,2011-06-01,2011-06-01,0
12808,2010-12-01,2010-12-01,0
12808,2011-06-01,2010-12-01,6
12808,2011-11-01,2010-12-01,11
12809,2011-06-01,2011-06-01,0
12811,2011-02-01,2011-02-01,0
12811,2011-03-01,2011-02-01,1
12812,2011-10-01,2011-10-01,0
12814,2011-08-01,2011-08-01,0
12815,2011-05-01,2011-05-01,0
12815,2011-07-01,2011-05-01,2
12816,2011-06-01,2011-06-01,0
12816,2011-09-01,2011-06-01,3
12817,2011-03-01,2011-03-01,0
12818,2011-03-01,2011-03-01,0
12820,2011-01-01,2011-01-01,0
12820,2011-09-01,2011-01-01,8
12820,2011-10-01,2011-01-01,9
12820,2011-12-01,2011-01-01,11
12821,2011-05-01,2011-05-01,0
12822,2011-09-01,2011-09-01,0
12823,2011-02-01,2011-02-01,0
12823,2011-03-01,2011-02-01,1
12823,2011-08-01,2011-02-01,6
12823,2011-09-01,2011-02-01,7
12824,2011-10-01,2011-10-01,0
12826,2010-12-01,2010-12-01,0
12826,2011-01-01,2010-12-01,1
12826,2011-06-01,2010-12-01,6
12826,2011-09-01,2010-12-01,9
12826,2011-11-01,2010-12-01,11
12826,2011-12-01,2010-12-01,12
12827,2011-10-01,2011-10-01,0
12827,2011-11-01,2011-10-01,1
12827,2011-12-01,2011-10-01,2
12828,2011-08-01,2011-08-01,0
12828,2011-09-01,2011-08-01,1
12828,2011-10-01,2011-08-01,2
12828,2011-12-01,2011-08-01,4
12829,2010-12-01,2010-12-01,0
12829,2011-01-01,2010-12-01,1
12830,2011-06-01,2011-06-01,0
12830,2011-07-01,2011-06-01,1
12830,2011-09-01,2011-06-01,3
12830,2011-11-01,2011-06-01,5
12831,2011-03-01,2011-03-01,0
12832,2011-09-01,2011-09-01,0
12832,2011-11-01,2011-09-01,2
12833,2011-07-01,2011-07-01,0
12834,2011-03-01,2011-03-01,0
12836,2011-02-01,2011-02-01,0
12836,2011-05-01,2011-02-01,3
12836,2011-07-01,2011-02-01,5
12836,2011-10-01,2011-02-01,8
12837,2011-06-01,2011-06-01,0
12838,2010-12-01,2010-12-01,0
12838,2011-11-01,2010-12-01,11
12839,2010-12-01,2010-12-01,0
12839,2011-02-01,2010-12-01,2
12839,2011-05-01,2010-12-01,5
12839,2011-06-01,2010-12-01,6
12839,2011-07-01,2010-12-01,7
12839,2011-08-01,2010-12-01,8
12839,2011-09-01,2010-12-01,9
12839,2011-10-01,2010-12-01,10
12839,2011-11-01,2010-12-01,11
12839,2011-12-01,2010-12-01,12
12840,2011-04-01,2011-04-01,0
12840,2011-05-01,2011-04-01,1
12840,2011-06-01,2011-04-01,2
12840,2011-07-01,2011-04-01,3
12841,2010-12-01,2010-12-01,0
12841,2011-01-01,2010-12-01,1
12841,2011-02-01,2010-12-01,2
12841,2011-03-01,2010-12-01,3
12841,2011-04-01,2010-12-01,4
12841,2011-05-01,2010-12-01,5
12841,2011-06-01,2010-12-01,6
12841,2011-07-01,2010-12-01,7
12841,2011-08-01,2010-12-01,8
12841,2011-09-01,2010-12-01,9
12841,2011-10-01,2010-12-01,10
12841,2011-11-01,2010-12-01,11
12841,2011-12-01,2010-12-01,12
12842,2011-02-01,2011-02-01,0
12842,2011-09-01,2011-02-01,7
12843,2011-03-01,2011-03-01,0
12843,2011-05-01,2011-03-01,2
12843,2011-06-01,2011-03-01,3
12843,2011-07-01,2011-03-01,4
12843,2011-10-01,2011-03-01,7
12844,2011-08-01,2011-08-01,0
12844,2011-11-01,2011-08-01,3
12845,2011-02-01,2011-02-01,0
12845,2011-03-01,2011-02-01,1
12847,2011-11-01,2011-11-01,0
12849,2011-03-01,2011-03-01,0
12849,2011-11-01,2011-03-01,8
12851,2011-09-01,2011-09-01,0
12852,2011-02-01,2011-02-01,0
12853,2011-01-01,2011-01-01,0
12853,2011-04-01,2011-01-01,3
12853,2011-07-01,2011-01-01,6
12854,2011-01-01,2011-01-01,0
12854,2011-04-01,2011-01-01,3
12854,2011-09-01,2011-01-01,8
12855,2010-12-01,2010-12-01,0
12856,2011-10-01,2011-10-01,0
12856,2011-11-01,2011-10-01,1
12856,2011-12-01,2011-10-01,2
12857,2011-02-01,2011-02-01,0
12857,2011-05-01,2011-02-01,3
12863,2011-10-01,2011-10-01,0
12864,2011-07-01,2011-07-01,0
12865,2011-08-01,2011-08-01,0
12865,2011-11-01,2011-08-01,3
12866,2011-03-01,2011-03-01,0
12867,2010-12-01,2010-12-01,0
12867,2011-02-01,2010-12-01,2
12867,2011-03-01,2010-12-01,3
12867,2011-05-01,2010-12-01,5
12867,2011-06-01,2010-12-01,6
12867,2011-09-01,2010-12-01,9
12867,2011-11-01,2010-12-01,11
12868,2010-12-01,2010-12-01,0
12868,2011-01-01,2010-12-01,1
12868,2011-03-01,2010-12-01,3
12868,2011-05-01,2010-12-01,5
12868,2011-06-01,2010-12-01,6
12871,2011-05-01,2011-05-01,0
12871,2011-09-01,2011-05-01,4
12872,2010-12-01,2010-12-01,0
12872,2011-01-01,2010-12-01,1
12873,2011-03-01,2011-03-01,0
12875,2010-12-01,2010-12-01,0
12875,2011-07-01,2010-12-01,7
12876,2011-05-01,2011-05-01,0
12876,2011-10-01,2011-05-01,5
12877,2010-12-01,2010-12-01,0
12877,2011-01-01,2010-12-01,1
12877,2011-02-01,2010-12-01,2
12877,2011-03-01,2010-12-01,3
12877,2011-04-01,2010-12-01,4
12877,2011-05-01,2010-12-01,5
12877,2011-06-01,2010-12-01,6
12877,2011-08-01,2010-12-01,8
12877,2011-09-01,2010-12-01,9
12877,2011-11-01,2010-12-01,11
12877,2011-12-01,2010-12-01,12
12878,2011-03-01,2011-03-01,0
12878,2011-04-01,2011-03-01,1
12879,2011-09-01,2011-09-01,0
12879,2011-10-01,2011-09-01,1
12881,2011-03-01,2011-03-01,0
12882,2011-11-01,2011-11-01,0
12883,2011-09-01,2011-09-01,0
12883,2011-11-01,2011-09-01,2
12884,2011-09-01,2011-09-01,0
12885,2011-08-01,2011-08-01,0
12885,2011-10-01,2011-08-01,2
12886,2011-05-01,2011-05-01,0
12886,2011-10-01,2011-05-01,5
12888,2011-03-01,2011-03-01,0
12888,2011-05-01,2011-03-01,2
12890,2011-11-01,2011-11-01,0
12891,2011-02-01,2011-02-01,0
12891,2011-05-01,2011-02-01,3
12891,2011-06-01,2011-02-01,4
12893,2011-11-01,2011-11-01,0
12895,2011-09-01,2011-09-01,0
12895,2011-10-01,2011-09-01,1
12897,2011-02-01,2011-02-01,0
12897,2011-05-01,2011-02-01,3
12901,2011-03-01,2011-03-01,0
12901,2011-04-01,2011-03-01,1
12901,2011-05-01,2011-03-01,2
12901,2011-06-01,2011-03-01,3
12901,2011-07-01,2011-03-01,4
12901,2011-08-01,2011-03-01,5
12901,2011-09-01,2011-03-01,6
12901,2011-10-01,2011-03-01,7
12901,2011-11-01,2011-03-01,8
12901,2011-12-01,2011-03-01,9
12902,2011-03-01,2011-03-01,0
12904,2011-06-01,2011-06-01,0
12904,2011-11-01,2011-06-01,5
12906,2011-09-01,2011-09-01,0
12906,2011-11-01,2011-09-01,2
12908,2011-01-01,2011-01-01,0
12908,2011-06-01,2011-01-01,5
12909,2011-03-01,2011-03-01,0
12909,2011-05-01,2011-03-01,2
12909,2011-09-01,2011-03-01,6
12909,2011-10-01,2011-03-01,7
12910,2011-04-01,2011-04-01,0
12910,2011-05-01,2011-04-01,1
12910,2011-07-01,2011-04-01,3
12910,2011-09-01,2011-04-01,5
12910,2011-10-01,2011-04-01,6
12910,2011-11-01,2011-04-01,7
12912,2011-10-01,2011-10-01,0
12912,2011-11-01,2011-10-01,1
12912,2011-12-01,2011-10-01,2
12913,2010-12-01,2010-12-01,0
12913,2011-02-01,2010-12-01,2
12913,2011-03-01,2010-12-01,3
12913,2011-11-01,2010-12-01,11
12913,2011-12-01,2010-12-01,12
12915,2010-12-01,2010-12-01,0
12915,2011-07-01,2010-12-01,7
12916,2011-01-01,2011-01-01,0
12916,2011-03-01,2011-01-01,2
12916,2011-05-01,2011-01-01,4
12916,2011-07-01,2011-01-01,6
12917,2011-08-01,2011-08-01,0
12919,2011-06-01,2011-06-01,0
12919,2011-07-01,2011-06-01,1
12919,2011-08-01,2011-06-01,2
12919,2011-11-01,2011-06-01,5
12919,2011-12-01,2011-06-01,6
12920,2011-11-01,2011-11-01,0
12921,2010-12-01,2010-12-01,0
12921,2011-01-01,2010-12-01,1
12921,2011-02-01,2010-12-01,2
12921,2011-03-01,2010-12-01,3
12921,2011-05-01,2010-12-01,5
12921,2011-06-01,2010-12-01,6
12921,2011-07-01,2010-12-01,7
12921,2011-08-01,2010-12-01,8
12921,2011-09-01,2010-12-01,9
12921,2011-10-01,2010-12-01,10
12921,2011-11-01,2010-12-01,11
12922,2011-07-01,2011-07-01,0
12923,2011-10-01,2011-10-01,0
12924,2011-01-01,2011-01-01,0
12924,2011-03-01,2011-01-01,2
12924,2011-05-01,2011-01-01,4
12924,2011-09-01,2011-01-01,8
12925,2011-09-01,2011-09-01,0
12925,2011-12-01,2011-09-01,3
12928,2010-12-01,2010-12-01,0
12928,2011-04-01,2010-12-01,4
12928,2011-07-01,2010-12-01,7
12928,2011-10-01,2010-12-01,10
12928,2011-11-01,2010-12-01,11
12929,2011-02-01,2011-02-01,0
12930,2011-06-01,2011-06-01,0
12930,2011-09-01,2011-06-01,3
12931,2010-12-01,2010-12-01,0
12931,2011-02-01,2010-12-01,2
12931,2011-03-01,2010-12-01,3
12931,2011-04-01,2010-12-01,4
12931,2011-05-01,2010-12-01,5
12931,2011-08-01,2010-12-01,8
12931,2011-10-01,2010-12-01,10
12931,2011-11-01,2010-12-01,11
12933,2011-03-01,2011-03-01,0
12933,2011-06-01,2011-03-01,3
12933,2011-11-01,2011-03-01,8
12935,2011-01-01,2011-01-01,0
12935,2011-05-01,2011-01-01,4
12935,2011-07-01,2011-01-01,6
12935,2011-08-01,2011-01-01,7
12935,2011-11-01,2011-01-01,10
12935,2011-12-01,2011-01-01,11
12936,2011-09-01,2011-09-01,0
12936,2011-11-01,2011-09-01,2
12937,2011-03-01,2011-03-01,0
12937,2011-05-01,2011-03-01,2
12937,2011-09-01,2011-03-01,6
12937,2011-11-01,2011-03-01,8
12938,2011-11-01,2011-11-01,0
12939,2011-01-01,2011-01-01,0
12939,2011-02-01,2011-01-01,1
12939,2011-03-01,2011-01-01,2
12939,2011-07-01,2011-01-01,6
12939,2011-09-01,2011-01-01,8
12939,2011-10-01,2011-01-01,9
12940,2011-09-01,2011-09-01,0
12940,2011-10-01,2011-09-01,1
12942,2010-12-01,2010-12-01,0
12942,2011-05-01,2010-12-01,5
12942,2011-07-01,2010-12-01,7
12944,2010-12-01,2010-12-01,0
12944,2011-11-01,2010-12-01,11
12945,2011-02-01,2011-02-01,0
12947,2010-12-01,2010-12-01,0
12947,2011-01-01,2010-12-01,1
12947,2011-04-01,2010-12-01,4
12947,2011-06-01,2010-12-01,6
12947,2011-07-01,2010-12-01,7
12948,2011-03-01,2011-03-01,0
12948,2011-05-01,2011-03-01,2
12948,2011-08-01,2011-03-01,5
12948,2011-10-01,2011-03-01,7
12948,2011-11-01,2011-03-01,8
12949,2011-04-01,2011-04-01,0
12949,2011-05-01,2011-04-01,1
12949,2011-08-01,2011-04-01,4
12949,2011-11-01,2011-04-01,7
12950,2011-11-01,2011-11-01,0
12950,2011-12-01,2011-11-01,1
12951,2011-01-01,2011-01-01,0
12951,2011-04-01,2011-01-01,3
12951,2011-05-01,2011-01-01,4
12951,2011-06-01,2011-01-01,5
12951,2011-12-01,2011-01-01,11
12952,2011-09-01,2011-09-01,0
12952,2011-10-01,2011-09-01,1
12952,2011-12-01,2011-09-01,3
12953,2011-11-01,2011-11-01,0
12955,2011-03-01,2011-03-01,0
12955,2011-05-01,2011-03-01,2
12955,2011-06-01,2011-03-01,3
12955,2011-07-01,2011-03-01,4
12955,2011-09-01,2011-03-01,6
12955,2011-10-01,2011-03-01,7
12955,2011-11-01,2011-03-01,8
12955,2011-12-01,2011-03-01,9
12956,2011-02-01,2011-02-01,0
12957,2011-01-01,2011-01-01,0
12957,2011-03-01,2011-01-01,2
12957,2011-05-01,2011-01-01,4
12957,2011-06-01,2011-01-01,5
12957,2011-09-01,2011-01-01,8
12957,2011-11-01,2011-01-01,10
12962,2011-08-01,2011-08-01,0
12962,2011-12-01,2011-08-01,4
12963,2010-12-01,2010-12-01,0
12963,2011-09-01,2010-12-01,9
12963,2011-10-01,2010-12-01,10
12963,2011-11-01,2010-12-01,11
12963,2011-12-01,2010-12-01,12
12965,2011-09-01,2011-09-01,0
12966,2011-11-01,2011-11-01,0
12967,2010-12-01,2010-12-01,0
12968,2011-08-01,2011-08-01,0
12970,2011-01-01,2011-01-01,0
12970,2011-12-01,2011-01-01,11
12971,2010-12-01,2010-12-01,0
12971,2011-01-01,2010-12-01,1
12971,2011-02-01,2010-12-01,2
12971,2011-03-01,2010-12-01,3
12971,2011-04-01,2010-12-01,4
12971,2011-05-01,2010-12-01,5
12971,2011-06-01,2010-12-01,6
12971,2011-07-01,2010-12-01,7
12971,2011-08-01,2010-12-01,8
12971,2011-09-01,2010-12-01,9
12971,2011-10-01,2010-12-01,10
12971,2011-11-01,2010-12-01,11
12971,2011-12-01,2010-12-01,12
12974,2011-05-01,2011-05-01,0
12976,2011-05-01,2011-05-01,0
12977,2011-07-01,2011-07-01,0
12980,2010-12-01,2010-12-01,0
12980,2011-01-01,2010-12-01,1
12980,2011-02-01,2010-12-01,2
12980,2011-03-01,2010-12-01,3
12980,2011-05-01,2010-12-01,5
12980,2011-06-01,2010-12-01,6
12980,2011-07-01,2010-12-01,7
12981,2011-07-01,2011-07-01,0
12981,2011-11-01,2011-07-01,4
12982,2011-04-01,2011-04-01,0
12984,2011-11-01,2011-11-01,0
12985,2011-11-01,2011-11-01,0
12985,2011-12-01,2011-11-01,1
12987,2011-05-01,2011-05-01,0
12987,2011-09-01,2011-05-01,4
12988,2011-02-01,2011-02-01,0
12989,2010-12-01,2010-12-01,0
12989,2011-01-01,2010-12-01,1
12989,2011-02-01,2010-12-01,2
12989,2011-03-01,2010-12-01,3
12989,2011-04-01,2010-12-01,4
12989,2011-05-01,2010-12-01,5
12989,2011-07-01,2010-12-01,7
12989,2011-09-01,2010-12-01,9
12989,2011-10-01,2010-12-01,10
12989,2011-11-01,2010-12-01,11
12989,2011-12-01,2010-12-01,12
12990,2011-02-01,2011-02-01,0
12990,2011-06-01,2011-02-01,4
12990,2011-11-01,2011-02-01,9
12991,2011-08-01,2011-08-01,0
12991,2011-11-01,2011-08-01,3
12993,2011-02-01,2011-02-01,0
12993,2011-05-01,2011-02-01,3
12993,2011-08-01,2011-02-01,6
12993,2011-11-01,2011-02-01,9
12994,2011-03-01,2011-03-01,0
12994,2011-08-01,2011-03-01,5
12994,2011-12-01,2011-03-01,9
12995,2011-09-01,2011-09-01,0
12997,2011-01-01,2011-01-01,0
12997,2011-04-01,2011-01-01,3
12997,2011-09-01,2011-01-01,8
12997,2011-11-01,2011-01-01,10
12999,2011-04-01,2011-04-01,0
12999,2011-05-01,2011-04-01,1
13000,2010-12-01,2010-12-01,0
13000,2011-03-01,2010-12-01,3
13000,2011-08-01,2010-12-01,8
13001,2011-01-01,2011-01-01,0
13001,2011-02-01,2011-01-01,1
13001,2011-03-01,2011-01-01,2
13001,2011-04-01,2011-01-01,3
13001,2011-05-01,2011-01-01,4
13001,2011-06-01,2011-01-01,5
13001,2011-07-01,2011-01-01,6
13001,2011-11-01,2011-01-01,10
13001,2011-12-01,2011-01-01,11
13002,2011-01-01,2011-01-01,0
13003,2011-05-01,2011-05-01,0
13003,2011-07-01,2011-05-01,2
13003,2011-08-01,2011-05-01,3
13004,2010-12-01,2010-12-01,0
13004,2011-01-01,2010-12-01,1
13004,2011-02-01,2010-12-01,2
13004,2011-04-01,2010-12-01,4
13004,2011-05-01,2010-12-01,5
13004,2011-06-01,2010-12-01,6
13004,2011-07-01,2010-12-01,7
13004,2011-08-01,2010-12-01,8
13004,2011-09-01,2010-12-01,9
13004,2011-10-01,2010-12-01,10
13004,2011-11-01,2010-12-01,11
13005,2011-04-01,2011-04-01,0
13005,2011-06-01,2011-04-01,2
13006,2011-10-01,2011-10-01,0
13008,2011-01-01,2011-01-01,0
13011,2010-12-01,2010-12-01,0
13012,2011-02-01,2011-02-01,0
13012,2011-05-01,2011-02-01,3
13012,2011-07-01,2011-02-01,5
13012,2011-09-01,2011-02-01,7
13012,2011-11-01,2011-02-01,9
13013,2010-12-01,2010-12-01,0
13013,2011-04-01,2010-12-01,4
13013,2011-05-01,2010-12-01,5
13013,2011-07-01,2010-12-01,7
13013,2011-08-01,2010-12-01,8
13013,2011-09-01,2010-12-01,9
13013,2011-10-01,2010-12-01,10
13013,2011-11-01,2010-12-01,11
13013,2011-12-01,2010-12-01,12
13014,2011-03-01,2011-03-01,0
13014,2011-05-01,2011-03-01,2
13014,2011-06-01,2011-03-01,3
13014,2011-08-01,2011-03-01,5
13014,2011-09-01,2011-03-01,6
13014,2011-11-01,2011-03-01,8
13015,2011-04-01,2011-04-01,0
13015,2011-05-01,2011-04-01,1
13015,2011-10-01,2011-04-01,6
13016,2011-08-01,2011-08-01,0
13016,2011-09-01,2011-08-01,1
13017,2011-12-01,2011-12-01,0
13018,2011-02-01,2011-02-01,0
13018,2011-03-01,2011-02-01,1
13018,2011-04-01,2011-02-01,2
13018,2011-05-01,2011-02-01,3
13018,2011-06-01,2011-02-01,4
13018,2011-07-01,2011-02-01,5
13018,2011-08-01,2011-02-01,6
13018,2011-09-01,2011-02-01,7
13018,2011-10-01,2011-02-01,8
13018,2011-11-01,2011-02-01,9
13021,2010-12-01,2010-12-01,0
13021,2011-03-01,2010-12-01,3
13021,2011-05-01,2010-12-01,5
13021,2011-06-01,2010-12-01,6
13021,2011-09-01,2010-12-01,9
13021,2011-11-01,2010-12-01,11
13021,2011-12-01,2010-12-01,12
13023,2011-08-01,2011-08-01,0
13023,2011-10-01,2011-08-01,2
13026,2011-03-01,2011-03-01,0
13026,2011-05-01,2011-03-01,2
13026,2011-09-01,2011-03-01,6
13026,2011-11-01,2011-03-01,8
13026,2011-12-01,2011-03-01,9
13027,2010-12-01,2010-12-01,0
13027,2011-03-01,2010-12-01,3
13027,2011-04-01,2010-12-01,4
13027,2011-07-01,2010-12-01,7
13027,2011-08-01,2010-12-01,8
13028,2011-10-01,2011-10-01,0
13028,2011-11-01,2011-10-01,1
13029,2010-12-01,2010-12-01,0
13029,2011-07-01,2010-12-01,7
13029,2011-11-01,2010-12-01,11
13030,2010-12-01,2010-12-01,0
13030,2011-11-01,2010-12-01,11
13032,2011-09-01,2011-09-01,0
13032,2011-10-01,2011-09-01,1
13033,2010-12-01,2010-12-01,0
13034,2010-12-01,2010-12-01,0
13034,2011-10-01,2010-12-01,10
13035,2011-03-01,2011-03-01,0
13035,2011-09-01,2011-03-01,6
13037,2011-03-01,2011-03-01,0
13037,2011-05-01,2011-03-01,2
13037,2011-07-01,2011-03-01,4
13038,2011-02-01,2011-02-01,0
13038,2011-06-01,2011-02-01,4
13038,2011-09-01,2011-02-01,7
13040,2011-11-01,2011-11-01,0
13040,2011-12-01,2011-11-01,1
13043,2011-03-01,2011-03-01,0
13044,2011-02-01,2011-02-01,0
13045,2011-09-01,2011-09-01,0
13046,2011-03-01,2011-03-01,0
13046,2011-11-01,2011-03-01,8
13047,2010-12-01,2010-12-01,0
13047,2011-02-01,2010-12-01,2
13047,2011-03-01,2010-12-01,3
13047,2011-05-01,2010-12-01,5
13047,2011-06-01,2010-12-01,6
13047,2011-08-01,2010-12-01,8
13047,2011-10-01,2010-12-01,10
13047,2011-11-01,2010-12-01,11
13048,2011-01-01,2011-01-01,0
13048,2011-04-01,2011-01-01,3
13048,2011-08-01,2011-01-01,7
13048,2011-11-01,2011-01-01,10
13049,2011-01-01,2011-01-01,0
13049,2011-10-01,2011-01-01,9
13050,2010-12-01,2010-12-01,0
13050,2011-01-01,2010-12-01,1
13050,2011-02-01,2010-12-01,2
13050,2011-03-01,2010-12-01,3
13050,2011-05-01,2010-12-01,5
13050,2011-06-01,2010-12-01,6
13050,2011-07-01,2010-12-01,7
13050,2011-08-01,2010-12-01,8
13050,2011-10-01,2010-12-01,10
13050,2011-11-01,2010-12-01,11
13052,2011-05-01,2011-05-01,0
13055,2011-05-01,2011-05-01,0
13055,2011-09-01,2011-05-01,4
13058,2011-07-01,2011-07-01,0
13058,2011-10-01,2011-07-01,3
13058,2011-11-01,2011-07-01,4
13059,2011-04-01,2011-04-01,0
13060,2011-03-01,2011-03-01,0
13061,2011-09-01,2011-09-01,0
13062,2011-06-01,2011-06-01,0
13064,2011-01-01,2011-01-01,0
13064,2011-07-01,2011-01-01,6
13064,2011-09-01,2011-01-01,8
13064,2011-11-01,2011-01-01,10
13065,2010-12-01,2010-12-01,0
13066,2011-11-01,2011-11-01,0
13067,2011-09-01,2011-09-01,0
13068,2011-01-01,2011-01-01,0
13068,2011-11-01,2011-01-01,10
13069,2010-12-01,2010-12-01,0
13069,2011-01-01,2010-12-01,1
13069,2011-02-01,2010-12-01,2
13069,2011-03-01,2010-12-01,3
13069,2011-04-01,2010-12-01,4
13069,2011-05-01,2010-12-01,5
13069,2011-06-01,2010-12-01,6
13069,2011-07-01,2010-12-01,7
13069,2011-08-01,2010-12-01,8
13069,2011-09-01,2010-12-01,9
13069,2011-10-01,2010-12-01,10
13069,2011-11-01,2010-12-01,11
13069,2011-12-01,2010-12-01,12
13070,2011-05-01,2011-05-01,0
13072,2011-03-01,2011-03-01,0
13075,2011-08-01,2011-08-01,0
13077,2010-12-01,2010-12-01,0
13077,2011-02-01,2010-12-01,2
13077,2011-12-01,2010-12-01,12
13078,2010-12-01,2010-12-01,0
13078,2011-01-01,2010-12-01,1
13078,2011-02-01,2010-12-01,2
13078,2011-03-01,2010-12-01,3
13078,2011-04-01,2010-12-01,4
13078,2011-05-01,2010-12-01,5
13078,2011-06-01,2010-12-01,6
13078,2011-07-01,2010-12-01,7
13078,2011-08-01,2010-12-01,8
13078,2011-09-01,2010-12-01,9
13078,2011-10-01,2010-12-01,10
13078,2011-11-01,2010-12-01,11
13078,2011-12-01,2010-12-01,12
13079,2011-07-01,2011-07-01,0
13079,2011-09-01,2011-07-01,2
13079,2011-11-01,2011-07-01,4
13079,2011-12-01,2011-07-01,5
13080,2011-06-01,2011-06-01,0
13081,2010-12-01,2010-12-01,0
13081,2011-01-01,2010-12-01,1
13081,2011-02-01,2010-12-01,2
13081,2011-03-01,2010-12-01,3
13081,2011-05-01,2010-12-01,5
13081,2011-07-01,2010-12-01,7
13081,2011-11-01,2010-12-01,11
13082,2011-01-01,2011-01-01,0
13082,2011-03-01,2011-01-01,2
13082,2011-04-01,2011-01-01,3
13082,2011-06-01,2011-01-01,5
13082,2011-07-01,2011-01-01,6
13082,2011-08-01,2011-01-01,7
13083,2011-09-01,2011-09-01,0
13083,2011-12-01,2011-09-01,3
13085,2011-02-01,2011-02-01,0
13085,2011-07-01,2011-02-01,5
13089,2010-12-01,2010-12-01,0
13089,2011-01-01,2010-12-01,1
13089,2011-02-01,2010-12-01,2
13089,2011-03-01,2010-12-01,3
13089,2011-04-01,2010-12-01,4
13089,2011-05-01,2010-12-01,5
13089,2011-06-01,2010-12-01,6
13089,2011-07-01,2010-12-01,7
13089,2011-08-01,2010-12-01,8
13089,2011-09-01,2010-12-01,9
13089,2011-10-01,2010-12-01,10
13089,2011-11-01,2010-12-01,11
13089,2011-12-01,2010-12-01,12
13090,2010-12-01,2010-12-01,0
13090,2011-01-01,2010-12-01,1
13090,2011-02-01,2010-12-01,2
13090,2011-03-01,2010-12-01,3
13090,2011-04-01,2010-12-01,4
13090,2011-06-01,2010-12-01,6
13090,2011-07-01,2010-12-01,7
13090,2011-10-01,2010-12-01,10
13090,2011-11-01,2010-12-01,11
13090,2011-12-01,2010-12-01,12
13091,2011-11-01,2011-11-01,0
13092,2010-12-01,2010-12-01,0
13092,2011-03-01,2010-12-01,3
13092,2011-04-01,2010-12-01,4
13092,2011-05-01,2010-12-01,5
13092,2011-09-01,2010-12-01,9
13093,2010-12-01,2010-12-01,0
13093,2011-01-01,2010-12-01,1
13093,2011-02-01,2010-12-01,2
13093,2011-03-01,2010-12-01,3
13094,2010-12-01,2010-12-01,0
13094,2011-01-01,2010-12-01,1
13094,2011-02-01,2010-12-01,2
13094,2011-03-01,2010-12-01,3
13094,2011-05-01,2010-12-01,5
13094,2011-06-01,2010-12-01,6
13094,2011-07-01,2010-12-01,7
13094,2011-08-01,2010-12-01,8
13094,2011-09-01,2010-12-01,9
13094,2011-11-01,2010-12-01,11
13095,2011-09-01,2011-09-01,0
13097,2010-12-01,2010-12-01,0
13097,2011-01-01,2010-12-01,1
13097,2011-02-01,2010-12-01,2
13097,2011-03-01,2010-12-01,3
13097,2011-04-01,2010-12-01,4
13097,2011-06-01,2010-12-01,6
13097,2011-08-01,2010-12-01,8
13097,2011-09-01,2010-12-01,9
13097,2011-11-01,2010-12-01,11
13098,2011-01-01,2011-01-01,0
13098,2011-02-01,2011-01-01,1
13098,2011-03-01,2011-01-01,2
13098,2011-04-01,2011-01-01,3
13098,2011-05-01,2011-01-01,4
13098,2011-06-01,2011-01-01,5
13098,2011-07-01,2011-01-01,6
13098,2011-08-01,2011-01-01,7
13098,2011-09-01,2011-01-01,8
13098,2011-10-01,2011-01-01,9
13098,2011-11-01,2011-01-01,10
13098,2011-12-01,2011-01-01,11
13099,2011-09-01,2011-09-01,0
13101,2011-04-01,2011-04-01,0
13102,2010-12-01,2010-12-01,0
13102,2011-01-01,2010-12-01,1
13102,2011-02-01,2010-12-01,2
13102,2011-03-01,2010-12-01,3
13102,2011-04-01,2010-12-01,4
13102,2011-05-01,2010-12-01,5
13102,2011-06-01,2010-12-01,6
13102,2011-07-01,2010-12-01,7
13102,2011-09-01,2010-12-01,9
13102,2011-10-01,2010-12-01,10
13102,2011-11-01,2010-12-01,11
13102,2011-12-01,2010-12-01,12
13103,2011-10-01,2011-10-01,0
13104,2010-12-01,2010-12-01,0
13104,2011-03-01,2010-12-01,3
13104,2011-07-01,2010-12-01,7
13104,2011-09-01,2010-12-01,9
13104,2011-10-01,2010-12-01,10
13104,2011-12-01,2010-12-01,12
13106,2011-07-01,2011-07-01,0
13107,2011-01-01,2011-01-01,0
13107,2011-06-01,2011-01-01,5
13107,2011-09-01,2011-01-01,8
13107,2011-10-01,2011-01-01,9
13108,2010-12-01,2010-12-01,0
13109,2011-07-01,2011-07-01,0
13109,2011-10-01,2011-07-01,3
13110,2011-02-01,2011-02-01,0
13110,2011-03-01,2011-02-01,1
13110,2011-07-01,2011-02-01,5
13110,2011-10-01,2011-02-01,8
13110,2011-11-01,2011-02-01,9
13113,2010-12-01,2010-12-01,0
13113,2011-01-01,2010-12-01,1
13113,2011-02-01,2010-12-01,2
13113,2011-03-01,2010-12-01,3
13113,2011-04-01,2010-12-01,4
13113,2011-05-01,2010-12-01,5
13113,2011-06-01,2010-12-01,6
13113,2011-08-01,2010-12-01,8
13113,2011-10-01,2010-12-01,10
13113,2011-11-01,2010-12-01,11
13113,2011-12-01,2010-12-01,12
13115,2011-06-01,2011-06-01,0
13115,2011-10-01,2011-06-01,4
13115,2011-11-01,2011-06-01,5
13116,2011-07-01,2011-07-01,0
13117,2010-12-01,2010-12-01,0
13117,2011-01-01,2010-12-01,1
13117,2011-03-01,2010-12-01,3
13117,2011-04-01,2010-12-01,4
13117,2011-05-01,2010-12-01,5
13117,2011-08-01,2010-12-01,8
13117,2011-11-01,2010-12-01,11
13118,2011-02-01,2011-02-01,0
13118,2011-03-01,2011-02-01,1
13118,2011-05-01,2011-02-01,3
13118,2011-11-01,2011-02-01,9
13120,2011-04-01,2011-04-01,0
13121,2011-03-01,2011-03-01,0
13122,2011-04-01,2011-04-01,0
13122,2011-09-01,2011-04-01,5
13124,2010-12-01,2010-12-01,0
13124,2011-04-01,2010-12-01,4
13124,2011-09-01,2010-12-01,9
13126,2010-12-01,2010-12-01,0
13126,2011-01-01,2010-12-01,1
13126,2011-03-01,2010-12-01,3
13126,2011-09-01,2010-12-01,9
13126,2011-10-01,2010-12-01,10
13126,2011-12-01,2010-12-01,12
13127,2011-09-01,2011-09-01,0
13130,2011-09-01,2011-09-01,0
13131,2011-06-01,2011-06-01,0
13131,2011-09-01,2011-06-01,3
13131,2011-11-01,2011-06-01,5
13132,2011-03-01,2011-03-01,0
13133,2011-02-01,2011-02-01,0
13133,2011-03-01,2011-02-01,1
13134,2011-04-01,2011-04-01,0
13134,2011-06-01,2011-04-01,2
13134,2011-09-01,2011-04-01,5
13135,2011-05-01,2011-05-01,0
13136,2011-05-01,2011-05-01,0
13136,2011-07-01,2011-05-01,2
13136,2011-09-01,2011-05-01,4
13136,2011-10-01,2011-05-01,5
13137,2011-02-01,2011-02-01,0
13137,2011-04-01,2011-02-01,2
13137,2011-07-01,2011-02-01,5
13137,2011-08-01,2011-02-01,6
13137,2011-09-01,2011-02-01,7
13137,2011-10-01,2011-02-01,8
13137,2011-11-01,2011-02-01,9
13138,2010-12-01,2010-12-01,0
13138,2011-04-01,2010-12-01,4
13138,2011-07-01,2010-12-01,7
13138,2011-09-01,2010-12-01,9
13138,2011-10-01,2010-12-01,10
13138,2011-11-01,2010-12-01,11
13139,2011-03-01,2011-03-01,0
13139,2011-05-01,2011-03-01,2
13139,2011-08-01,2011-03-01,5
13139,2011-09-01,2011-03-01,6
13139,2011-11-01,2011-03-01,8
13140,2010-12-01,2010-12-01,0
13140,2011-08-01,2010-12-01,8
13141,2011-01-01,2011-01-01,0
13141,2011-04-01,2011-01-01,3
13141,2011-05-01,2011-01-01,4
13141,2011-09-01,2011-01-01,8
13142,2011-11-01,2011-11-01,0
13144,2011-01-01,2011-01-01,0
13145,2010-12-01,2010-12-01,0
13145,2011-08-01,2010-12-01,8
13145,2011-09-01,2010-12-01,9
13145,2011-10-01,2010-12-01,10
13146,2011-11-01,2011-11-01,0
13147,2011-09-01,2011-09-01,0
13147,2011-10-01,2011-09-01,1
13147,2011-11-01,2011-09-01,2
13148,2010-12-01,2010-12-01,0
13148,2011-01-01,2010-12-01,1
13148,2011-03-01,2010-12-01,3
13148,2011-04-01,2010-12-01,4
13148,2011-07-01,2010-12-01,7
13148,2011-11-01,2010-12-01,11
13149,2011-02-01,2011-02-01,0
13149,2011-07-01,2011-02-01,5
13149,2011-08-01,2011-02-01,6
13149,2011-11-01,2011-02-01,9
13151,2011-02-01,2011-02-01,0
13153,2011-12-01,2011-12-01,0
13155,2010-12-01,2010-12-01,0
13155,2011-01-01,2010-12-01,1
13155,2011-09-01,2010-12-01,9
13155,2011-11-01,2010-12-01,11
13157,2011-02-01,2011-02-01,0
13157,2011-04-01,2011-02-01,2
13157,2011-07-01,2011-02-01,5
13157,2011-10-01,2011-02-01,8
13158,2011-01-01,2011-01-01,0
13158,2011-07-01,2011-01-01,6
13158,2011-08-01,2011-01-01,7
13158,2011-09-01,2011-01-01,8
13159,2011-08-01,2011-08-01,0
13159,2011-10-01,2011-08-01,2
13159,2011-12-01,2011-08-01,4
13160,2011-11-01,2011-11-01,0
13161,2011-01-01,2011-01-01,0
13162,2011-01-01,2011-01-01,0
13162,2011-04-01,2011-01-01,3
13162,2011-06-01,2011-01-01,5
13162,2011-08-01,2011-01-01,7
13165,2010-12-01,2010-12-01,0
13165,2011-10-01,2010-12-01,10
13166,2011-03-01,2011-03-01,0
13167,2011-07-01,2011-07-01,0
13167,2011-08-01,2011-07-01,1
13167,2011-10-01,2011-07-01,3
13167,2011-11-01,2011-07-01,4
13168,2011-01-01,2011-01-01,0
13168,2011-02-01,2011-01-01,1
13168,2011-05-01,2011-01-01,4
13168,2011-11-01,2011-01-01,10
13169,2011-04-01,2011-04-01,0
13169,2011-10-01,2011-04-01,6
13170,2011-11-01,2011-11-01,0
13171,2011-02-01,2011-02-01,0
13171,2011-10-01,2011-02-01,8
13171,2011-11-01,2011-02-01,9
13173,2010-12-01,2010-12-01,0
13173,2011-12-01,2010-12-01,12
13174,2010-12-01,2010-12-01,0
13174,2011-01-01,2010-12-01,1
13174,2011-11-01,2010-12-01,11
13176,2011-10-01,2011-10-01,0
13177,2011-10-01,2011-10-01,0
13178,2010-12-01,2010-12-01,0
13178,2011-02-01,2010-12-01,2
13178,2011-04-01,2010-12-01,4
13178,2011-05-01,2010-12-01,5
13178,2011-06-01,2010-12-01,6
13178,2011-07-01,2010-12-01,7
13178,2011-09-01,2010-12-01,9
13178,2011-11-01,2010-12-01,11
13182,2011-10-01,2011-10-01,0
13183,2011-01-01,2011-01-01,0
13183,2011-03-01,2011-01-01,2
13183,2011-05-01,2011-01-01,4
13183,2011-07-01,2011-01-01,6
13183,2011-08-01,2011-01-01,7
13183,2011-09-01,2011-01-01,8
13183,2011-11-01,2011-01-01,10
13183,2011-12-01,2011-01-01,11
13184,2011-02-01,2011-02-01,0
13184,2011-04-01,2011-02-01,2
13184,2011-06-01,2011-02-01,4
13184,2011-07-01,2011-02-01,5
13184,2011-08-01,2011-02-01,6
13184,2011-11-01,2011-02-01,9
13185,2011-03-01,2011-03-01,0
13186,2011-08-01,2011-08-01,0
13186,2011-09-01,2011-08-01,1
13186,2011-10-01,2011-08-01,2
13187,2011-01-01,2011-01-01,0
13188,2011-11-01,2011-11-01,0
13189,2011-08-01,2011-08-01,0
13189,2011-11-01,2011-08-01,3
13192,2011-05-01,2011-05-01,0
13192,2011-09-01,2011-05-01,4
13193,2011-10-01,2011-10-01,0
13194,2011-07-01,2011-07-01,0
13196,2011-03-01,2011-03-01,0
13196,2011-09-01,2011-03-01,6
13196,2011-11-01,2011-03-01,8
13198,2010-12-01,2010-12-01,0
13198,2011-01-01,2010-12-01,1
13198,2011-04-01,2010-12-01,4
13198,2011-07-01,2010-12-01,7
13198,2011-08-01,2010-12-01,8
13198,2011-11-01,2010-12-01,11
13199,2010-12-01,2010-12-01,0
13199,2011-01-01,2010-12-01,1
13199,2011-02-01,2010-12-01,2
13199,2011-03-01,2010-12-01,3
13199,2011-04-01,2010-12-01,4
13199,2011-05-01,2010-12-01,5
13199,2011-06-01,2010-12-01,6
13199,2011-07-01,2010-12-01,7
13199,2011-08-01,2010-12-01,8
13199,2011-09-01,2010-12-01,9
13199,2011-10-01,2010-12-01,10
13199,2011-11-01,2010-12-01,11
13199,2011-12-01,2010-12-01,12
13200,2011-08-01,2011-08-01,0
13200,2011-09-01,2011-08-01,1
13200,2011-11-01,2011-08-01,3
13203,2011-04-01,2011-04-01,0
13203,2011-08-01,2011-04-01,4
13203,2011-10-01,2011-04-01,6
13203,2011-11-01,2011-04-01,7
13207,2011-07-01,2011-07-01,0
13207,2011-11-01,2011-07-01,4
13208,2011-02-01,2011-02-01,0
13208,2011-04-01,2011-02-01,2
13208,2011-05-01,2011-02-01,3
13208,2011-07-01,2011-02-01,5
13208,2011-10-01,2011-02-01,8
13209,2010-12-01,2010-12-01,0
13209,2011-01-01,2010-12-01,1
13209,2011-04-01,2010-12-01,4
13209,2011-07-01,2010-12-01,7
13209,2011-08-01,2010-12-01,8
13209,2011-11-01,2010-12-01,11
13210,2011-09-01,2011-09-01,0
13211,2010-12-01,2010-12-01,0
13211,2011-09-01,2010-12-01,9
13211,2011-11-01,2010-12-01,11
13212,2011-10-01,2011-10-01,0
13212,2011-11-01,2011-10-01,1
13213,2011-05-01,2011-05-01,0
13213,2011-06-01,2011-05-01,1
13213,2011-08-01,2011-05-01,3
13213,2011-10-01,2011-05-01,5
13216,2011-03-01,2011-03-01,0
13217,2011-07-01,2011-07-01,0
13217,2011-08-01,2011-07-01,1
13218,2011-08-01,2011-08-01,0
13220,2011-04-01,2011-04-01,0
13220,2011-05-01,2011-04-01,1
13220,2011-06-01,2011-04-01,2
13220,2011-09-01,2011-04-01,5
13221,2010-12-01,2010-12-01,0
13221,2011-04-01,2010-12-01,4
13223,2011-04-01,2011-04-01,0
13223,2011-05-01,2011-04-01,1
13224,2011-07-01,2011-07-01,0
13224,2011-10-01,2011-07-01,3
13225,2010-12-01,2010-12-01,0
13225,2011-01-01,2010-12-01,1
13225,2011-03-01,2010-12-01,3
13225,2011-05-01,2010-12-01,5
13225,2011-07-01,2010-12-01,7
13225,2011-10-01,2010-12-01,10
13225,2011-12-01,2010-12-01,12
13226,2011-03-01,2011-03-01,0
13227,2011-05-01,2011-05-01,0
13228,2011-09-01,2011-09-01,0
13229,2011-04-01,2011-04-01,0
13230,2010-12-01,2010-12-01,0
13230,2011-01-01,2010-12-01,1
13230,2011-02-01,2010-12-01,2
13230,2011-03-01,2010-12-01,3
13230,2011-04-01,2010-12-01,4
13230,2011-05-01,2010-12-01,5
13230,2011-07-01,2010-12-01,7
13230,2011-11-01,2010-12-01,11
13230,2011-12-01,2010-12-01,12
13232,2011-04-01,2011-04-01,0
13232,2011-05-01,2011-04-01,1
13232,2011-06-01,2011-04-01,2
13232,2011-09-01,2011-04-01,5
13232,2011-11-01,2011-04-01,7
13233,2011-01-01,2011-01-01,0
13233,2011-09-01,2011-01-01,8
13235,2011-05-01,2011-05-01,0
13236,2011-08-01,2011-08-01,0
13236,2011-11-01,2011-08-01,3
13238,2010-12-01,2010-12-01,0
13238,2011-06-01,2010-12-01,6
13238,2011-11-01,2010-12-01,11
13239,2011-03-01,2011-03-01,0
13240,2010-12-01,2010-12-01,0
13240,2011-03-01,2010-12-01,3
13240,2011-06-01,2010-12-01,6
13240,2011-09-01,2010-12-01,9
13242,2011-05-01,2011-05-01,0
13242,2011-08-01,2011-05-01,3
13243,2011-05-01,2011-05-01,0
13244,2011-09-01,2011-09-01,0
13245,2011-10-01,2011-10-01,0
13246,2011-01-01,2011-01-01,0
13246,2011-02-01,2011-01-01,1
13246,2011-05-01,2011-01-01,4
13246,2011-06-01,2011-01-01,5
13246,2011-11-01,2011-01-01,10
13247,2011-09-01,2011-09-01,0
13247,2011-10-01,2011-09-01,1
13247,2011-11-01,2011-09-01,2
13248,2011-06-01,2011-06-01,0
13248,2011-08-01,2011-06-01,2
13249,2011-03-01,2011-03-01,0
13249,2011-09-01,2011-03-01,6
13253,2011-01-01,2011-01-01,0
13253,2011-07-01,2011-01-01,6
13255,2010-12-01,2010-12-01,0
13255,2011-11-01,2010-12-01,11
13258,2011-05-01,2011-05-01,0
13258,2011-11-01,2011-05-01,6
13259,2011-10-01,2011-10-01,0
13260,2011-10-01,2011-10-01,0
13261,2011-02-01,2011-02-01,0
13261,2011-03-01,2011-02-01,1
13262,2011-03-01,2011-03-01,0
13263,2011-01-01,2011-01-01,0
13263,2011-03-01,2011-01-01,2
13263,2011-04-01,2011-01-01,3
13263,2011-05-01,2011-01-01,4
13263,2011-06-01,2011-01-01,5
13263,2011-07-01,2011-01-01,6
13263,2011-08-01,2011-01-01,7
13263,2011-09-01,2011-01-01,8
13263,2011-10-01,2011-01-01,9
13263,2011-11-01,2011-01-01,10
13263,2011-12-01,2011-01-01,11
13265,2011-03-01,2011-03-01,0
13265,2011-04-01,2011-03-01,1
13265,2011-06-01,2011-03-01,3
13265,2011-09-01,2011-03-01,6
13265,2011-10-01,2011-03-01,7
13266,2011-03-01,2011-03-01,0
13266,2011-04-01,2011-03-01,1
13266,2011-05-01,2011-03-01,2
13266,2011-06-01,2011-03-01,3
13266,2011-07-01,2011-03-01,4
13266,2011-08-01,2011-03-01,5
13266,2011-09-01,2011-03-01,6
13266,2011-10-01,2011-03-01,7
13266,2011-11-01,2011-03-01,8
13267,2010-12-01,2010-12-01,0
13267,2011-01-01,2010-12-01,1
13267,2011-03-01,2010-12-01,3
13267,2011-04-01,2010-12-01,4
13267,2011-05-01,2010-12-01,5
13267,2011-07-01,2010-12-01,7
13267,2011-08-01,2010-12-01,8
13267,2011-09-01,2010-12-01,9
13267,2011-11-01,2010-12-01,11
13267,2011-12-01,2010-12-01,12
13268,2011-03-01,2011-03-01,0
13268,2011-04-01,2011-03-01,1
13268,2011-05-01,2011-03-01,2
13268,2011-06-01,2011-03-01,3
13268,2011-09-01,2011-03-01,6
13268,2011-11-01,2011-03-01,8
13269,2010-12-01,2010-12-01,0
13269,2011-04-01,2010-12-01,4
13269,2011-05-01,2010-12-01,5
13269,2011-06-01,2010-12-01,6
13269,2011-07-01,2010-12-01,7
13269,2011-08-01,2010-12-01,8
13269,2011-09-01,2010-12-01,9
13269,2011-10-01,2010-12-01,10
13269,2011-11-01,2010-12-01,11
13269,2011-12-01,2010-12-01,12
13270,2010-12-01,2010-12-01,0
13271,2011-11-01,2011-11-01,0
13272,2011-09-01,2011-09-01,0
13272,2011-11-01,2011-09-01,2
13273,2011-08-01,2011-08-01,0
13276,2011-09-01,2011-09-01,0
13276,2011-10-01,2011-09-01,1
13277,2011-07-01,2011-07-01,0
13277,2011-08-01,2011-07-01,1
13277,2011-11-01,2011-07-01,4
13278,2011-10-01,2011-10-01,0
13279,2011-09-01,2011-09-01,0
13280,2011-01-01,2011-01-01,0
13280,2011-08-01,2011-01-01,7
13282,2011-05-01,2011-05-01,0
13282,2011-06-01,2011-05-01,1
13282,2011-11-01,2011-05-01,6
13283,2011-06-01,2011-06-01,0
13283,2011-10-01,2011-06-01,4
13284,2011-01-01,2011-01-01,0
13285,2011-02-01,2011-02-01,0
13285,2011-04-01,2011-02-01,2
13285,2011-07-01,2011-02-01,5
13285,2011-11-01,2011-02-01,9
13291,2011-07-01,2011-07-01,0
13292,2011-02-01,2011-02-01,0
13292,2011-11-01,2011-02-01,9
13294,2011-04-01,2011-04-01,0
13294,2011-06-01,2011-04-01,2
13295,2010-12-01,2010-12-01,0
13296,2011-07-01,2011-07-01,0
13297,2011-10-01,2011-10-01,0
13297,2011-11-01,2011-10-01,1
13297,2011-12-01,2011-10-01,2
13298,2011-12-01,2011-12-01,0
13299,2011-03-01,2011-03-01,0
13300,2011-06-01,2011-06-01,0
13301,2011-02-01,2011-02-01,0
13301,2011-05-01,2011-02-01,3
13301,2011-07-01,2011-02-01,5
13301,2011-08-01,2011-02-01,6
13302,2011-07-01,2011-07-01,0
13304,2010-12-01,2010-12-01,0
13305,2010-12-01,2010-12-01,0
13305,2011-02-01,2010-12-01,2
13305,2011-03-01,2010-12-01,3
13305,2011-04-01,2010-12-01,4
13305,2011-07-01,2010-12-01,7
13305,2011-08-01,2010-12-01,8
13305,2011-09-01,2010-12-01,9
13305,2011-11-01,2010-12-01,11
13305,2011-12-01,2010-12-01,12
13307,2011-08-01,2011-08-01,0
13308,2011-05-01,2011-05-01,0
13308,2011-10-01,2011-05-01,5
13308,2011-11-01,2011-05-01,6
13309,2011-02-01,2011-02-01,0
13309,2011-05-01,2011-02-01,3
13309,2011-09-01,2011-02-01,7
13309,2011-10-01,2011-02-01,8
13309,2011-12-01,2011-02-01,10
13310,2011-01-01,2011-01-01,0
13310,2011-05-01,2011-01-01,4
13310,2011-11-01,2011-01-01,10
13311,2011-07-01,2011-07-01,0
13311,2011-12-01,2011-07-01,5
13313,2011-01-01,2011-01-01,0
13313,2011-05-01,2011-01-01,4
13313,2011-07-01,2011-01-01,6
13313,2011-11-01,2011-01-01,10
13314,2011-09-01,2011-09-01,0
13314,2011-10-01,2011-09-01,1
13314,2011-12-01,2011-09-01,3
13316,2011-03-01,2011-03-01,0
13316,2011-07-01,2011-03-01,4
13316,2011-09-01,2011-03-01,6
13316,2011-11-01,2011-03-01,8
13317,2010-12-01,2010-12-01,0
13317,2011-04-01,2010-12-01,4
13317,2011-05-01,2010-12-01,5
13317,2011-10-01,2010-12-01,10
13318,2011-11-01,2011-11-01,0
13318,2011-12-01,2011-11-01,1
13319,2010-12-01,2010-12-01,0
13319,2011-01-01,2010-12-01,1
13319,2011-02-01,2010-12-01,2
13319,2011-03-01,2010-12-01,3
13319,2011-04-01,2010-12-01,4
13319,2011-05-01,2010-12-01,5
13319,2011-06-01,2010-12-01,6
13319,2011-07-01,2010-12-01,7
13319,2011-08-01,2010-12-01,8
13319,2011-09-01,2010-12-01,9
13319,2011-10-01,2010-12-01,10
13319,2011-11-01,2010-12-01,11
13319,2011-12-01,2010-12-01,12
13320,2011-05-01,2011-05-01,0
13320,2011-08-01,2011-05-01,3
13320,2011-09-01,2011-05-01,4
13321,2011-09-01,2011-09-01,0
13322,2011-11-01,2011-11-01,0
13323,2011-09-01,2011-09-01,0
13323,2011-11-01,2011-09-01,2
13323,2011-12-01,2011-09-01,3
13324,2010-12-01,2010-12-01,0
13324,2011-01-01,2010-12-01,1
13324,2011-04-01,2010-12-01,4
13324,2011-05-01,2010-12-01,5
13324,2011-09-01,2010-12-01,9
13324,2011-11-01,2010-12-01,11
13325,2011-09-01,2011-09-01,0
13327,2010-12-01,2010-12-01,0
13327,2011-02-01,2010-12-01,2
13327,2011-03-01,2010-12-01,3
13327,2011-06-01,2010-12-01,6
13327,2011-07-01,2010-12-01,7
13327,2011-08-01,2010-12-01,8
13327,2011-11-01,2010-12-01,11
13328,2011-01-01,2011-01-01,0
13329,2010-12-01,2010-12-01,0
13329,2011-11-01,2010-12-01,11
13330,2011-01-01,2011-01-01,0
13330,2011-06-01,2011-01-01,5
13330,2011-09-01,2011-01-01,8
13332,2011-11-01,2011-11-01,0
13334,2011-02-01,2011-02-01,0
13334,2011-06-01,2011-02-01,4
13334,2011-09-01,2011-02-01,7
13336,2011-09-01,2011-09-01,0
13338,2011-07-01,2011-07-01,0
13339,2011-05-01,2011-05-01,0
13340,2011-03-01,2011-03-01,0
13340,2011-07-01,2011-03-01,4
13340,2011-08-01,2011-03-01,5
13340,2011-10-01,2011-03-01,7
13341,2011-03-01,2011-03-01,0
13343,2011-06-01,2011-06-01,0
13344,2011-03-01,2011-03-01,0
13344,2011-10-01,2011-03-01,7
13345,2011-02-01,2011-02-01,0
13347,2011-09-01,2011-09-01,0
13348,2011-10-01,2011-10-01,0
13349,2011-11-01,2011-11-01,0
13350,2011-09-01,2011-09-01,0
13350,2011-11-01,2011-09-01,2
13351,2011-10-01,2011-10-01,0
13352,2011-10-01,2011-10-01,0
13354,2011-09-01,2011-09-01,0
13355,2011-08-01,2011-08-01,0
13356,2011-09-01,2011-09-01,0
13357,2011-03-01,2011-03-01,0
13358,2011-03-01,2011-03-01,0
13359,2011-10-01,2011-10-01,0
13362,2011-02-01,2011-02-01,0
13362,2011-04-01,2011-02-01,2
13362,2011-10-01,2011-02-01,8
13362,2011-11-01,2011-02-01,9
13363,2011-10-01,2011-10-01,0
13363,2011-11-01,2011-10-01,1
13364,2011-09-01,2011-09-01,0
13365,2011-05-01,2011-05-01,0
13365,2011-11-01,2011-05-01,6
13366,2011-10-01,2011-10-01,0
13368,2011-01-01,2011-01-01,0
13368,2011-03-01,2011-01-01,2
13369,2010-12-01,2010-12-01,0
13370,2010-12-01,2010-12-01,0
13372,2011-09-01,2011-09-01,0
13373,2011-03-01,2011-03-01,0
13373,2011-07-01,2011-03-01,4
13373,2011-10-01,2011-03-01,7
13375,2011-09-01,2011-09-01,0
13376,2011-04-01,2011-04-01,0
13376,2011-05-01,2011-04-01,1
13376,2011-09-01,2011-04-01,5
13379,2011-07-01,2011-07-01,0
13379,2011-10-01,2011-07-01,3
13379,2011-11-01,2011-07-01,4
13381,2011-02-01,2011-02-01,0
13381,2011-05-01,2011-02-01,3
13381,2011-07-01,2011-02-01,5
13381,2011-08-01,2011-02-01,6
13381,2011-09-01,2011-02-01,7
13381,2011-11-01,2011-02-01,9
13382,2011-03-01,2011-03-01,0
13384,2011-06-01,2011-06-01,0
13384,2011-08-01,2011-06-01,2
13384,2011-09-01,2011-06-01,3
13384,2011-10-01,2011-06-01,4
13384,2011-11-01,2011-06-01,5
13385,2011-01-01,2011-01-01,0
13388,2011-07-01,2011-07-01,0
13389,2011-04-01,2011-04-01,0
13389,2011-09-01,2011-04-01,5
13389,2011-11-01,2011-04-01,7
13390,2011-09-01,2011-09-01,0
13391,2011-05-01,2011-05-01,0
13394,2011-02-01,2011-02-01,0
13394,2011-03-01,2011-02-01,1
13394,2011-05-01,2011-02-01,3
13394,2011-07-01,2011-02-01,5
13394,2011-08-01,2011-02-01,6
13394,2011-09-01,2011-02-01,7
13394,2011-10-01,2011-02-01,8
13394,2011-12-01,2011-02-01,10
13395,2011-06-01,2011-06-01,0
13396,2011-01-01,2011-01-01,0
13396,2011-11-01,2011-01-01,10
13397,2011-01-01,2011-01-01,0
13397,2011-02-01,2011-01-01,1
13397,2011-06-01,2011-01-01,5
13397,2011-08-01,2011-01-01,7
13397,2011-09-01,2011-01-01,8
13398,2011-05-01,2011-05-01,0
13402,2010-12-01,2010-12-01,0
13402,2011-08-01,2010-12-01,8
13403,2011-11-01,2011-11-01,0
13404,2011-05-01,2011-05-01,0
13404,2011-12-01,2011-05-01,7
13405,2011-01-01,2011-01-01,0
13405,2011-05-01,2011-01-01,4
13405,2011-09-01,2011-01-01,8
13408,2010-12-01,2010-12-01,0
13408,2011-01-01,2010-12-01,1
13408,2011-02-01,2010-12-01,2
13408,2011-03-01,2010-12-01,3
13408,2011-04-01,2010-12-01,4
13408,2011-05-01,2010-12-01,5
13408,2011-06-01,2010-12-01,6
13408,2011-07-01,2010-12-01,7
13408,2011-08-01,2010-12-01,8
13408,2011-09-01,2010-12-01,9
13408,2011-10-01,2010-12-01,10
13408,2011-11-01,2010-12-01,11
13408,2011-12-01,2010-12-01,12
13410,2011-02-01,2011-02-01,0
13410,2011-03-01,2011-02-01,1
13410,2011-06-01,2011-02-01,4
13410,2011-09-01,2011-02-01,7
13410,2011-11-01,2011-02-01,9
13411,2011-08-01,2011-08-01,0
13414,2011-02-01,2011-02-01,0
13414,2011-07-01,2011-02-01,5
13416,2011-09-01,2011-09-01,0
13416,2011-10-01,2011-09-01,1
13417,2011-05-01,2011-05-01,0
13417,2011-12-01,2011-05-01,7
13418,2010-12-01,2010-12-01,0
13418,2011-04-01,2010-12-01,4
13418,2011-05-01,2010-12-01,5
13418,2011-06-01,2010-12-01,6
13418,2011-07-01,2010-12-01,7
13418,2011-08-01,2010-12-01,8
13418,2011-09-01,2010-12-01,9
13418,2011-10-01,2010-12-01,10
13418,2011-11-01,2010-12-01,11
13419,2011-10-01,2011-10-01,0
13420,2011-06-01,2011-06-01,0
13420,2011-07-01,2011-06-01,1
13421,2011-02-01,2011-02-01,0
13421,2011-10-01,2011-02-01,8
13422,2011-10-01,2011-10-01,0
13425,2011-02-01,2011-02-01,0
13425,2011-06-01,2011-02-01,4
13425,2011-08-01,2011-02-01,6
13426,2010-12-01,2010-12-01,0
13426,2011-01-01,2010-12-01,1
13426,2011-03-01,2010-12-01,3
13426,2011-04-01,2010-12-01,4
13426,2011-06-01,2010-12-01,6
13426,2011-09-01,2010-12-01,9
13426,2011-10-01,2010-12-01,10
13426,2011-11-01,2010-12-01,11
13426,2011-12-01,2010-12-01,12
13427,2011-05-01,2011-05-01,0
13427,2011-08-01,2011-05-01,3
13427,2011-11-01,2011-05-01,6
13428,2011-11-01,2011-11-01,0
13429,2011-09-01,2011-09-01,0
13429,2011-10-01,2011-09-01,1
13429,2011-11-01,2011-09-01,2
13430,2011-09-01,2011-09-01,0
13430,2011-11-01,2011-09-01,2
13431,2011-09-01,2011-09-01,0
13431,2011-10-01,2011-09-01,1
13434,2011-09-01,2011-09-01,0
13435,2011-06-01,2011-06-01,0
13435,2011-08-01,2011-06-01,2
13435,2011-09-01,2011-06-01,3
13435,2011-10-01,2011-06-01,4
13435,2011-11-01,2011-06-01,5
13435,2011-12-01,2011-06-01,6
13436,2011-12-01,2011-12-01,0
13437,2011-06-01,2011-06-01,0
13437,2011-08-01,2011-06-01,2
13437,2011-09-01,2011-06-01,3
13437,2011-11-01,2011-06-01,5
13439,2011-03-01,2011-03-01,0
13441,2011-09-01,2011-09-01,0
13447,2011-11-01,2011-11-01,0
13448,2010-12-01,2010-12-01,0
13448,2011-05-01,2010-12-01,5
13448,2011-09-01,2010-12-01,9
13448,2011-11-01,2010-12-01,11
13449,2011-11-01,2011-11-01,0
13450,2011-05-01,2011-05-01,0
13450,2011-07-01,2011-05-01,2
13450,2011-08-01,2011-05-01,3
13450,2011-09-01,2011-05-01,4
13450,2011-11-01,2011-05-01,6
13451,2011-01-01,2011-01-01,0
13451,2011-03-01,2011-01-01,2
13451,2011-05-01,2011-01-01,4
13451,2011-08-01,2011-01-01,7
13451,2011-11-01,2011-01-01,10
13452,2011-03-01,2011-03-01,0
13453,2011-02-01,2011-02-01,0
13453,2011-06-01,2011-02-01,4
13455,2010-12-01,2010-12-01,0
13455,2011-11-01,2010-12-01,11
13456,2011-05-01,2011-05-01,0
13456,2011-06-01,2011-05-01,1
13456,2011-07-01,2011-05-01,2
13456,2011-10-01,2011-05-01,5
13456,2011-11-01,2011-05-01,6
13458,2010-12-01,2010-12-01,0
13458,2011-01-01,2010-12-01,1
13458,2011-02-01,2010-12-01,2
13458,2011-04-01,2010-12-01,4
13458,2011-05-01,2010-12-01,5
13458,2011-06-01,2010-12-01,6
13458,2011-07-01,2010-12-01,7
13458,2011-09-01,2010-12-01,9
13458,2011-10-01,2010-12-01,10
13458,2011-11-01,2010-12-01,11
13458,2011-12-01,2010-12-01,12
13460,2011-10-01,2011-10-01,0
13460,2011-11-01,2011-10-01,1
13461,2011-06-01,2011-06-01,0
13461,2011-07-01,2011-06-01,1
13461,2011-11-01,2011-06-01,5
13462,2011-04-01,2011-04-01,0
13464,2011-10-01,2011-10-01,0
13466,2011-06-01,2011-06-01,0
13467,2011-11-01,2011-11-01,0
13468,2010-12-01,2010-12-01,0
13468,2011-01-01,2010-12-01,1
13468,2011-02-01,2010-12-01,2
13468,2011-03-01,2010-12-01,3
13468,2011-04-01,2010-12-01,4
13468,2011-05-01,2010-12-01,5
13468,2011-06-01,2010-12-01,6
13468,2011-07-01,2010-12-01,7
13468,2011-08-01,2010-12-01,8
13468,2011-09-01,2010-12-01,9
13468,2011-10-01,2010-12-01,10
13468,2011-11-01,2010-12-01,11
13468,2011-12-01,2010-12-01,12
13470,2011-08-01,2011-08-01,0
13470,2011-09-01,2011-08-01,1
13471,2011-10-01,2011-10-01,0
13471,2011-11-01,2011-10-01,1
13471,2011-12-01,2011-10-01,2
13473,2011-01-01,2011-01-01,0
13473,2011-10-01,2011-01-01,9
13474,2011-04-01,2011-04-01,0
13475,2011-02-01,2011-02-01,0
13475,2011-03-01,2011-02-01,1
13475,2011-05-01,2011-02-01,3
13475,2011-06-01,2011-02-01,4
13476,2011-03-01,2011-03-01,0
13476,2011-06-01,2011-03-01,3
13477,2011-02-01,2011-02-01,0
13477,2011-05-01,2011-02-01,3
13477,2011-06-01,2011-02-01,4
13477,2011-07-01,2011-02-01,5
13477,2011-10-01,2011-02-01,8
13477,2011-11-01,2011-02-01,9
13479,2011-04-01,2011-04-01,0
13479,2011-05-01,2011-04-01,1
13481,2011-03-01,2011-03-01,0
13481,2011-05-01,2011-03-01,2
13481,2011-08-01,2011-03-01,5
13481,2011-10-01,2011-03-01,7
13482,2011-04-01,2011-04-01,0
13483,2011-10-01,2011-10-01,0
13484,2011-04-01,2011-04-01,0
13485,2011-04-01,2011-04-01,0
13486,2011-07-01,2011-07-01,0
13486,2011-08-01,2011-07-01,1
13486,2011-09-01,2011-07-01,2
13487,2010-12-01,2010-12-01,0
13487,2011-05-01,2010-12-01,5
13487,2011-10-01,2010-12-01,10
13488,2010-12-01,2010-12-01,0
13488,2011-01-01,2010-12-01,1
13488,2011-02-01,2010-12-01,2
13488,2011-03-01,2010-12-01,3
13488,2011-05-01,2010-12-01,5
13488,2011-07-01,2010-12-01,7
13488,2011-08-01,2010-12-01,8
13488,2011-09-01,2010-12-01,9
13488,2011-10-01,2010-12-01,10
13488,2011-11-01,2010-12-01,11
13489,2011-02-01,2011-02-01,0
13489,2011-07-01,2011-02-01,5
13489,2011-08-01,2011-02-01,6
13491,2010-12-01,2010-12-01,0
13491,2011-01-01,2010-12-01,1
13491,2011-02-01,2010-12-01,2
13491,2011-03-01,2010-12-01,3
13491,2011-04-01,2010-12-01,4
13491,2011-07-01,2010-12-01,7
13491,2011-10-01,2010-12-01,10
13492,2011-05-01,2011-05-01,0
13492,2011-07-01,2011-05-01,2
13493,2011-02-01,2011-02-01,0
13493,2011-03-01,2011-02-01,1
13494,2011-02-01,2011-02-01,0
13495,2010-12-01,2010-12-01,0
13495,2011-04-01,2010-12-01,4
13495,2011-11-01,2010-12-01,11
13495,2011-12-01,2010-12-01,12
13496,2010-12-01,2010-12-01,0
13496,2011-11-01,2010-12-01,11
13497,2010-12-01,2010-12-01,0
13497,2011-03-01,2010-12-01,3
13499,2011-03-01,2011-03-01,0
13499,2011-04-01,2011-03-01,1
13499,2011-09-01,2011-03-01,6
13499,2011-11-01,2011-03-01,8
13500,2011-08-01,2011-08-01,0
13500,2011-11-01,2011-08-01,3
13501,2011-02-01,2011-02-01,0
13502,2011-01-01,2011-01-01,0
13502,2011-03-01,2011-01-01,2
13502,2011-11-01,2011-01-01,10
13503,2011-09-01,2011-09-01,0
13504,2011-10-01,2011-10-01,0
13505,2011-04-01,2011-04-01,0
13505,2011-05-01,2011-04-01,1
13505,2011-06-01,2011-04-01,2
13505,2011-09-01,2011-04-01,5
13506,2010-12-01,2010-12-01,0
13506,2011-01-01,2010-12-01,1
13507,2011-07-01,2011-07-01,0
13507,2011-08-01,2011-07-01,1
13507,2011-09-01,2011-07-01,2
13507,2011-12-01,2011-07-01,5
13508,2011-04-01,2011-04-01,0
13509,2011-02-01,2011-02-01,0
13509,2011-03-01,2011-02-01,1
13509,2011-07-01,2011-02-01,5
13509,2011-09-01,2011-02-01,7
13509,2011-10-01,2011-02-01,8
13509,2011-12-01,2011-02-01,10
13510,2011-06-01,2011-06-01,0
13510,2011-09-01,2011-06-01,3
13510,2011-10-01,2011-06-01,4
13510,2011-12-01,2011-06-01,6
13512,2011-03-01,2011-03-01,0
13513,2011-08-01,2011-08-01,0
13514,2011-09-01,2011-09-01,0
13515,2011-04-01,2011-04-01,0
13515,2011-07-01,2011-04-01,3
13515,2011-08-01,2011-04-01,4
13515,2011-09-01,2011-04-01,5
13516,2011-04-01,2011-04-01,0
13516,2011-09-01,2011-04-01,5
13516,2011-11-01,2011-04-01,7
13517,2011-06-01,2011-06-01,0
13517,2011-08-01,2011-06-01,2
13517,2011-10-01,2011-06-01,4
13518,2011-09-01,2011-09-01,0
13519,2011-09-01,2011-09-01,0
13520,2010-12-01,2010-12-01,0
13520,2011-01-01,2010-12-01,1
13520,2011-03-01,2010-12-01,3
13520,2011-06-01,2010-12-01,6
13520,2011-07-01,2010-12-01,7
13520,2011-10-01,2010-12-01,10
13521,2011-11-01,2011-11-01,0
13521,2011-12-01,2011-11-01,1
13522,2011-11-01,2011-11-01,0
13523,2010-12-01,2010-12-01,0
13523,2011-05-01,2010-12-01,5
13523,2011-10-01,2010-12-01,10
13523,2011-11-01,2010-12-01,11
13524,2011-05-01,2011-05-01,0
13524,2011-06-01,2011-05-01,1
13524,2011-08-01,2011-05-01,3
13524,2011-09-01,2011-05-01,4
13524,2011-10-01,2011-05-01,5
13525,2011-04-01,2011-04-01,0
13525,2011-11-01,2011-04-01,7
13527,2011-01-01,2011-01-01,0
13527,2011-05-01,2011-01-01,4
13527,2011-08-01,2011-01-01,7
13527,2011-09-01,2011-01-01,8
13527,2011-11-01,2011-01-01,10
13529,2011-05-01,2011-05-01,0
13529,2011-09-01,2011-05-01,4
13531,2010-12-01,2010-12-01,0
13531,2011-05-01,2010-12-01,5
13532,2011-11-01,2011-11-01,0
13533,2011-03-01,2011-03-01,0
13533,2011-06-01,2011-03-01,3
13534,2010-12-01,2010-12-01,0
13534,2011-01-01,2010-12-01,1
13534,2011-02-01,2010-12-01,2
13534,2011-03-01,2010-12-01,3
13534,2011-04-01,2010-12-01,4
13534,2011-05-01,2010-12-01,5
13534,2011-06-01,2010-12-01,6
13534,2011-07-01,2010-12-01,7
13534,2011-08-01,2010-12-01,8
13534,2011-10-01,2010-12-01,10
13534,2011-11-01,2010-12-01,11
13534,2011-12-01,2010-12-01,12
13536,2011-09-01,2011-09-01,0
13536,2011-10-01,2011-09-01,1
13536,2011-11-01,2011-09-01,2
13536,2011-12-01,2011-09-01,3
13538,2011-01-01,2011-01-01,0
13538,2011-03-01,2011-01-01,2
13538,2011-06-01,2011-01-01,5
13538,2011-07-01,2011-01-01,6
13538,2011-08-01,2011-01-01,7
13538,2011-09-01,2011-01-01,8
13538,2011-10-01,2011-01-01,9
13539,2011-02-01,2011-02-01,0
13539,2011-04-01,2011-02-01,2
13539,2011-09-01,2011-02-01,7
13544,2011-04-01,2011-04-01,0
13544,2011-10-01,2011-04-01,6
13546,2011-05-01,2011-05-01,0
13546,2011-10-01,2011-05-01,5
13546,2011-11-01,2011-05-01,6
13548,2011-04-01,2011-04-01,0
13548,2011-09-01,2011-04-01,5
13549,2011-04-01,2011-04-01,0
13549,2011-05-01,2011-04-01,1
13549,2011-07-01,2011-04-01,3
13549,2011-10-01,2011-04-01,6
13549,2011-11-01,2011-04-01,7
13551,2011-01-01,2011-01-01,0
13552,2011-01-01,2011-01-01,0
13552,2011-03-01,2011-01-01,2
13552,2011-05-01,2011-01-01,4
13552,2011-06-01,2011-01-01,5
13552,2011-08-01,2011-01-01,7
13552,2011-09-01,2011-01-01,8
13552,2011-10-01,2011-01-01,9
13555,2011-05-01,2011-05-01,0
13555,2011-09-01,2011-05-01,4
13557,2011-03-01,2011-03-01,0
13557,2011-11-01,2011-03-01,8
13558,2011-10-01,2011-10-01,0
13558,2011-11-01,2011-10-01,1
13558,2011-12-01,2011-10-01,2
13560,2011-12-01,2011-12-01,0
13561,2011-05-01,2011-05-01,0
13562,2011-04-01,2011-04-01,0
13562,2011-07-01,2011-04-01,3
13562,2011-09-01,2011-04-01,5
13563,2011-07-01,2011-07-01,0
13563,2011-09-01,2011-07-01,2
13564,2010-12-01,2010-12-01,0
13564,2011-07-01,2010-12-01,7
13565,2011-01-01,2011-01-01,0
13565,2011-11-01,2011-01-01,10
13566,2011-09-01,2011-09-01,0
13566,2011-10-01,2011-09-01,1
13568,2011-06-01,2011-06-01,0
13569,2010-12-01,2010-12-01,0
13569,2011-11-01,2010-12-01,11
13570,2011-04-01,2011-04-01,0
13571,2011-03-01,2011-03-01,0
13571,2011-04-01,2011-03-01,1
13571,2011-05-01,2011-03-01,2
13571,2011-06-01,2011-03-01,3
13571,2011-07-01,2011-03-01,4
13571,2011-08-01,2011-03-01,5
13571,2011-09-01,2011-03-01,6
13571,2011-10-01,2011-03-01,7
13571,2011-11-01,2011-03-01,8
13572,2011-05-01,2011-05-01,0
13573,2011-03-01,2011-03-01,0
13573,2011-10-01,2011-03-01,7
13575,2011-06-01,2011-06-01,0
13575,2011-07-01,2011-06-01,1
13575,2011-09-01,2011-06-01,3
13575,2011-10-01,2011-06-01,4
13575,2011-11-01,2011-06-01,5
13576,2010-12-01,2010-12-01,0
13576,2011-01-01,2010-12-01,1
13576,2011-02-01,2010-12-01,2
13576,2011-03-01,2010-12-01,3
13576,2011-04-01,2010-12-01,4
13576,2011-05-01,2010-12-01,5
13576,2011-06-01,2010-12-01,6
13576,2011-07-01,2010-12-01,7
13576,2011-08-01,2010-12-01,8
13576,2011-09-01,2010-12-01,9
13576,2011-10-01,2010-12-01,10
13576,2011-11-01,2010-12-01,11
13577,2011-04-01,2011-04-01,0
13577,2011-07-01,2011-04-01,3
13577,2011-09-01,2011-04-01,5
13577,2011-11-01,2011-04-01,7
13579,2010-12-01,2010-12-01,0
13579,2011-11-01,2010-12-01,11
13581,2011-02-01,2011-02-01,0
13583,2011-07-01,2011-07-01,0
13584,2011-02-01,2011-02-01,0
13587,2011-10-01,2011-10-01,0
13588,2011-03-01,2011-03-01,0
13588,2011-07-01,2011-03-01,4
13588,2011-08-01,2011-03-01,5
13588,2011-09-01,2011-03-01,6
13588,2011-10-01,2011-03-01,7
13588,2011-11-01,2011-03-01,8
13589,2011-06-01,2011-06-01,0
13589,2011-11-01,2011-06-01,5
13590,2011-02-01,2011-02-01,0
13590,2011-04-01,2011-02-01,2
13590,2011-05-01,2011-02-01,3
13590,2011-07-01,2011-02-01,5
13590,2011-10-01,2011-02-01,8
13590,2011-11-01,2011-02-01,9
13591,2011-03-01,2011-03-01,0
13591,2011-05-01,2011-03-01,2
13591,2011-10-01,2011-03-01,7
13592,2011-03-01,2011-03-01,0
13592,2011-05-01,2011-03-01,2
13592,2011-11-01,2011-03-01,8
13593,2011-01-01,2011-01-01,0
13593,2011-03-01,2011-01-01,2
13593,2011-06-01,2011-01-01,5
13593,2011-08-01,2011-01-01,7
13594,2011-10-01,2011-10-01,0
13596,2011-11-01,2011-11-01,0
13596,2011-12-01,2011-11-01,1
13598,2011-10-01,2011-10-01,0
13599,2010-12-01,2010-12-01,0
13599,2011-01-01,2010-12-01,1
13599,2011-03-01,2010-12-01,3
13599,2011-04-01,2010-12-01,4
13599,2011-05-01,2010-12-01,5
13599,2011-07-01,2010-12-01,7
13599,2011-09-01,2010-12-01,9
13599,2011-11-01,2010-12-01,11
13599,2011-12-01,2010-12-01,12
13600,2011-01-01,2011-01-01,0
13601,2011-05-01,2011-05-01,0
13601,2011-10-01,2011-05-01,5
13602,2011-10-01,2011-10-01,0
13603,2011-11-01,2011-11-01,0
13606,2011-02-01,2011-02-01,0
13606,2011-04-01,2011-02-01,2
13606,2011-11-01,2011-02-01,9
13607,2011-10-01,2011-10-01,0
13610,2011-02-01,2011-02-01,0
13610,2011-04-01,2011-02-01,2
13610,2011-06-01,2011-02-01,4
13610,2011-07-01,2011-02-01,5
13610,2011-08-01,2011-02-01,6
13610,2011-10-01,2011-02-01,8
13610,2011-11-01,2011-02-01,9
13611,2010-12-01,2010-12-01,0
13611,2011-06-01,2010-12-01,6
13611,2011-09-01,2010-12-01,9
13614,2011-01-01,2011-01-01,0
13614,2011-06-01,2011-01-01,5
13614,2011-09-01,2011-01-01,8
13614,2011-11-01,2011-01-01,10
13615,2011-01-01,2011-01-01,0
13617,2011-06-01,2011-06-01,0
13617,2011-08-01,2011-06-01,2
13617,2011-10-01,2011-06-01,4
13618,2011-06-01,2011-06-01,0
13621,2011-08-01,2011-08-01,0
13623,2011-02-01,2011-02-01,0
13623,2011-03-01,2011-02-01,1
13623,2011-04-01,2011-02-01,2
13623,2011-05-01,2011-02-01,3
13623,2011-11-01,2011-02-01,9
13626,2011-04-01,2011-04-01,0
13627,2010-12-01,2010-12-01,0
13627,2011-05-01,2010-12-01,5
13627,2011-06-01,2010-12-01,6
13627,2011-09-01,2010-12-01,9
13627,2011-10-01,2010-12-01,10
13629,2011-01-01,2011-01-01,0
13629,2011-02-01,2011-01-01,1
13629,2011-04-01,2011-01-01,3
13629,2011-05-01,2011-01-01,4
13629,2011-06-01,2011-01-01,5
13629,2011-07-01,2011-01-01,6
13629,2011-09-01,2011-01-01,8
13629,2011-10-01,2011-01-01,9
13629,2011-11-01,2011-01-01,10
13630,2011-02-01,2011-02-01,0
13630,2011-04-01,2011-02-01,2
13630,2011-06-01,2011-02-01,4
13630,2011-08-01,2011-02-01,6
13630,2011-09-01,2011-02-01,7
13630,2011-12-01,2011-02-01,10
13631,2011-03-01,2011-03-01,0
13631,2011-05-01,2011-03-01,2
13631,2011-06-01,2011-03-01,3
13631,2011-07-01,2011-03-01,4
13631,2011-09-01,2011-03-01,6
13632,2011-04-01,2011-04-01,0
13632,2011-06-01,2011-04-01,2
13632,2011-10-01,2011-04-01,6
13632,2011-11-01,2011-04-01,7
13634,2011-01-01,2011-01-01,0
13634,2011-04-01,2011-01-01,3
13634,2011-08-01,2011-01-01,7
13634,2011-09-01,2011-01-01,8
13634,2011-11-01,2011-01-01,10
13635,2011-10-01,2011-10-01,0
13636,2011-02-01,2011-02-01,0
13636,2011-03-01,2011-02-01,1
13636,2011-04-01,2011-02-01,2
13636,2011-08-01,2011-02-01,6
13636,2011-11-01,2011-02-01,9
13637,2011-04-01,2011-04-01,0
13637,2011-06-01,2011-04-01,2
13637,2011-10-01,2011-04-01,6
13638,2011-11-01,2011-11-01,0
13639,2011-09-01,2011-09-01,0
13642,2011-05-01,2011-05-01,0
13643,2011-06-01,2011-06-01,0
13643,2011-09-01,2011-06-01,3
13643,2011-11-01,2011-06-01,5
13644,2011-08-01,2011-08-01,0
13644,2011-09-01,2011-08-01,1
13644,2011-10-01,2011-08-01,2
13644,2011-11-01,2011-08-01,3
13645,2011-08-01,2011-08-01,0
13647,2011-04-01,2011-04-01,0
13647,2011-06-01,2011-04-01,2
13647,2011-09-01,2011-04-01,5
13647,2011-11-01,2011-04-01,7
13649,2010-12-01,2010-12-01,0
13649,2011-03-01,2010-12-01,3
13650,2011-03-01,2011-03-01,0
13650,2011-05-01,2011-03-01,2
13650,2011-09-01,2011-03-01,6
13650,2011-10-01,2011-03-01,7
13650,2011-11-01,2011-03-01,8
13651,2011-10-01,2011-10-01,0
13651,2011-11-01,2011-10-01,1
13652,2010-12-01,2010-12-01,0
13652,2011-03-01,2010-12-01,3
13652,2011-10-01,2010-12-01,10
13654,2011-03-01,2011-03-01,0
13654,2011-04-01,2011-03-01,1
13654,2011-05-01,2011-03-01,2
13654,2011-07-01,2011-03-01,4
13654,2011-10-01,2011-03-01,7
13655,2011-04-01,2011-04-01,0
13655,2011-08-01,2011-04-01,4
13656,2011-01-01,2011-01-01,0
13656,2011-06-01,2011-01-01,5
13657,2011-05-01,2011-05-01,0
13657,2011-11-01,2011-05-01,6
13658,2011-05-01,2011-05-01,0
13658,2011-09-01,2011-05-01,4
13658,2011-11-01,2011-05-01,6
13659,2011-01-01,2011-01-01,0
13659,2011-05-01,2011-01-01,4
13662,2011-03-01,2011-03-01,0
13662,2011-05-01,2011-03-01,2
13662,2011-09-01,2011-03-01,6
13663,2011-06-01,2011-06-01,0
13666,2011-02-01,2011-02-01,0
13666,2011-10-01,2011-02-01,8
13667,2011-07-01,2011-07-01,0
13668,2010-12-01,2010-12-01,0
13668,2011-01-01,2010-12-01,1
13668,2011-02-01,2010-12-01,2
13668,2011-03-01,2010-12-01,3
13668,2011-04-01,2010-12-01,4
13668,2011-05-01,2010-12-01,5
13668,2011-06-01,2010-12-01,6
13668,2011-07-01,2010-12-01,7
13668,2011-08-01,2010-12-01,8
13668,2011-10-01,2010-12-01,10
13668,2011-11-01,2010-12-01,11
13668,2011-12-01,2010-12-01,12
13669,2011-07-01,2011-07-01,0
13669,2011-10-01,2011-07-01,3
13670,2011-09-01,2011-09-01,0
13672,2011-01-01,2011-01-01,0
13672,2011-02-01,2011-01-01,1
13673,2011-11-01,2011-11-01,0
13675,2011-02-01,2011-02-01,0
13675,2011-07-01,2011-02-01,5
13678,2011-07-01,2011-07-01,0
13680,2011-01-01,2011-01-01,0
13680,2011-10-01,2011-01-01,9
13680,2011-12-01,2011-01-01,11
13681,2011-07-01,2011-07-01,0
13681,2011-10-01,2011-07-01,3
13681,2011-11-01,2011-07-01,4
13682,2011-06-01,2011-06-01,0
13684,2011-02-01,2011-02-01,0
13685,2011-10-01,2011-10-01,0
13685,2011-12-01,2011-10-01,2
13686,2011-06-01,2011-06-01,0
13689,2011-10-01,2011-10-01,0
13690,2011-10-01,2011-10-01,0
13692,2011-04-01,2011-04-01,0
13692,2011-05-01,2011-04-01,1
13692,2011-11-01,2011-04-01,7
13694,2010-12-01,2010-12-01,0
13694,2011-01-01,2010-12-01,1
13694,2011-02-01,2010-12-01,2
13694,2011-03-01,2010-12-01,3
13694,2011-04-01,2010-12-01,4
13694,2011-05-01,2010-12-01,5
13694,2011-06-01,2010-12-01,6
13694,2011-07-01,2010-12-01,7
13694,2011-08-01,2010-12-01,8
13694,2011-09-01,2010-12-01,9
13694,2011-10-01,2010-12-01,10
13694,2011-11-01,2010-12-01,11
13694,2011-12-01,2010-12-01,12
13695,2011-03-01,2011-03-01,0
13695,2011-04-01,2011-03-01,1
13695,2011-05-01,2011-03-01,2
13695,2011-06-01,2011-03-01,3
13695,2011-07-01,2011-03-01,4
13695,2011-08-01,2011-03-01,5
13695,2011-09-01,2011-03-01,6
13695,2011-10-01,2011-03-01,7
13695,2011-11-01,2011-03-01,8
13697,2011-11-01,2011-11-01,0
13699,2011-07-01,2011-07-01,0
13700,2011-01-01,2011-01-01,0
13700,2011-03-01,2011-01-01,2
13700,2011-04-01,2011-01-01,3
13700,2011-06-01,2011-01-01,5
13700,2011-09-01,2011-01-01,8
13700,2011-10-01,2011-01-01,9
13700,2011-11-01,2011-01-01,10
13703,2011-01-01,2011-01-01,0
13704,2011-09-01,2011-09-01,0
13704,2011-10-01,2011-09-01,1
13704,2011-11-01,2011-09-01,2
13704,2011-12-01,2011-09-01,3
13705,2010-12-01,2010-12-01,0
13705,2011-07-01,2010-12-01,7
13705,2011-12-01,2010-12-01,12
13706,2011-02-01,2011-02-01,0
13707,2011-01-01,2011-01-01,0
13707,2011-03-01,2011-01-01,2
13708,2011-03-01,2011-03-01,0
13709,2011-01-01,2011-01-01,0
13709,2011-06-01,2011-01-01,5
13709,2011-08-01,2011-01-01,7
13709,2011-10-01,2011-01-01,9
13709,2011-11-01,2011-01-01,10
13709,2011-12-01,2011-01-01,11
13710,2011-11-01,2011-11-01,0
13711,2011-05-01,2011-05-01,0
13712,2011-04-01,2011-04-01,0
13715,2010-12-01,2010-12-01,0
13715,2011-01-01,2010-12-01,1
13715,2011-03-01,2010-12-01,3
13716,2011-03-01,2011-03-01,0
13717,2011-02-01,2011-02-01,0
13717,2011-04-01,2011-02-01,2
13717,2011-06-01,2011-02-01,4
13717,2011-08-01,2011-02-01,6
13717,2011-10-01,2011-02-01,8
13717,2011-11-01,2011-02-01,9
13718,2011-02-01,2011-02-01,0
13718,2011-04-01,2011-02-01,2
13719,2011-04-01,2011-04-01,0
13719,2011-05-01,2011-04-01,1
13719,2011-10-01,2011-04-01,6
13719,2011-11-01,2011-04-01,7
13720,2011-03-01,2011-03-01,0
13720,2011-04-01,2011-03-01,1
13720,2011-06-01,2011-03-01,3
13720,2011-08-01,2011-03-01,5
13721,2011-11-01,2011-11-01,0
13722,2011-03-01,2011-03-01,0
13722,2011-07-01,2011-03-01,4
13723,2011-05-01,2011-05-01,0
13725,2011-02-01,2011-02-01,0
13725,2011-03-01,2011-02-01,1
13725,2011-04-01,2011-02-01,2
13725,2011-06-01,2011-02-01,4
13725,2011-10-01,2011-02-01,8
13726,2011-08-01,2011-08-01,0
13726,2011-11-01,2011-08-01,3
13727,2011-11-01,2011-11-01,0
13728,2011-02-01,2011-02-01,0
13728,2011-03-01,2011-02-01,1
13728,2011-05-01,2011-02-01,3
13728,2011-07-01,2011-02-01,5
13728,2011-08-01,2011-02-01,6
13728,2011-11-01,2011-02-01,9
13730,2011-07-01,2011-07-01,0
13731,2011-04-01,2011-04-01,0
13731,2011-05-01,2011-04-01,1
13732,2011-11-01,2011-11-01,0
13735,2011-04-01,2011-04-01,0
13735,2011-06-01,2011-04-01,2
13735,2011-10-01,2011-04-01,6
13735,2011-11-01,2011-04-01,7
13736,2011-03-01,2011-03-01,0
13736,2011-12-01,2011-03-01,9
13737,2011-05-01,2011-05-01,0
13739,2011-11-01,2011-11-01,0
13740,2011-04-01,2011-04-01,0
13741,2011-05-01,2011-05-01,0
13741,2011-06-01,2011-05-01,1
13741,2011-09-01,2011-05-01,4
13742,2011-01-01,2011-01-01,0
13742,2011-02-01,2011-01-01,1
13742,2011-04-01,2011-01-01,3
13742,2011-05-01,2011-01-01,4
13742,2011-06-01,2011-01-01,5
13742,2011-09-01,2011-01-01,8
13742,2011-11-01,2011-01-01,10
13743,2011-03-01,2011-03-01,0
13743,2011-05-01,2011-03-01,2
13743,2011-07-01,2011-03-01,4
13743,2011-08-01,2011-03-01,5
13743,2011-09-01,2011-03-01,6
13743,2011-12-01,2011-03-01,9
13744,2011-02-01,2011-02-01,0
13744,2011-09-01,2011-02-01,7
13745,2011-06-01,2011-06-01,0
13747,2010-12-01,2010-12-01,0
13748,2010-12-01,2010-12-01,0
13748,2011-04-01,2010-12-01,4
13748,2011-09-01,2010-12-01,9
13750,2011-01-01,2011-01-01,0
13750,2011-02-01,2011-01-01,1
13750,2011-06-01,2011-01-01,5
13750,2011-07-01,2011-01-01,6
13750,2011-10-01,2011-01-01,9
13751,2011-02-01,2011-02-01,0
13752,2011-04-01,2011-04-01,0
13752,2011-05-01,2011-04-01,1
13752,2011-06-01,2011-04-01,2
13752,2011-07-01,2011-04-01,3
13752,2011-08-01,2011-04-01,4
13753,2011-02-01,2011-02-01,0
13754,2011-01-01,2011-01-01,0
13754,2011-07-01,2011-01-01,6
13755,2011-10-01,2011-10-01,0
13755,2011-11-01,2011-10-01,1
13755,2011-12-01,2011-10-01,2
13756,2010-12-01,2010-12-01,0
13756,2011-05-01,2010-12-01,5
13756,2011-06-01,2010-12-01,6
13756,2011-07-01,2010-12-01,7
13756,2011-08-01,2010-12-01,8
13756,2011-09-01,2010-12-01,9
13756,2011-10-01,2010-12-01,10
13756,2011-11-01,2010-12-01,11
13756,2011-12-01,2010-12-01,12
13758,2010-12-01,2010-12-01,0
13758,2011-01-01,2010-12-01,1
13758,2011-04-01,2010-12-01,4
13758,2011-05-01,2010-12-01,5
13758,2011-11-01,2010-12-01,11
13759,2011-09-01,2011-09-01,0
13759,2011-11-01,2011-09-01,2
13760,2011-03-01,2011-03-01,0
13760,2011-10-01,2011-03-01,7
13761,2011-06-01,2011-06-01,0
13761,2011-10-01,2011-06-01,4
13762,2011-05-01,2011-05-01,0
13763,2011-10-01,2011-10-01,0
13764,2011-01-01,2011-01-01,0
13764,2011-07-01,2011-01-01,6
13764,2011-09-01,2011-01-01,8
13767,2010-12-01,2010-12-01,0
13767,2011-01-01,2010-12-01,1
13767,2011-02-01,2010-12-01,2
13767,2011-04-01,2010-12-01,4
13767,2011-05-01,2010-12-01,5
13767,2011-06-01,2010-12-01,6
13767,2011-07-01,2010-12-01,7
13767,2011-08-01,2010-12-01,8
13767,2011-09-01,2010-12-01,9
13767,2011-10-01,2010-12-01,10
13767,2011-11-01,2010-12-01,11
13767,2011-12-01,2010-12-01,12
13769,2010-12-01,2010-12-01,0
13769,2011-01-01,2010-12-01,1
13769,2011-03-01,2010-12-01,3
13769,2011-04-01,2010-12-01,4
13769,2011-05-01,2010-12-01,5
13769,2011-08-01,2010-12-01,8
13769,2011-09-01,2010-12-01,9
13769,2011-11-01,2010-12-01,11
13769,2011-12-01,2010-12-01,12
13771,2011-04-01,2011-04-01,0
13771,2011-05-01,2011-04-01,1
13771,2011-10-01,2011-04-01,6
13772,2011-04-01,2011-04-01,0
13772,2011-09-01,2011-04-01,5
13772,2011-11-01,2011-04-01,7
13774,2011-09-01,2011-09-01,0
13777,2010-12-01,2010-12-01,0
13777,2011-01-01,2010-12-01,1
13777,2011-02-01,2010-12-01,2
13777,2011-03-01,2010-12-01,3
13777,2011-04-01,2010-12-01,4
13777,2011-05-01,2010-12-01,5
13777,2011-06-01,2010-12-01,6
13777,2011-07-01,2010-12-01,7
13777,2011-08-01,2010-12-01,8
13777,2011-09-01,2010-12-01,9
13777,2011-10-01,2010-12-01,10
13777,2011-11-01,2010-12-01,11
13777,2011-12-01,2010-12-01,12
13778,2011-08-01,2011-08-01,0
13780,2011-06-01,2011-06-01,0
13780,2011-12-01,2011-06-01,6
13781,2011-04-01,2011-04-01,0
13782,2011-01-01,2011-01-01,0
13782,2011-04-01,2011-01-01,3
13782,2011-08-01,2011-01-01,7
13782,2011-10-01,2011-01-01,9
13782,2011-11-01,2011-01-01,10
13784,2011-01-01,2011-01-01,0
13784,2011-02-01,2011-01-01,1
13784,2011-03-01,2011-01-01,2
13784,2011-05-01,2011-01-01,4
13784,2011-06-01,2011-01-01,5
13784,2011-08-01,2011-01-01,7
13784,2011-09-01,2011-01-01,8
13784,2011-10-01,2011-01-01,9
13784,2011-11-01,2011-01-01,10
13786,2010-12-01,2010-12-01,0
13787,2010-12-01,2010-12-01,0
13787,2011-09-01,2010-12-01,9
13790,2011-12-01,2011-12-01,0
13791,2011-06-01,2011-06-01,0
13791,2011-08-01,2011-06-01,2
13792,2011-02-01,2011-02-01,0
13792,2011-10-01,2011-02-01,8
13798,2010-12-01,2010-12-01,0
13798,2011-01-01,2010-12-01,1
13798,2011-02-01,2010-12-01,2
13798,2011-03-01,2010-12-01,3
13798,2011-04-01,2010-12-01,4
13798,2011-05-01,2010-12-01,5
13798,2011-06-01,2010-12-01,6
13798,2011-07-01,2010-12-01,7
13798,2011-08-01,2010-12-01,8
13798,2011-09-01,2010-12-01,9
13798,2011-10-01,2010-12-01,10
13798,2011-11-01,2010-12-01,11
13798,2011-12-01,2010-12-01,12
13799,2011-02-01,2011-02-01,0
13799,2011-08-01,2011-02-01,6
13800,2011-02-01,2011-02-01,0
13801,2011-10-01,2011-10-01,0
13802,2011-02-01,2011-02-01,0
13802,2011-03-01,2011-02-01,1
13802,2011-07-01,2011-02-01,5
13803,2011-03-01,2011-03-01,0
13804,2011-02-01,2011-02-01,0
13804,2011-07-01,2011-02-01,5
13804,2011-09-01,2011-02-01,7
13804,2011-11-01,2011-02-01,9
13805,2011-08-01,2011-08-01,0
13805,2011-10-01,2011-08-01,2
13806,2011-10-01,2011-10-01,0
13807,2010-12-01,2010-12-01,0
13808,2011-09-01,2011-09-01,0
13808,2011-10-01,2011-09-01,1
13808,2011-12-01,2011-09-01,3
13809,2011-02-01,2011-02-01,0
13810,2011-10-01,2011-10-01,0
13810,2011-11-01,2011-10-01,1
13811,2011-04-01,2011-04-01,0
13811,2011-06-01,2011-04-01,2
13812,2011-08-01,2011-08-01,0
13812,2011-10-01,2011-08-01,2
13813,2011-07-01,2011-07-01,0
13813,2011-09-01,2011-07-01,2
13813,2011-10-01,2011-07-01,3
13814,2011-07-01,2011-07-01,0
13814,2011-09-01,2011-07-01,2
13815,2011-01-01,2011-01-01,0
13815,2011-06-01,2011-01-01,5
13815,2011-11-01,2011-01-01,10
13816,2011-10-01,2011-10-01,0
13816,2011-11-01,2011-10-01,1
13817,2010-12-01,2010-12-01,0
13817,2011-11-01,2010-12-01,11
13819,2011-01-01,2011-01-01,0
13819,2011-02-01,2011-01-01,1
13821,2011-03-01,2011-03-01,0
13821,2011-07-01,2011-03-01,4
13822,2011-10-01,2011-10-01,0
13822,2011-12-01,2011-10-01,2
13823,2011-09-01,2011-09-01,0
13823,2011-11-01,2011-09-01,2
13824,2011-02-01,2011-02-01,0
13824,2011-04-01,2011-02-01,2
13824,2011-05-01,2011-02-01,3
13824,2011-07-01,2011-02-01,5
13824,2011-11-01,2011-02-01,9
13826,2011-06-01,2011-06-01,0
13827,2011-07-01,2011-07-01,0
13827,2011-10-01,2011-07-01,3
13828,2011-11-01,2011-11-01,0
13831,2010-12-01,2010-12-01,0
13831,2011-05-01,2010-12-01,5
13831,2011-07-01,2010-12-01,7
13831,2011-09-01,2010-12-01,9
13831,2011-11-01,2010-12-01,11
13832,2011-11-01,2011-11-01,0
13833,2011-07-01,2011-07-01,0
13835,2011-05-01,2011-05-01,0
13835,2011-07-01,2011-05-01,2
13835,2011-10-01,2011-05-01,5
13835,2011-11-01,2011-05-01,6
13837,2011-01-01,2011-01-01,0
13837,2011-05-01,2011-01-01,4
13838,2010-12-01,2010-12-01,0
13838,2011-08-01,2010-12-01,8
13838,2011-12-01,2010-12-01,12
13841,2011-04-01,2011-04-01,0
13842,2010-12-01,2010-12-01,0
13842,2011-01-01,2010-12-01,1
13842,2011-02-01,2010-12-01,2
13842,2011-03-01,2010-12-01,3
13842,2011-04-01,2010-12-01,4
13842,2011-05-01,2010-12-01,5
13842,2011-07-01,2010-12-01,7
13842,2011-09-01,2010-12-01,9
13842,2011-10-01,2010-12-01,10
13844,2011-11-01,2011-11-01,0
13845,2011-10-01,2011-10-01,0
13846,2010-12-01,2010-12-01,0
13846,2011-04-01,2010-12-01,4
13846,2011-11-01,2010-12-01,11
13848,2010-12-01,2010-12-01,0
13848,2011-02-01,2010-12-01,2
13848,2011-09-01,2010-12-01,9
13849,2011-06-01,2011-06-01,0
13849,2011-10-01,2011-06-01,4
13850,2011-08-01,2011-08-01,0
13851,2011-02-01,2011-02-01,0
13851,2011-08-01,2011-02-01,6
13851,2011-09-01,2011-02-01,7
13853,2011-10-01,2011-10-01,0
13854,2010-12-01,2010-12-01,0
13854,2011-01-01,2010-12-01,1
13854,2011-02-01,2010-12-01,2
13854,2011-03-01,2010-12-01,3
13854,2011-04-01,2010-12-01,4
13854,2011-05-01,2010-12-01,5
13854,2011-07-01,2010-12-01,7
13854,2011-08-01,2010-12-01,8
13854,2011-09-01,2010-12-01,9
13854,2011-10-01,2010-12-01,10
13854,2011-11-01,2010-12-01,11
13854,2011-12-01,2010-12-01,12
13856,2011-05-01,2011-05-01,0
13856,2011-06-01,2011-05-01,1
13858,2011-10-01,2011-10-01,0
13859,2011-01-01,2011-01-01,0
13860,2011-09-01,2011-09-01,0
13860,2011-10-01,2011-09-01,1
13860,2011-11-01,2011-09-01,2
13860,2011-12-01,2011-09-01,3
13862,2011-01-01,2011-01-01,0
13862,2011-02-01,2011-01-01,1
13862,2011-04-01,2011-01-01,3
13862,2011-06-01,2011-01-01,5
13862,2011-07-01,2011-01-01,6
13862,2011-08-01,2011-01-01,7
13862,2011-09-01,2011-01-01,8
13862,2011-11-01,2011-01-01,10
13863,2011-04-01,2011-04-01,0
13865,2011-02-01,2011-02-01,0
13865,2011-06-01,2011-02-01,4
13865,2011-07-01,2011-02-01,5
13865,2011-10-01,2011-02-01,8
13866,2011-09-01,2011-09-01,0
13867,2011-05-01,2011-05-01,0
13867,2011-09-01,2011-05-01,4
13867,2011-11-01,2011-05-01,6
13868,2011-11-01,2011-11-01,0
13868,2011-12-01,2011-11-01,1
13869,2010-12-01,2010-12-01,0
13869,2011-01-01,2010-12-01,1
13869,2011-03-01,2010-12-01,3
13869,2011-08-01,2010-12-01,8
13870,2011-02-01,2011-02-01,0
13870,2011-06-01,2011-02-01,4
13870,2011-07-01,2011-02-01,5
13870,2011-08-01,2011-02-01,6
13870,2011-10-01,2011-02-01,8
13870,2011-12-01,2011-02-01,10
13871,2011-02-01,2011-02-01,0
13871,2011-03-01,2011-02-01,1
13871,2011-04-01,2011-02-01,2
13871,2011-05-01,2011-02-01,3
13871,2011-06-01,2011-02-01,4
13871,2011-07-01,2011-02-01,5
13871,2011-08-01,2011-02-01,6
13871,2011-09-01,2011-02-01,7
13871,2011-10-01,2011-02-01,8
13871,2011-11-01,2011-02-01,9
13873,2011-02-01,2011-02-01,0
13873,2011-05-01,2011-02-01,3
13873,2011-08-01,2011-02-01,6
13874,2010-12-01,2010-12-01,0
13875,2011-02-01,2011-02-01,0
13875,2011-03-01,2011-02-01,1
13875,2011-06-01,2011-02-01,4
13875,2011-07-01,2011-02-01,5
13875,2011-10-01,2011-02-01,8
13876,2011-10-01,2011-10-01,0
13877,2011-09-01,2011-09-01,0
13878,2011-10-01,2011-10-01,0
13880,2010-12-01,2010-12-01,0
13880,2011-02-01,2010-12-01,2
13880,2011-03-01,2010-12-01,3
13880,2011-04-01,2010-12-01,4
13880,2011-05-01,2010-12-01,5
13880,2011-06-01,2010-12-01,6
13880,2011-07-01,2010-12-01,7
13880,2011-09-01,2010-12-01,9
13880,2011-10-01,2010-12-01,10
13880,2011-11-01,2010-12-01,11
13881,2011-02-01,2011-02-01,0
13881,2011-03-01,2011-02-01,1
13881,2011-04-01,2011-02-01,2
13881,2011-05-01,2011-02-01,3
13881,2011-06-01,2011-02-01,4
13881,2011-07-01,2011-02-01,5
13881,2011-08-01,2011-02-01,6
13881,2011-09-01,2011-02-01,7
13881,2011-10-01,2011-02-01,8
13881,2011-11-01,2011-02-01,9
13881,2011-12-01,2011-02-01,10
13882,2011-10-01,2011-10-01,0
13882,2011-11-01,2011-10-01,1
13882,2011-12-01,2011-10-01,2
13883,2011-03-01,2011-03-01,0
13883,2011-05-01,2011-03-01,2
13883,2011-11-01,2011-03-01,8
13884,2011-03-01,2011-03-01,0
13884,2011-09-01,2011-03-01,6
13884,2011-12-01,2011-03-01,9
13885,2011-05-01,2011-05-01,0
13885,2011-06-01,2011-05-01,1
13886,2011-09-01,2011-09-01,0
13887,2011-05-01,2011-05-01,0
13888,2011-05-01,2011-05-01,0
13888,2011-08-01,2011-05-01,3
13889,2011-09-01,2011-09-01,0
13890,2010-12-01,2010-12-01,0
13890,2011-08-01,2010-12-01,8
13890,2011-10-01,2010-12-01,10
13890,2011-11-01,2010-12-01,11
13890,2011-12-01,2010-12-01,12
13892,2011-04-01,2011-04-01,0
13892,2011-10-01,2011-04-01,6
13892,2011-11-01,2011-04-01,7
13893,2011-02-01,2011-02-01,0
13894,2011-02-01,2011-02-01,0
13894,2011-11-01,2011-02-01,9
13895,2011-06-01,2011-06-01,0
13895,2011-07-01,2011-06-01,1
13895,2011-10-01,2011-06-01,4
13895,2011-11-01,2011-06-01,5
13897,2011-10-01,2011-10-01,0
13898,2011-01-01,2011-01-01,0
13899,2011-03-01,2011-03-01,0
13899,2011-11-01,2011-03-01,8
13900,2011-03-01,2011-03-01,0
13900,2011-05-01,2011-03-01,2
13900,2011-06-01,2011-03-01,3
13901,2011-01-01,2011-01-01,0
13901,2011-03-01,2011-01-01,2
13901,2011-07-01,2011-01-01,6
13901,2011-08-01,2011-01-01,7
13901,2011-09-01,2011-01-01,8
13904,2011-02-01,2011-02-01,0
13904,2011-11-01,2011-02-01,9
13908,2011-03-01,2011-03-01,0
13908,2011-05-01,2011-03-01,2
13908,2011-08-01,2011-03-01,5
13908,2011-09-01,2011-03-01,6
13911,2011-02-01,2011-02-01,0
13911,2011-03-01,2011-02-01,1
13911,2011-04-01,2011-02-01,2
13911,2011-05-01,2011-02-01,3
13911,2011-07-01,2011-02-01,5
13911,2011-10-01,2011-02-01,8
13914,2011-11-01,2011-11-01,0
13917,2011-06-01,2011-06-01,0
13917,2011-10-01,2011-06-01,4
13918,2011-03-01,2011-03-01,0
13918,2011-10-01,2011-03-01,7
13919,2011-08-01,2011-08-01,0
13919,2011-10-01,2011-08-01,2
13922,2010-12-01,2010-12-01,0
13923,2011-10-01,2011-10-01,0
13924,2011-09-01,2011-09-01,0
13924,2011-10-01,2011-09-01,1
13924,2011-11-01,2011-09-01,2
13924,2011-12-01,2011-09-01,3
13925,2011-07-01,2011-07-01,0
13925,2011-08-01,2011-07-01,1
13925,2011-09-01,2011-07-01,2
13926,2011-11-01,2011-11-01,0
13927,2011-09-01,2011-09-01,0
13928,2011-07-01,2011-07-01,0
13928,2011-08-01,2011-07-01,1
13928,2011-11-01,2011-07-01,4
13929,2011-01-01,2011-01-01,0
13929,2011-06-01,2011-01-01,5
13930,2011-07-01,2011-07-01,0
13930,2011-10-01,2011-07-01,3
13931,2011-03-01,2011-03-01,0
13931,2011-09-01,2011-03-01,6
13932,2011-02-01,2011-02-01,0
13933,2011-07-01,2011-07-01,0
13933,2011-08-01,2011-07-01,1
13934,2011-03-01,2011-03-01,0
13936,2011-06-01,2011-06-01,0
13937,2011-06-01,2011-06-01,0
13938,2011-11-01,2011-11-01,0
13939,2011-02-01,2011-02-01,0
13939,2011-08-01,2011-02-01,6
13939,2011-11-01,2011-02-01,9
13940,2011-07-01,2011-07-01,0
13940,2011-08-01,2011-07-01,1
13940,2011-10-01,2011-07-01,3
13940,2011-11-01,2011-07-01,4
13941,2010-12-01,2010-12-01,0
13941,2011-02-01,2010-12-01,2
13941,2011-06-01,2010-12-01,6
13941,2011-09-01,2010-12-01,9
13941,2011-11-01,2010-12-01,11
13946,2011-03-01,2011-03-01,0
13946,2011-05-01,2011-03-01,2
13946,2011-09-01,2011-03-01,6
13947,2011-10-01,2011-10-01,0
13948,2010-12-01,2010-12-01,0
13949,2011-09-01,2011-09-01,0
13949,2011-10-01,2011-09-01,1
13949,2011-11-01,2011-09-01,2
13949,2011-12-01,2011-09-01,3
13950,2011-04-01,2011-04-01,0
13950,2011-09-01,2011-04-01,5
13950,2011-11-01,2011-04-01,7
13951,2011-02-01,2011-02-01,0
13951,2011-04-01,2011-02-01,2
13951,2011-06-01,2011-02-01,4
13952,2011-04-01,2011-04-01,0
13952,2011-05-01,2011-04-01,1
13953,2010-12-01,2010-12-01,0
13953,2011-03-01,2010-12-01,3
13953,2011-05-01,2010-12-01,5
13953,2011-06-01,2010-12-01,6
13953,2011-08-01,2010-12-01,8
13953,2011-10-01,2010-12-01,10
13953,2011-12-01,2010-12-01,12
13954,2011-09-01,2011-09-01,0
13954,2011-12-01,2011-09-01,3
13955,2011-02-01,2011-02-01,0
13955,2011-07-01,2011-02-01,5
13956,2011-03-01,2011-03-01,0
13956,2011-04-01,2011-03-01,1
13956,2011-07-01,2011-03-01,4
13956,2011-10-01,2011-03-01,7
13956,2011-12-01,2011-03-01,9
13959,2010-12-01,2010-12-01,0
13959,2011-03-01,2010-12-01,3
13959,2011-09-01,2010-12-01,9
13960,2011-09-01,2011-09-01,0
13960,2011-11-01,2011-09-01,2
13962,2011-04-01,2011-04-01,0
13962,2011-11-01,2011-04-01,7
13963,2010-12-01,2010-12-01,0
13963,2011-01-01,2010-12-01,1
13963,2011-02-01,2010-12-01,2
13967,2011-07-01,2011-07-01,0
13969,2010-12-01,2010-12-01,0
13969,2011-01-01,2010-12-01,1
13969,2011-03-01,2010-12-01,3
13969,2011-04-01,2010-12-01,4
13969,2011-05-01,2010-12-01,5
13969,2011-06-01,2010-12-01,6
13969,2011-07-01,2010-12-01,7
13969,2011-08-01,2010-12-01,8
13969,2011-10-01,2010-12-01,10
13969,2011-11-01,2010-12-01,11
13969,2011-12-01,2010-12-01,12
13971,2011-02-01,2011-02-01,0
13971,2011-03-01,2011-02-01,1
13971,2011-05-01,2011-02-01,3
13971,2011-06-01,2011-02-01,4
13971,2011-08-01,2011-02-01,6
13971,2011-10-01,2011-02-01,8
13971,2011-11-01,2011-02-01,9
13972,2011-05-01,2011-05-01,0
13972,2011-09-01,2011-05-01,4
13973,2011-02-01,2011-02-01,0
13974,2011-10-01,2011-10-01,0
13975,2011-03-01,2011-03-01,0
13975,2011-05-01,2011-03-01,2
13975,2011-07-01,2011-03-01,4
13975,2011-08-01,2011-03-01,5
13975,2011-11-01,2011-03-01,8
13976,2011-05-01,2011-05-01,0
13978,2011-10-01,2011-10-01,0
13978,2011-11-01,2011-10-01,1
13979,2011-09-01,2011-09-01,0
13980,2011-10-01,2011-10-01,0
13982,2010-12-01,2010-12-01,0
13982,2011-01-01,2010-12-01,1
13982,2011-06-01,2010-12-01,6
13982,2011-10-01,2010-12-01,10
13983,2010-12-01,2010-12-01,0
13983,2011-01-01,2010-12-01,1
13983,2011-02-01,2010-12-01,2
13983,2011-03-01,2010-12-01,3
13983,2011-04-01,2010-12-01,4
13983,2011-06-01,2010-12-01,6
13983,2011-09-01,2010-12-01,9
13983,2011-10-01,2010-12-01,10
13983,2011-11-01,2010-12-01,11
13984,2010-12-01,2010-12-01,0
13984,2011-01-01,2010-12-01,1
13984,2011-04-01,2010-12-01,4
13984,2011-08-01,2010-12-01,8
13984,2011-11-01,2010-12-01,11
13985,2011-03-01,2011-03-01,0
13985,2011-05-01,2011-03-01,2
13985,2011-06-01,2011-03-01,3
13985,2011-07-01,2011-03-01,4
13985,2011-08-01,2011-03-01,5
13985,2011-09-01,2011-03-01,6
13985,2011-10-01,2011-03-01,7
13985,2011-11-01,2011-03-01,8
13985,2011-12-01,2011-03-01,9
13986,2011-11-01,2011-11-01,0
13988,2011-03-01,2011-03-01,0
13988,2011-05-01,2011-03-01,2
13988,2011-06-01,2011-03-01,3
13988,2011-09-01,2011-03-01,6
13988,2011-10-01,2011-03-01,7
13988,2011-11-01,2011-03-01,8
13989,2011-04-01,2011-04-01,0
13989,2011-10-01,2011-04-01,6
13990,2011-05-01,2011-05-01,0
13991,2011-07-01,2011-07-01,0
13991,2011-09-01,2011-07-01,2
13991,2011-10-01,2011-07-01,3
13991,2011-11-01,2011-07-01,4
13992,2011-11-01,2011-11-01,0
13993,2011-01-01,2011-01-01,0
13993,2011-02-01,2011-01-01,1
13993,2011-04-01,2011-01-01,3
13993,2011-05-01,2011-01-01,4
13993,2011-07-01,2011-01-01,6
13993,2011-08-01,2011-01-01,7
13993,2011-09-01,2011-01-01,8
13993,2011-10-01,2011-01-01,9
13994,2011-07-01,2011-07-01,0
13994,2011-08-01,2011-07-01,1
13994,2011-09-01,2011-07-01,2
13994,2011-10-01,2011-07-01,3
13994,2011-12-01,2011-07-01,5
13995,2011-04-01,2011-04-01,0
13995,2011-07-01,2011-04-01,3
13995,2011-08-01,2011-04-01,4
13995,2011-10-01,2011-04-01,6
13995,2011-11-01,2011-04-01,7
13999,2010-12-01,2010-12-01,0
13999,2011-01-01,2010-12-01,1
13999,2011-03-01,2010-12-01,3
13999,2011-05-01,2010-12-01,5
13999,2011-06-01,2010-12-01,6
13999,2011-07-01,2010-12-01,7
13999,2011-08-01,2010-12-01,8
13999,2011-09-01,2010-12-01,9
13999,2011-10-01,2010-12-01,10
13999,2011-11-01,2010-12-01,11
14000,2011-05-01,2011-05-01,0
14001,2010-12-01,2010-12-01,0
14001,2011-04-01,2010-12-01,4
14001,2011-10-01,2010-12-01,10
14002,2011-07-01,2011-07-01,0
14004,2011-02-01,2011-02-01,0
14004,2011-06-01,2011-02-01,4
14004,2011-08-01,2011-02-01,6
14004,2011-09-01,2011-02-01,7
14004,2011-10-01,2011-02-01,8
14005,2011-05-01,2011-05-01,0
14005,2011-06-01,2011-05-01,1
14005,2011-07-01,2011-05-01,2
14005,2011-09-01,2011-05-01,4
14005,2011-11-01,2011-05-01,6
14006,2011-01-01,2011-01-01,0
14006,2011-04-01,2011-01-01,3
14006,2011-08-01,2011-01-01,7
14009,2011-05-01,2011-05-01,0
14012,2011-03-01,2011-03-01,0
14013,2011-03-01,2011-03-01,0
14013,2011-07-01,2011-03-01,4
14013,2011-08-01,2011-03-01,5
14014,2011-09-01,2011-09-01,0
14015,2011-10-01,2011-10-01,0
14016,2010-12-01,2010-12-01,0
14016,2011-03-01,2010-12-01,3
14016,2011-05-01,2010-12-01,5
14016,2011-07-01,2010-12-01,7
14019,2011-07-01,2011-07-01,0
14019,2011-09-01,2011-07-01,2
14019,2011-10-01,2011-07-01,3
14020,2011-09-01,2011-09-01,0
14020,2011-11-01,2011-09-01,2
14021,2011-03-01,2011-03-01,0
14021,2011-05-01,2011-03-01,2
14021,2011-07-01,2011-03-01,4
14022,2011-04-01,2011-04-01,0
14023,2011-04-01,2011-04-01,0
14023,2011-12-01,2011-04-01,8
14024,2011-08-01,2011-08-01,0
14027,2011-10-01,2011-10-01,0
14029,2011-07-01,2011-07-01,0
14029,2011-10-01,2011-07-01,3
14030,2010-12-01,2010-12-01,0
14030,2011-02-01,2010-12-01,2
14030,2011-04-01,2010-12-01,4
14030,2011-08-01,2010-12-01,8
14030,2011-09-01,2010-12-01,9
14030,2011-11-01,2010-12-01,11
14031,2010-12-01,2010-12-01,0
14031,2011-01-01,2010-12-01,1
14031,2011-03-01,2010-12-01,3
14031,2011-04-01,2010-12-01,4
14031,2011-05-01,2010-12-01,5
14031,2011-06-01,2010-12-01,6
14031,2011-08-01,2010-12-01,8
14031,2011-09-01,2010-12-01,9
14031,2011-10-01,2010-12-01,10
14031,2011-11-01,2010-12-01,11
14031,2011-12-01,2010-12-01,12
14032,2010-12-01,2010-12-01,0
14032,2011-03-01,2010-12-01,3
14032,2011-04-01,2010-12-01,4
14032,2011-05-01,2010-12-01,5
14032,2011-06-01,2010-12-01,6
14032,2011-09-01,2010-12-01,9
14032,2011-11-01,2010-12-01,11
14032,2011-12-01,2010-12-01,12
14034,2011-07-01,2011-07-01,0
14034,2011-11-01,2011-07-01,4
14035,2011-02-01,2011-02-01,0
14035,2011-03-01,2011-02-01,1
14035,2011-08-01,2011-02-01,6
14035,2011-10-01,2011-02-01,8
14035,2011-11-01,2011-02-01,9
14036,2011-02-01,2011-02-01,0
14037,2010-12-01,2010-12-01,0
14037,2011-06-01,2010-12-01,6
14038,2011-05-01,2011-05-01,0
14038,2011-07-01,2011-05-01,2
14038,2011-09-01,2011-05-01,4
14039,2011-11-01,2011-11-01,0
14040,2011-01-01,2011-01-01,0
14040,2011-04-01,2011-01-01,3
14040,2011-05-01,2011-01-01,4
14040,2011-06-01,2011-01-01,5
14040,2011-07-01,2011-01-01,6
14040,2011-08-01,2011-01-01,7
14040,2011-09-01,2011-01-01,8
14040,2011-10-01,2011-01-01,9
14041,2011-03-01,2011-03-01,0
14044,2011-02-01,2011-02-01,0
14044,2011-07-01,2011-02-01,5
14044,2011-08-01,2011-02-01,6
14044,2011-11-01,2011-02-01,9
14045,2010-12-01,2010-12-01,0
14045,2011-01-01,2010-12-01,1
14045,2011-08-01,2010-12-01,8
14046,2011-02-01,2011-02-01,0
14047,2010-12-01,2010-12-01,0
14047,2011-01-01,2010-12-01,1
14047,2011-05-01,2010-12-01,5
14047,2011-09-01,2010-12-01,9
14047,2011-12-01,2010-12-01,12
14048,2011-02-01,2011-02-01,0
14049,2011-01-01,2011-01-01,0
14049,2011-05-01,2011-01-01,4
14049,2011-07-01,2011-01-01,6
14049,2011-11-01,2011-01-01,10
14050,2011-08-01,2011-08-01,0
14050,2011-11-01,2011-08-01,3
14051,2010-12-01,2010-12-01,0
14051,2011-01-01,2010-12-01,1
14051,2011-02-01,2010-12-01,2
14051,2011-03-01,2010-12-01,3
14051,2011-04-01,2010-12-01,4
14051,2011-05-01,2010-12-01,5
14051,2011-06-01,2010-12-01,6
14051,2011-07-01,2010-12-01,7
14051,2011-08-01,2010-12-01,8
14051,2011-09-01,2010-12-01,9
14051,2011-10-01,2010-12-01,10
14051,2011-11-01,2010-12-01,11
14051,2011-12-01,2010-12-01,12
14052,2011-11-01,2011-11-01,0
14053,2011-07-01,2011-07-01,0
14053,2011-08-01,2011-07-01,1
14054,2011-10-01,2011-10-01,0
14055,2011-08-01,2011-08-01,0
14056,2011-02-01,2011-02-01,0
14056,2011-03-01,2011-02-01,1
14056,2011-04-01,2011-02-01,2
14056,2011-05-01,2011-02-01,3
14056,2011-06-01,2011-02-01,4
14056,2011-07-01,2011-02-01,5
14056,2011-08-01,2011-02-01,6
14056,2011-09-01,2011-02-01,7
14056,2011-10-01,2011-02-01,8
14056,2011-11-01,2011-02-01,9
14056,2011-12-01,2011-02-01,10
14057,2010-12-01,2010-12-01,0
14057,2011-02-01,2010-12-01,2
14057,2011-03-01,2010-12-01,3
14057,2011-04-01,2010-12-01,4
14057,2011-05-01,2010-12-01,5
14057,2011-06-01,2010-12-01,6
14057,2011-07-01,2010-12-01,7
14057,2011-08-01,2010-12-01,8
14057,2011-09-01,2010-12-01,9
14057,2011-10-01,2010-12-01,10
14057,2011-11-01,2010-12-01,11
14059,2011-03-01,2011-03-01,0
14060,2010-12-01,2010-12-01,0
14060,2011-01-01,2010-12-01,1
14060,2011-02-01,2010-12-01,2
14060,2011-03-01,2010-12-01,3
14060,2011-04-01,2010-12-01,4
14060,2011-05-01,2010-12-01,5
14060,2011-06-01,2010-12-01,6
14060,2011-07-01,2010-12-01,7
14060,2011-08-01,2010-12-01,8
14060,2011-09-01,2010-12-01,9
14060,2011-10-01,2010-12-01,10
14060,2011-11-01,2010-12-01,11
14060,2011-12-01,2010-12-01,12
14062,2010-12-01,2010-12-01,0
14062,2011-01-01,2010-12-01,1
14062,2011-04-01,2010-12-01,4
14062,2011-06-01,2010-12-01,6
14062,2011-07-01,2010-12-01,7
14062,2011-08-01,2010-12-01,8
14062,2011-09-01,2010-12-01,9
14062,2011-11-01,2010-12-01,11
14064,2011-03-01,2011-03-01,0
14064,2011-05-01,2011-03-01,2
14064,2011-08-01,2011-03-01,5
14064,2011-11-01,2011-03-01,8
14066,2011-03-01,2011-03-01,0
14067,2011-09-01,2011-09-01,0
14067,2011-10-01,2011-09-01,1
14068,2011-01-01,2011-01-01,0
14071,2011-03-01,2011-03-01,0
14071,2011-10-01,2011-03-01,7
14071,2011-11-01,2011-03-01,8
14071,2011-12-01,2011-03-01,9
14073,2011-11-01,2011-11-01,0
14075,2011-03-01,2011-03-01,0
14075,2011-11-01,2011-03-01,8
14075,2011-12-01,2011-03-01,9
14076,2011-08-01,2011-08-01,0
14077,2011-03-01,2011-03-01,0
14077,2011-04-01,2011-03-01,1
14077,2011-06-01,2011-03-01,3
14077,2011-09-01,2011-03-01,6
14077,2011-10-01,2011-03-01,7
14078,2010-12-01,2010-12-01,0
14078,2011-02-01,2010-12-01,2
14078,2011-04-01,2010-12-01,4
14078,2011-05-01,2010-12-01,5
14078,2011-06-01,2010-12-01,6
14078,2011-08-01,2010-12-01,8
14079,2011-08-01,2011-08-01,0
14080,2011-11-01,2011-11-01,0
14081,2010-12-01,2010-12-01,0
14081,2011-02-01,2010-12-01,2
14082,2010-12-01,2010-12-01,0
14083,2010-12-01,2010-12-01,0
14083,2011-03-01,2010-12-01,3
14083,2011-05-01,2010-12-01,5
14083,2011-07-01,2010-12-01,7
14083,2011-08-01,2010-12-01,8
14083,2011-12-01,2010-12-01,12
14085,2010-12-01,2010-12-01,0
14085,2011-01-01,2010-12-01,1
14085,2011-02-01,2010-12-01,2
14085,2011-03-01,2010-12-01,3
14085,2011-05-01,2010-12-01,5
14085,2011-06-01,2010-12-01,6
14085,2011-07-01,2010-12-01,7
14085,2011-10-01,2010-12-01,10
14085,2011-11-01,2010-12-01,11
14085,2011-12-01,2010-12-01,12
14087,2011-12-01,2011-12-01,0
14088,2011-01-01,2011-01-01,0
14088,2011-06-01,2011-01-01,5
14088,2011-07-01,2011-01-01,6
14088,2011-08-01,2011-01-01,7
14088,2011-10-01,2011-01-01,9
14088,2011-11-01,2011-01-01,10
14089,2011-10-01,2011-10-01,0
14090,2011-01-01,2011-01-01,0
14092,2010-12-01,2010-12-01,0
14092,2011-01-01,2010-12-01,1
14092,2011-03-01,2010-12-01,3
14092,2011-04-01,2010-12-01,4
14092,2011-05-01,2010-12-01,5
14092,2011-06-01,2010-12-01,6
14092,2011-07-01,2010-12-01,7
14092,2011-09-01,2010-12-01,9
14092,2011-10-01,2010-12-01,10
14092,2011-11-01,2010-12-01,11
14092,2011-12-01,2010-12-01,12
14093,2011-11-01,2011-11-01,0
14096,2011-08-01,2011-08-01,0
14096,2011-09-01,2011-08-01,1
14096,2011-10-01,2011-08-01,2
14096,2011-11-01,2011-08-01,3
14096,2011-12-01,2011-08-01,4
14098,2011-11-01,2011-11-01,0
14099,2010-12-01,2010-12-01,0
14099,2011-01-01,2010-12-01,1
14099,2011-02-01,2010-12-01,2
14099,2011-03-01,2010-12-01,3
14099,2011-05-01,2010-12-01,5
14099,2011-06-01,2010-12-01,6
14099,2011-07-01,2010-12-01,7
14099,2011-08-01,2010-12-01,8
14099,2011-10-01,2010-12-01,10
14099,2011-11-01,2010-12-01,11
14100,2011-07-01,2011-07-01,0
14101,2011-01-01,2011-01-01,0
14101,2011-02-01,2011-01-01,1
14101,2011-03-01,2011-01-01,2
14101,2011-05-01,2011-01-01,4
14101,2011-07-01,2011-01-01,6
14101,2011-09-01,2011-01-01,8
14102,2011-10-01,2011-10-01,0
14102,2011-11-01,2011-10-01,1
14102,2011-12-01,2011-10-01,2
14104,2011-06-01,2011-06-01,0
14104,2011-07-01,2011-06-01,1
14105,2011-04-01,2011-04-01,0
14107,2010-12-01,2010-12-01,0
14107,2011-02-01,2010-12-01,2
14107,2011-03-01,2010-12-01,3
14107,2011-05-01,2010-12-01,5
14107,2011-06-01,2010-12-01,6
14107,2011-09-01,2010-12-01,9
14107,2011-10-01,2010-12-01,10
14108,2011-08-01,2011-08-01,0
14108,2011-11-01,2011-08-01,3
14109,2011-09-01,2011-09-01,0
14110,2011-03-01,2011-03-01,0
14110,2011-05-01,2011-03-01,2
14110,2011-06-01,2011-03-01,3
14110,2011-07-01,2011-03-01,4
14110,2011-08-01,2011-03-01,5
14110,2011-09-01,2011-03-01,6
14110,2011-10-01,2011-03-01,7
14110,2011-11-01,2011-03-01,8
14110,2011-12-01,2011-03-01,9
14111,2011-04-01,2011-04-01,0
14111,2011-08-01,2011-04-01,4
14111,2011-09-01,2011-04-01,5
14111,2011-11-01,2011-04-01,7
14112,2011-03-01,2011-03-01,0
14112,2011-05-01,2011-03-01,2
14112,2011-08-01,2011-03-01,5
14112,2011-10-01,2011-03-01,7
14112,2011-11-01,2011-03-01,8
14113,2010-12-01,2010-12-01,0
14113,2011-09-01,2010-12-01,9
14113,2011-11-01,2010-12-01,11
14113,2011-12-01,2010-12-01,12
14114,2011-01-01,2011-01-01,0
14114,2011-03-01,2011-01-01,2
14116,2011-08-01,2011-08-01,0
14116,2011-09-01,2011-08-01,1
14116,2011-10-01,2011-08-01,2
14116,2011-11-01,2011-08-01,3
14117,2011-07-01,2011-07-01,0
14121,2011-10-01,2011-10-01,0
14121,2011-11-01,2011-10-01,1
14121,2011-12-01,2011-10-01,2
14124,2011-09-01,2011-09-01,0
14125,2011-09-01,2011-09-01,0
14125,2011-11-01,2011-09-01,2
14126,2011-11-01,2011-11-01,0
14126,2011-12-01,2011-11-01,1
14127,2011-02-01,2011-02-01,0
14127,2011-03-01,2011-02-01,1
14127,2011-08-01,2011-02-01,6
14128,2011-03-01,2011-03-01,0
14128,2011-10-01,2011-03-01,7
14129,2011-03-01,2011-03-01,0
14129,2011-09-01,2011-03-01,6
14129,2011-11-01,2011-03-01,8
14129,2011-12-01,2011-03-01,9
14130,2011-01-01,2011-01-01,0
14132,2011-06-01,2011-06-01,0
14132,2011-07-01,2011-06-01,1
14132,2011-08-01,2011-06-01,2
14132,2011-09-01,2011-06-01,3
14132,2011-10-01,2011-06-01,4
14132,2011-11-01,2011-06-01,5
14132,2011-12-01,2011-06-01,6
14133,2011-01-01,2011-01-01,0
14133,2011-08-01,2011-01-01,7
14135,2010-12-01,2010-12-01,0
14135,2011-01-01,2010-12-01,1
14135,2011-05-01,2010-12-01,5
14135,2011-06-01,2010-12-01,6
14135,2011-08-01,2010-12-01,8
14135,2011-09-01,2010-12-01,9
14135,2011-11-01,2010-12-01,11
14135,2011-12-01,2010-12-01,12
14138,2011-10-01,2011-10-01,0
14138,2011-12-01,2011-10-01,2
14139,2011-10-01,2011-10-01,0
14140,2011-11-01,2011-11-01,0
14140,2011-12-01,2011-11-01,1
14141,2011-08-01,2011-08-01,0
14141,2011-09-01,2011-08-01,1
14141,2011-10-01,2011-08-01,2
14141,2011-12-01,2011-08-01,4
14142,2010-12-01,2010-12-01,0
14143,2011-07-01,2011-07-01,0
14145,2011-05-01,2011-05-01,0
14145,2011-07-01,2011-05-01,2
14145,2011-10-01,2011-05-01,5
14146,2010-12-01,2010-12-01,0
14146,2011-03-01,2010-12-01,3
14146,2011-09-01,2010-12-01,9
14146,2011-12-01,2010-12-01,12
14147,2011-02-01,2011-02-01,0
14147,2011-09-01,2011-02-01,7
14148,2011-04-01,2011-04-01,0
14149,2011-05-01,2011-05-01,0
14150,2010-12-01,2010-12-01,0
14150,2011-11-01,2010-12-01,11
14152,2011-04-01,2011-04-01,0
14152,2011-09-01,2011-04-01,5
14154,2011-04-01,2011-04-01,0
14155,2011-03-01,2011-03-01,0
14156,2010-12-01,2010-12-01,0
14156,2011-01-01,2010-12-01,1
14156,2011-02-01,2010-12-01,2
14156,2011-03-01,2010-12-01,3
14156,2011-04-01,2010-12-01,4
14156,2011-05-01,2010-12-01,5
14156,2011-06-01,2010-12-01,6
14156,2011-07-01,2010-12-01,7
14156,2011-08-01,2010-12-01,8
14156,2011-09-01,2010-12-01,9
14156,2011-10-01,2010-12-01,10
14156,2011-11-01,2010-12-01,11
14157,2011-02-01,2011-02-01,0
14157,2011-11-01,2011-02-01,9
14158,2011-10-01,2011-10-01,0
14159,2010-12-01,2010-12-01,0
14159,2011-03-01,2010-12-01,3
14159,2011-06-01,2010-12-01,6
14159,2011-07-01,2010-12-01,7
14159,2011-09-01,2010-12-01,9
14159,2011-10-01,2010-12-01,10
14159,2011-11-01,2010-12-01,11
14161,2010-12-01,2010-12-01,0
14161,2011-03-01,2010-12-01,3
14161,2011-05-01,2010-12-01,5
14162,2011-02-01,2011-02-01,0
14162,2011-06-01,2011-02-01,4
14163,2011-04-01,2011-04-01,0
14163,2011-05-01,2011-04-01,1
14163,2011-07-01,2011-04-01,3
14163,2011-09-01,2011-04-01,5
14164,2011-09-01,2011-09-01,0
14165,2011-03-01,2011-03-01,0
14167,2011-01-01,2011-01-01,0
14167,2011-03-01,2011-01-01,2
14167,2011-06-01,2011-01-01,5
14167,2011-10-01,2011-01-01,9
14171,2011-09-01,2011-09-01,0
14173,2011-05-01,2011-05-01,0
14173,2011-10-01,2011-05-01,5
14173,2011-11-01,2011-05-01,6
14174,2011-11-01,2011-11-01,0
14175,2011-01-01,2011-01-01,0
14175,2011-06-01,2011-01-01,5
14175,2011-10-01,2011-01-01,9
14176,2010-12-01,2010-12-01,0
14176,2011-01-01,2010-12-01,1
14176,2011-02-01,2010-12-01,2
14177,2011-06-01,2011-06-01,0
14177,2011-09-01,2011-06-01,3
14178,2011-06-01,2011-06-01,0
14178,2011-07-01,2011-06-01,1
14178,2011-09-01,2011-06-01,3
14178,2011-10-01,2011-06-01,4
14178,2011-11-01,2011-06-01,5
14178,2011-12-01,2011-06-01,6
14179,2011-10-01,2011-10-01,0
14180,2010-12-01,2010-12-01,0
14180,2011-01-01,2010-12-01,1
14180,2011-02-01,2010-12-01,2
14180,2011-03-01,2010-12-01,3
14180,2011-04-01,2010-12-01,4
14180,2011-05-01,2010-12-01,5
14180,2011-06-01,2010-12-01,6
14180,2011-07-01,2010-12-01,7
14180,2011-08-01,2010-12-01,8
14180,2011-09-01,2010-12-01,9
14180,2011-10-01,2010-12-01,10
14180,2011-11-01,2010-12-01,11
14184,2011-10-01,2011-10-01,0
14185,2011-01-01,2011-01-01,0
14188,2011-02-01,2011-02-01,0
14188,2011-05-01,2011-02-01,3
14188,2011-07-01,2011-02-01,5
14188,2011-08-01,2011-02-01,6
14188,2011-09-01,2011-02-01,7
14188,2011-11-01,2011-02-01,9
14189,2010-12-01,2010-12-01,0
14189,2011-01-01,2010-12-01,1
14189,2011-02-01,2010-12-01,2
14189,2011-03-01,2010-12-01,3
14189,2011-04-01,2010-12-01,4
14189,2011-05-01,2010-12-01,5
14189,2011-07-01,2010-12-01,7
14189,2011-08-01,2010-12-01,8
14189,2011-09-01,2010-12-01,9
14189,2011-10-01,2010-12-01,10
14189,2011-11-01,2010-12-01,11
14189,2011-12-01,2010-12-01,12
14191,2011-05-01,2011-05-01,0
14191,2011-06-01,2011-05-01,1
14191,2011-07-01,2011-05-01,2
14191,2011-08-01,2011-05-01,3
14191,2011-09-01,2011-05-01,4
14191,2011-10-01,2011-05-01,5
14191,2011-11-01,2011-05-01,6
14191,2011-12-01,2011-05-01,7
14193,2011-03-01,2011-03-01,0
14193,2011-10-01,2011-03-01,7
14194,2011-02-01,2011-02-01,0
14194,2011-03-01,2011-02-01,1
14194,2011-05-01,2011-02-01,3
14194,2011-06-01,2011-02-01,4
14194,2011-07-01,2011-02-01,5
14194,2011-08-01,2011-02-01,6
14194,2011-09-01,2011-02-01,7
14194,2011-10-01,2011-02-01,8
14194,2011-11-01,2011-02-01,9
14194,2011-12-01,2011-02-01,10
14195,2011-04-01,2011-04-01,0
14195,2011-05-01,2011-04-01,1
14196,2011-08-01,2011-08-01,0
14198,2011-04-01,2011-04-01,0
14198,2011-07-01,2011-04-01,3
14198,2011-09-01,2011-04-01,5
14198,2011-11-01,2011-04-01,7
14199,2011-05-01,2011-05-01,0
14201,2010-12-01,2010-12-01,0
14201,2011-04-01,2010-12-01,4
14201,2011-05-01,2010-12-01,5
14201,2011-06-01,2010-12-01,6
14201,2011-07-01,2010-12-01,7
14201,2011-09-01,2010-12-01,9
14201,2011-10-01,2010-12-01,10
14204,2011-12-01,2011-12-01,0
14205,2011-03-01,2011-03-01,0
14205,2011-11-01,2011-03-01,8
14206,2011-04-01,2011-04-01,0
14208,2011-09-01,2011-09-01,0
14209,2011-01-01,2011-01-01,0
14209,2011-03-01,2011-01-01,2
14209,2011-05-01,2011-01-01,4
14209,2011-07-01,2011-01-01,6
14209,2011-08-01,2011-01-01,7
14209,2011-11-01,2011-01-01,10
14210,2010-12-01,2010-12-01,0
14210,2011-01-01,2010-12-01,1
14210,2011-02-01,2010-12-01,2
14210,2011-04-01,2010-12-01,4
14210,2011-05-01,2010-12-01,5
14210,2011-08-01,2010-12-01,8
14211,2011-02-01,2011-02-01,0
14211,2011-04-01,2011-02-01,2
14211,2011-05-01,2011-02-01,3
14211,2011-09-01,2011-02-01,7
14211,2011-10-01,2011-02-01,8
14212,2011-09-01,2011-09-01,0
14214,2011-03-01,2011-03-01,0
14214,2011-06-01,2011-03-01,3
14214,2011-07-01,2011-03-01,4
14214,2011-10-01,2011-03-01,7
14214,2011-11-01,2011-03-01,8
14215,2010-12-01,2010-12-01,0
14215,2011-01-01,2010-12-01,1
14215,2011-06-01,2010-12-01,6
14215,2011-09-01,2010-12-01,9
14215,2011-11-01,2010-12-01,11
14216,2011-11-01,2011-11-01,0
14216,2011-12-01,2011-11-01,1
14217,2010-12-01,2010-12-01,0
14217,2011-01-01,2010-12-01,1
14217,2011-02-01,2010-12-01,2
14217,2011-03-01,2010-12-01,3
14217,2011-04-01,2010-12-01,4
14217,2011-05-01,2010-12-01,5
14217,2011-06-01,2010-12-01,6
14217,2011-07-01,2010-12-01,7
14217,2011-09-01,2010-12-01,9
14217,2011-10-01,2010-12-01,10
14217,2011-11-01,2010-12-01,11
14217,2011-12-01,2010-12-01,12
14218,2011-10-01,2011-10-01,0
14219,2011-12-01,2011-12-01,0
14220,2010-12-01,2010-12-01,0
14220,2011-04-01,2010-12-01,4
14221,2011-01-01,2011-01-01,0
14221,2011-05-01,2011-01-01,4
14221,2011-06-01,2011-01-01,5
14221,2011-07-01,2011-01-01,6
14221,2011-08-01,2011-01-01,7
14221,2011-09-01,2011-01-01,8
14221,2011-10-01,2011-01-01,9
14222,2011-06-01,2011-06-01,0
14223,2011-03-01,2011-03-01,0
14223,2011-07-01,2011-03-01,4
14223,2011-09-01,2011-03-01,6
14224,2011-01-01,2011-01-01,0
14224,2011-05-01,2011-01-01,4
14224,2011-07-01,2011-01-01,6
14224,2011-08-01,2011-01-01,7
14226,2011-03-01,2011-03-01,0
14226,2011-05-01,2011-03-01,2
14226,2011-09-01,2011-03-01,6
14226,2011-11-01,2011-03-01,8
14227,2011-02-01,2011-02-01,0
14227,2011-04-01,2011-02-01,2
14227,2011-05-01,2011-02-01,3
14227,2011-09-01,2011-02-01,7
14227,2011-11-01,2011-02-01,9
14229,2011-01-01,2011-01-01,0
14229,2011-02-01,2011-01-01,1
14229,2011-10-01,2011-01-01,9
14231,2011-02-01,2011-02-01,0
14231,2011-04-01,2011-02-01,2
14231,2011-06-01,2011-02-01,4
14232,2011-03-01,2011-03-01,0
14232,2011-06-01,2011-03-01,3
14232,2011-07-01,2011-03-01,4
14232,2011-08-01,2011-03-01,5
14232,2011-10-01,2011-03-01,7
14233,2011-01-01,2011-01-01,0
14233,2011-02-01,2011-01-01,1
14233,2011-05-01,2011-01-01,4
14233,2011-10-01,2011-01-01,9
14234,2011-10-01,2011-10-01,0
14234,2011-11-01,2011-10-01,1
14235,2011-03-01,2011-03-01,0
14235,2011-04-01,2011-03-01,1
14235,2011-07-01,2011-03-01,4
14235,2011-09-01,2011-03-01,6
14236,2010-12-01,2010-12-01,0
14236,2011-09-01,2010-12-01,9
14237,2010-12-01,2010-12-01,0
14238,2011-01-01,2011-01-01,0
14239,2011-01-01,2011-01-01,0
14239,2011-02-01,2011-01-01,1
14239,2011-03-01,2011-01-01,2
14239,2011-04-01,2011-01-01,3
14239,2011-05-01,2011-01-01,4
14239,2011-08-01,2011-01-01,7
14239,2011-09-01,2011-01-01,8
14239,2011-10-01,2011-01-01,9
14240,2011-04-01,2011-04-01,0
14240,2011-11-01,2011-04-01,7
14241,2011-06-01,2011-06-01,0
14242,2011-01-01,2011-01-01,0
14242,2011-04-01,2011-01-01,3
14243,2010-12-01,2010-12-01,0
14243,2011-01-01,2010-12-01,1
14243,2011-02-01,2010-12-01,2
14243,2011-04-01,2010-12-01,4
14243,2011-06-01,2010-12-01,6
14243,2011-07-01,2010-12-01,7
14243,2011-09-01,2010-12-01,9
14243,2011-11-01,2010-12-01,11
14243,2011-12-01,2010-12-01,12
14245,2011-03-01,2011-03-01,0
14245,2011-05-01,2011-03-01,2
14246,2011-04-01,2011-04-01,0
14246,2011-07-01,2011-04-01,3
14246,2011-08-01,2011-04-01,4
14247,2011-03-01,2011-03-01,0
14248,2011-01-01,2011-01-01,0
14250,2011-09-01,2011-09-01,0
14250,2011-12-01,2011-09-01,3
14251,2011-10-01,2011-10-01,0
14251,2011-11-01,2011-10-01,1
14251,2011-12-01,2011-10-01,2
14256,2010-12-01,2010-12-01,0
14256,2011-03-01,2010-12-01,3
14257,2011-01-01,2011-01-01,0
14257,2011-06-01,2011-01-01,5
14257,2011-07-01,2011-01-01,6
14257,2011-08-01,2011-01-01,7
14257,2011-10-01,2011-01-01,9
14258,2011-01-01,2011-01-01,0
14258,2011-02-01,2011-01-01,1
14258,2011-03-01,2011-01-01,2
14258,2011-04-01,2011-01-01,3
14258,2011-05-01,2011-01-01,4
14258,2011-07-01,2011-01-01,6
14258,2011-09-01,2011-01-01,8
14258,2011-11-01,2011-01-01,10
14259,2011-07-01,2011-07-01,0
14261,2011-09-01,2011-09-01,0
14261,2011-10-01,2011-09-01,1
14262,2011-04-01,2011-04-01,0
14262,2011-07-01,2011-04-01,3
14262,2011-08-01,2011-04-01,4
14262,2011-09-01,2011-04-01,5
14262,2011-10-01,2011-04-01,6
14262,2011-11-01,2011-04-01,7
14262,2011-12-01,2011-04-01,8
14264,2011-04-01,2011-04-01,0
14264,2011-07-01,2011-04-01,3
14265,2011-07-01,2011-07-01,0
14265,2011-08-01,2011-07-01,1
14267,2011-03-01,2011-03-01,0
14267,2011-06-01,2011-03-01,3
14270,2011-01-01,2011-01-01,0
14271,2011-04-01,2011-04-01,0
14272,2011-03-01,2011-03-01,0
14272,2011-09-01,2011-03-01,6
14273,2011-04-01,2011-04-01,0
14273,2011-05-01,2011-04-01,1
14273,2011-07-01,2011-04-01,3
14273,2011-10-01,2011-04-01,6
14276,2011-02-01,2011-02-01,0
14276,2011-06-01,2011-02-01,4
14276,2011-09-01,2011-02-01,7
14277,2011-05-01,2011-05-01,0
14277,2011-11-01,2011-05-01,6
14280,2011-05-01,2011-05-01,0
14282,2010-12-01,2010-12-01,0
14282,2011-03-01,2010-12-01,3
14282,2011-04-01,2010-12-01,4
14282,2011-05-01,2010-12-01,5
14282,2011-06-01,2010-12-01,6
14282,2011-08-01,2010-12-01,8
14282,2011-09-01,2010-12-01,9
14282,2011-11-01,2010-12-01,11
14282,2011-12-01,2010-12-01,12
14284,2011-09-01,2011-09-01,0
14284,2011-11-01,2011-09-01,2
14285,2011-06-01,2011-06-01,0
14285,2011-09-01,2011-06-01,3
14285,2011-11-01,2011-06-01,5
14286,2011-04-01,2011-04-01,0
14286,2011-10-01,2011-04-01,6
14286,2011-11-01,2011-04-01,7
14287,2011-05-01,2011-05-01,0
14287,2011-12-01,2011-05-01,7
14288,2011-05-01,2011-05-01,0
14289,2011-02-01,2011-02-01,0
14289,2011-04-01,2011-02-01,2
14289,2011-05-01,2011-02-01,3
14289,2011-06-01,2011-02-01,4
14289,2011-07-01,2011-02-01,5
14289,2011-12-01,2011-02-01,10
14290,2010-12-01,2010-12-01,0
14290,2011-09-01,2010-12-01,9
14290,2011-10-01,2010-12-01,10
14290,2011-11-01,2010-12-01,11
14291,2011-03-01,2011-03-01,0
14291,2011-05-01,2011-03-01,2
14291,2011-06-01,2011-03-01,3
14291,2011-08-01,2011-03-01,5
14291,2011-10-01,2011-03-01,7
14291,2011-12-01,2011-03-01,9
14292,2011-03-01,2011-03-01,0
14292,2011-05-01,2011-03-01,2
14292,2011-07-01,2011-03-01,4
14292,2011-09-01,2011-03-01,6
14292,2011-10-01,2011-03-01,7
14292,2011-12-01,2011-03-01,9
14293,2010-12-01,2010-12-01,0
14293,2011-02-01,2010-12-01,2
14293,2011-07-01,2010-12-01,7
14293,2011-12-01,2010-12-01,12
14295,2011-10-01,2011-10-01,0
14297,2011-03-01,2011-03-01,0
14297,2011-10-01,2011-03-01,7
14297,2011-11-01,2011-03-01,8
14298,2010-12-01,2010-12-01,0
14298,2011-01-01,2010-12-01,1
14298,2011-02-01,2010-12-01,2
14298,2011-03-01,2010-12-01,3
14298,2011-04-01,2010-12-01,4
14298,2011-05-01,2010-12-01,5
14298,2011-06-01,2010-12-01,6
14298,2011-07-01,2010-12-01,7
14298,2011-08-01,2010-12-01,8
14298,2011-09-01,2010-12-01,9
14298,2011-10-01,2010-12-01,10
14298,2011-11-01,2010-12-01,11
14298,2011-12-01,2010-12-01,12
14299,2010-12-01,2010-12-01,0
14299,2011-01-01,2010-12-01,1
14299,2011-08-01,2010-12-01,8
14299,2011-09-01,2010-12-01,9
14299,2011-10-01,2010-12-01,10
14299,2011-11-01,2010-12-01,11
14299,2011-12-01,2010-12-01,12
14300,2011-11-01,2011-11-01,0
14301,2011-08-01,2011-08-01,0
14304,2011-05-01,2011-05-01,0
14305,2011-07-01,2011-07-01,0
14305,2011-08-01,2011-07-01,1
14305,2011-09-01,2011-07-01,2
14306,2011-09-01,2011-09-01,0
14306,2011-10-01,2011-09-01,1
14307,2010-12-01,2010-12-01,0
14307,2011-01-01,2010-12-01,1
14307,2011-05-01,2010-12-01,5
14307,2011-07-01,2010-12-01,7
14307,2011-09-01,2010-12-01,9
14309,2010-12-01,2010-12-01,0
14309,2011-02-01,2010-12-01,2
14309,2011-04-01,2010-12-01,4
14309,2011-06-01,2010-12-01,6
14309,2011-09-01,2010-12-01,9
14309,2011-11-01,2010-12-01,11
14309,2011-12-01,2010-12-01,12
14311,2011-04-01,2011-04-01,0
14312,2011-01-01,2011-01-01,0
14312,2011-02-01,2011-01-01,1
14312,2011-03-01,2011-01-01,2
14312,2011-06-01,2011-01-01,5
14312,2011-09-01,2011-01-01,8
14312,2011-10-01,2011-01-01,9
14314,2011-08-01,2011-08-01,0
14315,2011-03-01,2011-03-01,0
14315,2011-06-01,2011-03-01,3
14315,2011-07-01,2011-03-01,4
14315,2011-08-01,2011-03-01,5
14315,2011-10-01,2011-03-01,7
14317,2011-10-01,2011-10-01,0
14320,2011-01-01,2011-01-01,0
14320,2011-05-01,2011-01-01,4
14321,2011-01-01,2011-01-01,0
14321,2011-06-01,2011-01-01,5
14321,2011-08-01,2011-01-01,7
14321,2011-09-01,2011-01-01,8
14321,2011-11-01,2011-01-01,10
14323,2011-04-01,2011-04-01,0
14323,2011-08-01,2011-04-01,4
14326,2011-04-01,2011-04-01,0
14327,2011-06-01,2011-06-01,0
14329,2011-01-01,2011-01-01,0
14329,2011-03-01,2011-01-01,2
14329,2011-06-01,2011-01-01,5
14329,2011-08-01,2011-01-01,7
14329,2011-10-01,2011-01-01,9
14329,2011-11-01,2011-01-01,10
14331,2011-07-01,2011-07-01,0
14331,2011-08-01,2011-07-01,1
14332,2011-07-01,2011-07-01,0
14332,2011-10-01,2011-07-01,3
14332,2011-11-01,2011-07-01,4
14333,2011-10-01,2011-10-01,0
14334,2010-12-01,2010-12-01,0
14334,2011-01-01,2010-12-01,1
14334,2011-03-01,2010-12-01,3
14334,2011-04-01,2010-12-01,4
14334,2011-05-01,2010-12-01,5
14334,2011-08-01,2010-12-01,8
14334,2011-09-01,2010-12-01,9
14334,2011-11-01,2010-12-01,11
14335,2011-09-01,2011-09-01,0
14335,2011-11-01,2011-09-01,2
14336,2011-03-01,2011-03-01,0
14336,2011-05-01,2011-03-01,2
14336,2011-11-01,2011-03-01,8
14338,2011-05-01,2011-05-01,0
14338,2011-07-01,2011-05-01,2
14339,2011-04-01,2011-04-01,0
14340,2011-05-01,2011-05-01,0
14341,2011-01-01,2011-01-01,0
14341,2011-05-01,2011-01-01,4
14341,2011-07-01,2011-01-01,6
14341,2011-08-01,2011-01-01,7
14341,2011-10-01,2011-01-01,9
14342,2011-05-01,2011-05-01,0
14342,2011-07-01,2011-05-01,2
14342,2011-11-01,2011-05-01,6
14344,2010-12-01,2010-12-01,0
14344,2011-03-01,2010-12-01,3
14344,2011-05-01,2010-12-01,5
14344,2011-07-01,2010-12-01,7
14344,2011-08-01,2010-12-01,8
14345,2011-11-01,2011-11-01,0
14346,2011-02-01,2011-02-01,0
14346,2011-08-01,2011-02-01,6
14348,2011-03-01,2011-03-01,0
14349,2011-11-01,2011-11-01,0
14350,2011-03-01,2011-03-01,0
14351,2011-06-01,2011-06-01,0
14352,2011-03-01,2011-03-01,0
14352,2011-04-01,2011-03-01,1
14352,2011-07-01,2011-03-01,4
14353,2011-05-01,2011-05-01,0
14354,2011-11-01,2011-11-01,0
14354,2011-12-01,2011-11-01,1
14355,2010-12-01,2010-12-01,0
14356,2011-09-01,2011-09-01,0
14357,2011-10-01,2011-10-01,0
14359,2011-09-01,2011-09-01,0
14359,2011-10-01,2011-09-01,1
14359,2011-11-01,2011-09-01,2
14360,2011-09-01,2011-09-01,0
14360,2011-10-01,2011-09-01,1
14360,2011-11-01,2011-09-01,2
14362,2011-11-01,2011-11-01,0
14364,2011-05-01,2011-05-01,0
14364,2011-06-01,2011-05-01,1
14364,2011-07-01,2011-05-01,2
14364,2011-08-01,2011-05-01,3
14367,2011-03-01,2011-03-01,0
14367,2011-04-01,2011-03-01,1
14367,2011-05-01,2011-03-01,2
14367,2011-06-01,2011-03-01,3
14367,2011-07-01,2011-03-01,4
14367,2011-09-01,2011-03-01,6
14367,2011-10-01,2011-03-01,7
14367,2011-11-01,2011-03-01,8
14367,2011-12-01,2011-03-01,9
14368,2011-01-01,2011-01-01,0
14371,2011-02-01,2011-02-01,0
14373,2010-12-01,2010-12-01,0
14375,2011-06-01,2011-06-01,0
14377,2011-03-01,2011-03-01,0
14377,2011-06-01,2011-03-01,3
14379,2011-02-01,2011-02-01,0
14379,2011-10-01,2011-02-01,8
14381,2011-10-01,2011-10-01,0
14382,2011-11-01,2011-11-01,0
14383,2011-06-01,2011-06-01,0
14383,2011-10-01,2011-06-01,4
14383,2011-11-01,2011-06-01,5
14385,2011-11-01,2011-11-01,0
14386,2011-02-01,2011-02-01,0
14387,2011-08-01,2011-08-01,0
14387,2011-09-01,2011-08-01,1
14387,2011-11-01,2011-08-01,3
14388,2010-12-01,2010-12-01,0
14388,2011-03-01,2010-12-01,3
14388,2011-05-01,2010-12-01,5
14388,2011-07-01,2010-12-01,7
14388,2011-08-01,2010-12-01,8
14388,2011-09-01,2010-12-01,9
14388,2011-11-01,2010-12-01,11
14389,2011-06-01,2011-06-01,0
14389,2011-10-01,2011-06-01,4
14390,2010-12-01,2010-12-01,0
14390,2011-04-01,2010-12-01,4
14390,2011-05-01,2010-12-01,5
14390,2011-07-01,2010-12-01,7
14390,2011-10-01,2010-12-01,10
14390,2011-11-01,2010-12-01,11
14393,2011-05-01,2011-05-01,0
14395,2010-12-01,2010-12-01,0
14395,2011-01-01,2010-12-01,1
14395,2011-03-01,2010-12-01,3
14395,2011-04-01,2010-12-01,4
14395,2011-05-01,2010-12-01,5
14395,2011-06-01,2010-12-01,6
14395,2011-09-01,2010-12-01,9
14395,2011-10-01,2010-12-01,10
14395,2011-12-01,2010-12-01,12
14396,2010-12-01,2010-12-01,0
14396,2011-10-01,2010-12-01,10
14397,2011-05-01,2011-05-01,0
14397,2011-06-01,2011-05-01,1
14397,2011-07-01,2011-05-01,2
14397,2011-08-01,2011-05-01,3
14397,2011-09-01,2011-05-01,4
14397,2011-10-01,2011-05-01,5
14397,2011-11-01,2011-05-01,6
14397,2011-12-01,2011-05-01,7
14400,2011-07-01,2011-07-01,0
14401,2010-12-01,2010-12-01,0
14401,2011-01-01,2010-12-01,1
14401,2011-06-01,2010-12-01,6
14401,2011-07-01,2010-12-01,7
14401,2011-08-01,2010-12-01,8
14401,2011-09-01,2010-12-01,9
14401,2011-11-01,2010-12-01,11
14401,2011-12-01,2010-12-01,12
14403,2011-04-01,2011-04-01,0
14403,2011-05-01,2011-04-01,1
14403,2011-07-01,2011-04-01,3
14403,2011-08-01,2011-04-01,4
14404,2010-12-01,2010-12-01,0
14404,2011-01-01,2010-12-01,1
14404,2011-03-01,2010-12-01,3
14404,2011-06-01,2010-12-01,6
14404,2011-08-01,2010-12-01,8
14404,2011-11-01,2010-12-01,11
14406,2011-08-01,2011-08-01,0
14407,2011-03-01,2011-03-01,0
14407,2011-05-01,2011-03-01,2
14407,2011-07-01,2011-03-01,4
14407,2011-08-01,2011-03-01,5
14408,2011-03-01,2011-03-01,0
14408,2011-04-01,2011-03-01,1
14408,2011-06-01,2011-03-01,3
14408,2011-08-01,2011-03-01,5
14408,2011-09-01,2011-03-01,6
14408,2011-11-01,2011-03-01,8
14409,2010-12-01,2010-12-01,0
14409,2011-01-01,2010-12-01,1
14409,2011-07-01,2010-12-01,7
14409,2011-08-01,2010-12-01,8
14409,2011-09-01,2010-12-01,9
14410,2011-02-01,2011-02-01,0
14410,2011-03-01,2011-02-01,1
14410,2011-04-01,2011-02-01,2
14410,2011-05-01,2011-02-01,3
14410,2011-07-01,2011-02-01,5
14410,2011-09-01,2011-02-01,7
14411,2011-02-01,2011-02-01,0
14412,2011-09-01,2011-09-01,0
14412,2011-10-01,2011-09-01,1
14413,2010-12-01,2010-12-01,0
14414,2010-12-01,2010-12-01,0
14414,2011-07-01,2010-12-01,7
14414,2011-08-01,2010-12-01,8
14414,2011-09-01,2010-12-01,9
14415,2010-12-01,2010-12-01,0
14415,2011-01-01,2010-12-01,1
14415,2011-02-01,2010-12-01,2
14415,2011-04-01,2010-12-01,4
14415,2011-05-01,2010-12-01,5
14415,2011-06-01,2010-12-01,6
14415,2011-07-01,2010-12-01,7
14415,2011-08-01,2010-12-01,8
14415,2011-09-01,2010-12-01,9
14415,2011-10-01,2010-12-01,10
14415,2011-11-01,2010-12-01,11
14415,2011-12-01,2010-12-01,12
14416,2011-10-01,2011-10-01,0
14416,2011-11-01,2011-10-01,1
14418,2011-08-01,2011-08-01,0
14418,2011-11-01,2011-08-01,3
14418,2011-12-01,2011-08-01,4
14419,2010-12-01,2010-12-01,0
14419,2011-04-01,2010-12-01,4
14419,2011-09-01,2010-12-01,9
14419,2011-10-01,2010-12-01,10
14419,2011-11-01,2010-12-01,11
14420,2011-09-01,2011-09-01,0
14421,2011-05-01,2011-05-01,0
14421,2011-10-01,2011-05-01,5
14422,2011-03-01,2011-03-01,0
14422,2011-06-01,2011-03-01,3
14422,2011-09-01,2011-03-01,6
14422,2011-10-01,2011-03-01,7
14422,2011-11-01,2011-03-01,8
14422,2011-12-01,2011-03-01,9
14423,2011-05-01,2011-05-01,0
14424,2011-11-01,2011-11-01,0
14426,2011-01-01,2011-01-01,0
14426,2011-03-01,2011-01-01,2
14426,2011-06-01,2011-01-01,5
14426,2011-07-01,2011-01-01,6
14426,2011-11-01,2011-01-01,10
14427,2011-10-01,2011-10-01,0
14428,2011-01-01,2011-01-01,0
14428,2011-04-01,2011-01-01,3
14428,2011-09-01,2011-01-01,8
14428,2011-11-01,2011-01-01,10
14428,2011-12-01,2011-01-01,11
14431,2011-02-01,2011-02-01,0
14432,2011-09-01,2011-09-01,0
14432,2011-10-01,2011-09-01,1
14432,2011-11-01,2011-09-01,2
14434,2011-09-01,2011-09-01,0
14434,2011-10-01,2011-09-01,1
14434,2011-11-01,2011-09-01,2
14436,2011-09-01,2011-09-01,0
14437,2010-12-01,2010-12-01,0
14438,2011-02-01,2011-02-01,0
14439,2011-01-01,2011-01-01,0
14440,2010-12-01,2010-12-01,0
14440,2011-01-01,2010-12-01,1
14440,2011-09-01,2010-12-01,9
14440,2011-10-01,2010-12-01,10
14440,2011-12-01,2010-12-01,12
14441,2011-03-01,2011-03-01,0
14441,2011-09-01,2011-03-01,6
14441,2011-10-01,2011-03-01,7
14441,2011-12-01,2011-03-01,9
14442,2011-01-01,2011-01-01,0
14442,2011-05-01,2011-01-01,4
14443,2010-12-01,2010-12-01,0
14443,2011-02-01,2010-12-01,2
14443,2011-07-01,2010-12-01,7
14443,2011-10-01,2010-12-01,10
14446,2011-04-01,2011-04-01,0
14446,2011-09-01,2011-04-01,5
14446,2011-11-01,2011-04-01,7
14446,2011-12-01,2011-04-01,8
14447,2011-03-01,2011-03-01,0
14447,2011-05-01,2011-03-01,2
14447,2011-10-01,2011-03-01,7
14447,2011-11-01,2011-03-01,8
14448,2010-12-01,2010-12-01,0
14448,2011-11-01,2010-12-01,11
14449,2010-12-01,2010-12-01,0
14449,2011-04-01,2010-12-01,4
14449,2011-10-01,2010-12-01,10
14449,2011-11-01,2010-12-01,11
14450,2011-01-01,2011-01-01,0
14450,2011-04-01,2011-01-01,3
14450,2011-06-01,2011-01-01,5
14451,2011-05-01,2011-05-01,0
14451,2011-10-01,2011-05-01,5
14452,2011-09-01,2011-09-01,0
14452,2011-11-01,2011-09-01,2
14453,2011-06-01,2011-06-01,0
14456,2011-07-01,2011-07-01,0
14456,2011-09-01,2011-07-01,2
14456,2011-10-01,2011-07-01,3
14456,2011-11-01,2011-07-01,4
14456,2011-12-01,2011-07-01,5
14457,2011-02-01,2011-02-01,0
14459,2011-07-01,2011-07-01,0
14460,2011-02-01,2011-02-01,0
14460,2011-06-01,2011-02-01,4
14460,2011-08-01,2011-02-01,6
14461,2011-03-01,2011-03-01,0
14461,2011-06-01,2011-03-01,3
14461,2011-07-01,2011-03-01,4
14462,2011-01-01,2011-01-01,0
14462,2011-02-01,2011-01-01,1
14462,2011-03-01,2011-01-01,2
14462,2011-05-01,2011-01-01,4
14462,2011-06-01,2011-01-01,5
14462,2011-07-01,2011-01-01,6
14462,2011-08-01,2011-01-01,7
14462,2011-09-01,2011-01-01,8
14462,2011-10-01,2011-01-01,9
14463,2011-05-01,2011-05-01,0
14463,2011-06-01,2011-05-01,1
14463,2011-09-01,2011-05-01,4
14465,2011-02-01,2011-02-01,0
14465,2011-04-01,2011-02-01,2
14466,2010-12-01,2010-12-01,0
14466,2011-02-01,2010-12-01,2
14466,2011-03-01,2010-12-01,3
14466,2011-06-01,2010-12-01,6
14466,2011-08-01,2010-12-01,8
14466,2011-09-01,2010-12-01,9
14466,2011-11-01,2010-12-01,11
14467,2011-01-01,2011-01-01,0
14467,2011-10-01,2011-01-01,9
14467,2011-11-01,2011-01-01,10
14470,2011-02-01,2011-02-01,0
14470,2011-11-01,2011-02-01,9
14472,2010-12-01,2010-12-01,0
14472,2011-01-01,2010-12-01,1
14472,2011-02-01,2010-12-01,2
14472,2011-03-01,2010-12-01,3
14472,2011-06-01,2010-12-01,6
14472,2011-07-01,2010-12-01,7
14472,2011-08-01,2010-12-01,8
14473,2011-03-01,2011-03-01,0
14473,2011-09-01,2011-03-01,6
14474,2011-10-01,2011-10-01,0
14475,2011-02-01,2011-02-01,0
14475,2011-06-01,2011-02-01,4
14475,2011-09-01,2011-02-01,7
14476,2011-03-01,2011-03-01,0
14477,2011-02-01,2011-02-01,0
14477,2011-06-01,2011-02-01,4
14477,2011-10-01,2011-02-01,8
14477,2011-11-01,2011-02-01,9
14479,2010-12-01,2010-12-01,0
14479,2011-03-01,2010-12-01,3
14480,2011-11-01,2011-11-01,0
14481,2011-02-01,2011-02-01,0
14481,2011-06-01,2011-02-01,4
14482,2011-04-01,2011-04-01,0
14482,2011-09-01,2011-04-01,5
14482,2011-10-01,2011-04-01,6
14482,2011-11-01,2011-04-01,7
14483,2011-03-01,2011-03-01,0
14484,2011-10-01,2011-10-01,0
14485,2011-11-01,2011-11-01,0
14487,2010-12-01,2010-12-01,0
14487,2011-09-01,2010-12-01,9
14487,2011-10-01,2010-12-01,10
14487,2011-11-01,2010-12-01,11
14488,2011-10-01,2011-10-01,0
14489,2011-05-01,2011-05-01,0
14491,2010-12-01,2010-12-01,0
14491,2011-06-01,2010-12-01,6
14493,2011-07-01,2011-07-01,0
14493,2011-10-01,2011-07-01,3
14493,2011-11-01,2011-07-01,4
14493,2011-12-01,2011-07-01,5
14494,2011-11-01,2011-11-01,0
14495,2011-08-01,2011-08-01,0
14495,2011-10-01,2011-08-01,2
14496,2010-12-01,2010-12-01,0
14496,2011-02-01,2010-12-01,2
14497,2011-02-01,2011-02-01,0
14498,2010-12-01,2010-12-01,0
14498,2011-06-01,2010-12-01,6
14498,2011-07-01,2010-12-01,7
14498,2011-08-01,2010-12-01,8
14498,2011-10-01,2010-12-01,10
14499,2011-03-01,2011-03-01,0
14499,2011-07-01,2011-03-01,4
14499,2011-11-01,2011-03-01,8
14500,2011-06-01,2011-06-01,0
14500,2011-08-01,2011-06-01,2
14500,2011-09-01,2011-06-01,3
14501,2011-01-01,2011-01-01,0
14501,2011-06-01,2011-01-01,5
14502,2011-01-01,2011-01-01,0
14502,2011-02-01,2011-01-01,1
14502,2011-03-01,2011-01-01,2
14502,2011-04-01,2011-01-01,3
14502,2011-07-01,2011-01-01,6
14502,2011-10-01,2011-01-01,9
14502,2011-11-01,2011-01-01,10
14503,2011-06-01,2011-06-01,0
14503,2011-09-01,2011-06-01,3
14503,2011-11-01,2011-06-01,5
14503,2011-12-01,2011-06-01,6
14504,2011-03-01,2011-03-01,0
14504,2011-04-01,2011-03-01,1
14504,2011-10-01,2011-03-01,7
14505,2010-12-01,2010-12-01,0
14505,2011-01-01,2010-12-01,1
14505,2011-03-01,2010-12-01,3
14505,2011-05-01,2010-12-01,5
14505,2011-08-01,2010-12-01,8
14505,2011-11-01,2010-12-01,11
14506,2010-12-01,2010-12-01,0
14506,2011-03-01,2010-12-01,3
14506,2011-06-01,2010-12-01,6
14506,2011-10-01,2010-12-01,10
14506,2011-11-01,2010-12-01,11
14507,2011-03-01,2011-03-01,0
14507,2011-05-01,2011-03-01,2
14507,2011-08-01,2011-03-01,5
14507,2011-10-01,2011-03-01,7
14507,2011-11-01,2011-03-01,8
14508,2011-09-01,2011-09-01,0
14508,2011-11-01,2011-09-01,2
14511,2011-07-01,2011-07-01,0
14511,2011-09-01,2011-07-01,2
14511,2011-10-01,2011-07-01,3
14511,2011-11-01,2011-07-01,4
14512,2011-04-01,2011-04-01,0
14512,2011-06-01,2011-04-01,2
14513,2011-02-01,2011-02-01,0
14513,2011-05-01,2011-02-01,3
14513,2011-08-01,2011-02-01,6
14514,2011-01-01,2011-01-01,0
14514,2011-05-01,2011-01-01,4
14514,2011-10-01,2011-01-01,9
14515,2011-05-01,2011-05-01,0
14515,2011-06-01,2011-05-01,1
14515,2011-10-01,2011-05-01,5
14515,2011-11-01,2011-05-01,6
14517,2011-07-01,2011-07-01,0
14517,2011-11-01,2011-07-01,4
14518,2011-10-01,2011-10-01,0
14520,2011-02-01,2011-02-01,0
14520,2011-12-01,2011-02-01,10
14522,2011-05-01,2011-05-01,0
14522,2011-09-01,2011-05-01,4
14522,2011-11-01,2011-05-01,6
14523,2011-08-01,2011-08-01,0
14524,2010-12-01,2010-12-01,0
14524,2011-03-01,2010-12-01,3
14524,2011-04-01,2010-12-01,4
14524,2011-06-01,2010-12-01,6
14524,2011-09-01,2010-12-01,9
14524,2011-11-01,2010-12-01,11
14525,2010-12-01,2010-12-01,0
14525,2011-01-01,2010-12-01,1
14525,2011-03-01,2010-12-01,3
14525,2011-04-01,2010-12-01,4
14525,2011-06-01,2010-12-01,6
14525,2011-08-01,2010-12-01,8
14525,2011-10-01,2010-12-01,10
14525,2011-11-01,2010-12-01,11
14527,2010-12-01,2010-12-01,0
14527,2011-01-01,2010-12-01,1
14527,2011-02-01,2010-12-01,2
14527,2011-03-01,2010-12-01,3
14527,2011-04-01,2010-12-01,4
14527,2011-05-01,2010-12-01,5
14527,2011-06-01,2010-12-01,6
14527,2011-07-01,2010-12-01,7
14527,2011-08-01,2010-12-01,8
14527,2011-09-01,2010-12-01,9
14527,2011-10-01,2010-12-01,10
14527,2011-11-01,2010-12-01,11
14527,2011-12-01,2010-12-01,12
14528,2011-11-01,2011-11-01,0
14529,2011-08-01,2011-08-01,0
14529,2011-09-01,2011-08-01,1
14529,2011-10-01,2011-08-01,2
14530,2011-02-01,2011-02-01,0
14530,2011-03-01,2011-02-01,1
14530,2011-06-01,2011-02-01,4
14530,2011-08-01,2011-02-01,6
14530,2011-09-01,2011-02-01,7
14530,2011-11-01,2011-02-01,9
14532,2010-12-01,2010-12-01,0
14532,2011-01-01,2010-12-01,1
14532,2011-02-01,2010-12-01,2
14532,2011-04-01,2010-12-01,4
14533,2010-12-01,2010-12-01,0
14533,2011-08-01,2010-12-01,8
14533,2011-09-01,2010-12-01,9
14533,2011-10-01,2010-12-01,10
14533,2011-11-01,2010-12-01,11
14534,2011-01-01,2011-01-01,0
14534,2011-02-01,2011-01-01,1
14534,2011-03-01,2011-01-01,2
14534,2011-04-01,2011-01-01,3
14534,2011-05-01,2011-01-01,4
14534,2011-06-01,2011-01-01,5
14534,2011-07-01,2011-01-01,6
14534,2011-08-01,2011-01-01,7
14534,2011-09-01,2011-01-01,8
14534,2011-10-01,2011-01-01,9
14534,2011-11-01,2011-01-01,10
14534,2011-12-01,2011-01-01,11
14535,2011-04-01,2011-04-01,0
14535,2011-08-01,2011-04-01,4
14535,2011-10-01,2011-04-01,6
14536,2011-03-01,2011-03-01,0
14537,2011-10-01,2011-10-01,0
14538,2011-03-01,2011-03-01,0
14538,2011-10-01,2011-03-01,7
14539,2011-10-01,2011-10-01,0
14539,2011-11-01,2011-10-01,1
14540,2011-02-01,2011-02-01,0
14540,2011-09-01,2011-02-01,7
14540,2011-11-01,2011-02-01,9
14541,2011-01-01,2011-01-01,0
14541,2011-02-01,2011-01-01,1
14541,2011-04-01,2011-01-01,3
14541,2011-05-01,2011-01-01,4
14541,2011-06-01,2011-01-01,5
14541,2011-10-01,2011-01-01,9
14542,2011-06-01,2011-06-01,0
14543,2010-12-01,2010-12-01,0
14543,2011-01-01,2010-12-01,1
14543,2011-02-01,2010-12-01,2
14543,2011-03-01,2010-12-01,3
14543,2011-04-01,2010-12-01,4
14543,2011-05-01,2010-12-01,5
14543,2011-06-01,2010-12-01,6
14543,2011-08-01,2010-12-01,8
14543,2011-09-01,2010-12-01,9
14543,2011-11-01,2010-12-01,11
14544,2010-12-01,2010-12-01,0
14544,2011-11-01,2010-12-01,11
14546,2011-04-01,2011-04-01,0
14546,2011-05-01,2011-04-01,1
14546,2011-09-01,2011-04-01,5
14546,2011-10-01,2011-04-01,6
14546,2011-12-01,2011-04-01,8
14547,2011-10-01,2011-10-01,0
14547,2011-11-01,2011-10-01,1
14547,2011-12-01,2011-10-01,2
14548,2011-01-01,2011-01-01,0
14548,2011-07-01,2011-01-01,6
14549,2011-02-01,2011-02-01,0
14550,2011-10-01,2011-10-01,0
14550,2011-11-01,2011-10-01,1
14551,2011-05-01,2011-05-01,0
14551,2011-11-01,2011-05-01,6
14552,2011-07-01,2011-07-01,0
14553,2011-01-01,2011-01-01,0
14553,2011-05-01,2011-01-01,4
14553,2011-11-01,2011-01-01,10
14554,2011-10-01,2011-10-01,0
14554,2011-11-01,2011-10-01,1
14555,2011-02-01,2011-02-01,0
14555,2011-10-01,2011-02-01,8
14557,2011-09-01,2011-09-01,0
14560,2010-12-01,2010-12-01,0
14560,2011-01-01,2010-12-01,1
14560,2011-02-01,2010-12-01,2
14560,2011-03-01,2010-12-01,3
14560,2011-05-01,2010-12-01,5
14560,2011-06-01,2010-12-01,6
14560,2011-07-01,2010-12-01,7
14560,2011-08-01,2010-12-01,8
14560,2011-09-01,2010-12-01,9
14560,2011-10-01,2010-12-01,10
14560,2011-11-01,2010-12-01,11
14560,2011-12-01,2010-12-01,12
14561,2011-06-01,2011-06-01,0
14561,2011-09-01,2011-06-01,3
14562,2011-02-01,2011-02-01,0
14562,2011-04-01,2011-02-01,2
14562,2011-06-01,2011-02-01,4
14562,2011-07-01,2011-02-01,5
14562,2011-08-01,2011-02-01,6
14562,2011-09-01,2011-02-01,7
14562,2011-10-01,2011-02-01,8
14562,2011-11-01,2011-02-01,9
14562,2011-12-01,2011-02-01,10
14565,2010-12-01,2010-12-01,0
14565,2011-05-01,2010-12-01,5
14565,2011-08-01,2010-12-01,8
14565,2011-09-01,2010-12-01,9
14566,2011-08-01,2011-08-01,0
14567,2011-08-01,2011-08-01,0
14567,2011-10-01,2011-08-01,2
14569,2011-12-01,2011-12-01,0
14570,2011-03-01,2011-03-01,0
14572,2011-01-01,2011-01-01,0
14572,2011-03-01,2011-01-01,2
14572,2011-07-01,2011-01-01,6
14572,2011-08-01,2011-01-01,7
14572,2011-10-01,2011-01-01,9
14572,2011-12-01,2011-01-01,11
14573,2010-12-01,2010-12-01,0
14573,2011-02-01,2010-12-01,2
14573,2011-03-01,2010-12-01,3
14573,2011-05-01,2010-12-01,5
14573,2011-06-01,2010-12-01,6
14576,2010-12-01,2010-12-01,0
14577,2010-12-01,2010-12-01,0
14577,2011-04-01,2010-12-01,4
14577,2011-06-01,2010-12-01,6
14577,2011-11-01,2010-12-01,11
14578,2011-12-01,2011-12-01,0
14581,2011-11-01,2011-11-01,0
14582,2011-10-01,2011-10-01,0
14583,2011-05-01,2011-05-01,0
14583,2011-06-01,2011-05-01,1
14583,2011-07-01,2011-05-01,2
14583,2011-12-01,2011-05-01,7
14584,2011-05-01,2011-05-01,0
14584,2011-06-01,2011-05-01,1
14585,2011-10-01,2011-10-01,0
14586,2011-03-01,2011-03-01,0
14587,2011-01-01,2011-01-01,0
14587,2011-02-01,2011-01-01,1
14587,2011-03-01,2011-01-01,2
14587,2011-04-01,2011-01-01,3
14587,2011-05-01,2011-01-01,4
14587,2011-06-01,2011-01-01,5
14587,2011-11-01,2011-01-01,10
14589,2010-12-01,2010-12-01,0
14591,2011-05-01,2011-05-01,0
14591,2011-11-01,2011-05-01,6
14592,2011-10-01,2011-10-01,0
14592,2011-11-01,2011-10-01,1
14593,2011-05-01,2011-05-01,0
14593,2011-11-01,2011-05-01,6
14594,2010-12-01,2010-12-01,0
14594,2011-12-01,2010-12-01,12
14595,2011-01-01,2011-01-01,0
14595,2011-09-01,2011-01-01,8
14595,2011-10-01,2011-01-01,9
14595,2011-11-01,2011-01-01,10
14597,2011-06-01,2011-06-01,0
14597,2011-11-01,2011-06-01,5
14598,2011-10-01,2011-10-01,0
14600,2011-02-01,2011-02-01,0
14601,2011-11-01,2011-11-01,0
14603,2011-03-01,2011-03-01,0
14606,2010-12-01,2010-12-01,0
14606,2011-01-01,2010-12-01,1
14606,2011-02-01,2010-12-01,2
14606,2011-03-01,2010-12-01,3
14606,2011-04-01,2010-12-01,4
14606,2011-05-01,2010-12-01,5
14606,2011-06-01,2010-12-01,6
14606,2011-07-01,2010-12-01,7
14606,2011-08-01,2010-12-01,8
14606,2011-09-01,2010-12-01,9
14606,2011-10-01,2010-12-01,10
14606,2011-11-01,2010-12-01,11
14606,2011-12-01,2010-12-01,12
14607,2011-03-01,2011-03-01,0
14607,2011-10-01,2011-03-01,7
14607,2011-11-01,2011-03-01,8
14608,2010-12-01,2010-12-01,0
14608,2011-09-01,2010-12-01,9
14608,2011-11-01,2010-12-01,11
14608,2011-12-01,2010-12-01,12
14609,2011-02-01,2011-02-01,0
14609,2011-06-01,2011-02-01,4
14609,2011-07-01,2011-02-01,5
14609,2011-09-01,2011-02-01,7
14616,2011-01-01,2011-01-01,0
14616,2011-02-01,2011-01-01,1
14616,2011-04-01,2011-01-01,3
14618,2011-01-01,2011-01-01,0
14618,2011-11-01,2011-01-01,10
14619,2011-04-01,2011-04-01,0
14620,2011-03-01,2011-03-01,0
14620,2011-05-01,2011-03-01,2
14621,2010-12-01,2010-12-01,0
14621,2011-06-01,2010-12-01,6
14621,2011-07-01,2010-12-01,7
14621,2011-11-01,2010-12-01,11
14621,2011-12-01,2010-12-01,12
14622,2011-06-01,2011-06-01,0
14623,2011-04-01,2011-04-01,0
14623,2011-06-01,2011-04-01,2
14623,2011-08-01,2011-04-01,4
14623,2011-10-01,2011-04-01,6
14623,2011-11-01,2011-04-01,7
14624,2011-10-01,2011-10-01,0
14625,2010-12-01,2010-12-01,0
14625,2011-05-01,2010-12-01,5
14626,2011-04-01,2011-04-01,0
14626,2011-08-01,2011-04-01,4
14626,2011-10-01,2011-04-01,6
14626,2011-11-01,2011-04-01,7
14628,2011-04-01,2011-04-01,0
14628,2011-09-01,2011-04-01,5
14629,2011-10-01,2011-10-01,0
14629,2011-12-01,2011-10-01,2
14631,2011-02-01,2011-02-01,0
14631,2011-04-01,2011-02-01,2
14631,2011-10-01,2011-02-01,8
14632,2011-03-01,2011-03-01,0
14633,2011-03-01,2011-03-01,0
14636,2011-03-01,2011-03-01,0
14636,2011-11-01,2011-03-01,8
14638,2011-10-01,2011-10-01,0
14639,2010-12-01,2010-12-01,0
14639,2011-02-01,2010-12-01,2
14639,2011-08-01,2010-12-01,8
14639,2011-10-01,2010-12-01,10
14640,2011-04-01,2011-04-01,0
14640,2011-06-01,2011-04-01,2
14640,2011-07-01,2011-04-01,3
14640,2011-08-01,2011-04-01,4
14640,2011-10-01,2011-04-01,6
14640,2011-11-01,2011-04-01,7
14641,2011-11-01,2011-11-01,0
14642,2011-10-01,2011-10-01,0
14643,2010-12-01,2010-12-01,0
14643,2011-06-01,2010-12-01,6
14644,2011-02-01,2011-02-01,0
14644,2011-10-01,2011-02-01,8
14645,2011-03-01,2011-03-01,0
14645,2011-07-01,2011-03-01,4
14646,2010-12-01,2010-12-01,0
14646,2011-01-01,2010-12-01,1
14646,2011-02-01,2010-12-01,2
14646,2011-03-01,2010-12-01,3
14646,2011-04-01,2010-12-01,4
14646,2011-05-01,2010-12-01,5
14646,2011-06-01,2010-12-01,6
14646,2011-07-01,2010-12-01,7
14646,2011-08-01,2010-12-01,8
14646,2011-09-01,2010-12-01,9
14646,2011-10-01,2010-12-01,10
14646,2011-11-01,2010-12-01,11
14646,2011-12-01,2010-12-01,12
14647,2011-05-01,2011-05-01,0
14649,2011-05-01,2011-05-01,0
14649,2011-09-01,2011-05-01,4
14649,2011-12-01,2011-05-01,7
14651,2011-05-01,2011-05-01,0
14651,2011-10-01,2011-05-01,5
14652,2011-09-01,2011-09-01,0
14653,2011-01-01,2011-01-01,0
14653,2011-10-01,2011-01-01,9
14653,2011-11-01,2011-01-01,10
14653,2011-12-01,2011-01-01,11
14655,2011-05-01,2011-05-01,0
14655,2011-09-01,2011-05-01,4
14655,2011-11-01,2011-05-01,6
14655,2011-12-01,2011-05-01,7
14656,2011-03-01,2011-03-01,0
14656,2011-06-01,2011-03-01,3
14657,2011-01-01,2011-01-01,0
14657,2011-03-01,2011-01-01,2
14657,2011-07-01,2011-01-01,6
14657,2011-11-01,2011-01-01,10
14658,2011-08-01,2011-08-01,0
14658,2011-12-01,2011-08-01,4
14659,2011-01-01,2011-01-01,0
14659,2011-02-01,2011-01-01,1
14659,2011-03-01,2011-01-01,2
14659,2011-05-01,2011-01-01,4
14659,2011-06-01,2011-01-01,5
14659,2011-07-01,2011-01-01,6
14659,2011-09-01,2011-01-01,8
14659,2011-11-01,2011-01-01,10
14659,2011-12-01,2011-01-01,11
14660,2011-08-01,2011-08-01,0
14660,2011-09-01,2011-08-01,1
14661,2011-11-01,2011-11-01,0
14662,2011-01-01,2011-01-01,0
14662,2011-03-01,2011-01-01,2
14662,2011-04-01,2011-01-01,3
14662,2011-11-01,2011-01-01,10
14664,2011-11-01,2011-11-01,0
14665,2011-02-01,2011-02-01,0
14665,2011-09-01,2011-02-01,7
14665,2011-10-01,2011-02-01,8
14666,2011-11-01,2011-11-01,0
14667,2010-12-01,2010-12-01,0
14667,2011-01-01,2010-12-01,1
14667,2011-02-01,2010-12-01,2
14667,2011-03-01,2010-12-01,3
14667,2011-04-01,2010-12-01,4
14667,2011-05-01,2010-12-01,5
14667,2011-06-01,2010-12-01,6
14667,2011-07-01,2010-12-01,7
14667,2011-08-01,2010-12-01,8
14667,2011-09-01,2010-12-01,9
14667,2011-11-01,2010-12-01,11
14669,2011-01-01,2011-01-01,0
14669,2011-04-01,2011-01-01,3
14670,2011-03-01,2011-03-01,0
14672,2011-01-01,2011-01-01,0
14672,2011-04-01,2011-01-01,3
14673,2010-12-01,2010-12-01,0
14673,2011-11-01,2010-12-01,11
14673,2011-12-01,2010-12-01,12
14675,2011-11-01,2011-11-01,0
14676,2011-03-01,2011-03-01,0
14676,2011-05-01,2011-03-01,2
14676,2011-07-01,2011-03-01,4
14676,2011-09-01,2011-03-01,6
14676,2011-11-01,2011-03-01,8
14680,2010-12-01,2010-12-01,0
14680,2011-01-01,2010-12-01,1
14680,2011-02-01,2010-12-01,2
14680,2011-03-01,2010-12-01,3
14680,2011-04-01,2010-12-01,4
14680,2011-05-01,2010-12-01,5
14680,2011-06-01,2010-12-01,6
14680,2011-07-01,2010-12-01,7
14680,2011-08-01,2010-12-01,8
14680,2011-09-01,2010-12-01,9
14680,2011-11-01,2010-12-01,11
14681,2011-05-01,2011-05-01,0
14681,2011-09-01,2011-05-01,4
14682,2011-05-01,2011-05-01,0
14682,2011-06-01,2011-05-01,1
14684,2010-12-01,2010-12-01,0
14684,2011-05-01,2010-12-01,5
14684,2011-09-01,2010-12-01,9
14684,2011-10-01,2010-12-01,10
14684,2011-11-01,2010-12-01,11
14687,2011-08-01,2011-08-01,0
14688,2010-12-01,2010-12-01,0
14688,2011-01-01,2010-12-01,1
14688,2011-02-01,2010-12-01,2
14688,2011-03-01,2010-12-01,3
14688,2011-04-01,2010-12-01,4
14688,2011-05-01,2010-12-01,5
14688,2011-06-01,2010-12-01,6
14688,2011-07-01,2010-12-01,7
14688,2011-08-01,2010-12-01,8
14688,2011-09-01,2010-12-01,9
14688,2011-10-01,2010-12-01,10
14688,2011-12-01,2010-12-01,12
14689,2011-05-01,2011-05-01,0
14690,2011-07-01,2011-07-01,0
14690,2011-10-01,2011-07-01,3
14691,2011-05-01,2011-05-01,0
14691,2011-09-01,2011-05-01,4
14691,2011-11-01,2011-05-01,6
14692,2011-01-01,2011-01-01,0
14692,2011-02-01,2011-01-01,1
14692,2011-04-01,2011-01-01,3
14692,2011-07-01,2011-01-01,6
14693,2011-03-01,2011-03-01,0
14696,2010-12-01,2010-12-01,0
14696,2011-01-01,2010-12-01,1
14696,2011-04-01,2010-12-01,4
14696,2011-06-01,2010-12-01,6
14696,2011-08-01,2010-12-01,8
14696,2011-09-01,2010-12-01,9
14696,2011-12-01,2010-12-01,12
14697,2011-05-01,2011-05-01,0
14698,2011-10-01,2011-10-01,0
14698,2011-11-01,2011-10-01,1
14698,2011-12-01,2011-10-01,2
14699,2011-05-01,2011-05-01,0
14700,2011-04-01,2011-04-01,0
14700,2011-06-01,2011-04-01,2
14700,2011-11-01,2011-04-01,7
14701,2011-01-01,2011-01-01,0
14701,2011-02-01,2011-01-01,1
14701,2011-03-01,2011-01-01,2
14701,2011-04-01,2011-01-01,3
14701,2011-06-01,2011-01-01,5
14701,2011-11-01,2011-01-01,10
14702,2010-12-01,2010-12-01,0
14702,2011-01-01,2010-12-01,1
14702,2011-02-01,2010-12-01,2
14702,2011-03-01,2010-12-01,3
14702,2011-06-01,2010-12-01,6
14702,2011-07-01,2010-12-01,7
14702,2011-08-01,2010-12-01,8
14702,2011-09-01,2010-12-01,9
14702,2011-10-01,2010-12-01,10
14702,2011-11-01,2010-12-01,11
14702,2011-12-01,2010-12-01,12
14703,2011-11-01,2011-11-01,0
14704,2011-06-01,2011-06-01,0
14704,2011-07-01,2011-06-01,1
14704,2011-09-01,2011-06-01,3
14704,2011-10-01,2011-06-01,4
14704,2011-11-01,2011-06-01,5
14705,2011-05-01,2011-05-01,0
14708,2010-12-01,2010-12-01,0
14708,2011-07-01,2010-12-01,7
14708,2011-12-01,2010-12-01,12
14709,2010-12-01,2010-12-01,0
14709,2011-01-01,2010-12-01,1
14709,2011-03-01,2010-12-01,3
14709,2011-05-01,2010-12-01,5
14709,2011-06-01,2010-12-01,6
14709,2011-07-01,2010-12-01,7
14709,2011-08-01,2010-12-01,8
14709,2011-09-01,2010-12-01,9
14709,2011-11-01,2010-12-01,11
14710,2011-10-01,2011-10-01,0
14710,2011-11-01,2011-10-01,1
14711,2011-03-01,2011-03-01,0
14711,2011-04-01,2011-03-01,1
14711,2011-05-01,2011-03-01,2
14711,2011-06-01,2011-03-01,3
14711,2011-08-01,2011-03-01,5
14711,2011-09-01,2011-03-01,6
14711,2011-11-01,2011-03-01,8
14712,2011-08-01,2011-08-01,0
14712,2011-09-01,2011-08-01,1
14712,2011-11-01,2011-08-01,3
14713,2010-12-01,2010-12-01,0
14713,2011-01-01,2010-12-01,1
14713,2011-03-01,2010-12-01,3
14713,2011-05-01,2010-12-01,5
14713,2011-06-01,2010-12-01,6
14713,2011-08-01,2010-12-01,8
14713,2011-09-01,2010-12-01,9
14713,2011-11-01,2010-12-01,11
14714,2011-11-01,2011-11-01,0
14715,2011-01-01,2011-01-01,0
14715,2011-02-01,2011-01-01,1
14715,2011-09-01,2011-01-01,8
14715,2011-11-01,2011-01-01,10
14716,2011-07-01,2011-07-01,0
14716,2011-10-01,2011-07-01,3
14719,2011-04-01,2011-04-01,0
14719,2011-06-01,2011-04-01,2
14719,2011-10-01,2011-04-01,6
14719,2011-11-01,2011-04-01,7
14719,2011-12-01,2011-04-01,8
14720,2011-08-01,2011-08-01,0
14720,2011-09-01,2011-08-01,1
14720,2011-12-01,2011-08-01,4
14722,2011-07-01,2011-07-01,0
14723,2010-12-01,2010-12-01,0
14723,2011-10-01,2010-12-01,10
14723,2011-11-01,2010-12-01,11
14725,2011-11-01,2011-11-01,0
14727,2011-03-01,2011-03-01,0
14729,2010-12-01,2010-12-01,0
14730,2011-03-01,2011-03-01,0
14730,2011-04-01,2011-03-01,1
14730,2011-06-01,2011-03-01,3
14730,2011-08-01,2011-03-01,5
14730,2011-10-01,2011-03-01,7
14730,2011-12-01,2011-03-01,9
14731,2011-05-01,2011-05-01,0
14731,2011-10-01,2011-05-01,5
14732,2011-01-01,2011-01-01,0
14732,2011-03-01,2011-01-01,2
14732,2011-05-01,2011-01-01,4
14732,2011-06-01,2011-01-01,5
14732,2011-07-01,2011-01-01,6
14732,2011-09-01,2011-01-01,8
14732,2011-11-01,2011-01-01,10
14732,2011-12-01,2011-01-01,11
14733,2010-12-01,2010-12-01,0
14733,2011-01-01,2010-12-01,1
14733,2011-02-01,2010-12-01,2
14733,2011-03-01,2010-12-01,3
14733,2011-05-01,2010-12-01,5
14733,2011-06-01,2010-12-01,6
14733,2011-07-01,2010-12-01,7
14733,2011-08-01,2010-12-01,8
14733,2011-11-01,2010-12-01,11
14735,2010-12-01,2010-12-01,0
14735,2011-01-01,2010-12-01,1
14735,2011-02-01,2010-12-01,2
14735,2011-03-01,2010-12-01,3
14735,2011-04-01,2010-12-01,4
14735,2011-05-01,2010-12-01,5
14735,2011-06-01,2010-12-01,6
14735,2011-07-01,2010-12-01,7
14735,2011-08-01,2010-12-01,8
14735,2011-09-01,2010-12-01,9
14735,2011-11-01,2010-12-01,11
14735,2011-12-01,2010-12-01,12
14737,2010-12-01,2010-12-01,0
14737,2011-08-01,2010-12-01,8
14737,2011-12-01,2010-12-01,12
14738,2011-01-01,2011-01-01,0
14738,2011-04-01,2011-01-01,3
14738,2011-05-01,2011-01-01,4
14738,2011-07-01,2011-01-01,6
14738,2011-10-01,2011-01-01,9
14739,2010-12-01,2010-12-01,0
14739,2011-01-01,2010-12-01,1
14739,2011-05-01,2010-12-01,5
14739,2011-09-01,2010-12-01,9
14739,2011-10-01,2010-12-01,10
14739,2011-11-01,2010-12-01,11
14739,2011-12-01,2010-12-01,12
14740,2011-03-01,2011-03-01,0
14740,2011-04-01,2011-03-01,1
14740,2011-05-01,2011-03-01,2
14741,2010-12-01,2010-12-01,0
14741,2011-06-01,2010-12-01,6
14741,2011-08-01,2010-12-01,8
14741,2011-10-01,2010-12-01,10
14741,2011-11-01,2010-12-01,11
14744,2010-12-01,2010-12-01,0
14744,2011-01-01,2010-12-01,1
14744,2011-02-01,2010-12-01,2
14744,2011-10-01,2010-12-01,10
14744,2011-11-01,2010-12-01,11
14745,2011-02-01,2011-02-01,0
14745,2011-06-01,2011-02-01,4
14745,2011-07-01,2011-02-01,5
14745,2011-08-01,2011-02-01,6
14747,2011-04-01,2011-04-01,0
14748,2010-12-01,2010-12-01,0
14748,2011-05-01,2010-12-01,5
14748,2011-08-01,2010-12-01,8
14748,2011-11-01,2010-12-01,11
14752,2011-10-01,2011-10-01,0
14753,2011-09-01,2011-09-01,0
14754,2011-02-01,2011-02-01,0
14754,2011-10-01,2011-02-01,8
14755,2011-01-01,2011-01-01,0
14755,2011-02-01,2011-01-01,1
14755,2011-03-01,2011-01-01,2
14755,2011-05-01,2011-01-01,4
14755,2011-06-01,2011-01-01,5
14755,2011-07-01,2011-01-01,6
14755,2011-08-01,2011-01-01,7
14755,2011-09-01,2011-01-01,8
14755,2011-10-01,2011-01-01,9
14755,2011-11-01,2011-01-01,10
14756,2011-11-01,2011-11-01,0
14757,2011-09-01,2011-09-01,0
14758,2011-03-01,2011-03-01,0
14758,2011-04-01,2011-03-01,1
14758,2011-05-01,2011-03-01,2
14758,2011-07-01,2011-03-01,4
14759,2011-04-01,2011-04-01,0
14759,2011-08-01,2011-04-01,4
14759,2011-12-01,2011-04-01,8
14760,2011-02-01,2011-02-01,0
14761,2011-01-01,2011-01-01,0
14761,2011-10-01,2011-01-01,9
14762,2011-03-01,2011-03-01,0
14764,2011-10-01,2011-10-01,0
14765,2011-06-01,2011-06-01,0
14765,2011-08-01,2011-06-01,2
14765,2011-11-01,2011-06-01,5
14766,2010-12-01,2010-12-01,0
14766,2011-03-01,2010-12-01,3
14766,2011-05-01,2010-12-01,5
14766,2011-06-01,2010-12-01,6
14766,2011-09-01,2010-12-01,9
14766,2011-12-01,2010-12-01,12
14768,2011-08-01,2011-08-01,0
14768,2011-11-01,2011-08-01,3
14769,2010-12-01,2010-12-01,0
14769,2011-01-01,2010-12-01,1
14769,2011-03-01,2010-12-01,3
14769,2011-05-01,2010-12-01,5
14769,2011-07-01,2010-12-01,7
14769,2011-08-01,2010-12-01,8
14769,2011-09-01,2010-12-01,9
14769,2011-12-01,2010-12-01,12
14770,2011-01-01,2011-01-01,0
14770,2011-04-01,2011-01-01,3
14772,2011-08-01,2011-08-01,0
14775,2010-12-01,2010-12-01,0
14775,2011-07-01,2010-12-01,7
14775,2011-10-01,2010-12-01,10
14776,2011-01-01,2011-01-01,0
14776,2011-04-01,2011-01-01,3
14776,2011-05-01,2011-01-01,4
14776,2011-06-01,2011-01-01,5
14776,2011-07-01,2011-01-01,6
14776,2011-08-01,2011-01-01,7
14776,2011-10-01,2011-01-01,9
14778,2011-02-01,2011-02-01,0
14778,2011-08-01,2011-02-01,6
14779,2011-01-01,2011-01-01,0
14779,2011-03-01,2011-01-01,2
14780,2011-09-01,2011-09-01,0
14780,2011-10-01,2011-09-01,1
14782,2011-01-01,2011-01-01,0
14784,2011-01-01,2011-01-01,0
14784,2011-11-01,2011-01-01,10
14785,2011-11-01,2011-11-01,0
14788,2011-11-01,2011-11-01,0
14788,2011-12-01,2011-11-01,1
14789,2011-11-01,2011-11-01,0
14790,2011-03-01,2011-03-01,0
14790,2011-08-01,2011-03-01,5
14790,2011-11-01,2011-03-01,8
14792,2011-10-01,2011-10-01,0
14793,2011-11-01,2011-11-01,0
14794,2011-01-01,2011-01-01,0
14794,2011-03-01,2011-01-01,2
14794,2011-05-01,2011-01-01,4
14794,2011-11-01,2011-01-01,10
14794,2011-12-01,2011-01-01,11
14795,2011-06-01,2011-06-01,0
14796,2010-12-01,2010-12-01,0
14796,2011-01-01,2010-12-01,1
14796,2011-02-01,2010-12-01,2
14796,2011-03-01,2010-12-01,3
14796,2011-04-01,2010-12-01,4
14796,2011-05-01,2010-12-01,5
14796,2011-06-01,2010-12-01,6
14796,2011-07-01,2010-12-01,7
14796,2011-08-01,2010-12-01,8
14796,2011-09-01,2010-12-01,9
14796,2011-10-01,2010-12-01,10
14796,2011-11-01,2010-12-01,11
14796,2011-12-01,2010-12-01,12
14798,2011-02-01,2011-02-01,0
14798,2011-07-01,2011-02-01,5
14798,2011-10-01,2011-02-01,8
14799,2011-10-01,2011-10-01,0
14800,2010-12-01,2010-12-01,0
14800,2011-01-01,2010-12-01,1
14800,2011-03-01,2010-12-01,3
14800,2011-05-01,2010-12-01,5
14800,2011-06-01,2010-12-01,6
14800,2011-07-01,2010-12-01,7
14800,2011-08-01,2010-12-01,8
14800,2011-09-01,2010-12-01,9
14800,2011-10-01,2010-12-01,10
14801,2011-10-01,2011-10-01,0
14803,2011-02-01,2011-02-01,0
14803,2011-03-01,2011-02-01,1
14803,2011-06-01,2011-02-01,4
14804,2011-12-01,2011-12-01,0
14805,2011-01-01,2011-01-01,0
14805,2011-10-01,2011-01-01,9
14805,2011-11-01,2011-01-01,10
14806,2011-09-01,2011-09-01,0
14808,2011-06-01,2011-06-01,0
14808,2011-07-01,2011-06-01,1
14808,2011-09-01,2011-06-01,3
14808,2011-10-01,2011-06-01,4
14810,2010-12-01,2010-12-01,0
14810,2011-01-01,2010-12-01,1
14810,2011-02-01,2010-12-01,2
14810,2011-03-01,2010-12-01,3
14810,2011-04-01,2010-12-01,4
14810,2011-05-01,2010-12-01,5
14810,2011-07-01,2010-12-01,7
14810,2011-08-01,2010-12-01,8
14810,2011-10-01,2010-12-01,10
14813,2010-12-01,2010-12-01,0
14815,2011-10-01,2011-10-01,0
14815,2011-11-01,2011-10-01,1
14816,2011-05-01,2011-05-01,0
14817,2011-03-01,2011-03-01,0
14817,2011-05-01,2011-03-01,2
14818,2011-03-01,2011-03-01,0
14818,2011-06-01,2011-03-01,3
14818,2011-09-01,2011-03-01,6
14819,2011-05-01,2011-05-01,0
14819,2011-10-01,2011-05-01,5
14820,2011-06-01,2011-06-01,0
14820,2011-09-01,2011-06-01,3
14820,2011-11-01,2011-06-01,5
14821,2010-12-01,2010-12-01,0
14823,2011-05-01,2011-05-01,0
14823,2011-06-01,2011-05-01,1
14824,2011-09-01,2011-09-01,0
14824,2011-11-01,2011-09-01,2
14825,2010-12-01,2010-12-01,0
14825,2011-02-01,2010-12-01,2
14825,2011-03-01,2010-12-01,3
14825,2011-05-01,2010-12-01,5
14825,2011-06-01,2010-12-01,6
14825,2011-08-01,2010-12-01,8
14825,2011-09-01,2010-12-01,9
14825,2011-10-01,2010-12-01,10
14825,2011-11-01,2010-12-01,11
14825,2011-12-01,2010-12-01,12
14828,2011-01-01,2011-01-01,0
14828,2011-03-01,2011-01-01,2
14828,2011-05-01,2011-01-01,4
14829,2010-12-01,2010-12-01,0
14829,2011-06-01,2010-12-01,6
14829,2011-11-01,2010-12-01,11
14830,2011-10-01,2011-10-01,0
14834,2011-04-01,2011-04-01,0
14834,2011-08-01,2011-04-01,4
14834,2011-09-01,2011-04-01,5
14834,2011-10-01,2011-04-01,6
14834,2011-11-01,2011-04-01,7
14836,2011-11-01,2011-11-01,0
14837,2011-05-01,2011-05-01,0
14837,2011-06-01,2011-05-01,1
14837,2011-08-01,2011-05-01,3
14837,2011-09-01,2011-05-01,4
14840,2011-03-01,2011-03-01,0
14841,2010-12-01,2010-12-01,0
14841,2011-02-01,2010-12-01,2
14841,2011-03-01,2010-12-01,3
14841,2011-06-01,2010-12-01,6
14841,2011-10-01,2010-12-01,10
14842,2011-02-01,2011-02-01,0
14842,2011-06-01,2011-02-01,4
14842,2011-09-01,2011-02-01,7
14842,2011-10-01,2011-02-01,8
14844,2011-04-01,2011-04-01,0
14844,2011-06-01,2011-04-01,2
14844,2011-08-01,2011-04-01,4
14844,2011-10-01,2011-04-01,6
14847,2011-07-01,2011-07-01,0
14849,2010-12-01,2010-12-01,0
14849,2011-01-01,2010-12-01,1
14849,2011-02-01,2010-12-01,2
14849,2011-04-01,2010-12-01,4
14849,2011-05-01,2010-12-01,5
14849,2011-06-01,2010-12-01,6
14849,2011-07-01,2010-12-01,7
14849,2011-08-01,2010-12-01,8
14849,2011-09-01,2010-12-01,9
14849,2011-10-01,2010-12-01,10
14849,2011-11-01,2010-12-01,11
14850,2011-02-01,2011-02-01,0
14851,2011-03-01,2011-03-01,0
14851,2011-11-01,2011-03-01,8
14852,2011-04-01,2011-04-01,0
14852,2011-06-01,2011-04-01,2
14852,2011-07-01,2011-04-01,3
14852,2011-09-01,2011-04-01,5
14852,2011-10-01,2011-04-01,6
14853,2011-05-01,2011-05-01,0
14853,2011-11-01,2011-05-01,6
14854,2011-03-01,2011-03-01,0
14854,2011-04-01,2011-03-01,1
14854,2011-06-01,2011-03-01,3
14854,2011-07-01,2011-03-01,4
14854,2011-09-01,2011-03-01,6
14855,2011-07-01,2011-07-01,0
14855,2011-08-01,2011-07-01,1
14856,2011-10-01,2011-10-01,0
14856,2011-11-01,2011-10-01,1
14857,2011-07-01,2011-07-01,0
14857,2011-10-01,2011-07-01,3
14859,2011-05-01,2011-05-01,0
14859,2011-09-01,2011-05-01,4
14859,2011-11-01,2011-05-01,6
14860,2011-11-01,2011-11-01,0
14861,2011-10-01,2011-10-01,0
14862,2011-07-01,2011-07-01,0
14862,2011-11-01,2011-07-01,4
14863,2011-11-01,2011-11-01,0
14865,2010-12-01,2010-12-01,0
14865,2011-12-01,2010-12-01,12
14866,2010-12-01,2010-12-01,0
14866,2011-07-01,2010-12-01,7
14866,2011-08-01,2010-12-01,8
14866,2011-09-01,2010-12-01,9
14866,2011-10-01,2010-12-01,10
14866,2011-11-01,2010-12-01,11
14867,2011-01-01,2011-01-01,0
14867,2011-05-01,2011-01-01,4
14867,2011-06-01,2011-01-01,5
14868,2011-04-01,2011-04-01,0
14868,2011-07-01,2011-04-01,3
14868,2011-08-01,2011-04-01,4
14868,2011-09-01,2011-04-01,5
14868,2011-11-01,2011-04-01,7
14868,2011-12-01,2011-04-01,8
14869,2011-08-01,2011-08-01,0
14869,2011-12-01,2011-08-01,4
14870,2011-03-01,2011-03-01,0
14871,2010-12-01,2010-12-01,0
14871,2011-03-01,2010-12-01,3
14871,2011-06-01,2010-12-01,6
14871,2011-12-01,2010-12-01,12
14873,2011-05-01,2011-05-01,0
14875,2011-03-01,2011-03-01,0
14875,2011-08-01,2011-03-01,5
14878,2010-12-01,2010-12-01,0
14878,2011-02-01,2010-12-01,2
14878,2011-03-01,2010-12-01,3
14878,2011-05-01,2010-12-01,5
14878,2011-06-01,2010-12-01,6
14878,2011-09-01,2010-12-01,9
14878,2011-11-01,2010-12-01,11
14880,2011-02-01,2011-02-01,0
14880,2011-06-01,2011-02-01,4
14880,2011-09-01,2011-02-01,7
14881,2011-11-01,2011-11-01,0
14882,2011-11-01,2011-11-01,0
14883,2011-05-01,2011-05-01,0
14883,2011-06-01,2011-05-01,1
14883,2011-09-01,2011-05-01,4
14883,2011-10-01,2011-05-01,5
14883,2011-11-01,2011-05-01,6
14885,2011-07-01,2011-07-01,0
14886,2011-04-01,2011-04-01,0
14887,2011-09-01,2011-09-01,0
14888,2011-05-01,2011-05-01,0
14889,2011-01-01,2011-01-01,0
14890,2011-03-01,2011-03-01,0
14891,2011-06-01,2011-06-01,0
14891,2011-07-01,2011-06-01,1
14893,2011-11-01,2011-11-01,0
14894,2011-09-01,2011-09-01,0
14895,2011-02-01,2011-02-01,0
14895,2011-04-01,2011-02-01,2
14895,2011-05-01,2011-02-01,3
14895,2011-06-01,2011-02-01,4
14895,2011-07-01,2011-02-01,5
14895,2011-08-01,2011-02-01,6
14895,2011-09-01,2011-02-01,7
14895,2011-10-01,2011-02-01,8
14895,2011-11-01,2011-02-01,9
14895,2011-12-01,2011-02-01,10
14896,2010-12-01,2010-12-01,0
14896,2011-05-01,2010-12-01,5
14897,2011-02-01,2011-02-01,0
14897,2011-09-01,2011-02-01,7
14897,2011-10-01,2011-02-01,8
14897,2011-12-01,2011-02-01,10
14898,2010-12-01,2010-12-01,0
14898,2011-01-01,2010-12-01,1
14898,2011-02-01,2010-12-01,2
14898,2011-04-01,2010-12-01,4
14898,2011-07-01,2010-12-01,7
14898,2011-11-01,2010-12-01,11
14901,2010-12-01,2010-12-01,0
14901,2011-08-01,2010-12-01,8
14901,2011-09-01,2010-12-01,9
14901,2011-11-01,2010-12-01,11
14902,2011-11-01,2011-11-01,0
14903,2011-03-01,2011-03-01,0
14903,2011-04-01,2011-03-01,1
14903,2011-05-01,2011-03-01,2
14903,2011-08-01,2011-03-01,5
14903,2011-11-01,2011-03-01,8
14904,2011-11-01,2011-11-01,0
14904,2011-12-01,2011-11-01,1
14905,2011-04-01,2011-04-01,0
14905,2011-07-01,2011-04-01,3
14907,2010-12-01,2010-12-01,0
14907,2011-07-01,2010-12-01,7
14907,2011-09-01,2010-12-01,9
14907,2011-11-01,2010-12-01,11
14907,2011-12-01,2010-12-01,12
14908,2011-09-01,2011-09-01,0
14910,2011-10-01,2011-10-01,0
14910,2011-11-01,2011-10-01,1
14910,2011-12-01,2011-10-01,2
14911,2010-12-01,2010-12-01,0
14911,2011-01-01,2010-12-01,1
14911,2011-02-01,2010-12-01,2
14911,2011-03-01,2010-12-01,3
14911,2011-04-01,2010-12-01,4
14911,2011-05-01,2010-12-01,5
14911,2011-06-01,2010-12-01,6
14911,2011-07-01,2010-12-01,7
14911,2011-08-01,2010-12-01,8
14911,2011-09-01,2010-12-01,9
14911,2011-10-01,2010-12-01,10
14911,2011-11-01,2010-12-01,11
14911,2011-12-01,2010-12-01,12
14912,2011-04-01,2011-04-01,0
14912,2011-11-01,2011-04-01,7
14913,2010-12-01,2010-12-01,0
14913,2011-03-01,2010-12-01,3
14913,2011-06-01,2010-12-01,6
14913,2011-11-01,2010-12-01,11
14915,2011-03-01,2011-03-01,0
14915,2011-09-01,2011-03-01,6
14916,2011-01-01,2011-01-01,0
14916,2011-07-01,2011-01-01,6
14916,2011-09-01,2011-01-01,8
14918,2011-07-01,2011-07-01,0
14918,2011-08-01,2011-07-01,1
14920,2011-05-01,2011-05-01,0
14921,2011-05-01,2011-05-01,0
14921,2011-11-01,2011-05-01,6
14923,2011-10-01,2011-10-01,0
14924,2011-04-01,2011-04-01,0
14929,2011-11-01,2011-11-01,0
14930,2011-03-01,2011-03-01,0
14930,2011-08-01,2011-03-01,5
14931,2011-04-01,2011-04-01,0
14931,2011-05-01,2011-04-01,1
14931,2011-09-01,2011-04-01,5
14931,2011-11-01,2011-04-01,7
14931,2011-12-01,2011-04-01,8
14932,2010-12-01,2010-12-01,0
14934,2011-03-01,2011-03-01,0
14934,2011-09-01,2011-03-01,6
14935,2011-02-01,2011-02-01,0
14936,2011-03-01,2011-03-01,0
14936,2011-06-01,2011-03-01,3
14936,2011-08-01,2011-03-01,5
14936,2011-10-01,2011-03-01,7
14936,2011-11-01,2011-03-01,8
14937,2011-08-01,2011-08-01,0
14937,2011-10-01,2011-08-01,2
14944,2011-02-01,2011-02-01,0
14944,2011-05-01,2011-02-01,3
14944,2011-06-01,2011-02-01,4
14944,2011-07-01,2011-02-01,5
14944,2011-09-01,2011-02-01,7
14944,2011-11-01,2011-02-01,9
14946,2011-11-01,2011-11-01,0
14947,2011-08-01,2011-08-01,0
14947,2011-09-01,2011-08-01,1
14948,2011-05-01,2011-05-01,0
14948,2011-07-01,2011-05-01,2
14948,2011-08-01,2011-05-01,3
14948,2011-09-01,2011-05-01,4
14948,2011-11-01,2011-05-01,6
14950,2011-11-01,2011-11-01,0
14951,2011-09-01,2011-09-01,0
14952,2010-12-01,2010-12-01,0
14952,2011-02-01,2010-12-01,2
14952,2011-05-01,2010-12-01,5
14952,2011-09-01,2010-12-01,9
14952,2011-10-01,2010-12-01,10
14953,2011-11-01,2011-11-01,0
14954,2011-11-01,2011-11-01,0
14957,2011-03-01,2011-03-01,0
14958,2011-04-01,2011-04-01,0
14958,2011-06-01,2011-04-01,2
14958,2011-07-01,2011-04-01,3
14959,2011-02-01,2011-02-01,0
14959,2011-05-01,2011-02-01,3
14959,2011-08-01,2011-02-01,6
14959,2011-10-01,2011-02-01,8
14960,2011-06-01,2011-06-01,0
14960,2011-12-01,2011-06-01,6
14961,2010-12-01,2010-12-01,0
14961,2011-02-01,2010-12-01,2
14961,2011-04-01,2010-12-01,4
14961,2011-07-01,2010-12-01,7
14961,2011-09-01,2010-12-01,9
14961,2011-11-01,2010-12-01,11
14962,2011-03-01,2011-03-01,0
14963,2011-06-01,2011-06-01,0
14963,2011-10-01,2011-06-01,4
14963,2011-11-01,2011-06-01,5
14964,2011-04-01,2011-04-01,0
14965,2011-09-01,2011-09-01,0
14966,2011-11-01,2011-11-01,0
14967,2011-10-01,2011-10-01,0
14968,2011-11-01,2011-11-01,0
14970,2011-01-01,2011-01-01,0
14970,2011-04-01,2011-01-01,3
14970,2011-07-01,2011-01-01,6
14970,2011-10-01,2011-01-01,9
14971,2011-10-01,2011-10-01,0
14971,2011-11-01,2011-10-01,1
14972,2011-08-01,2011-08-01,0
14973,2011-04-01,2011-04-01,0
14973,2011-07-01,2011-04-01,3
14973,2011-08-01,2011-04-01,4
14974,2011-11-01,2011-11-01,0
14975,2011-10-01,2011-10-01,0
14976,2011-01-01,2011-01-01,0
14976,2011-03-01,2011-01-01,2
14976,2011-05-01,2011-01-01,4
14976,2011-08-01,2011-01-01,7
14976,2011-10-01,2011-01-01,9
14978,2011-01-01,2011-01-01,0
14978,2011-02-01,2011-01-01,1
14978,2011-04-01,2011-01-01,3
14978,2011-09-01,2011-01-01,8
14981,2011-04-01,2011-04-01,0
14984,2011-06-01,2011-06-01,0
14984,2011-11-01,2011-06-01,5
14985,2010-12-01,2010-12-01,0
14985,2011-05-01,2010-12-01,5
14987,2010-12-01,2010-12-01,0
14987,2011-11-01,2010-12-01,11
14988,2011-05-01,2011-05-01,0
14995,2011-03-01,2011-03-01,0
14995,2011-11-01,2011-03-01,8
14997,2011-06-01,2011-06-01,0
14997,2011-09-01,2011-06-01,3
14997,2011-10-01,2011-06-01,4
14998,2011-04-01,2011-04-01,0
14998,2011-06-01,2011-04-01,2
15000,2011-10-01,2011-10-01,0
15002,2010-12-01,2010-12-01,0
15002,2011-01-01,2010-12-01,1
15002,2011-02-01,2010-12-01,2
15002,2011-08-01,2010-12-01,8
15004,2011-07-01,2011-07-01,0
15005,2010-12-01,2010-12-01,0
15005,2011-01-01,2010-12-01,1
15005,2011-02-01,2010-12-01,2
15005,2011-03-01,2010-12-01,3
15005,2011-04-01,2010-12-01,4
15005,2011-05-01,2010-12-01,5
15005,2011-06-01,2010-12-01,6
15005,2011-07-01,2010-12-01,7
15005,2011-08-01,2010-12-01,8
15005,2011-09-01,2010-12-01,9
15005,2011-10-01,2010-12-01,10
15005,2011-11-01,2010-12-01,11
15006,2011-10-01,2011-10-01,0
15007,2011-07-01,2011-07-01,0
15009,2011-11-01,2011-11-01,0
15010,2011-11-01,2011-11-01,0
15012,2010-12-01,2010-12-01,0
15012,2011-10-01,2010-12-01,10
15014,2011-06-01,2011-06-01,0
15014,2011-10-01,2011-06-01,4
15016,2011-06-01,2011-06-01,0
15017,2011-11-01,2011-11-01,0
15018,2010-12-01,2010-12-01,0
15018,2011-04-01,2010-12-01,4
15018,2011-11-01,2010-12-01,11
15019,2011-03-01,2011-03-01,0
15021,2010-12-01,2010-12-01,0
15021,2011-03-01,2010-12-01,3
15021,2011-05-01,2010-12-01,5
15021,2011-06-01,2010-12-01,6
15021,2011-07-01,2010-12-01,7
15021,2011-09-01,2010-12-01,9
15021,2011-11-01,2010-12-01,11
15021,2011-12-01,2010-12-01,12
15022,2011-10-01,2011-10-01,0
15022,2011-11-01,2011-10-01,1
15023,2010-12-01,2010-12-01,0
15023,2011-01-01,2010-12-01,1
15023,2011-03-01,2010-12-01,3
15023,2011-05-01,2010-12-01,5
15023,2011-06-01,2010-12-01,6
15023,2011-07-01,2010-12-01,7
15023,2011-08-01,2010-12-01,8
15023,2011-10-01,2010-12-01,10
15023,2011-12-01,2010-12-01,12
15024,2010-12-01,2010-12-01,0
15024,2011-02-01,2010-12-01,2
15024,2011-08-01,2010-12-01,8
15024,2011-10-01,2010-12-01,10
15024,2011-11-01,2010-12-01,11
15025,2011-11-01,2011-11-01,0
15026,2011-03-01,2011-03-01,0
15026,2011-04-01,2011-03-01,1
15026,2011-09-01,2011-03-01,6
15027,2011-04-01,2011-04-01,0
15027,2011-05-01,2011-04-01,1
15027,2011-06-01,2011-04-01,2
15027,2011-11-01,2011-04-01,7
15028,2010-12-01,2010-12-01,0
15028,2011-10-01,2010-12-01,10
15028,2011-12-01,2010-12-01,12
15030,2011-03-01,2011-03-01,0
15030,2011-09-01,2011-03-01,6
15031,2011-03-01,2011-03-01,0
15031,2011-08-01,2011-03-01,5
15031,2011-11-01,2011-03-01,8
15031,2011-12-01,2011-03-01,9
15032,2010-12-01,2010-12-01,0
15032,2011-03-01,2010-12-01,3
15033,2011-01-01,2011-01-01,0
15033,2011-03-01,2011-01-01,2
15033,2011-05-01,2011-01-01,4
15033,2011-07-01,2011-01-01,6
15033,2011-08-01,2011-01-01,7
15033,2011-10-01,2011-01-01,9
15033,2011-11-01,2011-01-01,10
15033,2011-12-01,2011-01-01,11
15034,2010-12-01,2010-12-01,0
15034,2011-01-01,2010-12-01,1
15034,2011-03-01,2010-12-01,3
15034,2011-04-01,2010-12-01,4
15034,2011-09-01,2010-12-01,9
15034,2011-11-01,2010-12-01,11
15035,2011-09-01,2011-09-01,0
15036,2011-06-01,2011-06-01,0
15036,2011-09-01,2011-06-01,3
15038,2010-12-01,2010-12-01,0
15038,2011-04-01,2010-12-01,4
15038,2011-05-01,2010-12-01,5
15038,2011-06-01,2010-12-01,6
15038,2011-10-01,2010-12-01,10
15039,2010-12-01,2010-12-01,0
15039,2011-01-01,2010-12-01,1
15039,2011-02-01,2010-12-01,2
15039,2011-03-01,2010-12-01,3
15039,2011-04-01,2010-12-01,4
15039,2011-05-01,2010-12-01,5
15039,2011-06-01,2010-12-01,6
15039,2011-07-01,2010-12-01,7
15039,2011-08-01,2010-12-01,8
15039,2011-09-01,2010-12-01,9
15039,2011-10-01,2010-12-01,10
15039,2011-11-01,2010-12-01,11
15041,2011-06-01,2011-06-01,0
15042,2011-05-01,2011-05-01,0
15043,2011-11-01,2011-11-01,0
15044,2010-12-01,2010-12-01,0
15044,2011-01-01,2010-12-01,1
15044,2011-02-01,2010-12-01,2
15044,2011-03-01,2010-12-01,3
15044,2011-04-01,2010-12-01,4
15044,2011-05-01,2010-12-01,5
15044,2011-06-01,2010-12-01,6
15044,2011-07-01,2010-12-01,7
15044,2011-09-01,2010-12-01,9
15044,2011-10-01,2010-12-01,10
15044,2011-11-01,2010-12-01,11
15045,2011-03-01,2011-03-01,0
15045,2011-07-01,2011-03-01,4
15046,2011-01-01,2011-01-01,0
15046,2011-02-01,2011-01-01,1
15046,2011-04-01,2011-01-01,3
15046,2011-05-01,2011-01-01,4
15046,2011-06-01,2011-01-01,5
15046,2011-08-01,2011-01-01,7
15046,2011-09-01,2011-01-01,8
15046,2011-10-01,2011-01-01,9
15046,2011-11-01,2011-01-01,10
15047,2011-03-01,2011-03-01,0
15048,2010-12-01,2010-12-01,0
15048,2011-05-01,2010-12-01,5
15048,2011-08-01,2010-12-01,8
15048,2011-10-01,2010-12-01,10
15049,2011-03-01,2011-03-01,0
15050,2011-09-01,2011-09-01,0
15050,2011-11-01,2011-09-01,2
15051,2011-07-01,2011-07-01,0
15051,2011-10-01,2011-07-01,3
15051,2011-11-01,2011-07-01,4
15052,2011-01-01,2011-01-01,0
15053,2011-03-01,2011-03-01,0
15053,2011-07-01,2011-03-01,4
15053,2011-12-01,2011-03-01,9
15054,2011-10-01,2011-10-01,0
15054,2011-11-01,2011-10-01,1
15057,2011-01-01,2011-01-01,0
15057,2011-03-01,2011-01-01,2
15058,2011-01-01,2011-01-01,0
15058,2011-02-01,2011-01-01,1
15058,2011-04-01,2011-01-01,3
15058,2011-06-01,2011-01-01,5
15058,2011-08-01,2011-01-01,7
15058,2011-09-01,2011-01-01,8
15058,2011-10-01,2011-01-01,9
15058,2011-11-01,2011-01-01,10
15059,2011-01-01,2011-01-01,0
15059,2011-02-01,2011-01-01,1
15059,2011-05-01,2011-01-01,4
15059,2011-06-01,2011-01-01,5
15059,2011-08-01,2011-01-01,7
15059,2011-10-01,2011-01-01,9
15060,2011-11-01,2011-11-01,0
15060,2011-12-01,2011-11-01,1
15061,2010-12-01,2010-12-01,0
15061,2011-01-01,2010-12-01,1
15061,2011-02-01,2010-12-01,2
15061,2011-03-01,2010-12-01,3
15061,2011-04-01,2010-12-01,4
15061,2011-05-01,2010-12-01,5
15061,2011-06-01,2010-12-01,6
15061,2011-07-01,2010-12-01,7
15061,2011-08-01,2010-12-01,8
15061,2011-09-01,2010-12-01,9
15061,2011-10-01,2010-12-01,10
15061,2011-11-01,2010-12-01,11
15061,2011-12-01,2010-12-01,12
15062,2010-12-01,2010-12-01,0
15062,2011-02-01,2010-12-01,2
15062,2011-05-01,2010-12-01,5
15062,2011-09-01,2010-12-01,9
15063,2011-05-01,2011-05-01,0
15065,2011-02-01,2011-02-01,0
15065,2011-04-01,2011-02-01,2
15065,2011-06-01,2011-02-01,4
15065,2011-11-01,2011-02-01,9
15066,2011-10-01,2011-10-01,0
15067,2011-03-01,2011-03-01,0
15067,2011-09-01,2011-03-01,6
15068,2011-03-01,2011-03-01,0
15068,2011-10-01,2011-03-01,7
15069,2011-06-01,2011-06-01,0
15070,2010-12-01,2010-12-01,0
15071,2011-03-01,2011-03-01,0
15071,2011-09-01,2011-03-01,6
15073,2011-06-01,2011-06-01,0
15073,2011-11-01,2011-06-01,5
15074,2011-08-01,2011-08-01,0
15075,2011-09-01,2011-09-01,0
15076,2011-06-01,2011-06-01,0
15078,2010-12-01,2010-12-01,0
15078,2011-01-01,2010-12-01,1
15078,2011-02-01,2010-12-01,2
15078,2011-03-01,2010-12-01,3
15078,2011-04-01,2010-12-01,4
15078,2011-05-01,2010-12-01,5
15078,2011-06-01,2010-12-01,6
15078,2011-07-01,2010-12-01,7
15078,2011-08-01,2010-12-01,8
15078,2011-09-01,2010-12-01,9
15078,2011-10-01,2010-12-01,10
15078,2011-11-01,2010-12-01,11
15078,2011-12-01,2010-12-01,12
15079,2010-12-01,2010-12-01,0
15079,2011-01-01,2010-12-01,1
15079,2011-05-01,2010-12-01,5
15081,2010-12-01,2010-12-01,0
15081,2011-05-01,2010-12-01,5
15081,2011-09-01,2010-12-01,9
15081,2011-10-01,2010-12-01,10
15081,2011-11-01,2010-12-01,11
15083,2011-03-01,2011-03-01,0
15087,2011-03-01,2011-03-01,0
15088,2011-10-01,2011-10-01,0
15088,2011-11-01,2011-10-01,1
15089,2011-08-01,2011-08-01,0
15089,2011-09-01,2011-08-01,1
15089,2011-10-01,2011-08-01,2
15089,2011-11-01,2011-08-01,3
15090,2011-02-01,2011-02-01,0
15091,2011-10-01,2011-10-01,0
15092,2011-03-01,2011-03-01,0
15092,2011-05-01,2011-03-01,2
15093,2010-12-01,2010-12-01,0
15093,2011-01-01,2010-12-01,1
15093,2011-02-01,2010-12-01,2
15093,2011-05-01,2010-12-01,5
15093,2011-08-01,2010-12-01,8
15093,2011-11-01,2010-12-01,11
15095,2011-05-01,2011-05-01,0
15095,2011-07-01,2011-05-01,2
15095,2011-08-01,2011-05-01,3
15096,2011-10-01,2011-10-01,0
15097,2011-12-01,2011-12-01,0
15098,2011-06-01,2011-06-01,0
15099,2011-09-01,2011-09-01,0
15100,2010-12-01,2010-12-01,0
15100,2011-01-01,2010-12-01,1
15101,2010-12-01,2010-12-01,0
15101,2011-12-01,2010-12-01,12
15103,2011-09-01,2011-09-01,0
15103,2011-11-01,2011-09-01,2
15104,2011-03-01,2011-03-01,0
15104,2011-05-01,2011-03-01,2
15105,2011-07-01,2011-07-01,0
15105,2011-09-01,2011-07-01,2
15105,2011-10-01,2011-07-01,3
15105,2011-11-01,2011-07-01,4
15106,2011-03-01,2011-03-01,0
15106,2011-05-01,2011-03-01,2
15106,2011-07-01,2011-03-01,4
15106,2011-10-01,2011-03-01,7
15106,2011-11-01,2011-03-01,8
15107,2010-12-01,2010-12-01,0
15107,2011-01-01,2010-12-01,1
15107,2011-02-01,2010-12-01,2
15108,2011-04-01,2011-04-01,0
15108,2011-06-01,2011-04-01,2
15108,2011-07-01,2011-04-01,3
15109,2011-04-01,2011-04-01,0
15110,2011-01-01,2011-01-01,0
15110,2011-08-01,2011-01-01,7
15110,2011-10-01,2011-01-01,9
15110,2011-11-01,2011-01-01,10
15111,2010-12-01,2010-12-01,0
15111,2011-10-01,2010-12-01,10
15111,2011-11-01,2010-12-01,11
15113,2011-10-01,2011-10-01,0
15113,2011-11-01,2011-10-01,1
15114,2011-02-01,2011-02-01,0
15114,2011-04-01,2011-02-01,2
15114,2011-05-01,2011-02-01,3
15114,2011-06-01,2011-02-01,4
15114,2011-07-01,2011-02-01,5
15114,2011-08-01,2011-02-01,6
15114,2011-09-01,2011-02-01,7
15114,2011-11-01,2011-02-01,9
15115,2011-11-01,2011-11-01,0
15116,2011-05-01,2011-05-01,0
15116,2011-07-01,2011-05-01,2
15116,2011-10-01,2011-05-01,5
15116,2011-11-01,2011-05-01,6
15117,2011-05-01,2011-05-01,0
15117,2011-08-01,2011-05-01,3
15117,2011-10-01,2011-05-01,5
15117,2011-11-01,2011-05-01,6
15118,2011-07-01,2011-07-01,0
15119,2011-04-01,2011-04-01,0
15120,2011-07-01,2011-07-01,0
15121,2011-02-01,2011-02-01,0
15121,2011-10-01,2011-02-01,8
15122,2011-02-01,2011-02-01,0
15122,2011-05-01,2011-02-01,3
15122,2011-08-01,2011-02-01,6
15123,2011-05-01,2011-05-01,0
15123,2011-12-01,2011-05-01,7
15124,2011-06-01,2011-06-01,0
15124,2011-11-01,2011-06-01,5
15125,2011-03-01,2011-03-01,0
15125,2011-04-01,2011-03-01,1
15125,2011-05-01,2011-03-01,2
15125,2011-06-01,2011-03-01,3
15125,2011-07-01,2011-03-01,4
15125,2011-08-01,2011-03-01,5
15125,2011-10-01,2011-03-01,7
15125,2011-11-01,2011-03-01,8
15127,2011-10-01,2011-10-01,0
15128,2011-05-01,2011-05-01,0
15128,2011-06-01,2011-05-01,1
15128,2011-08-01,2011-05-01,3
15128,2011-10-01,2011-05-01,5
15129,2011-02-01,2011-02-01,0
15129,2011-03-01,2011-02-01,1
15129,2011-05-01,2011-02-01,3
15129,2011-06-01,2011-02-01,4
15129,2011-07-01,2011-02-01,5
15129,2011-08-01,2011-02-01,6
15129,2011-10-01,2011-02-01,8
15130,2011-06-01,2011-06-01,0
15132,2011-03-01,2011-03-01,0
15132,2011-05-01,2011-03-01,2
15132,2011-08-01,2011-03-01,5
15132,2011-10-01,2011-03-01,7
15132,2011-11-01,2011-03-01,8
15133,2011-02-01,2011-02-01,0
15133,2011-03-01,2011-02-01,1
15133,2011-08-01,2011-02-01,6
15134,2011-04-01,2011-04-01,0
15134,2011-05-01,2011-04-01,1
15134,2011-06-01,2011-04-01,2
15134,2011-08-01,2011-04-01,4
15134,2011-09-01,2011-04-01,5
15134,2011-10-01,2011-04-01,6
15134,2011-11-01,2011-04-01,7
15135,2011-04-01,2011-04-01,0
15136,2011-09-01,2011-09-01,0
15136,2011-11-01,2011-09-01,2
15136,2011-12-01,2011-09-01,3
15139,2011-01-01,2011-01-01,0
15139,2011-04-01,2011-01-01,3
15140,2011-03-01,2011-03-01,0
15140,2011-04-01,2011-03-01,1
15140,2011-05-01,2011-03-01,2
15140,2011-08-01,2011-03-01,5
15140,2011-09-01,2011-03-01,6
15140,2011-10-01,2011-03-01,7
15142,2011-10-01,2011-10-01,0
15143,2011-04-01,2011-04-01,0
15144,2011-01-01,2011-01-01,0
15144,2011-03-01,2011-01-01,2
15144,2011-05-01,2011-01-01,4
15144,2011-07-01,2011-01-01,6
15144,2011-08-01,2011-01-01,7
15144,2011-09-01,2011-01-01,8
15144,2011-10-01,2011-01-01,9
15144,2011-11-01,2011-01-01,10
15144,2011-12-01,2011-01-01,11
15145,2011-04-01,2011-04-01,0
15145,2011-10-01,2011-04-01,6
15145,2011-12-01,2011-04-01,8
15146,2011-02-01,2011-02-01,0
15146,2011-06-01,2011-02-01,4
15147,2011-04-01,2011-04-01,0
15148,2011-11-01,2011-11-01,0
15149,2011-07-01,2011-07-01,0
15150,2011-03-01,2011-03-01,0
15150,2011-06-01,2011-03-01,3
15150,2011-07-01,2011-03-01,4
15150,2011-08-01,2011-03-01,5
15150,2011-09-01,2011-03-01,6
15150,2011-11-01,2011-03-01,8
15152,2011-06-01,2011-06-01,0
15152,2011-07-01,2011-06-01,1
15152,2011-08-01,2011-06-01,2
15152,2011-09-01,2011-06-01,3
15152,2011-10-01,2011-06-01,4
15152,2011-11-01,2011-06-01,5
15153,2011-11-01,2011-11-01,0
15154,2011-09-01,2011-09-01,0
15156,2011-11-01,2011-11-01,0
15156,2011-12-01,2011-11-01,1
15157,2010-12-01,2010-12-01,0
15157,2011-07-01,2010-12-01,7
15157,2011-12-01,2010-12-01,12
15158,2011-10-01,2011-10-01,0
15159,2010-12-01,2010-12-01,0
15159,2011-01-01,2010-12-01,1
15159,2011-03-01,2010-12-01,3
15159,2011-04-01,2010-12-01,4
15159,2011-05-01,2010-12-01,5
15159,2011-06-01,2010-12-01,6
15159,2011-07-01,2010-12-01,7
15159,2011-08-01,2010-12-01,8
15159,2011-09-01,2010-12-01,9
15159,2011-10-01,2010-12-01,10
15159,2011-11-01,2010-12-01,11
15159,2011-12-01,2010-12-01,12
15160,2010-12-01,2010-12-01,0
15163,2011-05-01,2011-05-01,0
15163,2011-11-01,2011-05-01,6
15164,2011-01-01,2011-01-01,0
15164,2011-05-01,2011-01-01,4
15164,2011-10-01,2011-01-01,9
15165,2010-12-01,2010-12-01,0
15167,2011-01-01,2011-01-01,0
15168,2011-11-01,2011-11-01,0
15171,2011-01-01,2011-01-01,0
15172,2011-04-01,2011-04-01,0
15172,2011-05-01,2011-04-01,1
15172,2011-07-01,2011-04-01,3
15172,2011-09-01,2011-04-01,5
15172,2011-12-01,2011-04-01,8
15174,2011-01-01,2011-01-01,0
15175,2011-09-01,2011-09-01,0
15178,2011-03-01,2011-03-01,0
15179,2011-01-01,2011-01-01,0
15179,2011-04-01,2011-01-01,3
15179,2011-10-01,2011-01-01,9
15179,2011-11-01,2011-01-01,10
15180,2010-12-01,2010-12-01,0
15181,2011-03-01,2011-03-01,0
15181,2011-06-01,2011-03-01,3
15181,2011-10-01,2011-03-01,7
15182,2011-03-01,2011-03-01,0
15182,2011-07-01,2011-03-01,4
15184,2011-06-01,2011-06-01,0
15184,2011-11-01,2011-06-01,5
15185,2011-09-01,2011-09-01,0
15186,2011-06-01,2011-06-01,0
15186,2011-11-01,2011-06-01,5
15187,2011-05-01,2011-05-01,0
15187,2011-06-01,2011-05-01,1
15187,2011-07-01,2011-05-01,2
15187,2011-08-01,2011-05-01,3
15187,2011-09-01,2011-05-01,4
15187,2011-10-01,2011-05-01,5
15187,2011-11-01,2011-05-01,6
15187,2011-12-01,2011-05-01,7
15189,2011-01-01,2011-01-01,0
15189,2011-02-01,2011-01-01,1
15189,2011-03-01,2011-01-01,2
15189,2011-04-01,2011-01-01,3
15189,2011-05-01,2011-01-01,4
15189,2011-06-01,2011-01-01,5
15189,2011-07-01,2011-01-01,6
15189,2011-08-01,2011-01-01,7
15189,2011-09-01,2011-01-01,8
15189,2011-10-01,2011-01-01,9
15189,2011-11-01,2011-01-01,10
15189,2011-12-01,2011-01-01,11
15192,2010-12-01,2010-12-01,0
15192,2011-06-01,2010-12-01,6
15192,2011-08-01,2010-12-01,8
15193,2011-10-01,2011-10-01,0
15194,2010-12-01,2010-12-01,0
15194,2011-01-01,2010-12-01,1
15194,2011-03-01,2010-12-01,3
15194,2011-04-01,2010-12-01,4
15194,2011-05-01,2010-12-01,5
15194,2011-06-01,2010-12-01,6
15194,2011-08-01,2010-12-01,8
15194,2011-09-01,2010-12-01,9
15194,2011-11-01,2010-12-01,11
15194,2011-12-01,2010-12-01,12
15195,2011-12-01,2011-12-01,0
15197,2010-12-01,2010-12-01,0
15197,2011-04-01,2010-12-01,4
15197,2011-11-01,2010-12-01,11
15198,2011-08-01,2011-08-01,0
15198,2011-09-01,2011-08-01,1
15199,2011-02-01,2011-02-01,0
15199,2011-04-01,2011-02-01,2
15199,2011-09-01,2011-02-01,7
15199,2011-10-01,2011-02-01,8
15201,2011-04-01,2011-04-01,0
15201,2011-05-01,2011-04-01,1
15201,2011-08-01,2011-04-01,4
15201,2011-09-01,2011-04-01,5
15203,2011-02-01,2011-02-01,0
15203,2011-05-01,2011-02-01,3
15203,2011-07-01,2011-02-01,5
15203,2011-08-01,2011-02-01,6
15203,2011-09-01,2011-02-01,7
15203,2011-11-01,2011-02-01,9
15204,2010-12-01,2010-12-01,0
15205,2011-08-01,2011-08-01,0
15205,2011-09-01,2011-08-01,1
15206,2011-03-01,2011-03-01,0
15206,2011-07-01,2011-03-01,4
15206,2011-09-01,2011-03-01,6
15206,2011-11-01,2011-03-01,8
15208,2010-12-01,2010-12-01,0
15208,2011-06-01,2010-12-01,6
15208,2011-10-01,2010-12-01,10
15208,2011-11-01,2010-12-01,11
15208,2011-12-01,2010-12-01,12
15210,2011-04-01,2011-04-01,0
15211,2010-12-01,2010-12-01,0
15211,2011-10-01,2010-12-01,10
15212,2011-04-01,2011-04-01,0
15213,2011-01-01,2011-01-01,0
15214,2011-04-01,2011-04-01,0
15214,2011-06-01,2011-04-01,2
15214,2011-09-01,2011-04-01,5
15214,2011-10-01,2011-04-01,6
15214,2011-11-01,2011-04-01,7
15214,2011-12-01,2011-04-01,8
15215,2011-09-01,2011-09-01,0
15215,2011-10-01,2011-09-01,1
15216,2011-09-01,2011-09-01,0
15218,2011-01-01,2011-01-01,0
15218,2011-03-01,2011-01-01,2
15218,2011-05-01,2011-01-01,4
15218,2011-06-01,2011-01-01,5
15218,2011-07-01,2011-01-01,6
15218,2011-08-01,2011-01-01,7
15218,2011-09-01,2011-01-01,8
15218,2011-10-01,2011-01-01,9
15218,2011-11-01,2011-01-01,10
15219,2011-06-01,2011-06-01,0
15220,2011-03-01,2011-03-01,0
15220,2011-04-01,2011-03-01,1
15220,2011-05-01,2011-03-01,2
15220,2011-06-01,2011-03-01,3
15220,2011-08-01,2011-03-01,5
15220,2011-10-01,2011-03-01,7
15221,2010-12-01,2010-12-01,0
15222,2011-01-01,2011-01-01,0
15223,2011-04-01,2011-04-01,0
15224,2010-12-01,2010-12-01,0
15225,2011-04-01,2011-04-01,0
15226,2011-02-01,2011-02-01,0
15227,2011-01-01,2011-01-01,0
15227,2011-02-01,2011-01-01,1
15227,2011-05-01,2011-01-01,4
15227,2011-11-01,2011-01-01,10
15228,2011-02-01,2011-02-01,0
15228,2011-06-01,2011-02-01,4
15228,2011-08-01,2011-02-01,6
15228,2011-10-01,2011-02-01,8
15230,2011-04-01,2011-04-01,0
15232,2011-07-01,2011-07-01,0
15232,2011-08-01,2011-07-01,1
15234,2011-03-01,2011-03-01,0
15235,2010-12-01,2010-12-01,0
15235,2011-01-01,2010-12-01,1
15235,2011-02-01,2010-12-01,2
15235,2011-04-01,2010-12-01,4
15235,2011-05-01,2010-12-01,5
15236,2011-02-01,2011-02-01,0
15237,2011-04-01,2011-04-01,0
15237,2011-05-01,2011-04-01,1
15237,2011-09-01,2011-04-01,5
15237,2011-12-01,2011-04-01,8
15238,2011-06-01,2011-06-01,0
15238,2011-09-01,2011-06-01,3
15238,2011-11-01,2011-06-01,5
15239,2011-09-01,2011-09-01,0
15239,2011-11-01,2011-09-01,2
15240,2011-02-01,2011-02-01,0
15240,2011-04-01,2011-02-01,2
15240,2011-06-01,2011-02-01,4
15240,2011-09-01,2011-02-01,7
15240,2011-10-01,2011-02-01,8
15241,2011-03-01,2011-03-01,0
15241,2011-05-01,2011-03-01,2
15241,2011-06-01,2011-03-01,3
15241,2011-07-01,2011-03-01,4
15241,2011-08-01,2011-03-01,5
15241,2011-09-01,2011-03-01,6
15241,2011-10-01,2011-03-01,7
15243,2011-09-01,2011-09-01,0
15244,2011-04-01,2011-04-01,0
15244,2011-10-01,2011-04-01,6
15245,2011-03-01,2011-03-01,0
15245,2011-06-01,2011-03-01,3
15245,2011-07-01,2011-03-01,4
15246,2010-12-01,2010-12-01,0
15246,2011-04-01,2010-12-01,4
15247,2011-08-01,2011-08-01,0
15249,2011-03-01,2011-03-01,0
15249,2011-04-01,2011-03-01,1
15249,2011-05-01,2011-03-01,2
15249,2011-07-01,2011-03-01,4
15249,2011-08-01,2011-03-01,5
15249,2011-09-01,2011-03-01,6
15249,2011-10-01,2011-03-01,7
15249,2011-11-01,2011-03-01,8
15251,2011-04-01,2011-04-01,0
15251,2011-05-01,2011-04-01,1
15251,2011-06-01,2011-04-01,2
15251,2011-07-01,2011-04-01,3
15251,2011-08-01,2011-04-01,4
15251,2011-09-01,2011-04-01,5
15251,2011-10-01,2011-04-01,6
15251,2011-11-01,2011-04-01,7
15252,2011-06-01,2011-06-01,0
15252,2011-11-01,2011-06-01,5
15253,2011-06-01,2011-06-01,0
15253,2011-09-01,2011-06-01,3
15253,2011-11-01,2011-06-01,5
15254,2011-08-01,2011-08-01,0
15255,2011-10-01,2011-10-01,0
15256,2011-07-01,2011-07-01,0
15257,2011-03-01,2011-03-01,0
15258,2011-05-01,2011-05-01,0
15258,2011-06-01,2011-05-01,1
15260,2010-12-01,2010-12-01,0
15260,2011-04-01,2010-12-01,4
15260,2011-05-01,2010-12-01,5
15260,2011-06-01,2010-12-01,6
15260,2011-07-01,2010-12-01,7
15260,2011-08-01,2010-12-01,8
15261,2011-07-01,2011-07-01,0
15262,2011-01-01,2011-01-01,0
15263,2011-08-01,2011-08-01,0
15264,2011-10-01,2011-10-01,0
15265,2011-04-01,2011-04-01,0
15265,2011-07-01,2011-04-01,3
15266,2011-01-01,2011-01-01,0
15267,2011-06-01,2011-06-01,0
15267,2011-07-01,2011-06-01,1
15267,2011-10-01,2011-06-01,4
15267,2011-11-01,2011-06-01,5
15269,2011-11-01,2011-11-01,0
15270,2011-02-01,2011-02-01,0
15270,2011-04-01,2011-02-01,2
15270,2011-08-01,2011-02-01,6
15270,2011-11-01,2011-02-01,9
15271,2010-12-01,2010-12-01,0
15271,2011-01-01,2010-12-01,1
15271,2011-04-01,2010-12-01,4
15271,2011-05-01,2010-12-01,5
15271,2011-06-01,2010-12-01,6
15271,2011-08-01,2010-12-01,8
15271,2011-09-01,2010-12-01,9
15271,2011-10-01,2010-12-01,10
15271,2011-11-01,2010-12-01,11
15271,2011-12-01,2010-12-01,12
15272,2011-09-01,2011-09-01,0
15272,2011-10-01,2011-09-01,1
15274,2011-11-01,2011-11-01,0
15274,2011-12-01,2011-11-01,1
15275,2011-11-01,2011-11-01,0
15276,2011-10-01,2011-10-01,0
15277,2011-10-01,2011-10-01,0
15279,2010-12-01,2010-12-01,0
15280,2011-06-01,2011-06-01,0
15281,2011-01-01,2011-01-01,0
15281,2011-02-01,2011-01-01,1
15281,2011-04-01,2011-01-01,3
15281,2011-05-01,2011-01-01,4
15281,2011-07-01,2011-01-01,6
15281,2011-10-01,2011-01-01,9
15286,2011-10-01,2011-10-01,0
15287,2011-09-01,2011-09-01,0
15287,2011-11-01,2011-09-01,2
15288,2010-12-01,2010-12-01,0
15288,2011-03-01,2010-12-01,3
15288,2011-05-01,2010-12-01,5
15288,2011-07-01,2010-12-01,7
15288,2011-10-01,2010-12-01,10
15289,2011-04-01,2011-04-01,0
15289,2011-07-01,2011-04-01,3
15289,2011-11-01,2011-04-01,7
15290,2010-12-01,2010-12-01,0
15290,2011-01-01,2010-12-01,1
15290,2011-02-01,2010-12-01,2
15290,2011-03-01,2010-12-01,3
15290,2011-04-01,2010-12-01,4
15290,2011-05-01,2010-12-01,5
15290,2011-07-01,2010-12-01,7
15290,2011-08-01,2010-12-01,8
15290,2011-09-01,2010-12-01,9
15290,2011-10-01,2010-12-01,10
15290,2011-11-01,2010-12-01,11
15290,2011-12-01,2010-12-01,12
15291,2010-12-01,2010-12-01,0
15291,2011-01-01,2010-12-01,1
15291,2011-03-01,2010-12-01,3
15291,2011-04-01,2010-12-01,4
15291,2011-06-01,2010-12-01,6
15291,2011-09-01,2010-12-01,9
15291,2011-11-01,2010-12-01,11
15292,2011-05-01,2011-05-01,0
15296,2011-01-01,2011-01-01,0
15296,2011-05-01,2011-01-01,4
15296,2011-06-01,2011-01-01,5
15296,2011-08-01,2011-01-01,7
15296,2011-10-01,2011-01-01,9
15297,2011-10-01,2011-10-01,0
15297,2011-11-01,2011-10-01,1
15298,2010-12-01,2010-12-01,0
15298,2011-01-01,2010-12-01,1
15298,2011-03-01,2010-12-01,3
15298,2011-06-01,2010-12-01,6
15298,2011-07-01,2010-12-01,7
15298,2011-09-01,2010-12-01,9
15298,2011-10-01,2010-12-01,10
15298,2011-11-01,2010-12-01,11
15298,2011-12-01,2010-12-01,12
15299,2010-12-01,2010-12-01,0
15299,2011-03-01,2010-12-01,3
15299,2011-06-01,2010-12-01,6
15299,2011-10-01,2010-12-01,10
15300,2011-10-01,2011-10-01,0
15301,2010-12-01,2010-12-01,0
15301,2011-03-01,2010-12-01,3
15301,2011-04-01,2010-12-01,4
15301,2011-05-01,2010-12-01,5
15301,2011-06-01,2010-12-01,6
15301,2011-07-01,2010-12-01,7
15301,2011-08-01,2010-12-01,8
15301,2011-09-01,2010-12-01,9
15301,2011-10-01,2010-12-01,10
15303,2011-02-01,2011-02-01,0
15304,2010-12-01,2010-12-01,0
15304,2011-03-01,2010-12-01,3
15304,2011-04-01,2010-12-01,4
15304,2011-05-01,2010-12-01,5
15304,2011-06-01,2010-12-01,6
15304,2011-09-01,2010-12-01,9
15304,2011-10-01,2010-12-01,10
15306,2011-07-01,2011-07-01,0
15306,2011-09-01,2011-07-01,2
15306,2011-10-01,2011-07-01,3
15307,2011-09-01,2011-09-01,0
15308,2011-03-01,2011-03-01,0
15311,2010-12-01,2010-12-01,0
15311,2011-01-01,2010-12-01,1
15311,2011-02-01,2010-12-01,2
15311,2011-03-01,2010-12-01,3
15311,2011-04-01,2010-12-01,4
15311,2011-05-01,2010-12-01,5
15311,2011-06-01,2010-12-01,6
15311,2011-07-01,2010-12-01,7
15311,2011-08-01,2010-12-01,8
15311,2011-09-01,2010-12-01,9
15311,2011-10-01,2010-12-01,10
15311,2011-11-01,2010-12-01,11
15311,2011-12-01,2010-12-01,12
15312,2010-12-01,2010-12-01,0
15312,2011-05-01,2010-12-01,5
15312,2011-08-01,2010-12-01,8
15312,2011-09-01,2010-12-01,9
15313,2011-08-01,2011-08-01,0
15314,2011-05-01,2011-05-01,0
15315,2011-08-01,2011-08-01,0
15315,2011-10-01,2011-08-01,2
15316,2011-01-01,2011-01-01,0
15318,2011-12-01,2011-12-01,0
15319,2011-03-01,2011-03-01,0
15320,2011-10-01,2011-10-01,0
15321,2011-02-01,2011-02-01,0
15321,2011-09-01,2011-02-01,7
15322,2011-09-01,2011-09-01,0
15325,2011-08-01,2011-08-01,0
15326,2011-01-01,2011-01-01,0
15327,2011-10-01,2011-10-01,0
15329,2011-06-01,2011-06-01,0
15329,2011-07-01,2011-06-01,1
15329,2011-10-01,2011-06-01,4
15330,2011-10-01,2011-10-01,0
15330,2011-11-01,2011-10-01,1
15332,2010-12-01,2010-12-01,0
15333,2011-05-01,2011-05-01,0
15334,2011-06-01,2011-06-01,0
15334,2011-07-01,2011-06-01,1
15335,2011-10-01,2011-10-01,0
15339,2011-01-01,2011-01-01,0
15339,2011-10-01,2011-01-01,9
15341,2011-09-01,2011-09-01,0
15342,2011-08-01,2011-08-01,0
15343,2011-09-01,2011-09-01,0
15344,2011-09-01,2011-09-01,0
15344,2011-11-01,2011-09-01,2
15344,2011-12-01,2011-09-01,3
15345,2011-10-01,2011-10-01,0
15346,2011-01-01,2011-01-01,0
15347,2010-12-01,2010-12-01,0
15348,2011-09-01,2011-09-01,0
15349,2011-06-01,2011-06-01,0
15349,2011-07-01,2011-06-01,1
15350,2010-12-01,2010-12-01,0
15351,2010-12-01,2010-12-01,0
15351,2011-09-01,2010-12-01,9
15351,2011-10-01,2010-12-01,10
15351,2011-11-01,2010-12-01,11
15353,2010-12-01,2010-12-01,0
15353,2011-03-01,2010-12-01,3
15355,2011-10-01,2011-10-01,0
15355,2011-11-01,2011-10-01,1
15356,2010-12-01,2010-12-01,0
15356,2011-02-01,2010-12-01,2
15356,2011-04-01,2010-12-01,4
15356,2011-05-01,2010-12-01,5
15356,2011-06-01,2010-12-01,6
15356,2011-07-01,2010-12-01,7
15356,2011-08-01,2010-12-01,8
15356,2011-09-01,2010-12-01,9
15356,2011-11-01,2010-12-01,11
15358,2010-12-01,2010-12-01,0
15358,2011-01-01,2010-12-01,1
15358,2011-02-01,2010-12-01,2
15358,2011-03-01,2010-12-01,3
15358,2011-04-01,2010-12-01,4
15358,2011-05-01,2010-12-01,5
15358,2011-06-01,2010-12-01,6
15358,2011-07-01,2010-12-01,7
15358,2011-08-01,2010-12-01,8
15358,2011-09-01,2010-12-01,9
15358,2011-10-01,2010-12-01,10
15358,2011-11-01,2010-12-01,11
15358,2011-12-01,2010-12-01,12
15360,2011-10-01,2011-10-01,0
15361,2010-12-01,2010-12-01,0
15363,2010-12-01,2010-12-01,0
15364,2011-03-01,2011-03-01,0
15364,2011-09-01,2011-03-01,6
15365,2011-01-01,2011-01-01,0
15365,2011-09-01,2011-01-01,8
15365,2011-11-01,2011-01-01,10
15366,2010-12-01,2010-12-01,0
15366,2011-09-01,2010-12-01,9
15367,2011-03-01,2011-03-01,0
15367,2011-04-01,2011-03-01,1
15367,2011-10-01,2011-03-01,7
15368,2011-11-01,2011-11-01,0
15370,2011-01-01,2011-01-01,0
15370,2011-02-01,2011-01-01,1
15370,2011-05-01,2011-01-01,4
15370,2011-07-01,2011-01-01,6
15370,2011-09-01,2011-01-01,8
15370,2011-10-01,2011-01-01,9
15372,2011-07-01,2011-07-01,0
15373,2010-12-01,2010-12-01,0
15373,2011-01-01,2010-12-01,1
15373,2011-02-01,2010-12-01,2
15373,2011-03-01,2010-12-01,3
15373,2011-05-01,2010-12-01,5
15373,2011-06-01,2010-12-01,6
15373,2011-08-01,2010-12-01,8
15373,2011-11-01,2010-12-01,11
15373,2011-12-01,2010-12-01,12
15374,2011-08-01,2011-08-01,0
15376,2011-05-01,2011-05-01,0
15376,2011-08-01,2011-05-01,3
15376,2011-10-01,2011-05-01,5
15379,2010-12-01,2010-12-01,0
15379,2011-01-01,2010-12-01,1
15379,2011-03-01,2010-12-01,3
15379,2011-05-01,2010-12-01,5
15379,2011-06-01,2010-12-01,6
15380,2010-12-01,2010-12-01,0
15380,2011-07-01,2010-12-01,7
15380,2011-09-01,2010-12-01,9
15380,2011-10-01,2010-12-01,10
15380,2011-12-01,2010-12-01,12
15381,2011-03-01,2011-03-01,0
15381,2011-05-01,2011-03-01,2
15382,2011-02-01,2011-02-01,0
15382,2011-05-01,2011-02-01,3
15382,2011-06-01,2011-02-01,4
15382,2011-09-01,2011-02-01,7
15382,2011-11-01,2011-02-01,9
15384,2010-12-01,2010-12-01,0
15384,2011-06-01,2010-12-01,6
15385,2011-10-01,2011-10-01,0
15386,2011-06-01,2011-06-01,0
15388,2011-03-01,2011-03-01,0
15389,2011-06-01,2011-06-01,0
15392,2010-12-01,2010-12-01,0
15392,2011-09-01,2010-12-01,9
15392,2011-11-01,2010-12-01,11
15392,2011-12-01,2010-12-01,12
15393,2011-03-01,2011-03-01,0
15393,2011-11-01,2011-03-01,8
15394,2010-12-01,2010-12-01,0
15394,2011-05-01,2010-12-01,5
15394,2011-09-01,2010-12-01,9
15394,2011-11-01,2010-12-01,11
15395,2011-01-01,2011-01-01,0
15396,2011-08-01,2011-08-01,0
15397,2011-02-01,2011-02-01,0
15398,2011-09-01,2011-09-01,0
15398,2011-11-01,2011-09-01,2
15399,2011-09-01,2011-09-01,0
15399,2011-11-01,2011-09-01,2
15399,2011-12-01,2011-09-01,3
15400,2011-03-01,2011-03-01,0
15400,2011-06-01,2011-03-01,3
15400,2011-08-01,2011-03-01,5
15400,2011-09-01,2011-03-01,6
15402,2011-05-01,2011-05-01,0
15402,2011-07-01,2011-05-01,2
15405,2011-06-01,2011-06-01,0
15406,2011-02-01,2011-02-01,0
15406,2011-11-01,2011-02-01,9
15407,2011-02-01,2011-02-01,0
15407,2011-05-01,2011-02-01,3
15407,2011-06-01,2011-02-01,4
15407,2011-11-01,2011-02-01,9
15408,2011-03-01,2011-03-01,0
15410,2011-03-01,2011-03-01,0
15410,2011-04-01,2011-03-01,1
15410,2011-05-01,2011-03-01,2
15410,2011-06-01,2011-03-01,3
15410,2011-08-01,2011-03-01,5
15410,2011-09-01,2011-03-01,6
15411,2011-06-01,2011-06-01,0
15411,2011-08-01,2011-06-01,2
15411,2011-09-01,2011-06-01,3
15411,2011-11-01,2011-06-01,5
15412,2011-06-01,2011-06-01,0
15414,2011-04-01,2011-04-01,0
15414,2011-11-01,2011-04-01,7
15415,2011-01-01,2011-01-01,0
15416,2011-03-01,2011-03-01,0
15416,2011-04-01,2011-03-01,1
15416,2011-07-01,2011-03-01,4
15416,2011-10-01,2011-03-01,7
15417,2011-09-01,2011-09-01,0
15419,2011-11-01,2011-11-01,0
15421,2011-02-01,2011-02-01,0
15421,2011-05-01,2011-02-01,3
15421,2011-10-01,2011-02-01,8
15422,2011-01-01,2011-01-01,0
15423,2011-11-01,2011-11-01,0
15424,2011-03-01,2011-03-01,0
15426,2010-12-01,2010-12-01,0
15426,2011-03-01,2010-12-01,3
15426,2011-11-01,2010-12-01,11
15427,2011-10-01,2011-10-01,0
15427,2011-11-01,2011-10-01,1
15428,2011-11-01,2011-11-01,0
15429,2011-09-01,2011-09-01,0
15429,2011-11-01,2011-09-01,2
15432,2011-11-01,2011-11-01,0
15433,2011-03-01,2011-03-01,0
15433,2011-05-01,2011-03-01,2
15434,2011-05-01,2011-05-01,0
15434,2011-08-01,2011-05-01,3
15434,2011-11-01,2011-05-01,6
15434,2011-12-01,2011-05-01,7
15435,2011-11-01,2011-11-01,0
15436,2011-04-01,2011-04-01,0
15436,2011-10-01,2011-04-01,6
15436,2011-11-01,2011-04-01,7
15437,2011-03-01,2011-03-01,0
15438,2011-07-01,2011-07-01,0
15440,2011-05-01,2011-05-01,0
15440,2011-07-01,2011-05-01,2
15440,2011-10-01,2011-05-01,5
15442,2011-04-01,2011-04-01,0
15443,2011-01-01,2011-01-01,0
15443,2011-08-01,2011-01-01,7
15443,2011-09-01,2011-01-01,8
15443,2011-10-01,2011-01-01,9
15443,2011-11-01,2011-01-01,10
15443,2011-12-01,2011-01-01,11
15444,2011-10-01,2011-10-01,0
15444,2011-11-01,2011-10-01,1
15445,2011-03-01,2011-03-01,0
15447,2011-01-01,2011-01-01,0
15448,2011-01-01,2011-01-01,0
15449,2011-03-01,2011-03-01,0
15449,2011-06-01,2011-03-01,3
15449,2011-11-01,2011-03-01,8
15450,2011-11-01,2011-11-01,0
15452,2011-03-01,2011-03-01,0
15452,2011-09-01,2011-03-01,6
15452,2011-11-01,2011-03-01,8
15453,2011-06-01,2011-06-01,0
15453,2011-07-01,2011-06-01,1
15453,2011-09-01,2011-06-01,3
15453,2011-10-01,2011-06-01,4
15453,2011-11-01,2011-06-01,5
15453,2011-12-01,2011-06-01,6
15454,2010-12-01,2010-12-01,0
15456,2010-12-01,2010-12-01,0
15456,2011-03-01,2010-12-01,3
15457,2011-03-01,2011-03-01,0
15458,2011-11-01,2011-11-01,0
15460,2010-12-01,2010-12-01,0
15462,2011-06-01,2011-06-01,0
15462,2011-07-01,2011-06-01,1
15462,2011-09-01,2011-06-01,3
15463,2011-11-01,2011-11-01,0
15464,2011-01-01,2011-01-01,0
15465,2010-12-01,2010-12-01,0
15465,2011-01-01,2010-12-01,1
15465,2011-02-01,2010-12-01,2
15465,2011-03-01,2010-12-01,3
15465,2011-04-01,2010-12-01,4
15465,2011-06-01,2010-12-01,6
15465,2011-07-01,2010-12-01,7
15465,2011-09-01,2010-12-01,9
15465,2011-10-01,2010-12-01,10
15465,2011-11-01,2010-12-01,11
15466,2011-09-01,2011-09-01,0
15467,2011-07-01,2011-07-01,0
15467,2011-11-01,2011-07-01,4
15468,2011-10-01,2011-10-01,0
15469,2011-08-01,2011-08-01,0
15469,2011-10-01,2011-08-01,2
15471,2011-12-01,2011-12-01,0
15472,2011-08-01,2011-08-01,0
15473,2011-10-01,2011-10-01,0
15473,2011-11-01,2011-10-01,1
15475,2011-09-01,2011-09-01,0
15478,2011-10-01,2011-10-01,0
15480,2011-08-01,2011-08-01,0
15482,2010-12-01,2010-12-01,0
15482,2011-04-01,2010-12-01,4
15482,2011-06-01,2010-12-01,6
15482,2011-10-01,2010-12-01,10
15482,2011-11-01,2010-12-01,11
15483,2011-03-01,2011-03-01,0
15483,2011-07-01,2011-03-01,4
15484,2011-09-01,2011-09-01,0
15484,2011-10-01,2011-09-01,1
15484,2011-11-01,2011-09-01,2
15484,2011-12-01,2011-09-01,3
15485,2010-12-01,2010-12-01,0
15485,2011-01-01,2010-12-01,1
15485,2011-11-01,2010-12-01,11
15488,2011-09-01,2011-09-01,0
15489,2011-05-01,2011-05-01,0
15489,2011-10-01,2011-05-01,5
15489,2011-11-01,2011-05-01,6
15491,2011-04-01,2011-04-01,0
15491,2011-05-01,2011-04-01,1
15491,2011-06-01,2011-04-01,2
15491,2011-08-01,2011-04-01,4
15491,2011-09-01,2011-04-01,5
15492,2011-09-01,2011-09-01,0
15492,2011-11-01,2011-09-01,2
15493,2011-03-01,2011-03-01,0
15493,2011-04-01,2011-03-01,1
15493,2011-07-01,2011-03-01,4
15493,2011-11-01,2011-03-01,8
15494,2011-08-01,2011-08-01,0
15494,2011-11-01,2011-08-01,3
15497,2011-01-01,2011-01-01,0
15497,2011-11-01,2011-01-01,10
15498,2010-12-01,2010-12-01,0
15498,2011-01-01,2010-12-01,1
15498,2011-03-01,2010-12-01,3
15498,2011-04-01,2010-12-01,4
15498,2011-05-01,2010-12-01,5
15498,2011-06-01,2010-12-01,6
15498,2011-08-01,2010-12-01,8
15498,2011-09-01,2010-12-01,9
15498,2011-10-01,2010-12-01,10
15498,2011-11-01,2010-12-01,11
15498,2011-12-01,2010-12-01,12
15500,2011-09-01,2011-09-01,0
15500,2011-11-01,2011-09-01,2
15500,2011-12-01,2011-09-01,3
15502,2010-12-01,2010-12-01,0
15502,2011-03-01,2010-12-01,3
15502,2011-08-01,2010-12-01,8
15502,2011-09-01,2010-12-01,9
15502,2011-10-01,2010-12-01,10
15502,2011-11-01,2010-12-01,11
15503,2010-12-01,2010-12-01,0
15504,2011-09-01,2011-09-01,0
15505,2011-07-01,2011-07-01,0
15505,2011-08-01,2011-07-01,1
15505,2011-09-01,2011-07-01,2
15505,2011-10-01,2011-07-01,3
15506,2011-07-01,2011-07-01,0
15506,2011-10-01,2011-07-01,3
15506,2011-11-01,2011-07-01,4
15507,2011-06-01,2011-06-01,0
15508,2011-04-01,2011-04-01,0
15508,2011-05-01,2011-04-01,1
15508,2011-06-01,2011-04-01,2
15510,2011-01-01,2011-01-01,0
15511,2011-09-01,2011-09-01,0
15511,2011-10-01,2011-09-01,1
15511,2011-11-01,2011-09-01,2
15512,2010-12-01,2010-12-01,0
15512,2011-07-01,2010-12-01,7
15513,2010-12-01,2010-12-01,0
15513,2011-01-01,2010-12-01,1
15513,2011-03-01,2010-12-01,3
15513,2011-05-01,2010-12-01,5
15513,2011-06-01,2010-12-01,6
15513,2011-07-01,2010-12-01,7
15513,2011-08-01,2010-12-01,8
15513,2011-09-01,2010-12-01,9
15513,2011-10-01,2010-12-01,10
15513,2011-11-01,2010-12-01,11
15514,2010-12-01,2010-12-01,0
15514,2011-03-01,2010-12-01,3
15514,2011-04-01,2010-12-01,4
15514,2011-11-01,2010-12-01,11
15516,2011-10-01,2011-10-01,0
15517,2011-04-01,2011-04-01,0
15518,2011-01-01,2011-01-01,0
15518,2011-05-01,2011-01-01,4
15518,2011-07-01,2011-01-01,6
15518,2011-08-01,2011-01-01,7
15518,2011-10-01,2011-01-01,9
15520,2011-12-01,2011-12-01,0
15521,2011-03-01,2011-03-01,0
15521,2011-04-01,2011-03-01,1
15521,2011-05-01,2011-03-01,2
15521,2011-07-01,2011-03-01,4
15521,2011-09-01,2011-03-01,6
15521,2011-10-01,2011-03-01,7
15522,2011-09-01,2011-09-01,0
15522,2011-11-01,2011-09-01,2
15523,2011-09-01,2011-09-01,0
15524,2011-11-01,2011-11-01,0
15525,2010-12-01,2010-12-01,0
15525,2011-11-01,2010-12-01,11
15525,2011-12-01,2010-12-01,12
15526,2011-11-01,2011-11-01,0
15527,2010-12-01,2010-12-01,0
15527,2011-01-01,2010-12-01,1
15527,2011-05-01,2010-12-01,5
15527,2011-06-01,2010-12-01,6
15527,2011-07-01,2010-12-01,7
15527,2011-09-01,2010-12-01,9
15527,2011-11-01,2010-12-01,11
15528,2011-03-01,2011-03-01,0
15529,2010-12-01,2010-12-01,0
15529,2011-01-01,2010-12-01,1
15529,2011-03-01,2010-12-01,3
15529,2011-04-01,2010-12-01,4
15529,2011-05-01,2010-12-01,5
15529,2011-07-01,2010-12-01,7
15529,2011-09-01,2010-12-01,9
15529,2011-10-01,2010-12-01,10
15529,2011-11-01,2010-12-01,11
15530,2011-04-01,2011-04-01,0
15530,2011-06-01,2011-04-01,2
15530,2011-07-01,2011-04-01,3
15530,2011-11-01,2011-04-01,7
15531,2011-11-01,2011-11-01,0
15531,2011-12-01,2011-11-01,1
15532,2010-12-01,2010-12-01,0
15532,2011-06-01,2010-12-01,6
15532,2011-07-01,2010-12-01,7
15532,2011-11-01,2010-12-01,11
15533,2011-09-01,2011-09-01,0
15533,2011-11-01,2011-09-01,2
15535,2011-01-01,2011-01-01,0
15535,2011-04-01,2011-01-01,3
15535,2011-06-01,2011-01-01,5
15537,2011-06-01,2011-06-01,0
15539,2011-12-01,2011-12-01,0
15540,2011-11-01,2011-11-01,0
15541,2011-08-01,2011-08-01,0
15543,2011-02-01,2011-02-01,0
15544,2010-12-01,2010-12-01,0
15544,2011-02-01,2010-12-01,2
15544,2011-05-01,2010-12-01,5
15544,2011-06-01,2010-12-01,6
15544,2011-07-01,2010-12-01,7
15544,2011-08-01,2010-12-01,8
15544,2011-11-01,2010-12-01,11
15545,2010-12-01,2010-12-01,0
15545,2011-10-01,2010-12-01,10
15547,2010-12-01,2010-12-01,0
15547,2011-01-01,2010-12-01,1
15547,2011-02-01,2010-12-01,2
15547,2011-03-01,2010-12-01,3
15547,2011-04-01,2010-12-01,4
15547,2011-05-01,2010-12-01,5
15547,2011-08-01,2010-12-01,8
15547,2011-09-01,2010-12-01,9
15547,2011-10-01,2010-12-01,10
15547,2011-12-01,2010-12-01,12
15549,2011-01-01,2011-01-01,0
15549,2011-07-01,2011-01-01,6
15549,2011-09-01,2011-01-01,8
15550,2011-02-01,2011-02-01,0
15550,2011-06-01,2011-02-01,4
15550,2011-08-01,2011-02-01,6
15550,2011-12-01,2011-02-01,10
15551,2011-11-01,2011-11-01,0
15552,2011-05-01,2011-05-01,0
15553,2011-10-01,2011-10-01,0
15554,2011-03-01,2011-03-01,0
15555,2010-12-01,2010-12-01,0
15555,2011-04-01,2010-12-01,4
15555,2011-05-01,2010-12-01,5
15555,2011-06-01,2010-12-01,6
15555,2011-07-01,2010-12-01,7
15555,2011-08-01,2010-12-01,8
15555,2011-09-01,2010-12-01,9
15555,2011-10-01,2010-12-01,10
15555,2011-11-01,2010-12-01,11
15556,2011-11-01,2011-11-01,0
15557,2011-11-01,2011-11-01,0
15561,2011-05-01,2011-05-01,0
15561,2011-07-01,2011-05-01,2
15561,2011-11-01,2011-05-01,6
15562,2010-12-01,2010-12-01,0
15563,2010-12-01,2010-12-01,0
15563,2011-05-01,2010-12-01,5
15563,2011-11-01,2010-12-01,11
15565,2011-09-01,2011-09-01,0
15565,2011-10-01,2011-09-01,1
15567,2011-11-01,2011-11-01,0
15568,2011-09-01,2011-09-01,0
15568,2011-10-01,2011-09-01,1
15568,2011-12-01,2011-09-01,3
15569,2011-01-01,2011-01-01,0
15569,2011-07-01,2011-01-01,6
15569,2011-08-01,2011-01-01,7
15570,2010-12-01,2010-12-01,0
15570,2011-01-01,2010-12-01,1
15570,2011-02-01,2010-12-01,2
15570,2011-04-01,2010-12-01,4
15570,2011-05-01,2010-12-01,5
15570,2011-07-01,2010-12-01,7
15570,2011-11-01,2010-12-01,11
15570,2011-12-01,2010-12-01,12
15571,2011-09-01,2011-09-01,0
15571,2011-11-01,2011-09-01,2
15572,2011-03-01,2011-03-01,0
15572,2011-04-01,2011-03-01,1
15572,2011-08-01,2011-03-01,5
15572,2011-11-01,2011-03-01,8
15572,2011-12-01,2011-03-01,9
15573,2011-09-01,2011-09-01,0
15573,2011-11-01,2011-09-01,2
15574,2010-12-01,2010-12-01,0
15574,2011-06-01,2010-12-01,6
15576,2011-11-01,2011-11-01,0
15577,2011-02-01,2011-02-01,0
15577,2011-07-01,2011-02-01,5
15578,2011-06-01,2011-06-01,0
15579,2011-01-01,2011-01-01,0
15579,2011-10-01,2011-01-01,9
15581,2010-12-01,2010-12-01,0
15581,2011-03-01,2010-12-01,3
15581,2011-04-01,2010-12-01,4
15581,2011-06-01,2010-12-01,6
15581,2011-07-01,2010-12-01,7
15581,2011-08-01,2010-12-01,8
15582,2011-05-01,2011-05-01,0
15582,2011-08-01,2011-05-01,3
15582,2011-11-01,2011-05-01,6
15584,2011-06-01,2011-06-01,0
15584,2011-09-01,2011-06-01,3
15584,2011-10-01,2011-06-01,4
15584,2011-11-01,2011-06-01,5
15585,2011-06-01,2011-06-01,0
15587,2010-12-01,2010-12-01,0
15587,2011-07-01,2010-12-01,7
15587,2011-09-01,2010-12-01,9
15587,2011-10-01,2010-12-01,10
15589,2011-02-01,2011-02-01,0
15589,2011-03-01,2011-02-01,1
15592,2011-10-01,2011-10-01,0
15593,2011-09-01,2011-09-01,0
15594,2011-04-01,2011-04-01,0
15594,2011-09-01,2011-04-01,5
15594,2011-11-01,2011-04-01,7
15596,2010-12-01,2010-12-01,0
15596,2011-01-01,2010-12-01,1
15596,2011-03-01,2010-12-01,3
15596,2011-05-01,2010-12-01,5
15596,2011-08-01,2010-12-01,8
15597,2011-11-01,2011-11-01,0
15598,2011-10-01,2011-10-01,0
15599,2011-05-01,2011-05-01,0
15599,2011-11-01,2011-05-01,6
15601,2010-12-01,2010-12-01,0
15601,2011-01-01,2010-12-01,1
15601,2011-02-01,2010-12-01,2
15601,2011-04-01,2010-12-01,4
15601,2011-05-01,2010-12-01,5
15601,2011-06-01,2010-12-01,6
15601,2011-08-01,2010-12-01,8
15601,2011-09-01,2010-12-01,9
15601,2011-10-01,2010-12-01,10
15601,2011-11-01,2010-12-01,11
15602,2010-12-01,2010-12-01,0
15602,2011-01-01,2010-12-01,1
15602,2011-05-01,2010-12-01,5
15602,2011-09-01,2010-12-01,9
15602,2011-11-01,2010-12-01,11
15602,2011-12-01,2010-12-01,12
15603,2011-09-01,2011-09-01,0
15604,2011-10-01,2011-10-01,0
15605,2010-12-01,2010-12-01,0
15605,2011-02-01,2010-12-01,2
15605,2011-04-01,2010-12-01,4
15605,2011-09-01,2010-12-01,9
15605,2011-11-01,2010-12-01,11
15606,2011-01-01,2011-01-01,0
15606,2011-02-01,2011-01-01,1
15606,2011-03-01,2011-01-01,2
15606,2011-05-01,2011-01-01,4
15606,2011-06-01,2011-01-01,5
15606,2011-08-01,2011-01-01,7
15606,2011-10-01,2011-01-01,9
15607,2011-01-01,2011-01-01,0
15608,2011-08-01,2011-08-01,0
15608,2011-10-01,2011-08-01,2
15608,2011-11-01,2011-08-01,3
15609,2011-06-01,2011-06-01,0
15610,2011-10-01,2011-10-01,0
15611,2011-01-01,2011-01-01,0
15611,2011-03-01,2011-01-01,2
15611,2011-06-01,2011-01-01,5
15611,2011-08-01,2011-01-01,7
15611,2011-09-01,2011-01-01,8
15611,2011-10-01,2011-01-01,9
15611,2011-11-01,2011-01-01,10
15612,2011-10-01,2011-10-01,0
15612,2011-11-01,2011-10-01,1
15615,2010-12-01,2010-12-01,0
15615,2011-01-01,2010-12-01,1
15615,2011-02-01,2010-12-01,2
15615,2011-03-01,2010-12-01,3
15615,2011-04-01,2010-12-01,4
15615,2011-05-01,2010-12-01,5
15615,2011-06-01,2010-12-01,6
15615,2011-08-01,2010-12-01,8
15615,2011-10-01,2010-12-01,10
15615,2011-11-01,2010-12-01,11
15618,2011-07-01,2011-07-01,0
15618,2011-09-01,2011-07-01,2
15618,2011-11-01,2011-07-01,4
15619,2011-11-01,2011-11-01,0
15620,2010-12-01,2010-12-01,0
15620,2011-05-01,2010-12-01,5
15620,2011-10-01,2010-12-01,10
15621,2011-11-01,2011-11-01,0
15621,2011-12-01,2011-11-01,1
15622,2011-03-01,2011-03-01,0
15622,2011-04-01,2011-03-01,1
15622,2011-05-01,2011-03-01,2
15622,2011-09-01,2011-03-01,6
15622,2011-10-01,2011-03-01,7
15623,2011-07-01,2011-07-01,0
15624,2011-03-01,2011-03-01,0
15624,2011-05-01,2011-03-01,2
15624,2011-07-01,2011-03-01,4
15624,2011-08-01,2011-03-01,5
15625,2011-04-01,2011-04-01,0
15625,2011-06-01,2011-04-01,2
15625,2011-08-01,2011-04-01,4
15626,2011-01-01,2011-01-01,0
15626,2011-09-01,2011-01-01,8
15628,2010-12-01,2010-12-01,0
15628,2011-03-01,2010-12-01,3
15628,2011-06-01,2010-12-01,6
15628,2011-08-01,2010-12-01,8
15628,2011-09-01,2010-12-01,9
15628,2011-10-01,2010-12-01,10
15628,2011-11-01,2010-12-01,11
15628,2011-12-01,2010-12-01,12
15630,2011-05-01,2011-05-01,0
15630,2011-10-01,2011-05-01,5
15632,2011-03-01,2011-03-01,0
15632,2011-04-01,2011-03-01,1
15632,2011-06-01,2011-03-01,3
15632,2011-07-01,2011-03-01,4
15632,2011-08-01,2011-03-01,5
15632,2011-10-01,2011-03-01,7
15632,2011-11-01,2011-03-01,8
15634,2011-11-01,2011-11-01,0
15636,2011-03-01,2011-03-01,0
15636,2011-09-01,2011-03-01,6
15637,2011-10-01,2011-10-01,0
15639,2011-07-01,2011-07-01,0
15640,2010-12-01,2010-12-01,0
15640,2011-01-01,2010-12-01,1
15640,2011-02-01,2010-12-01,2
15640,2011-04-01,2010-12-01,4
15640,2011-06-01,2010-12-01,6
15640,2011-07-01,2010-12-01,7
15640,2011-08-01,2010-12-01,8
15640,2011-09-01,2010-12-01,9
15640,2011-11-01,2010-12-01,11
15640,2011-12-01,2010-12-01,12
15641,2010-12-01,2010-12-01,0
15641,2011-03-01,2010-12-01,3
15641,2011-08-01,2010-12-01,8
15643,2011-03-01,2011-03-01,0
15643,2011-06-01,2011-03-01,3
15644,2011-03-01,2011-03-01,0
15644,2011-06-01,2011-03-01,3
15645,2011-11-01,2011-11-01,0
15646,2010-12-01,2010-12-01,0
15646,2011-04-01,2010-12-01,4
15646,2011-07-01,2010-12-01,7
15648,2011-03-01,2011-03-01,0
15648,2011-05-01,2011-03-01,2
15649,2010-12-01,2010-12-01,0
15649,2011-01-01,2010-12-01,1
15651,2011-03-01,2011-03-01,0
15651,2011-11-01,2011-03-01,8
15652,2011-09-01,2011-09-01,0
15653,2011-08-01,2011-08-01,0
15653,2011-09-01,2011-08-01,1
15654,2011-11-01,2011-11-01,0
15655,2011-04-01,2011-04-01,0
15656,2011-02-01,2011-02-01,0
15656,2011-05-01,2011-02-01,3
15656,2011-06-01,2011-02-01,4
15656,2011-10-01,2011-02-01,8
15657,2011-11-01,2011-11-01,0
15658,2010-12-01,2010-12-01,0
15658,2011-02-01,2010-12-01,2
15658,2011-03-01,2010-12-01,3
15658,2011-05-01,2010-12-01,5
15658,2011-06-01,2010-12-01,6
15659,2011-10-01,2011-10-01,0
15660,2010-12-01,2010-12-01,0
15660,2011-03-01,2010-12-01,3
15660,2011-05-01,2010-12-01,5
15660,2011-07-01,2010-12-01,7
15660,2011-09-01,2010-12-01,9
15660,2011-11-01,2010-12-01,11
15661,2011-01-01,2011-01-01,0
15663,2011-08-01,2011-08-01,0
15664,2011-10-01,2011-10-01,0
15665,2011-04-01,2011-04-01,0
15665,2011-06-01,2011-04-01,2
15667,2011-10-01,2011-10-01,0
15668,2011-05-01,2011-05-01,0
15669,2011-03-01,2011-03-01,0
15669,2011-06-01,2011-03-01,3
15669,2011-08-01,2011-03-01,5
15669,2011-10-01,2011-03-01,7
15670,2011-02-01,2011-02-01,0
15671,2011-03-01,2011-03-01,0
15671,2011-04-01,2011-03-01,1
15671,2011-08-01,2011-03-01,5
15671,2011-09-01,2011-03-01,6
15671,2011-11-01,2011-03-01,8
15673,2011-01-01,2011-01-01,0
15673,2011-05-01,2011-01-01,4
15673,2011-07-01,2011-01-01,6
15673,2011-09-01,2011-01-01,8
15674,2011-03-01,2011-03-01,0
15674,2011-04-01,2011-03-01,1
15674,2011-05-01,2011-03-01,2
15674,2011-09-01,2011-03-01,6
15675,2011-03-01,2011-03-01,0
15675,2011-07-01,2011-03-01,4
15675,2011-09-01,2011-03-01,6
15676,2011-03-01,2011-03-01,0
15676,2011-11-01,2011-03-01,8
15677,2011-10-01,2011-10-01,0
15678,2011-10-01,2011-10-01,0
15679,2011-06-01,2011-06-01,0
15679,2011-07-01,2011-06-01,1
15679,2011-11-01,2011-06-01,5
15680,2010-12-01,2010-12-01,0
15680,2011-10-01,2010-12-01,10
15680,2011-11-01,2010-12-01,11
15681,2011-03-01,2011-03-01,0
15681,2011-06-01,2011-03-01,3
15681,2011-11-01,2011-03-01,8
15683,2011-08-01,2011-08-01,0
15687,2011-01-01,2011-01-01,0
15687,2011-02-01,2011-01-01,1
15687,2011-03-01,2011-01-01,2
15687,2011-06-01,2011-01-01,5
15687,2011-10-01,2011-01-01,9
15687,2011-11-01,2011-01-01,10
15687,2011-12-01,2011-01-01,11
15689,2010-12-01,2010-12-01,0
15689,2011-08-01,2010-12-01,8
15690,2011-08-01,2011-08-01,0
15690,2011-12-01,2011-08-01,4
15691,2011-04-01,2011-04-01,0
15692,2011-11-01,2011-11-01,0
15694,2010-12-01,2010-12-01,0
15694,2011-01-01,2010-12-01,1
15694,2011-03-01,2010-12-01,3
15694,2011-04-01,2010-12-01,4
15694,2011-05-01,2010-12-01,5
15694,2011-06-01,2010-12-01,6
15694,2011-10-01,2010-12-01,10
15694,2011-11-01,2010-12-01,11
15694,2011-12-01,2010-12-01,12
15695,2011-03-01,2011-03-01,0
15696,2011-01-01,2011-01-01,0
15696,2011-03-01,2011-01-01,2
15696,2011-05-01,2011-01-01,4
15696,2011-09-01,2011-01-01,8
15696,2011-11-01,2011-01-01,10
15699,2011-11-01,2011-11-01,0
15700,2011-06-01,2011-06-01,0
15701,2011-08-01,2011-08-01,0
15701,2011-09-01,2011-08-01,1
15701,2011-10-01,2011-08-01,2
15701,2011-12-01,2011-08-01,4
15703,2011-03-01,2011-03-01,0
15704,2011-05-01,2011-05-01,0
15704,2011-06-01,2011-05-01,1
15704,2011-07-01,2011-05-01,2
15705,2011-05-01,2011-05-01,0
15706,2011-08-01,2011-08-01,0
15706,2011-09-01,2011-08-01,1
15706,2011-10-01,2011-08-01,2
15707,2011-09-01,2011-09-01,0
15707,2011-10-01,2011-09-01,1
15707,2011-11-01,2011-09-01,2
15708,2010-12-01,2010-12-01,0
15708,2011-01-01,2010-12-01,1
15708,2011-02-01,2010-12-01,2
15708,2011-05-01,2010-12-01,5
15708,2011-07-01,2010-12-01,7
15708,2011-10-01,2010-12-01,10
15709,2011-03-01,2011-03-01,0
15712,2011-02-01,2011-02-01,0
15712,2011-06-01,2011-02-01,4
15712,2011-08-01,2011-02-01,6
15712,2011-09-01,2011-02-01,7
15712,2011-11-01,2011-02-01,9
15713,2010-12-01,2010-12-01,0
15713,2011-07-01,2010-12-01,7
15714,2011-09-01,2011-09-01,0
15714,2011-11-01,2011-09-01,2
15716,2010-12-01,2010-12-01,0
15716,2011-03-01,2010-12-01,3
15716,2011-05-01,2010-12-01,5
15716,2011-07-01,2010-12-01,7
15717,2011-04-01,2011-04-01,0
15719,2011-01-01,2011-01-01,0
15719,2011-02-01,2011-01-01,1
15719,2011-03-01,2011-01-01,2
15719,2011-04-01,2011-01-01,3
15719,2011-05-01,2011-01-01,4
15719,2011-06-01,2011-01-01,5
15719,2011-07-01,2011-01-01,6
15719,2011-08-01,2011-01-01,7
15719,2011-09-01,2011-01-01,8
15719,2011-10-01,2011-01-01,9
15719,2011-11-01,2011-01-01,10
15720,2011-11-01,2011-11-01,0
15721,2011-11-01,2011-11-01,0
15722,2011-02-01,2011-02-01,0
15722,2011-06-01,2011-02-01,4
15722,2011-08-01,2011-02-01,6
15722,2011-11-01,2011-02-01,9
15723,2010-12-01,2010-12-01,0
15724,2011-02-01,2011-02-01,0
15724,2011-05-01,2011-02-01,3
15725,2011-11-01,2011-11-01,0
15727,2010-12-01,2010-12-01,0
15727,2011-01-01,2010-12-01,1
15727,2011-04-01,2010-12-01,4
15727,2011-05-01,2010-12-01,5
15727,2011-07-01,2010-12-01,7
15727,2011-08-01,2010-12-01,8
15727,2011-11-01,2010-12-01,11
15729,2011-05-01,2011-05-01,0
15730,2011-05-01,2011-05-01,0
15730,2011-09-01,2011-05-01,4
15730,2011-10-01,2011-05-01,5
15732,2010-12-01,2010-12-01,0
15732,2011-05-01,2010-12-01,5
15733,2011-03-01,2011-03-01,0
15734,2011-05-01,2011-05-01,0
15734,2011-08-01,2011-05-01,3
15737,2011-04-01,2011-04-01,0
15737,2011-06-01,2011-04-01,2
15737,2011-07-01,2011-04-01,3
15737,2011-09-01,2011-04-01,5
15737,2011-11-01,2011-04-01,7
15738,2010-12-01,2010-12-01,0
15738,2011-01-01,2010-12-01,1
15738,2011-02-01,2010-12-01,2
15738,2011-03-01,2010-12-01,3
15738,2011-04-01,2010-12-01,4
15738,2011-05-01,2010-12-01,5
15738,2011-06-01,2010-12-01,6
15738,2011-07-01,2010-12-01,7
15738,2011-08-01,2010-12-01,8
15738,2011-09-01,2010-12-01,9
15738,2011-10-01,2010-12-01,10
15738,2011-11-01,2010-12-01,11
15739,2011-10-01,2011-10-01,0
15740,2011-10-01,2011-10-01,0
15743,2011-06-01,2011-06-01,0
15743,2011-08-01,2011-06-01,2
15743,2011-11-01,2011-06-01,5
15744,2011-09-01,2011-09-01,0
15745,2011-04-01,2011-04-01,0
15745,2011-09-01,2011-04-01,5
15745,2011-11-01,2011-04-01,7
15746,2011-07-01,2011-07-01,0
15747,2011-06-01,2011-06-01,0
15747,2011-08-01,2011-06-01,2
15747,2011-11-01,2011-06-01,5
15748,2011-10-01,2011-10-01,0
15749,2011-01-01,2011-01-01,0
15749,2011-04-01,2011-01-01,3
15750,2010-12-01,2010-12-01,0
15750,2011-03-01,2010-12-01,3
15750,2011-06-01,2010-12-01,6
15750,2011-09-01,2010-12-01,9
15750,2011-11-01,2010-12-01,11
15750,2011-12-01,2010-12-01,12
15752,2010-12-01,2010-12-01,0
15752,2011-03-01,2010-12-01,3
15752,2011-04-01,2010-12-01,4
15752,2011-07-01,2010-12-01,7
15752,2011-08-01,2010-12-01,8
15752,2011-09-01,2010-12-01,9
15752,2011-10-01,2010-12-01,10
15753,2011-02-01,2011-02-01,0
15754,2011-04-01,2011-04-01,0
15754,2011-09-01,2011-04-01,5
15754,2011-10-01,2011-04-01,6
15755,2011-02-01,2011-02-01,0
15755,2011-04-01,2011-02-01,2
15755,2011-08-01,2011-02-01,6
15755,2011-09-01,2011-02-01,7
15755,2011-11-01,2011-02-01,9
15756,2011-04-01,2011-04-01,0
15756,2011-05-01,2011-04-01,1
15756,2011-07-01,2011-04-01,3
15756,2011-10-01,2011-04-01,6
15757,2011-05-01,2011-05-01,0
15757,2011-10-01,2011-05-01,5
15758,2011-11-01,2011-11-01,0
15759,2010-12-01,2010-12-01,0
15759,2011-02-01,2010-12-01,2
15759,2011-05-01,2010-12-01,5
15762,2011-09-01,2011-09-01,0
15762,2011-10-01,2011-09-01,1
15763,2011-09-01,2011-09-01,0
15763,2011-11-01,2011-09-01,2
15764,2011-03-01,2011-03-01,0
15764,2011-06-01,2011-03-01,3
15764,2011-08-01,2011-03-01,5
15764,2011-09-01,2011-03-01,6
15766,2011-10-01,2011-10-01,0
15768,2011-04-01,2011-04-01,0
15768,2011-05-01,2011-04-01,1
15768,2011-08-01,2011-04-01,4
15769,2010-12-01,2010-12-01,0
15769,2011-01-01,2010-12-01,1
15769,2011-02-01,2010-12-01,2
15769,2011-03-01,2010-12-01,3
15769,2011-04-01,2010-12-01,4
15769,2011-05-01,2010-12-01,5
15769,2011-06-01,2010-12-01,6
15769,2011-07-01,2010-12-01,7
15769,2011-08-01,2010-12-01,8
15769,2011-09-01,2010-12-01,9
15769,2011-10-01,2010-12-01,10
15769,2011-11-01,2010-12-01,11
15769,2011-12-01,2010-12-01,12
15773,2011-12-01,2011-12-01,0
15774,2011-10-01,2011-10-01,0
15775,2011-04-01,2011-04-01,0
15776,2011-07-01,2011-07-01,0
15777,2010-12-01,2010-12-01,0
15777,2011-01-01,2010-12-01,1
15777,2011-04-01,2010-12-01,4
15780,2010-12-01,2010-12-01,0
15780,2011-04-01,2010-12-01,4
15780,2011-06-01,2010-12-01,6
15781,2011-02-01,2011-02-01,0
15781,2011-07-01,2011-02-01,5
15781,2011-11-01,2011-02-01,9
15782,2011-09-01,2011-09-01,0
15782,2011-10-01,2011-09-01,1
15782,2011-11-01,2011-09-01,2
15783,2011-11-01,2011-11-01,0
15785,2011-02-01,2011-02-01,0
15785,2011-05-01,2011-02-01,3
15785,2011-07-01,2011-02-01,5
15785,2011-11-01,2011-02-01,9
15786,2011-08-01,2011-08-01,0
15786,2011-10-01,2011-08-01,2
15787,2011-10-01,2011-10-01,0
15787,2011-11-01,2011-10-01,1
15789,2010-12-01,2010-12-01,0
15790,2011-11-01,2011-11-01,0
15791,2011-05-01,2011-05-01,0
15791,2011-10-01,2011-05-01,5
15793,2011-03-01,2011-03-01,0
15793,2011-10-01,2011-03-01,7
15793,2011-11-01,2011-03-01,8
15795,2011-07-01,2011-07-01,0
15796,2011-02-01,2011-02-01,0
15796,2011-05-01,2011-02-01,3
15796,2011-06-01,2011-02-01,4
15796,2011-08-01,2011-02-01,6
15796,2011-09-01,2011-02-01,7
15796,2011-11-01,2011-02-01,9
15796,2011-12-01,2011-02-01,10
15797,2011-01-01,2011-01-01,0
15797,2011-02-01,2011-01-01,1
15797,2011-05-01,2011-01-01,4
15797,2011-08-01,2011-01-01,7
15799,2011-01-01,2011-01-01,0
15799,2011-06-01,2011-01-01,5
15799,2011-09-01,2011-01-01,8
15800,2011-04-01,2011-04-01,0
15800,2011-08-01,2011-04-01,4
15801,2011-08-01,2011-08-01,0
15801,2011-10-01,2011-08-01,2
15802,2011-07-01,2011-07-01,0
15803,2011-10-01,2011-10-01,0
15804,2011-05-01,2011-05-01,0
15804,2011-06-01,2011-05-01,1
15804,2011-07-01,2011-05-01,2
15804,2011-08-01,2011-05-01,3
15804,2011-09-01,2011-05-01,4
15804,2011-10-01,2011-05-01,5
15804,2011-11-01,2011-05-01,6
15804,2011-12-01,2011-05-01,7
15805,2010-12-01,2010-12-01,0
15805,2011-02-01,2010-12-01,2
15805,2011-04-01,2010-12-01,4
15805,2011-05-01,2010-12-01,5
15805,2011-06-01,2010-12-01,6
15805,2011-08-01,2010-12-01,8
15805,2011-10-01,2010-12-01,10
15805,2011-11-01,2010-12-01,11
15806,2011-03-01,2011-03-01,0
15806,2011-07-01,2011-03-01,4
15806,2011-10-01,2011-03-01,7
15807,2011-09-01,2011-09-01,0
15807,2011-10-01,2011-09-01,1
15808,2010-12-01,2010-12-01,0
15808,2011-01-01,2010-12-01,1
15808,2011-02-01,2010-12-01,2
15809,2011-02-01,2011-02-01,0
15809,2011-03-01,2011-02-01,1
15809,2011-05-01,2011-02-01,3
15809,2011-06-01,2011-02-01,4
15809,2011-11-01,2011-02-01,9
15810,2011-02-01,2011-02-01,0
15810,2011-04-01,2011-02-01,2
15810,2011-06-01,2011-02-01,4
15810,2011-09-01,2011-02-01,7
15811,2010-12-01,2010-12-01,0
15811,2011-02-01,2010-12-01,2
15811,2011-05-01,2010-12-01,5
15811,2011-08-01,2010-12-01,8
15811,2011-11-01,2010-12-01,11
15812,2011-01-01,2011-01-01,0
15812,2011-03-01,2011-01-01,2
15812,2011-06-01,2011-01-01,5
15812,2011-07-01,2011-01-01,6
15812,2011-08-01,2011-01-01,7
15813,2011-04-01,2011-04-01,0
15813,2011-05-01,2011-04-01,1
15814,2011-10-01,2011-10-01,0
15814,2011-11-01,2011-10-01,1
15815,2011-03-01,2011-03-01,0
15815,2011-04-01,2011-03-01,1
15815,2011-05-01,2011-03-01,2
15815,2011-07-01,2011-03-01,4
15815,2011-10-01,2011-03-01,7
15819,2011-03-01,2011-03-01,0
15819,2011-05-01,2011-03-01,2
15819,2011-07-01,2011-03-01,4
15819,2011-10-01,2011-03-01,7
15820,2011-01-01,2011-01-01,0
15821,2011-10-01,2011-10-01,0
15822,2010-12-01,2010-12-01,0
15822,2011-12-01,2010-12-01,12
15823,2010-12-01,2010-12-01,0
15825,2011-06-01,2011-06-01,0
15826,2011-05-01,2011-05-01,0
15826,2011-10-01,2011-05-01,5
15827,2010-12-01,2010-12-01,0
15827,2011-01-01,2010-12-01,1
15827,2011-02-01,2010-12-01,2
15827,2011-03-01,2010-12-01,3
15827,2011-04-01,2010-12-01,4
15827,2011-05-01,2010-12-01,5
15827,2011-06-01,2010-12-01,6
15827,2011-07-01,2010-12-01,7
15827,2011-08-01,2010-12-01,8
15827,2011-09-01,2010-12-01,9
15829,2011-07-01,2011-07-01,0
15829,2011-09-01,2011-07-01,2
15830,2011-11-01,2011-11-01,0
15831,2011-01-01,2011-01-01,0
15831,2011-08-01,2011-01-01,7
15831,2011-10-01,2011-01-01,9
15832,2011-03-01,2011-03-01,0
15834,2011-03-01,2011-03-01,0
15834,2011-06-01,2011-03-01,3
15834,2011-09-01,2011-03-01,6
15835,2011-01-01,2011-01-01,0
15835,2011-03-01,2011-01-01,2
15835,2011-07-01,2011-01-01,6
15835,2011-10-01,2011-01-01,9
15836,2011-10-01,2011-10-01,0
15837,2011-10-01,2011-10-01,0
15838,2010-12-01,2010-12-01,0
15838,2011-02-01,2010-12-01,2
15838,2011-03-01,2010-12-01,3
15838,2011-04-01,2010-12-01,4
15838,2011-05-01,2010-12-01,5
15838,2011-06-01,2010-12-01,6
15838,2011-08-01,2010-12-01,8
15838,2011-09-01,2010-12-01,9
15838,2011-10-01,2010-12-01,10
15838,2011-11-01,2010-12-01,11
15839,2011-07-01,2011-07-01,0
15839,2011-09-01,2011-07-01,2
15839,2011-11-01,2011-07-01,4
15840,2011-06-01,2011-06-01,0
15840,2011-10-01,2011-06-01,4
15841,2011-01-01,2011-01-01,0
15841,2011-05-01,2011-01-01,4
15841,2011-09-01,2011-01-01,8
15843,2011-02-01,2011-02-01,0
15844,2011-10-01,2011-10-01,0
15845,2011-01-01,2011-01-01,0
15845,2011-02-01,2011-01-01,1
15845,2011-05-01,2011-01-01,4
15845,2011-06-01,2011-01-01,5
15845,2011-07-01,2011-01-01,6
15845,2011-09-01,2011-01-01,8
15845,2011-11-01,2011-01-01,10
15847,2011-02-01,2011-02-01,0
15847,2011-11-01,2011-02-01,9
15850,2011-06-01,2011-06-01,0
15850,2011-11-01,2011-06-01,5
15852,2011-05-01,2011-05-01,0
15852,2011-06-01,2011-05-01,1
15853,2011-10-01,2011-10-01,0
15854,2010-12-01,2010-12-01,0
15854,2011-01-01,2010-12-01,1
15854,2011-02-01,2010-12-01,2
15854,2011-03-01,2010-12-01,3
15854,2011-05-01,2010-12-01,5
15854,2011-06-01,2010-12-01,6
15854,2011-07-01,2010-12-01,7
15854,2011-09-01,2010-12-01,9
15854,2011-12-01,2010-12-01,12
15855,2011-03-01,2011-03-01,0
15855,2011-04-01,2011-03-01,1
15855,2011-05-01,2011-03-01,2
15855,2011-06-01,2011-03-01,3
15855,2011-07-01,2011-03-01,4
15856,2010-12-01,2010-12-01,0
15856,2011-02-01,2010-12-01,2
15856,2011-03-01,2010-12-01,3
15856,2011-04-01,2010-12-01,4
15856,2011-05-01,2010-12-01,5
15856,2011-06-01,2010-12-01,6
15856,2011-07-01,2010-12-01,7
15856,2011-08-01,2010-12-01,8
15856,2011-09-01,2010-12-01,9
15856,2011-10-01,2010-12-01,10
15856,2011-12-01,2010-12-01,12
15857,2011-11-01,2011-11-01,0
15858,2010-12-01,2010-12-01,0
15858,2011-02-01,2010-12-01,2
15858,2011-09-01,2010-12-01,9
15858,2011-10-01,2010-12-01,10
15858,2011-11-01,2010-12-01,11
15860,2010-12-01,2010-12-01,0
15860,2011-04-01,2010-12-01,4
15860,2011-07-01,2010-12-01,7
15860,2011-08-01,2010-12-01,8
15860,2011-09-01,2010-12-01,9
15860,2011-10-01,2010-12-01,10
15861,2011-03-01,2011-03-01,0
15861,2011-07-01,2011-03-01,4
15861,2011-10-01,2011-03-01,7
15861,2011-11-01,2011-03-01,8
15862,2010-12-01,2010-12-01,0
15862,2011-05-01,2010-12-01,5
15862,2011-08-01,2010-12-01,8
15862,2011-12-01,2010-12-01,12
15863,2011-05-01,2011-05-01,0
15863,2011-11-01,2011-05-01,6
15864,2011-01-01,2011-01-01,0
15864,2011-06-01,2011-01-01,5
15864,2011-09-01,2011-01-01,8
15864,2011-10-01,2011-01-01,9
15864,2011-11-01,2011-01-01,10
15865,2011-05-01,2011-05-01,0
15865,2011-09-01,2011-05-01,4
15865,2011-10-01,2011-05-01,5
15866,2011-08-01,2011-08-01,0
15867,2010-12-01,2010-12-01,0
15867,2011-01-01,2010-12-01,1
15867,2011-02-01,2010-12-01,2
15867,2011-03-01,2010-12-01,3
15867,2011-04-01,2010-12-01,4
15867,2011-05-01,2010-12-01,5
15867,2011-06-01,2010-12-01,6
15867,2011-07-01,2010-12-01,7
15867,2011-08-01,2010-12-01,8
15867,2011-09-01,2010-12-01,9
15867,2011-11-01,2010-12-01,11
15867,2011-12-01,2010-12-01,12
15869,2011-03-01,2011-03-01,0
15870,2011-11-01,2011-11-01,0
15872,2011-11-01,2011-11-01,0
15874,2011-02-01,2011-02-01,0
15874,2011-03-01,2011-02-01,1
15874,2011-04-01,2011-02-01,2
15874,2011-05-01,2011-02-01,3
15874,2011-06-01,2011-02-01,4
15874,2011-10-01,2011-02-01,8
15877,2011-11-01,2011-11-01,0
15877,2011-12-01,2011-11-01,1
15880,2010-12-01,2010-12-01,0
15881,2010-12-01,2010-12-01,0
15881,2011-01-01,2010-12-01,1
15882,2010-12-01,2010-12-01,0
15882,2011-05-01,2010-12-01,5
15883,2011-11-01,2011-11-01,0
15883,2011-12-01,2011-11-01,1
15885,2011-02-01,2011-02-01,0
15885,2011-09-01,2011-02-01,7
15886,2011-10-01,2011-10-01,0
15888,2011-09-01,2011-09-01,0
15889,2010-12-01,2010-12-01,0
15889,2011-07-01,2010-12-01,7
15891,2011-04-01,2011-04-01,0
15894,2010-12-01,2010-12-01,0
15894,2011-03-01,2010-12-01,3
15895,2011-07-01,2011-07-01,0
15897,2011-05-01,2011-05-01,0
15898,2010-12-01,2010-12-01,0
15898,2011-03-01,2010-12-01,3
15898,2011-04-01,2010-12-01,4
15898,2011-12-01,2010-12-01,12
15899,2010-12-01,2010-12-01,0
15900,2011-11-01,2011-11-01,0
15901,2011-07-01,2011-07-01,0
15901,2011-09-01,2011-07-01,2
15901,2011-11-01,2011-07-01,4
15903,2011-02-01,2011-02-01,0
15903,2011-04-01,2011-02-01,2
15903,2011-09-01,2011-02-01,7
15903,2011-11-01,2011-02-01,9
15904,2011-12-01,2011-12-01,0
15906,2011-03-01,2011-03-01,0
15906,2011-05-01,2011-03-01,2
15906,2011-07-01,2011-03-01,4
15906,2011-10-01,2011-03-01,7
15906,2011-11-01,2011-03-01,8
15907,2011-05-01,2011-05-01,0
15907,2011-06-01,2011-05-01,1
15907,2011-12-01,2011-05-01,7
15909,2011-06-01,2011-06-01,0
15910,2011-01-01,2011-01-01,0
15910,2011-02-01,2011-01-01,1
15910,2011-04-01,2011-01-01,3
15910,2011-05-01,2011-01-01,4
15910,2011-09-01,2011-01-01,8
15910,2011-10-01,2011-01-01,9
15910,2011-11-01,2011-01-01,10
15910,2011-12-01,2011-01-01,11
15912,2011-04-01,2011-04-01,0
15912,2011-06-01,2011-04-01,2
15916,2010-12-01,2010-12-01,0
15916,2011-01-01,2010-12-01,1
15916,2011-04-01,2010-12-01,4
15916,2011-06-01,2010-12-01,6
15916,2011-09-01,2010-12-01,9
15916,2011-11-01,2010-12-01,11
15917,2011-04-01,2011-04-01,0
15918,2011-03-01,2011-03-01,0
15918,2011-06-01,2011-03-01,3
15919,2010-12-01,2010-12-01,0
15919,2011-11-01,2010-12-01,11
15920,2011-07-01,2011-07-01,0
15921,2011-06-01,2011-06-01,0
15922,2010-12-01,2010-12-01,0
15923,2010-12-01,2010-12-01,0
15925,2011-05-01,2011-05-01,0
15930,2011-10-01,2011-10-01,0
15932,2011-02-01,2011-02-01,0
15932,2011-03-01,2011-02-01,1
15932,2011-04-01,2011-02-01,2
15932,2011-05-01,2011-02-01,3
15932,2011-06-01,2011-02-01,4
15932,2011-08-01,2011-02-01,6
15932,2011-09-01,2011-02-01,7
15932,2011-12-01,2011-02-01,10
15933,2011-09-01,2011-09-01,0
15933,2011-11-01,2011-09-01,2
15935,2011-04-01,2011-04-01,0
15937,2011-10-01,2011-10-01,0
15938,2011-01-01,2011-01-01,0
15938,2011-03-01,2011-01-01,2
15938,2011-04-01,2011-01-01,3
15938,2011-05-01,2011-01-01,4
15938,2011-08-01,2011-01-01,7
15939,2011-01-01,2011-01-01,0
15939,2011-02-01,2011-01-01,1
15939,2011-03-01,2011-01-01,2
15939,2011-04-01,2011-01-01,3
15939,2011-05-01,2011-01-01,4
15939,2011-06-01,2011-01-01,5
15939,2011-07-01,2011-01-01,6
15939,2011-08-01,2011-01-01,7
15939,2011-09-01,2011-01-01,8
15940,2011-02-01,2011-02-01,0
15942,2011-07-01,2011-07-01,0
15944,2011-03-01,2011-03-01,0
15945,2010-12-01,2010-12-01,0
15947,2011-09-01,2011-09-01,0
15948,2011-10-01,2011-10-01,0
15948,2011-12-01,2011-10-01,2
15949,2011-09-01,2011-09-01,0
15949,2011-11-01,2011-09-01,2
15950,2010-12-01,2010-12-01,0
15950,2011-08-01,2010-12-01,8
15950,2011-09-01,2010-12-01,9
15950,2011-11-01,2010-12-01,11
15951,2011-02-01,2011-02-01,0
15951,2011-12-01,2011-02-01,10
15952,2011-04-01,2011-04-01,0
15952,2011-07-01,2011-04-01,3
15952,2011-10-01,2011-04-01,6
15952,2011-11-01,2011-04-01,7
15953,2010-12-01,2010-12-01,0
15953,2011-01-01,2010-12-01,1
15953,2011-03-01,2010-12-01,3
15953,2011-05-01,2010-12-01,5
15953,2011-10-01,2010-12-01,10
15953,2011-11-01,2010-12-01,11
15955,2010-12-01,2010-12-01,0
15955,2011-04-01,2010-12-01,4
15955,2011-05-01,2010-12-01,5
15955,2011-08-01,2010-12-01,8
15955,2011-09-01,2010-12-01,9
15955,2011-10-01,2010-12-01,10
15955,2011-11-01,2010-12-01,11
15957,2011-11-01,2011-11-01,0
15958,2011-09-01,2011-09-01,0
15963,2011-10-01,2011-10-01,0
15963,2011-11-01,2011-10-01,1
15965,2010-12-01,2010-12-01,0
15965,2011-11-01,2010-12-01,11
15967,2011-01-01,2011-01-01,0
15967,2011-11-01,2011-01-01,10
15969,2011-06-01,2011-06-01,0
15969,2011-10-01,2011-06-01,4
15969,2011-12-01,2011-06-01,6
15970,2011-02-01,2011-02-01,0
15971,2011-02-01,2011-02-01,0
15971,2011-03-01,2011-02-01,1
15971,2011-04-01,2011-02-01,2
15971,2011-07-01,2011-02-01,5
15971,2011-08-01,2011-02-01,6
15971,2011-09-01,2011-02-01,7
15971,2011-10-01,2011-02-01,8
15971,2011-11-01,2011-02-01,9
15973,2010-12-01,2010-12-01,0
15974,2011-02-01,2011-02-01,0
15974,2011-03-01,2011-02-01,1
15974,2011-05-01,2011-02-01,3
15974,2011-06-01,2011-02-01,4
15974,2011-07-01,2011-02-01,5
15974,2011-09-01,2011-02-01,7
15974,2011-10-01,2011-02-01,8
15975,2011-09-01,2011-09-01,0
15976,2011-05-01,2011-05-01,0
15976,2011-06-01,2011-05-01,1
15977,2011-10-01,2011-10-01,0
15977,2011-11-01,2011-10-01,1
15978,2011-09-01,2011-09-01,0
15980,2011-03-01,2011-03-01,0
15980,2011-09-01,2011-03-01,6
15981,2011-02-01,2011-02-01,0
15981,2011-03-01,2011-02-01,1
15981,2011-04-01,2011-02-01,2
15981,2011-05-01,2011-02-01,3
15981,2011-06-01,2011-02-01,4
15981,2011-07-01,2011-02-01,5
15981,2011-09-01,2011-02-01,7
15981,2011-11-01,2011-02-01,9
15983,2010-12-01,2010-12-01,0
15983,2011-11-01,2010-12-01,11
15984,2010-12-01,2010-12-01,0
15984,2011-01-01,2010-12-01,1
15984,2011-02-01,2010-12-01,2
15984,2011-03-01,2010-12-01,3
15984,2011-04-01,2010-12-01,4
15984,2011-08-01,2010-12-01,8
15984,2011-09-01,2010-12-01,9
15984,2011-12-01,2010-12-01,12
15985,2011-04-01,2011-04-01,0
15985,2011-08-01,2011-04-01,4
15986,2011-11-01,2011-11-01,0
15987,2010-12-01,2010-12-01,0
15987,2011-05-01,2010-12-01,5
15987,2011-07-01,2010-12-01,7
15987,2011-08-01,2010-12-01,8
15987,2011-11-01,2010-12-01,11
15988,2011-11-01,2011-11-01,0
15990,2011-02-01,2011-02-01,0
15990,2011-10-01,2011-02-01,8
15992,2011-12-01,2011-12-01,0
15993,2011-10-01,2011-10-01,0
15993,2011-11-01,2011-10-01,1
15993,2011-12-01,2011-10-01,2
15994,2011-10-01,2011-10-01,0
15996,2010-12-01,2010-12-01,0
15996,2011-02-01,2010-12-01,2
15996,2011-03-01,2010-12-01,3
15996,2011-06-01,2010-12-01,6
15996,2011-08-01,2010-12-01,8
15996,2011-09-01,2010-12-01,9
15998,2010-12-01,2010-12-01,0
15998,2011-03-01,2010-12-01,3
15998,2011-06-01,2010-12-01,6
15998,2011-09-01,2010-12-01,9
15998,2011-11-01,2010-12-01,11
16000,2011-12-01,2011-12-01,0
16003,2010-12-01,2010-12-01,0
16003,2011-06-01,2010-12-01,6
16003,2011-07-01,2010-12-01,7
16003,2011-11-01,2010-12-01,11
16005,2011-03-01,2011-03-01,0
16005,2011-06-01,2011-03-01,3
16005,2011-11-01,2011-03-01,8
16006,2011-05-01,2011-05-01,0
16007,2011-05-01,2011-05-01,0
16007,2011-06-01,2011-05-01,1
16007,2011-10-01,2011-05-01,5
16008,2011-05-01,2011-05-01,0
16008,2011-09-01,2011-05-01,4
16008,2011-11-01,2011-05-01,6
16009,2011-07-01,2011-07-01,0
16009,2011-10-01,2011-07-01,3
16009,2011-11-01,2011-07-01,4
16010,2010-12-01,2010-12-01,0
16010,2011-04-01,2010-12-01,4
16011,2010-12-01,2010-12-01,0
16011,2011-02-01,2010-12-01,2
16011,2011-03-01,2010-12-01,3
16011,2011-04-01,2010-12-01,4
16011,2011-06-01,2010-12-01,6
16011,2011-07-01,2010-12-01,7
16011,2011-08-01,2010-12-01,8
16011,2011-09-01,2010-12-01,9
16011,2011-10-01,2010-12-01,10
16011,2011-11-01,2010-12-01,11
16011,2011-12-01,2010-12-01,12
16012,2011-07-01,2011-07-01,0
16012,2011-08-01,2011-07-01,1
16012,2011-11-01,2011-07-01,4
16013,2010-12-01,2010-12-01,0
16013,2011-01-01,2010-12-01,1
16013,2011-02-01,2010-12-01,2
16013,2011-03-01,2010-12-01,3
16013,2011-04-01,2010-12-01,4
16013,2011-05-01,2010-12-01,5
16013,2011-06-01,2010-12-01,6
16013,2011-07-01,2010-12-01,7
16013,2011-08-01,2010-12-01,8
16013,2011-09-01,2010-12-01,9
16013,2011-10-01,2010-12-01,10
16013,2011-11-01,2010-12-01,11
16013,2011-12-01,2010-12-01,12
16014,2011-02-01,2011-02-01,0
16014,2011-07-01,2011-02-01,5
16014,2011-11-01,2011-02-01,9
16015,2011-10-01,2011-10-01,0
16015,2011-11-01,2011-10-01,1
16015,2011-12-01,2011-10-01,2
16016,2010-12-01,2010-12-01,0
16016,2011-04-01,2010-12-01,4
16016,2011-05-01,2010-12-01,5
16016,2011-09-01,2010-12-01,9
16016,2011-11-01,2010-12-01,11
16016,2011-12-01,2010-12-01,12
16017,2011-10-01,2011-10-01,0
16018,2011-06-01,2011-06-01,0
16018,2011-10-01,2011-06-01,4
16019,2010-12-01,2010-12-01,0
16019,2011-01-01,2010-12-01,1
16019,2011-02-01,2010-12-01,2
16019,2011-03-01,2010-12-01,3
16019,2011-04-01,2010-12-01,4
16019,2011-07-01,2010-12-01,7
16019,2011-10-01,2010-12-01,10
16020,2011-10-01,2011-10-01,0
16020,2011-11-01,2011-10-01,1
16022,2011-03-01,2011-03-01,0
16023,2011-03-01,2011-03-01,0
16023,2011-05-01,2011-03-01,2
16023,2011-10-01,2011-03-01,7
16024,2011-11-01,2011-11-01,0
16025,2011-11-01,2011-11-01,0
16026,2011-10-01,2011-10-01,0
16027,2011-02-01,2011-02-01,0
16027,2011-05-01,2011-02-01,3
16027,2011-06-01,2011-02-01,4
16027,2011-07-01,2011-02-01,5
16027,2011-09-01,2011-02-01,7
16029,2010-12-01,2010-12-01,0
16029,2011-01-01,2010-12-01,1
16029,2011-02-01,2010-12-01,2
16029,2011-03-01,2010-12-01,3
16029,2011-04-01,2010-12-01,4
16029,2011-05-01,2010-12-01,5
16029,2011-06-01,2010-12-01,6
16029,2011-07-01,2010-12-01,7
16029,2011-08-01,2010-12-01,8
16029,2011-09-01,2010-12-01,9
16029,2011-10-01,2010-12-01,10
16029,2011-11-01,2010-12-01,11
16030,2011-02-01,2011-02-01,0
16031,2011-04-01,2011-04-01,0
16031,2011-09-01,2011-04-01,5
16033,2010-12-01,2010-12-01,0
16033,2011-01-01,2010-12-01,1
16033,2011-02-01,2010-12-01,2
16033,2011-03-01,2010-12-01,3
16033,2011-04-01,2010-12-01,4
16033,2011-05-01,2010-12-01,5
16033,2011-06-01,2010-12-01,6
16033,2011-07-01,2010-12-01,7
16033,2011-08-01,2010-12-01,8
16033,2011-09-01,2010-12-01,9
16033,2011-10-01,2010-12-01,10
16033,2011-11-01,2010-12-01,11
16033,2011-12-01,2010-12-01,12
16034,2011-01-01,2011-01-01,0
16034,2011-05-01,2011-01-01,4
16036,2011-03-01,2011-03-01,0
16036,2011-09-01,2011-03-01,6
16037,2010-12-01,2010-12-01,0
16037,2011-02-01,2010-12-01,2
16037,2011-03-01,2010-12-01,3
16038,2011-05-01,2011-05-01,0
16038,2011-06-01,2011-05-01,1
16038,2011-12-01,2011-05-01,7
16040,2011-03-01,2011-03-01,0
16040,2011-07-01,2011-03-01,4
16040,2011-10-01,2011-03-01,7
16041,2011-07-01,2011-07-01,0
16041,2011-11-01,2011-07-01,4
16042,2011-01-01,2011-01-01,0
16042,2011-08-01,2011-01-01,7
16042,2011-10-01,2011-01-01,9
16042,2011-11-01,2011-01-01,10
16043,2011-01-01,2011-01-01,0
16043,2011-04-01,2011-01-01,3
16043,2011-05-01,2011-01-01,4
16043,2011-11-01,2011-01-01,10
16045,2011-02-01,2011-02-01,0
16045,2011-04-01,2011-02-01,2
16045,2011-06-01,2011-02-01,4
16045,2011-08-01,2011-02-01,6
16048,2010-12-01,2010-12-01,0
16049,2011-09-01,2011-09-01,0
16049,2011-10-01,2011-09-01,1
16050,2011-06-01,2011-06-01,0
16052,2011-10-01,2011-10-01,0
16053,2011-08-01,2011-08-01,0
16053,2011-11-01,2011-08-01,3
16054,2011-07-01,2011-07-01,0
16055,2011-05-01,2011-05-01,0
16056,2011-10-01,2011-10-01,0
16057,2011-02-01,2011-02-01,0
16057,2011-05-01,2011-02-01,3
16057,2011-09-01,2011-02-01,7
16057,2011-11-01,2011-02-01,9
16059,2010-12-01,2010-12-01,0
16059,2011-01-01,2010-12-01,1
16059,2011-03-01,2010-12-01,3
16059,2011-06-01,2010-12-01,6
16059,2011-09-01,2010-12-01,9
16059,2011-10-01,2010-12-01,10
16062,2010-12-01,2010-12-01,0
16062,2011-04-01,2010-12-01,4
16062,2011-07-01,2010-12-01,7
16062,2011-11-01,2010-12-01,11
16063,2011-03-01,2011-03-01,0
16065,2010-12-01,2010-12-01,0
16066,2011-08-01,2011-08-01,0
16066,2011-10-01,2011-08-01,2
16066,2011-11-01,2011-08-01,3
16070,2011-11-01,2011-11-01,0
16071,2011-10-01,2011-10-01,0
16072,2011-02-01,2011-02-01,0
16073,2011-02-01,2011-02-01,0
16076,2011-05-01,2011-05-01,0
16076,2011-07-01,2011-05-01,2
16076,2011-08-01,2011-05-01,3
16076,2011-09-01,2011-05-01,4
16076,2011-10-01,2011-05-01,5
16076,2011-11-01,2011-05-01,6
16076,2011-12-01,2011-05-01,7
16078,2011-03-01,2011-03-01,0
16079,2011-10-01,2011-10-01,0
16079,2011-11-01,2011-10-01,1
16080,2011-03-01,2011-03-01,0
16080,2011-09-01,2011-03-01,6
16081,2010-12-01,2010-12-01,0
16081,2011-03-01,2010-12-01,3
16081,2011-06-01,2010-12-01,6
16081,2011-09-01,2010-12-01,9
16081,2011-10-01,2010-12-01,10
16083,2010-12-01,2010-12-01,0
16083,2011-08-01,2010-12-01,8
16084,2011-02-01,2011-02-01,0
16085,2011-01-01,2011-01-01,0
16085,2011-04-01,2011-01-01,3
16085,2011-09-01,2011-01-01,8
16085,2011-10-01,2011-01-01,9
16085,2011-11-01,2011-01-01,10
16086,2010-12-01,2010-12-01,0
16086,2011-02-01,2010-12-01,2
16086,2011-05-01,2010-12-01,5
16086,2011-09-01,2010-12-01,9
16086,2011-10-01,2010-12-01,10
16091,2011-05-01,2011-05-01,0
16091,2011-07-01,2011-05-01,2
16092,2011-03-01,2011-03-01,0
16092,2011-05-01,2011-03-01,2
16092,2011-08-01,2011-03-01,5
16093,2011-08-01,2011-08-01,0
16094,2011-05-01,2011-05-01,0
16094,2011-11-01,2011-05-01,6
16096,2011-03-01,2011-03-01,0
16097,2011-04-01,2011-04-01,0
16098,2010-12-01,2010-12-01,0
16098,2011-02-01,2010-12-01,2
16098,2011-04-01,2010-12-01,4
16098,2011-06-01,2010-12-01,6
16098,2011-07-01,2010-12-01,7
16098,2011-08-01,2010-12-01,8
16098,2011-09-01,2010-12-01,9
16099,2011-04-01,2011-04-01,0
16099,2011-07-01,2011-04-01,3
16099,2011-10-01,2011-04-01,6
16101,2011-09-01,2011-09-01,0
16102,2011-08-01,2011-08-01,0
16102,2011-09-01,2011-08-01,1
16102,2011-10-01,2011-08-01,2
16103,2011-04-01,2011-04-01,0
16103,2011-06-01,2011-04-01,2
16103,2011-07-01,2011-04-01,3
16103,2011-09-01,2011-04-01,5
16103,2011-12-01,2011-04-01,8
16104,2011-10-01,2011-10-01,0
16105,2011-04-01,2011-04-01,0
16106,2011-10-01,2011-10-01,0
16107,2011-06-01,2011-06-01,0
16107,2011-07-01,2011-06-01,1
16107,2011-08-01,2011-06-01,2
16107,2011-09-01,2011-06-01,3
16107,2011-10-01,2011-06-01,4
16107,2011-11-01,2011-06-01,5
16108,2011-09-01,2011-09-01,0
16109,2011-02-01,2011-02-01,0
16109,2011-05-01,2011-02-01,3
16110,2011-02-01,2011-02-01,0
16110,2011-03-01,2011-02-01,1
16110,2011-10-01,2011-02-01,8
16112,2011-01-01,2011-01-01,0
16112,2011-07-01,2011-01-01,6
16113,2011-06-01,2011-06-01,0
16114,2011-06-01,2011-06-01,0
16115,2011-02-01,2011-02-01,0
16115,2011-03-01,2011-02-01,1
16115,2011-05-01,2011-02-01,3
16115,2011-06-01,2011-02-01,4
16115,2011-08-01,2011-02-01,6
16115,2011-09-01,2011-02-01,7
16115,2011-10-01,2011-02-01,8
16115,2011-11-01,2011-02-01,9
16116,2011-05-01,2011-05-01,0
16117,2011-06-01,2011-06-01,0
16119,2011-09-01,2011-09-01,0
16119,2011-12-01,2011-09-01,3
16120,2011-10-01,2011-10-01,0
16121,2011-05-01,2011-05-01,0
16121,2011-10-01,2011-05-01,5
16122,2010-12-01,2010-12-01,0
16122,2011-01-01,2010-12-01,1
16122,2011-08-01,2010-12-01,8
16122,2011-09-01,2010-12-01,9
16123,2011-10-01,2011-10-01,0
16124,2011-01-01,2011-01-01,0
16125,2010-12-01,2010-12-01,0
16126,2011-02-01,2011-02-01,0
16126,2011-06-01,2011-02-01,4
16126,2011-08-01,2011-02-01,6
16126,2011-11-01,2011-02-01,9
16127,2011-10-01,2011-10-01,0
16128,2011-03-01,2011-03-01,0
16128,2011-07-01,2011-03-01,4
16128,2011-09-01,2011-03-01,6
16128,2011-11-01,2011-03-01,8
16131,2011-04-01,2011-04-01,0
16131,2011-05-01,2011-04-01,1
16131,2011-08-01,2011-04-01,4
16131,2011-10-01,2011-04-01,6
16133,2011-01-01,2011-01-01,0
16133,2011-02-01,2011-01-01,1
16133,2011-04-01,2011-01-01,3
16133,2011-05-01,2011-01-01,4
16133,2011-06-01,2011-01-01,5
16133,2011-07-01,2011-01-01,6
16133,2011-08-01,2011-01-01,7
16133,2011-09-01,2011-01-01,8
16133,2011-10-01,2011-01-01,9
16133,2011-11-01,2011-01-01,10
16133,2011-12-01,2011-01-01,11
16134,2010-12-01,2010-12-01,0
16134,2011-11-01,2010-12-01,11
16135,2011-03-01,2011-03-01,0
16136,2011-03-01,2011-03-01,0
16136,2011-09-01,2011-03-01,6
16136,2011-10-01,2011-03-01,7
16139,2011-05-01,2011-05-01,0
16139,2011-08-01,2011-05-01,3
16139,2011-11-01,2011-05-01,6
16140,2010-12-01,2010-12-01,0
16140,2011-10-01,2010-12-01,10
16141,2011-09-01,2011-09-01,0
16142,2011-04-01,2011-04-01,0
16143,2010-12-01,2010-12-01,0
16143,2011-02-01,2010-12-01,2
16143,2011-05-01,2010-12-01,5
16143,2011-08-01,2010-12-01,8
16143,2011-12-01,2010-12-01,12
16144,2011-04-01,2011-04-01,0
16145,2010-12-01,2010-12-01,0
16145,2011-01-01,2010-12-01,1
16145,2011-02-01,2010-12-01,2
16145,2011-04-01,2010-12-01,4
16145,2011-06-01,2010-12-01,6
16145,2011-07-01,2010-12-01,7
16145,2011-08-01,2010-12-01,8
16145,2011-09-01,2010-12-01,9
16145,2011-10-01,2010-12-01,10
16145,2011-12-01,2010-12-01,12
16146,2011-04-01,2011-04-01,0
16146,2011-05-01,2011-04-01,1
16146,2011-07-01,2011-04-01,3
16147,2011-07-01,2011-07-01,0
16148,2011-02-01,2011-02-01,0
16149,2011-07-01,2011-07-01,0
16149,2011-12-01,2011-07-01,5
16150,2010-12-01,2010-12-01,0
16150,2011-03-01,2010-12-01,3
16150,2011-08-01,2010-12-01,8
16150,2011-09-01,2010-12-01,9
16150,2011-10-01,2010-12-01,10
16152,2011-03-01,2011-03-01,0
16153,2010-12-01,2010-12-01,0
16153,2011-05-01,2010-12-01,5
16153,2011-06-01,2010-12-01,6
16153,2011-08-01,2010-12-01,8
16153,2011-10-01,2010-12-01,10
16156,2011-02-01,2011-02-01,0
16156,2011-03-01,2011-02-01,1
16156,2011-05-01,2011-02-01,3
16156,2011-07-01,2011-02-01,5
16156,2011-09-01,2011-02-01,7
16156,2011-10-01,2011-02-01,8
16156,2011-11-01,2011-02-01,9
16156,2011-12-01,2011-02-01,10
16157,2011-09-01,2011-09-01,0
16157,2011-11-01,2011-09-01,2
16159,2011-03-01,2011-03-01,0
16160,2011-09-01,2011-09-01,0
16160,2011-10-01,2011-09-01,1
16161,2010-12-01,2010-12-01,0
16161,2011-01-01,2010-12-01,1
16161,2011-02-01,2010-12-01,2
16161,2011-04-01,2010-12-01,4
16161,2011-05-01,2010-12-01,5
16161,2011-06-01,2010-12-01,6
16161,2011-07-01,2010-12-01,7
16161,2011-09-01,2010-12-01,9
16161,2011-10-01,2010-12-01,10
16161,2011-11-01,2010-12-01,11
16161,2011-12-01,2010-12-01,12
16162,2011-04-01,2011-04-01,0
16163,2010-12-01,2010-12-01,0
16163,2011-04-01,2010-12-01,4
16164,2011-10-01,2011-10-01,0
16164,2011-11-01,2011-10-01,1
16168,2010-12-01,2010-12-01,0
16168,2011-01-01,2010-12-01,1
16168,2011-03-01,2010-12-01,3
16168,2011-04-01,2010-12-01,4
16168,2011-05-01,2010-12-01,5
16168,2011-06-01,2010-12-01,6
16168,2011-07-01,2010-12-01,7
16168,2011-08-01,2010-12-01,8
16168,2011-09-01,2010-12-01,9
16168,2011-10-01,2010-12-01,10
16168,2011-11-01,2010-12-01,11
16169,2011-09-01,2011-09-01,0
16169,2011-10-01,2011-09-01,1
16169,2011-11-01,2011-09-01,2
16169,2011-12-01,2011-09-01,3
16170,2011-04-01,2011-04-01,0
16170,2011-06-01,2011-04-01,2
16170,2011-07-01,2011-04-01,3
16170,2011-08-01,2011-04-01,4
16170,2011-10-01,2011-04-01,6
16171,2011-10-01,2011-10-01,0
16172,2011-04-01,2011-04-01,0
16172,2011-06-01,2011-04-01,2
16172,2011-08-01,2011-04-01,4
16172,2011-09-01,2011-04-01,5
16173,2011-09-01,2011-09-01,0
16173,2011-10-01,2011-09-01,1
16173,2011-11-01,2011-09-01,2
16174,2011-07-01,2011-07-01,0
16174,2011-08-01,2011-07-01,1
16175,2011-04-01,2011-04-01,0
16175,2011-05-01,2011-04-01,1
16175,2011-06-01,2011-04-01,2
16175,2011-09-01,2011-04-01,5
16177,2011-10-01,2011-10-01,0
16178,2011-07-01,2011-07-01,0
16179,2011-10-01,2011-10-01,0
16180,2011-04-01,2011-04-01,0
16180,2011-05-01,2011-04-01,1
16180,2011-06-01,2011-04-01,2
16180,2011-07-01,2011-04-01,3
16180,2011-08-01,2011-04-01,4
16181,2011-09-01,2011-09-01,0
16182,2011-02-01,2011-02-01,0
16182,2011-05-01,2011-02-01,3
16182,2011-08-01,2011-02-01,6
16182,2011-09-01,2011-02-01,7
16183,2011-10-01,2011-10-01,0
16184,2011-05-01,2011-05-01,0
16184,2011-06-01,2011-05-01,1
16184,2011-07-01,2011-05-01,2
16184,2011-08-01,2011-05-01,3
16184,2011-10-01,2011-05-01,5
16185,2011-04-01,2011-04-01,0
16185,2011-11-01,2011-04-01,7
16186,2010-12-01,2010-12-01,0
16186,2011-04-01,2010-12-01,4
16186,2011-05-01,2010-12-01,5
16186,2011-06-01,2010-12-01,6
16186,2011-07-01,2010-12-01,7
16186,2011-08-01,2010-12-01,8
16186,2011-10-01,2010-12-01,10
16186,2011-11-01,2010-12-01,11
16187,2011-02-01,2011-02-01,0
16187,2011-04-01,2011-02-01,2
16187,2011-05-01,2011-02-01,3
16187,2011-06-01,2011-02-01,4
16187,2011-08-01,2011-02-01,6
16187,2011-09-01,2011-02-01,7
16187,2011-10-01,2011-02-01,8
16187,2011-11-01,2011-02-01,9
16188,2011-04-01,2011-04-01,0
16188,2011-07-01,2011-04-01,3
16188,2011-10-01,2011-04-01,6
16189,2011-09-01,2011-09-01,0
16189,2011-11-01,2011-09-01,2
16190,2011-10-01,2011-10-01,0
16191,2010-12-01,2010-12-01,0
16191,2011-01-01,2010-12-01,1
16191,2011-02-01,2010-12-01,2
16191,2011-03-01,2010-12-01,3
16191,2011-10-01,2010-12-01,10
16191,2011-11-01,2010-12-01,11
16191,2011-12-01,2010-12-01,12
16193,2011-04-01,2011-04-01,0
16198,2011-09-01,2011-09-01,0
16200,2011-06-01,2011-06-01,0
16200,2011-12-01,2011-06-01,6
16201,2011-08-01,2011-08-01,0
16201,2011-10-01,2011-08-01,2
16201,2011-11-01,2011-08-01,3
16201,2011-12-01,2011-08-01,4
16202,2010-12-01,2010-12-01,0
16203,2010-12-01,2010-12-01,0
16203,2011-04-01,2010-12-01,4
16203,2011-07-01,2010-12-01,7
16203,2011-10-01,2010-12-01,10
16204,2011-11-01,2011-11-01,0
16205,2011-06-01,2011-06-01,0
16205,2011-10-01,2011-06-01,4
16205,2011-11-01,2011-06-01,5
16206,2011-01-01,2011-01-01,0
16206,2011-05-01,2011-01-01,4
16206,2011-08-01,2011-01-01,7
16206,2011-10-01,2011-01-01,9
16207,2011-11-01,2011-11-01,0
16208,2011-02-01,2011-02-01,0
16208,2011-10-01,2011-02-01,8
16209,2011-04-01,2011-04-01,0
16209,2011-06-01,2011-04-01,2
16209,2011-08-01,2011-04-01,4
16209,2011-09-01,2011-04-01,5
16210,2010-12-01,2010-12-01,0
16210,2011-01-01,2010-12-01,1
16210,2011-02-01,2010-12-01,2
16210,2011-05-01,2010-12-01,5
16210,2011-08-01,2010-12-01,8
16210,2011-09-01,2010-12-01,9
16210,2011-10-01,2010-12-01,10
16210,2011-11-01,2010-12-01,11
16210,2011-12-01,2010-12-01,12
16211,2011-09-01,2011-09-01,0
16212,2011-03-01,2011-03-01,0
16212,2011-11-01,2011-03-01,8
16213,2011-09-01,2011-09-01,0
16214,2011-03-01,2011-03-01,0
16214,2011-04-01,2011-03-01,1
16214,2011-06-01,2011-03-01,3
16215,2011-09-01,2011-09-01,0
16216,2011-03-01,2011-03-01,0
16217,2011-03-01,2011-03-01,0
16217,2011-04-01,2011-03-01,1
16218,2010-12-01,2010-12-01,0
16218,2011-03-01,2010-12-01,3
16218,2011-05-01,2010-12-01,5
16218,2011-07-01,2010-12-01,7
16218,2011-08-01,2010-12-01,8
16218,2011-11-01,2010-12-01,11
16221,2010-12-01,2010-12-01,0
16221,2011-03-01,2010-12-01,3
16221,2011-11-01,2010-12-01,11
16222,2011-01-01,2011-01-01,0
16224,2011-04-01,2011-04-01,0
16224,2011-07-01,2011-04-01,3
16224,2011-10-01,2011-04-01,6
16225,2011-03-01,2011-03-01,0
16225,2011-06-01,2011-03-01,3
16225,2011-07-01,2011-03-01,4
16225,2011-10-01,2011-03-01,7
16226,2011-04-01,2011-04-01,0
16226,2011-05-01,2011-04-01,1
16227,2011-04-01,2011-04-01,0
16229,2011-05-01,2011-05-01,0
16229,2011-09-01,2011-05-01,4
16230,2011-05-01,2011-05-01,0
16230,2011-06-01,2011-05-01,1
16232,2011-05-01,2011-05-01,0
16232,2011-07-01,2011-05-01,2
16232,2011-10-01,2011-05-01,5
16233,2010-12-01,2010-12-01,0
16233,2011-01-01,2010-12-01,1
16233,2011-09-01,2010-12-01,9
16235,2011-01-01,2011-01-01,0
16235,2011-02-01,2011-01-01,1
16235,2011-06-01,2011-01-01,5
16235,2011-09-01,2011-01-01,8
16235,2011-10-01,2011-01-01,9
16236,2011-09-01,2011-09-01,0
16239,2011-06-01,2011-06-01,0
16239,2011-10-01,2011-06-01,4
16240,2011-09-01,2011-09-01,0
16240,2011-11-01,2011-09-01,2
16241,2010-12-01,2010-12-01,0
16241,2011-01-01,2010-12-01,1
16241,2011-04-01,2010-12-01,4
16241,2011-05-01,2010-12-01,5
16241,2011-06-01,2010-12-01,6
16241,2011-07-01,2010-12-01,7
16241,2011-08-01,2010-12-01,8
16241,2011-09-01,2010-12-01,9
16241,2011-10-01,2010-12-01,10
16241,2011-11-01,2010-12-01,11
16242,2011-03-01,2011-03-01,0
16242,2011-05-01,2011-03-01,2
16242,2011-06-01,2011-03-01,3
16242,2011-10-01,2011-03-01,7
16242,2011-11-01,2011-03-01,8
16242,2011-12-01,2011-03-01,9
16243,2011-10-01,2011-10-01,0
16243,2011-11-01,2011-10-01,1
16244,2010-12-01,2010-12-01,0
16244,2011-05-01,2010-12-01,5
16245,2011-03-01,2011-03-01,0
16245,2011-08-01,2011-03-01,5
16245,2011-11-01,2011-03-01,8
16247,2011-06-01,2011-06-01,0
16248,2011-10-01,2011-10-01,0
16249,2011-04-01,2011-04-01,0
16249,2011-05-01,2011-04-01,1
16249,2011-07-01,2011-04-01,3
16249,2011-08-01,2011-04-01,4
16249,2011-10-01,2011-04-01,6
16250,2010-12-01,2010-12-01,0
16250,2011-03-01,2010-12-01,3
16253,2011-03-01,2011-03-01,0
16253,2011-10-01,2011-03-01,7
16255,2010-12-01,2010-12-01,0
16255,2011-01-01,2010-12-01,1
16255,2011-02-01,2010-12-01,2
16255,2011-04-01,2010-12-01,4
16255,2011-07-01,2010-12-01,7
16255,2011-09-01,2010-12-01,9
16255,2011-11-01,2010-12-01,11
16256,2011-03-01,2011-03-01,0
16257,2011-06-01,2011-06-01,0
16258,2011-05-01,2011-05-01,0
16258,2011-06-01,2011-05-01,1
16258,2011-07-01,2011-05-01,2
16258,2011-08-01,2011-05-01,3
16258,2011-10-01,2011-05-01,5
16260,2011-10-01,2011-10-01,0
16261,2011-04-01,2011-04-01,0
16261,2011-08-01,2011-04-01,4
16261,2011-09-01,2011-04-01,5
16261,2011-11-01,2011-04-01,7
16265,2010-12-01,2010-12-01,0
16265,2011-02-01,2010-12-01,2
16265,2011-03-01,2010-12-01,3
16265,2011-07-01,2010-12-01,7
16265,2011-08-01,2010-12-01,8
16265,2011-10-01,2010-12-01,10
16265,2011-11-01,2010-12-01,11
16266,2011-05-01,2011-05-01,0
16266,2011-06-01,2011-05-01,1
16266,2011-07-01,2011-05-01,2
16266,2011-08-01,2011-05-01,3
16266,2011-09-01,2011-05-01,4
16268,2011-09-01,2011-09-01,0
16270,2010-12-01,2010-12-01,0
16271,2010-12-01,2010-12-01,0
16271,2011-07-01,2010-12-01,7
16271,2011-08-01,2010-12-01,8
16271,2011-11-01,2010-12-01,11
16271,2011-12-01,2010-12-01,12
16272,2011-08-01,2011-08-01,0
16274,2010-12-01,2010-12-01,0
16275,2011-05-01,2011-05-01,0
16276,2011-06-01,2011-06-01,0
16278,2011-08-01,2011-08-01,0
16279,2011-06-01,2011-06-01,0
16279,2011-09-01,2011-06-01,3
16279,2011-11-01,2011-06-01,5
16281,2011-09-01,2011-09-01,0
16282,2011-01-01,2011-01-01,0
16283,2011-05-01,2011-05-01,0
16283,2011-07-01,2011-05-01,2
16283,2011-08-01,2011-05-01,3
16283,2011-10-01,2011-05-01,5
16283,2011-12-01,2011-05-01,7
16284,2011-10-01,2011-10-01,0
16284,2011-11-01,2011-10-01,1
16287,2011-06-01,2011-06-01,0
16292,2011-08-01,2011-08-01,0
16293,2010-12-01,2010-12-01,0
16293,2011-03-01,2010-12-01,3
16293,2011-05-01,2010-12-01,5
16293,2011-09-01,2010-12-01,9
16293,2011-10-01,2010-12-01,10
16293,2011-11-01,2010-12-01,11
16295,2011-10-01,2011-10-01,0
16295,2011-11-01,2011-10-01,1
16297,2011-03-01,2011-03-01,0
16298,2011-06-01,2011-06-01,0
16298,2011-10-01,2011-06-01,4
16298,2011-11-01,2011-06-01,5
16302,2011-08-01,2011-08-01,0
16303,2011-01-01,2011-01-01,0
16303,2011-08-01,2011-01-01,7
16303,2011-11-01,2011-01-01,10
16305,2011-07-01,2011-07-01,0
16306,2010-12-01,2010-12-01,0
16306,2011-01-01,2010-12-01,1
16306,2011-02-01,2010-12-01,2
16306,2011-05-01,2010-12-01,5
16308,2011-03-01,2011-03-01,0
16308,2011-05-01,2011-03-01,2
16308,2011-08-01,2011-03-01,5
16308,2011-11-01,2011-03-01,8
16309,2011-04-01,2011-04-01,0
16309,2011-08-01,2011-04-01,4
16311,2011-10-01,2011-10-01,0
16311,2011-11-01,2011-10-01,1
16313,2011-10-01,2011-10-01,0
16313,2011-12-01,2011-10-01,2
16315,2011-01-01,2011-01-01,0
16316,2010-12-01,2010-12-01,0
16316,2011-03-01,2010-12-01,3
16316,2011-05-01,2010-12-01,5
16316,2011-06-01,2010-12-01,6
16316,2011-07-01,2010-12-01,7
16316,2011-10-01,2010-12-01,10
16317,2011-02-01,2011-02-01,0
16317,2011-07-01,2011-02-01,5
16317,2011-08-01,2011-02-01,6
16318,2011-11-01,2011-11-01,0
16319,2011-05-01,2011-05-01,0
16320,2011-05-01,2011-05-01,0
16320,2011-06-01,2011-05-01,1
16321,2011-01-01,2011-01-01,0
16321,2011-02-01,2011-01-01,1
16321,2011-09-01,2011-01-01,8
16322,2011-11-01,2011-11-01,0
16322,2011-12-01,2011-11-01,1
16323,2011-05-01,2011-05-01,0
16324,2011-06-01,2011-06-01,0
16324,2011-08-01,2011-06-01,2
16325,2011-04-01,2011-04-01,0
16325,2011-07-01,2011-04-01,3
16325,2011-10-01,2011-04-01,6
16326,2011-01-01,2011-01-01,0
16326,2011-05-01,2011-01-01,4
16326,2011-06-01,2011-01-01,5
16326,2011-07-01,2011-01-01,6
16326,2011-08-01,2011-01-01,7
16326,2011-09-01,2011-01-01,8
16326,2011-10-01,2011-01-01,9
16326,2011-11-01,2011-01-01,10
16326,2011-12-01,2011-01-01,11
16327,2010-12-01,2010-12-01,0
16327,2011-01-01,2010-12-01,1
16327,2011-03-01,2010-12-01,3
16327,2011-05-01,2010-12-01,5
16327,2011-09-01,2010-12-01,9
16327,2011-11-01,2010-12-01,11
16330,2011-08-01,2011-08-01,0
16330,2011-11-01,2011-08-01,3
16332,2011-02-01,2011-02-01,0
16332,2011-07-01,2011-02-01,5
16332,2011-08-01,2011-02-01,6
16332,2011-09-01,2011-02-01,7
16332,2011-10-01,2011-02-01,8
16332,2011-11-01,2011-02-01,9
16333,2011-02-01,2011-02-01,0
16333,2011-03-01,2011-02-01,1
16333,2011-04-01,2011-02-01,2
16333,2011-05-01,2011-02-01,3
16333,2011-08-01,2011-02-01,6
16333,2011-09-01,2011-02-01,7
16333,2011-10-01,2011-02-01,8
16333,2011-11-01,2011-02-01,9
16333,2011-12-01,2011-02-01,10
16337,2011-11-01,2011-11-01,0
16338,2011-07-01,2011-07-01,0
16339,2011-02-01,2011-02-01,0
16340,2011-08-01,2011-08-01,0
16341,2011-05-01,2011-05-01,0
16341,2011-09-01,2011-05-01,4
16341,2011-11-01,2011-05-01,6
16342,2011-06-01,2011-06-01,0
16342,2011-07-01,2011-06-01,1
16342,2011-08-01,2011-06-01,2
16342,2011-09-01,2011-06-01,3
16343,2011-11-01,2011-11-01,0
16344,2011-07-01,2011-07-01,0
16345,2011-10-01,2011-10-01,0
16347,2011-11-01,2011-11-01,0
16348,2011-04-01,2011-04-01,0
16348,2011-06-01,2011-04-01,2
16348,2011-08-01,2011-04-01,4
16348,2011-09-01,2011-04-01,5
16348,2011-11-01,2011-04-01,7
16349,2011-02-01,2011-02-01,0
16350,2011-01-01,2011-01-01,0
16350,2011-09-01,2011-01-01,8
16350,2011-10-01,2011-01-01,9
16350,2011-11-01,2011-01-01,10
16351,2011-01-01,2011-01-01,0
16352,2011-11-01,2011-11-01,0
16353,2010-12-01,2010-12-01,0
16353,2011-01-01,2010-12-01,1
16353,2011-02-01,2010-12-01,2
16353,2011-03-01,2010-12-01,3
16353,2011-05-01,2010-12-01,5
16353,2011-07-01,2010-12-01,7
16353,2011-08-01,2010-12-01,8
16353,2011-09-01,2010-12-01,9
16353,2011-10-01,2010-12-01,10
16353,2011-11-01,2010-12-01,11
16353,2011-12-01,2010-12-01,12
16354,2011-09-01,2011-09-01,0
16354,2011-10-01,2011-09-01,1
16356,2011-03-01,2011-03-01,0
16356,2011-04-01,2011-03-01,1
16356,2011-05-01,2011-03-01,2
16357,2011-05-01,2011-05-01,0
16357,2011-06-01,2011-05-01,1
16357,2011-11-01,2011-05-01,6
16358,2011-06-01,2011-06-01,0
16358,2011-09-01,2011-06-01,3
16358,2011-10-01,2011-06-01,4
16358,2011-12-01,2011-06-01,6
16359,2011-01-01,2011-01-01,0
16359,2011-02-01,2011-01-01,1
16359,2011-03-01,2011-01-01,2
16359,2011-04-01,2011-01-01,3
16359,2011-05-01,2011-01-01,4
16359,2011-06-01,2011-01-01,5
16359,2011-09-01,2011-01-01,8
16359,2011-10-01,2011-01-01,9
16359,2011-12-01,2011-01-01,11
16360,2011-09-01,2011-09-01,0
16360,2011-10-01,2011-09-01,1
16360,2011-11-01,2011-09-01,2
16360,2011-12-01,2011-09-01,3
16361,2011-09-01,2011-09-01,0
16361,2011-10-01,2011-09-01,1
16361,2011-11-01,2011-09-01,2
16362,2011-09-01,2011-09-01,0
16362,2011-10-01,2011-09-01,1
16362,2011-11-01,2011-09-01,2
16363,2011-10-01,2011-10-01,0
16364,2011-07-01,2011-07-01,0
16364,2011-11-01,2011-07-01,4
16365,2010-12-01,2010-12-01,0
16365,2011-03-01,2010-12-01,3
16365,2011-07-01,2010-12-01,7
16365,2011-08-01,2010-12-01,8
16365,2011-11-01,2010-12-01,11
16366,2011-11-01,2011-11-01,0
16367,2010-12-01,2010-12-01,0
16367,2011-11-01,2010-12-01,11
16368,2011-11-01,2011-11-01,0
16368,2011-12-01,2011-11-01,1
16369,2011-05-01,2011-05-01,0
16369,2011-09-01,2011-05-01,4
16369,2011-11-01,2011-05-01,6
16370,2011-04-01,2011-04-01,0
16370,2011-06-01,2011-04-01,2
16370,2011-08-01,2011-04-01,4
16370,2011-09-01,2011-04-01,5
16372,2011-11-01,2011-11-01,0
16374,2011-03-01,2011-03-01,0
16374,2011-10-01,2011-03-01,7
16376,2011-11-01,2011-11-01,0
16376,2011-12-01,2011-11-01,1
16377,2011-03-01,2011-03-01,0
16378,2011-02-01,2011-02-01,0
16378,2011-04-01,2011-02-01,2
16379,2011-09-01,2011-09-01,0
16379,2011-11-01,2011-09-01,2
16379,2011-12-01,2011-09-01,3
16380,2011-10-01,2011-10-01,0
16383,2011-03-01,2011-03-01,0
16383,2011-09-01,2011-03-01,6
16384,2011-03-01,2011-03-01,0
16384,2011-09-01,2011-03-01,6
16385,2010-12-01,2010-12-01,0
16385,2011-07-01,2010-12-01,7
16385,2011-10-01,2010-12-01,10
16386,2011-03-01,2011-03-01,0
16386,2011-11-01,2011-03-01,8
16387,2011-01-01,2011-01-01,0
16389,2011-03-01,2011-03-01,0
16389,2011-05-01,2011-03-01,2
16389,2011-09-01,2011-03-01,6
16389,2011-10-01,2011-03-01,7
16392,2011-03-01,2011-03-01,0
16393,2010-12-01,2010-12-01,0
16393,2011-02-01,2010-12-01,2
16393,2011-04-01,2010-12-01,4
16393,2011-05-01,2010-12-01,5
16393,2011-06-01,2010-12-01,6
16393,2011-07-01,2010-12-01,7
16393,2011-09-01,2010-12-01,9
16393,2011-10-01,2010-12-01,10
16393,2011-11-01,2010-12-01,11
16393,2011-12-01,2010-12-01,12
16394,2011-02-01,2011-02-01,0
16394,2011-04-01,2011-02-01,2
16394,2011-06-01,2011-02-01,4
16394,2011-09-01,2011-02-01,7
16394,2011-10-01,2011-02-01,8
16395,2011-01-01,2011-01-01,0
16395,2011-06-01,2011-01-01,5
16395,2011-09-01,2011-01-01,8
16395,2011-10-01,2011-01-01,9
16398,2011-03-01,2011-03-01,0
16398,2011-07-01,2011-03-01,4
16399,2011-04-01,2011-04-01,0
16399,2011-11-01,2011-04-01,7
16400,2011-09-01,2011-09-01,0
16401,2011-01-01,2011-01-01,0
16401,2011-02-01,2011-01-01,1
16401,2011-03-01,2011-01-01,2
16401,2011-05-01,2011-01-01,4
16401,2011-06-01,2011-01-01,5
16401,2011-07-01,2011-01-01,6
16401,2011-09-01,2011-01-01,8
16401,2011-10-01,2011-01-01,9
16401,2011-11-01,2011-01-01,10
16401,2011-12-01,2011-01-01,11
16402,2010-12-01,2010-12-01,0
16402,2011-03-01,2010-12-01,3
16403,2011-01-01,2011-01-01,0
16404,2011-09-01,2011-09-01,0
16405,2011-02-01,2011-02-01,0
16406,2011-11-01,2011-11-01,0
16407,2011-01-01,2011-01-01,0
16407,2011-02-01,2011-01-01,1
16407,2011-04-01,2011-01-01,3
16407,2011-05-01,2011-01-01,4
16407,2011-07-01,2011-01-01,6
16407,2011-08-01,2011-01-01,7
16407,2011-09-01,2011-01-01,8
16407,2011-11-01,2011-01-01,10
16409,2011-01-01,2011-01-01,0
16409,2011-04-01,2011-01-01,3
16409,2011-07-01,2011-01-01,6
16409,2011-09-01,2011-01-01,8
16409,2011-11-01,2011-01-01,10
16411,2010-12-01,2010-12-01,0
16411,2011-11-01,2010-12-01,11
16412,2011-10-01,2011-10-01,0
16413,2011-10-01,2011-10-01,0
16414,2011-03-01,2011-03-01,0
16414,2011-11-01,2011-03-01,8
16415,2011-10-01,2011-10-01,0
16416,2011-10-01,2011-10-01,0
16416,2011-11-01,2011-10-01,1
16418,2011-04-01,2011-04-01,0
16418,2011-09-01,2011-04-01,5
16418,2011-10-01,2011-04-01,6
16419,2011-02-01,2011-02-01,0
16419,2011-03-01,2011-02-01,1
16419,2011-06-01,2011-02-01,4
16419,2011-08-01,2011-02-01,6
16422,2010-12-01,2010-12-01,0
16422,2011-01-01,2010-12-01,1
16422,2011-02-01,2010-12-01,2
16422,2011-03-01,2010-12-01,3
16422,2011-04-01,2010-12-01,4
16422,2011-05-01,2010-12-01,5
16422,2011-06-01,2010-12-01,6
16422,2011-07-01,2010-12-01,7
16422,2011-08-01,2010-12-01,8
16422,2011-09-01,2010-12-01,9
16422,2011-10-01,2010-12-01,10
16422,2011-11-01,2010-12-01,11
16423,2011-11-01,2011-11-01,0
16424,2011-06-01,2011-06-01,0
16425,2011-02-01,2011-02-01,0
16426,2011-03-01,2011-03-01,0
16426,2011-09-01,2011-03-01,6
16426,2011-10-01,2011-03-01,7
16426,2011-11-01,2011-03-01,8
16426,2011-12-01,2011-03-01,9
16427,2011-02-01,2011-02-01,0
16427,2011-03-01,2011-02-01,1
16429,2011-08-01,2011-08-01,0
16430,2011-10-01,2011-10-01,0
16431,2011-02-01,2011-02-01,0
16431,2011-05-01,2011-02-01,3
16432,2011-10-01,2011-10-01,0
16433,2011-11-01,2011-11-01,0
16434,2011-02-01,2011-02-01,0
16434,2011-03-01,2011-02-01,1
16434,2011-05-01,2011-02-01,3
16434,2011-09-01,2011-02-01,7
16434,2011-10-01,2011-02-01,8
16434,2011-11-01,2011-02-01,9
16438,2011-09-01,2011-09-01,0
16438,2011-10-01,2011-09-01,1
16438,2011-11-01,2011-09-01,2
16438,2011-12-01,2011-09-01,3
16440,2011-05-01,2011-05-01,0
16440,2011-10-01,2011-05-01,5
16440,2011-11-01,2011-05-01,6
16440,2011-12-01,2011-05-01,7
16441,2011-02-01,2011-02-01,0
16441,2011-10-01,2011-02-01,8
16442,2010-12-01,2010-12-01,0
16442,2011-04-01,2010-12-01,4
16442,2011-12-01,2010-12-01,12
16444,2011-03-01,2011-03-01,0
16444,2011-05-01,2011-03-01,2
16444,2011-09-01,2011-03-01,6
16444,2011-10-01,2011-03-01,7
16445,2011-11-01,2011-11-01,0
16446,2011-05-01,2011-05-01,0
16446,2011-12-01,2011-05-01,7
16447,2011-07-01,2011-07-01,0
16448,2011-05-01,2011-05-01,0
16449,2011-03-01,2011-03-01,0
16449,2011-05-01,2011-03-01,2
16450,2011-07-01,2011-07-01,0
16451,2011-09-01,2011-09-01,0
16454,2011-10-01,2011-10-01,0
16455,2010-12-01,2010-12-01,0
16455,2011-03-01,2010-12-01,3
16455,2011-05-01,2010-12-01,5
16455,2011-09-01,2010-12-01,9
16455,2011-10-01,2010-12-01,10
16456,2010-12-01,2010-12-01,0
16456,2011-02-01,2010-12-01,2
16456,2011-04-01,2010-12-01,4
16456,2011-08-01,2010-12-01,8
16456,2011-09-01,2010-12-01,9
16457,2011-05-01,2011-05-01,0
16458,2010-12-01,2010-12-01,0
16458,2011-02-01,2010-12-01,2
16458,2011-03-01,2010-12-01,3
16458,2011-04-01,2010-12-01,4
16458,2011-05-01,2010-12-01,5
16458,2011-06-01,2010-12-01,6
16458,2011-07-01,2010-12-01,7
16458,2011-08-01,2010-12-01,8
16458,2011-09-01,2010-12-01,9
16458,2011-10-01,2010-12-01,10
16458,2011-11-01,2010-12-01,11
16458,2011-12-01,2010-12-01,12
16460,2011-09-01,2011-09-01,0
16460,2011-11-01,2011-09-01,2
16461,2011-06-01,2011-06-01,0
16462,2011-03-01,2011-03-01,0
16462,2011-06-01,2011-03-01,3
16462,2011-09-01,2011-03-01,6
16463,2011-05-01,2011-05-01,0
16463,2011-10-01,2011-05-01,5
16463,2011-11-01,2011-05-01,6
16464,2011-07-01,2011-07-01,0
16464,2011-09-01,2011-07-01,2
16464,2011-11-01,2011-07-01,4
16466,2011-02-01,2011-02-01,0
16466,2011-05-01,2011-02-01,3
16466,2011-06-01,2011-02-01,4
16466,2011-08-01,2011-02-01,6
16466,2011-10-01,2011-02-01,8
16466,2011-11-01,2011-02-01,9
16468,2011-09-01,2011-09-01,0
16469,2011-04-01,2011-04-01,0
16469,2011-09-01,2011-04-01,5
16469,2011-11-01,2011-04-01,7
16470,2010-12-01,2010-12-01,0
16470,2011-05-01,2010-12-01,5
16470,2011-08-01,2010-12-01,8
16470,2011-10-01,2010-12-01,10
16471,2011-03-01,2011-03-01,0
16473,2011-01-01,2011-01-01,0
16473,2011-02-01,2011-01-01,1
16473,2011-06-01,2011-01-01,5
16474,2011-07-01,2011-07-01,0
16474,2011-09-01,2011-07-01,2
16474,2011-10-01,2011-07-01,3
16474,2011-11-01,2011-07-01,4
16474,2011-12-01,2011-07-01,5
16475,2011-03-01,2011-03-01,0
16475,2011-06-01,2011-03-01,3
16475,2011-07-01,2011-03-01,4
16475,2011-09-01,2011-03-01,6
16477,2010-12-01,2010-12-01,0
16477,2011-01-01,2010-12-01,1
16477,2011-03-01,2010-12-01,3
16477,2011-05-01,2010-12-01,5
16477,2011-07-01,2010-12-01,7
16477,2011-10-01,2010-12-01,10
16478,2011-10-01,2011-10-01,0
16478,2011-11-01,2011-10-01,1
16479,2011-11-01,2011-11-01,0
16480,2011-09-01,2011-09-01,0
16482,2011-11-01,2011-11-01,0
16483,2011-05-01,2011-05-01,0
16484,2011-06-01,2011-06-01,0
16485,2011-09-01,2011-09-01,0
16488,2011-07-01,2011-07-01,0
16488,2011-08-01,2011-07-01,1
16488,2011-11-01,2011-07-01,4
16491,2011-10-01,2011-10-01,0
16493,2011-01-01,2011-01-01,0
16493,2011-02-01,2011-01-01,1
16493,2011-06-01,2011-01-01,5
16493,2011-09-01,2011-01-01,8
16494,2011-02-01,2011-02-01,0
16495,2011-03-01,2011-03-01,0
16495,2011-12-01,2011-03-01,9
16496,2011-01-01,2011-01-01,0
16496,2011-05-01,2011-01-01,4
16496,2011-12-01,2011-01-01,11
16497,2011-01-01,2011-01-01,0
16497,2011-03-01,2011-01-01,2
16497,2011-05-01,2011-01-01,4
16497,2011-10-01,2011-01-01,9
16498,2011-06-01,2011-06-01,0
16498,2011-07-01,2011-06-01,1
16499,2010-12-01,2010-12-01,0
16500,2011-01-01,2011-01-01,0
16500,2011-11-01,2011-01-01,10
16500,2011-12-01,2011-01-01,11
16503,2010-12-01,2010-12-01,0
16503,2011-01-01,2010-12-01,1
16503,2011-05-01,2010-12-01,5
16503,2011-08-01,2010-12-01,8
16504,2011-11-01,2011-11-01,0
16505,2011-11-01,2011-11-01,0
16506,2011-10-01,2011-10-01,0
16506,2011-11-01,2011-10-01,1
16509,2011-02-01,2011-02-01,0
16510,2010-12-01,2010-12-01,0
16511,2011-03-01,2011-03-01,0
16511,2011-07-01,2011-03-01,4
16511,2011-11-01,2011-03-01,8
16513,2011-10-01,2011-10-01,0
16513,2011-11-01,2011-10-01,1
16513,2011-12-01,2011-10-01,2
16515,2011-02-01,2011-02-01,0
16515,2011-04-01,2011-02-01,2
16515,2011-07-01,2011-02-01,5
16515,2011-09-01,2011-02-01,7
16515,2011-10-01,2011-02-01,8
16516,2011-11-01,2011-11-01,0
16517,2011-03-01,2011-03-01,0
16518,2011-02-01,2011-02-01,0
16518,2011-10-01,2011-02-01,8
16519,2010-12-01,2010-12-01,0
16519,2011-11-01,2010-12-01,11
16520,2010-12-01,2010-12-01,0
16520,2011-04-01,2010-12-01,4
16520,2011-06-01,2010-12-01,6
16523,2011-01-01,2011-01-01,0
16523,2011-03-01,2011-01-01,2
16523,2011-04-01,2011-01-01,3
16523,2011-05-01,2011-01-01,4
16523,2011-06-01,2011-01-01,5
16523,2011-07-01,2011-01-01,6
16523,2011-08-01,2011-01-01,7
16523,2011-09-01,2011-01-01,8
16523,2011-10-01,2011-01-01,9
16523,2011-11-01,2011-01-01,10
16523,2011-12-01,2011-01-01,11
16525,2010-12-01,2010-12-01,0
16525,2011-01-01,2010-12-01,1
16525,2011-02-01,2010-12-01,2
16525,2011-03-01,2010-12-01,3
16525,2011-04-01,2010-12-01,4
16525,2011-05-01,2010-12-01,5
16525,2011-06-01,2010-12-01,6
16525,2011-07-01,2010-12-01,7
16525,2011-08-01,2010-12-01,8
16525,2011-09-01,2010-12-01,9
16525,2011-11-01,2010-12-01,11
16525,2011-12-01,2010-12-01,12
16526,2011-06-01,2011-06-01,0
16527,2011-09-01,2011-09-01,0
16528,2011-12-01,2011-12-01,0
16529,2011-06-01,2011-06-01,0
16531,2010-12-01,2010-12-01,0
16531,2011-01-01,2010-12-01,1
16531,2011-02-01,2010-12-01,2
16531,2011-08-01,2010-12-01,8
16531,2011-09-01,2010-12-01,9
16531,2011-11-01,2010-12-01,11
16532,2011-01-01,2011-01-01,0
16532,2011-07-01,2011-01-01,6
16532,2011-11-01,2011-01-01,10
16533,2011-10-01,2011-10-01,0
16533,2011-11-01,2011-10-01,1
16535,2011-12-01,2011-12-01,0
16536,2011-08-01,2011-08-01,0
16539,2010-12-01,2010-12-01,0
16539,2011-05-01,2010-12-01,5
16539,2011-12-01,2010-12-01,12
16542,2011-10-01,2011-10-01,0
16545,2011-06-01,2011-06-01,0
16546,2010-12-01,2010-12-01,0
16546,2011-02-01,2010-12-01,2
16549,2011-01-01,2011-01-01,0
16549,2011-08-01,2011-01-01,7
16549,2011-09-01,2011-01-01,8
16549,2011-10-01,2011-01-01,9
16549,2011-11-01,2011-01-01,10
16550,2010-12-01,2010-12-01,0
16550,2011-04-01,2010-12-01,4
16550,2011-06-01,2010-12-01,6
16550,2011-08-01,2010-12-01,8
16551,2011-01-01,2011-01-01,0
16551,2011-08-01,2011-01-01,7
16551,2011-09-01,2011-01-01,8
16552,2010-12-01,2010-12-01,0
16552,2011-04-01,2010-12-01,4
16553,2010-12-01,2010-12-01,0
16553,2011-02-01,2010-12-01,2
16553,2011-03-01,2010-12-01,3
16553,2011-04-01,2010-12-01,4
16553,2011-05-01,2010-12-01,5
16553,2011-06-01,2010-12-01,6
16554,2011-01-01,2011-01-01,0
16554,2011-05-01,2011-01-01,4
16554,2011-10-01,2011-01-01,9
16555,2011-08-01,2011-08-01,0
16555,2011-11-01,2011-08-01,3
16556,2010-12-01,2010-12-01,0
16556,2011-02-01,2010-12-01,2
16556,2011-04-01,2010-12-01,4
16556,2011-05-01,2010-12-01,5
16556,2011-06-01,2010-12-01,6
16556,2011-08-01,2010-12-01,8
16556,2011-10-01,2010-12-01,10
16557,2011-07-01,2011-07-01,0
16557,2011-11-01,2011-07-01,4
16558,2010-12-01,2010-12-01,0
16558,2011-01-01,2010-12-01,1
16558,2011-02-01,2010-12-01,2
16558,2011-03-01,2010-12-01,3
16558,2011-04-01,2010-12-01,4
16558,2011-05-01,2010-12-01,5
16558,2011-06-01,2010-12-01,6
16558,2011-07-01,2010-12-01,7
16558,2011-08-01,2010-12-01,8
16558,2011-09-01,2010-12-01,9
16558,2011-10-01,2010-12-01,10
16558,2011-11-01,2010-12-01,11
16558,2011-12-01,2010-12-01,12
16560,2010-12-01,2010-12-01,0
16560,2011-11-01,2010-12-01,11
16561,2011-10-01,2011-10-01,0
16561,2011-12-01,2011-10-01,2
16563,2011-10-01,2011-10-01,0
16565,2010-12-01,2010-12-01,0
16566,2011-02-01,2011-02-01,0
16566,2011-05-01,2011-02-01,3
16566,2011-06-01,2011-02-01,4
16566,2011-10-01,2011-02-01,8
16566,2011-11-01,2011-02-01,9
16567,2011-01-01,2011-01-01,0
16567,2011-05-01,2011-01-01,4
16569,2011-12-01,2011-12-01,0
16570,2011-02-01,2011-02-01,0
16570,2011-03-01,2011-02-01,1
16570,2011-05-01,2011-02-01,3
16570,2011-06-01,2011-02-01,4
16570,2011-08-01,2011-02-01,6
16570,2011-10-01,2011-02-01,8
16570,2011-11-01,2011-02-01,9
16571,2011-03-01,2011-03-01,0
16571,2011-06-01,2011-03-01,3
16571,2011-11-01,2011-03-01,8
16572,2011-03-01,2011-03-01,0
16572,2011-07-01,2011-03-01,4
16572,2011-08-01,2011-03-01,5
16573,2011-02-01,2011-02-01,0
16573,2011-09-01,2011-02-01,7
16574,2011-09-01,2011-09-01,0
16581,2011-06-01,2011-06-01,0
16582,2011-08-01,2011-08-01,0
16583,2010-12-01,2010-12-01,0
16584,2011-03-01,2011-03-01,0
16584,2011-09-01,2011-03-01,6
16586,2011-04-01,2011-04-01,0
16587,2011-04-01,2011-04-01,0
16589,2011-07-01,2011-07-01,0
16589,2011-08-01,2011-07-01,1
16589,2011-09-01,2011-07-01,2
16591,2011-10-01,2011-10-01,0
16592,2011-02-01,2011-02-01,0
16592,2011-04-01,2011-02-01,2
16592,2011-05-01,2011-02-01,3
16592,2011-06-01,2011-02-01,4
16592,2011-07-01,2011-02-01,5
16592,2011-10-01,2011-02-01,8
16592,2011-11-01,2011-02-01,9
16592,2011-12-01,2011-02-01,10
16593,2011-01-01,2011-01-01,0
16593,2011-06-01,2011-01-01,5
16593,2011-10-01,2011-01-01,9
16594,2011-09-01,2011-09-01,0
16595,2011-10-01,2011-10-01,0
16596,2010-12-01,2010-12-01,0
16596,2011-11-01,2010-12-01,11
16597,2011-12-01,2011-12-01,0
16598,2011-02-01,2011-02-01,0
16600,2011-01-01,2011-01-01,0
16600,2011-03-01,2011-01-01,2
16600,2011-09-01,2011-01-01,8
16600,2011-11-01,2011-01-01,10
16600,2011-12-01,2011-01-01,11
16601,2011-10-01,2011-10-01,0
16602,2011-11-01,2011-11-01,0
16603,2011-09-01,2011-09-01,0
16607,2010-12-01,2010-12-01,0
16607,2011-02-01,2010-12-01,2
16607,2011-03-01,2010-12-01,3
16607,2011-04-01,2010-12-01,4
16607,2011-05-01,2010-12-01,5
16607,2011-07-01,2010-12-01,7
16607,2011-08-01,2010-12-01,8
16607,2011-09-01,2010-12-01,9
16607,2011-10-01,2010-12-01,10
16607,2011-11-01,2010-12-01,11
16609,2011-04-01,2011-04-01,0
16609,2011-05-01,2011-04-01,1
16609,2011-07-01,2011-04-01,3
16609,2011-09-01,2011-04-01,5
16609,2011-11-01,2011-04-01,7
16610,2011-05-01,2011-05-01,0
16611,2011-06-01,2011-06-01,0
16612,2011-02-01,2011-02-01,0
16612,2011-06-01,2011-02-01,4
16612,2011-08-01,2011-02-01,6
16612,2011-11-01,2011-02-01,9
16613,2011-09-01,2011-09-01,0
16614,2011-06-01,2011-06-01,0
16616,2011-07-01,2011-07-01,0
16616,2011-11-01,2011-07-01,4
16617,2011-04-01,2011-04-01,0
16618,2011-01-01,2011-01-01,0
16618,2011-03-01,2011-01-01,2
16618,2011-05-01,2011-01-01,4
16618,2011-11-01,2011-01-01,10
16619,2011-03-01,2011-03-01,0
16620,2011-03-01,2011-03-01,0
16620,2011-12-01,2011-03-01,9
16621,2011-03-01,2011-03-01,0
16621,2011-05-01,2011-03-01,2
16621,2011-07-01,2011-03-01,4
16621,2011-10-01,2011-03-01,7
16623,2011-04-01,2011-04-01,0
16624,2011-05-01,2011-05-01,0
16624,2011-09-01,2011-05-01,4
16625,2011-03-01,2011-03-01,0
16626,2011-03-01,2011-03-01,0
16626,2011-06-01,2011-03-01,3
16626,2011-07-01,2011-03-01,4
16626,2011-08-01,2011-03-01,5
16626,2011-09-01,2011-03-01,6
16626,2011-10-01,2011-03-01,7
16626,2011-11-01,2011-03-01,8
16626,2011-12-01,2011-03-01,9
16627,2011-09-01,2011-09-01,0
16628,2011-04-01,2011-04-01,0
16628,2011-05-01,2011-04-01,1
16628,2011-07-01,2011-04-01,3
16628,2011-08-01,2011-04-01,4
16628,2011-11-01,2011-04-01,7
16629,2011-09-01,2011-09-01,0
16633,2011-04-01,2011-04-01,0
16633,2011-06-01,2011-04-01,2
16633,2011-08-01,2011-04-01,4
16633,2011-09-01,2011-04-01,5
16633,2011-10-01,2011-04-01,6
16633,2011-11-01,2011-04-01,7
16634,2010-12-01,2010-12-01,0
16634,2011-05-01,2010-12-01,5
16637,2011-04-01,2011-04-01,0
16637,2011-08-01,2011-04-01,4
16637,2011-10-01,2011-04-01,6
16637,2011-11-01,2011-04-01,7
16638,2010-12-01,2010-12-01,0
16638,2011-01-01,2010-12-01,1
16638,2011-02-01,2010-12-01,2
16638,2011-03-01,2010-12-01,3
16638,2011-08-01,2010-12-01,8
16638,2011-09-01,2010-12-01,9
16638,2011-11-01,2010-12-01,11
16639,2011-04-01,2011-04-01,0
16639,2011-05-01,2011-04-01,1
16639,2011-11-01,2011-04-01,7
16641,2011-08-01,2011-08-01,0
16642,2011-05-01,2011-05-01,0
16642,2011-12-01,2011-05-01,7
16643,2011-04-01,2011-04-01,0
16644,2011-05-01,2011-05-01,0
16644,2011-06-01,2011-05-01,1
16647,2011-05-01,2011-05-01,0
16647,2011-06-01,2011-05-01,1
16648,2011-10-01,2011-10-01,0
16650,2011-09-01,2011-09-01,0
16652,2011-03-01,2011-03-01,0
16652,2011-04-01,2011-03-01,1
16652,2011-05-01,2011-03-01,2
16652,2011-08-01,2011-03-01,5
16652,2011-10-01,2011-03-01,7
16653,2011-09-01,2011-09-01,0
16653,2011-11-01,2011-09-01,2
16654,2010-12-01,2010-12-01,0
16654,2011-04-01,2010-12-01,4
16654,2011-06-01,2010-12-01,6
16654,2011-07-01,2010-12-01,7
16655,2011-01-01,2011-01-01,0
16655,2011-06-01,2011-01-01,5
16655,2011-07-01,2011-01-01,6
16655,2011-09-01,2011-01-01,8
16655,2011-11-01,2011-01-01,10
16656,2010-12-01,2010-12-01,0
16656,2011-01-01,2010-12-01,1
16656,2011-02-01,2010-12-01,2
16656,2011-03-01,2010-12-01,3
16656,2011-04-01,2010-12-01,4
16656,2011-05-01,2010-12-01,5
16656,2011-07-01,2010-12-01,7
16656,2011-08-01,2010-12-01,8
16656,2011-09-01,2010-12-01,9
16656,2011-10-01,2010-12-01,10
16656,2011-11-01,2010-12-01,11
16657,2011-03-01,2011-03-01,0
16657,2011-07-01,2011-03-01,4
16657,2011-11-01,2011-03-01,8
16658,2010-12-01,2010-12-01,0
16659,2011-06-01,2011-06-01,0
16660,2011-01-01,2011-01-01,0
16660,2011-05-01,2011-01-01,4
16660,2011-11-01,2011-01-01,10
16665,2010-12-01,2010-12-01,0
16666,2011-11-01,2011-11-01,0
16667,2011-02-01,2011-02-01,0
16667,2011-10-01,2011-02-01,8
16668,2011-02-01,2011-02-01,0
16668,2011-05-01,2011-02-01,3
16668,2011-06-01,2011-02-01,4
16668,2011-07-01,2011-02-01,5
16668,2011-08-01,2011-02-01,6
16668,2011-11-01,2011-02-01,9
16669,2011-09-01,2011-09-01,0
16669,2011-11-01,2011-09-01,2
16670,2010-12-01,2010-12-01,0
16670,2011-01-01,2010-12-01,1
16670,2011-03-01,2010-12-01,3
16670,2011-04-01,2010-12-01,4
16670,2011-06-01,2010-12-01,6
16670,2011-08-01,2010-12-01,8
16670,2011-10-01,2010-12-01,10
16670,2011-11-01,2010-12-01,11
16671,2011-06-01,2011-06-01,0
16671,2011-11-01,2011-06-01,5
16672,2011-03-01,2011-03-01,0
16672,2011-04-01,2011-03-01,1
16672,2011-05-01,2011-03-01,2
16672,2011-06-01,2011-03-01,3
16672,2011-07-01,2011-03-01,4
16672,2011-08-01,2011-03-01,5
16672,2011-09-01,2011-03-01,6
16672,2011-11-01,2011-03-01,8
16672,2011-12-01,2011-03-01,9
16674,2011-09-01,2011-09-01,0
16674,2011-10-01,2011-09-01,1
16676,2011-01-01,2011-01-01,0
16676,2011-04-01,2011-01-01,3
16676,2011-05-01,2011-01-01,4
16676,2011-11-01,2011-01-01,10
16678,2011-03-01,2011-03-01,0
16678,2011-04-01,2011-03-01,1
16678,2011-05-01,2011-03-01,2
16678,2011-07-01,2011-03-01,4
16678,2011-08-01,2011-03-01,5
16678,2011-09-01,2011-03-01,6
16678,2011-11-01,2011-03-01,8
16678,2011-12-01,2011-03-01,9
16679,2010-12-01,2010-12-01,0
16680,2011-10-01,2011-10-01,0
16681,2011-03-01,2011-03-01,0
16681,2011-04-01,2011-03-01,1
16681,2011-05-01,2011-03-01,2
16681,2011-07-01,2011-03-01,4
16681,2011-09-01,2011-03-01,6
16682,2011-06-01,2011-06-01,0
16682,2011-07-01,2011-06-01,1
16682,2011-09-01,2011-06-01,3
16682,2011-10-01,2011-06-01,4
16682,2011-12-01,2011-06-01,6
16684,2010-12-01,2010-12-01,0
16684,2011-02-01,2010-12-01,2
16684,2011-03-01,2010-12-01,3
16684,2011-04-01,2010-12-01,4
16684,2011-05-01,2010-12-01,5
16684,2011-07-01,2010-12-01,7
16684,2011-10-01,2010-12-01,10
16684,2011-11-01,2010-12-01,11
16684,2011-12-01,2010-12-01,12
16685,2011-10-01,2011-10-01,0
16686,2010-12-01,2010-12-01,0
16686,2011-02-01,2010-12-01,2
16686,2011-04-01,2010-12-01,4
16686,2011-05-01,2010-12-01,5
16686,2011-08-01,2010-12-01,8
16686,2011-09-01,2010-12-01,9
16686,2011-10-01,2010-12-01,10
16688,2011-10-01,2011-10-01,0
16688,2011-11-01,2011-10-01,1
16688,2011-12-01,2011-10-01,2
16689,2011-09-01,2011-09-01,0
16690,2011-05-01,2011-05-01,0
16690,2011-09-01,2011-05-01,4
16692,2011-02-01,2011-02-01,0
16692,2011-03-01,2011-02-01,1
16693,2011-03-01,2011-03-01,0
16693,2011-10-01,2011-03-01,7
16696,2011-04-01,2011-04-01,0
16696,2011-05-01,2011-04-01,1
16696,2011-07-01,2011-04-01,3
16697,2011-04-01,2011-04-01,0
16698,2011-03-01,2011-03-01,0
16698,2011-04-01,2011-03-01,1
16700,2010-12-01,2010-12-01,0
16700,2011-01-01,2010-12-01,1
16700,2011-02-01,2010-12-01,2
16700,2011-03-01,2010-12-01,3
16700,2011-04-01,2010-12-01,4
16700,2011-05-01,2010-12-01,5
16700,2011-06-01,2010-12-01,6
16700,2011-07-01,2010-12-01,7
16700,2011-08-01,2010-12-01,8
16700,2011-09-01,2010-12-01,9
16700,2011-11-01,2010-12-01,11
16700,2011-12-01,2010-12-01,12
16701,2010-12-01,2010-12-01,0
16701,2011-01-01,2010-12-01,1
16701,2011-02-01,2010-12-01,2
16701,2011-03-01,2010-12-01,3
16701,2011-05-01,2010-12-01,5
16701,2011-06-01,2010-12-01,6
16701,2011-07-01,2010-12-01,7
16701,2011-08-01,2010-12-01,8
16701,2011-10-01,2010-12-01,10
16701,2011-12-01,2010-12-01,12
16705,2010-12-01,2010-12-01,0
16705,2011-02-01,2010-12-01,2
16705,2011-04-01,2010-12-01,4
16705,2011-05-01,2010-12-01,5
16705,2011-07-01,2010-12-01,7
16705,2011-09-01,2010-12-01,9
16705,2011-10-01,2010-12-01,10
16705,2011-11-01,2010-12-01,11
16705,2011-12-01,2010-12-01,12
16706,2011-08-01,2011-08-01,0
16706,2011-09-01,2011-08-01,1
16706,2011-11-01,2011-08-01,3
16708,2011-10-01,2011-10-01,0
16709,2011-03-01,2011-03-01,0
16709,2011-04-01,2011-03-01,1
16709,2011-05-01,2011-03-01,2
16709,2011-09-01,2011-03-01,6
16710,2010-12-01,2010-12-01,0
16710,2011-03-01,2010-12-01,3
16710,2011-05-01,2010-12-01,5
16710,2011-07-01,2010-12-01,7
16710,2011-09-01,2010-12-01,9
16710,2011-11-01,2010-12-01,11
16711,2010-12-01,2010-12-01,0
16711,2011-02-01,2010-12-01,2
16711,2011-07-01,2010-12-01,7
16711,2011-11-01,2010-12-01,11
16711,2011-12-01,2010-12-01,12
16712,2011-03-01,2011-03-01,0
16712,2011-05-01,2011-03-01,2
16712,2011-06-01,2011-03-01,3
16712,2011-08-01,2011-03-01,5
16712,2011-09-01,2011-03-01,6
16712,2011-11-01,2011-03-01,8
16713,2010-12-01,2010-12-01,0
16713,2011-02-01,2010-12-01,2
16713,2011-03-01,2010-12-01,3
16713,2011-04-01,2010-12-01,4
16713,2011-06-01,2010-12-01,6
16713,2011-07-01,2010-12-01,7
16713,2011-08-01,2010-12-01,8
16713,2011-09-01,2010-12-01,9
16713,2011-10-01,2010-12-01,10
16713,2011-11-01,2010-12-01,11
16714,2011-01-01,2011-01-01,0
16714,2011-05-01,2011-01-01,4
16715,2011-09-01,2011-09-01,0
16716,2011-02-01,2011-02-01,0
16716,2011-03-01,2011-02-01,1
16717,2010-12-01,2010-12-01,0
16717,2011-06-01,2010-12-01,6
16717,2011-09-01,2010-12-01,9
16717,2011-11-01,2010-12-01,11
16718,2010-12-01,2010-12-01,0
16719,2010-12-01,2010-12-01,0
16719,2011-01-01,2010-12-01,1
16719,2011-02-01,2010-12-01,2
16719,2011-04-01,2010-12-01,4
16719,2011-07-01,2010-12-01,7
16719,2011-09-01,2010-12-01,9
16719,2011-11-01,2010-12-01,11
16720,2011-11-01,2011-11-01,0
16721,2011-03-01,2011-03-01,0
16722,2010-12-01,2010-12-01,0
16722,2011-02-01,2010-12-01,2
16722,2011-04-01,2010-12-01,4
16722,2011-05-01,2010-12-01,5
16722,2011-06-01,2010-12-01,6
16722,2011-07-01,2010-12-01,7
16722,2011-08-01,2010-12-01,8
16722,2011-09-01,2010-12-01,9
16722,2011-10-01,2010-12-01,10
16722,2011-11-01,2010-12-01,11
16723,2011-08-01,2011-08-01,0
16723,2011-09-01,2011-08-01,1
16725,2010-12-01,2010-12-01,0
16725,2011-01-01,2010-12-01,1
16725,2011-02-01,2010-12-01,2
16726,2010-12-01,2010-12-01,0
16726,2011-02-01,2010-12-01,2
16726,2011-05-01,2010-12-01,5
16726,2011-11-01,2010-12-01,11
16727,2010-12-01,2010-12-01,0
16728,2011-03-01,2011-03-01,0
16728,2011-04-01,2011-03-01,1
16728,2011-06-01,2011-03-01,3
16728,2011-10-01,2011-03-01,7
16729,2011-04-01,2011-04-01,0
16729,2011-05-01,2011-04-01,1
16729,2011-06-01,2011-04-01,2
16729,2011-07-01,2011-04-01,3
16729,2011-08-01,2011-04-01,4
16729,2011-09-01,2011-04-01,5
16729,2011-10-01,2011-04-01,6
16729,2011-11-01,2011-04-01,7
16730,2011-01-01,2011-01-01,0
16730,2011-04-01,2011-01-01,3
16730,2011-10-01,2011-01-01,9
16732,2011-11-01,2011-11-01,0
16734,2011-08-01,2011-08-01,0
16734,2011-10-01,2011-08-01,2
16735,2011-01-01,2011-01-01,0
16735,2011-04-01,2011-01-01,3
16735,2011-09-01,2011-01-01,8
16737,2011-10-01,2011-10-01,0
16738,2011-02-01,2011-02-01,0
16739,2011-06-01,2011-06-01,0
16742,2011-10-01,2011-10-01,0
16743,2010-12-01,2010-12-01,0
16743,2011-03-01,2010-12-01,3
16743,2011-05-01,2010-12-01,5
16743,2011-07-01,2010-12-01,7
16743,2011-08-01,2010-12-01,8
16743,2011-11-01,2010-12-01,11
16744,2011-06-01,2011-06-01,0
16744,2011-07-01,2011-06-01,1
16744,2011-09-01,2011-06-01,3
16744,2011-10-01,2011-06-01,4
16744,2011-11-01,2011-06-01,5
16745,2011-02-01,2011-02-01,0
16745,2011-03-01,2011-02-01,1
16745,2011-04-01,2011-02-01,2
16745,2011-05-01,2011-02-01,3
16745,2011-06-01,2011-02-01,4
16745,2011-07-01,2011-02-01,5
16745,2011-08-01,2011-02-01,6
16745,2011-09-01,2011-02-01,7
16746,2010-12-01,2010-12-01,0
16746,2011-01-01,2010-12-01,1
16746,2011-02-01,2010-12-01,2
16746,2011-03-01,2010-12-01,3
16746,2011-04-01,2010-12-01,4
16746,2011-05-01,2010-12-01,5
16746,2011-07-01,2010-12-01,7
16746,2011-08-01,2010-12-01,8
16746,2011-09-01,2010-12-01,9
16746,2011-11-01,2010-12-01,11
16746,2011-12-01,2010-12-01,12
16747,2011-10-01,2011-10-01,0
16747,2011-11-01,2011-10-01,1
16748,2011-01-01,2011-01-01,0
16748,2011-02-01,2011-01-01,1
16748,2011-05-01,2011-01-01,4
16748,2011-11-01,2011-01-01,10
16750,2011-04-01,2011-04-01,0
16750,2011-07-01,2011-04-01,3
16750,2011-08-01,2011-04-01,4
16750,2011-09-01,2011-04-01,5
16750,2011-10-01,2011-04-01,6
16751,2011-11-01,2011-11-01,0
16752,2010-12-01,2010-12-01,0
16753,2011-10-01,2011-10-01,0
16754,2010-12-01,2010-12-01,0
16755,2011-01-01,2011-01-01,0
16755,2011-04-01,2011-01-01,3
16755,2011-08-01,2011-01-01,7
16756,2011-05-01,2011-05-01,0
16757,2011-01-01,2011-01-01,0
16758,2011-10-01,2011-10-01,0
16759,2011-11-01,2011-11-01,0
16759,2011-12-01,2011-11-01,1
16761,2011-09-01,2011-09-01,0
16762,2011-07-01,2011-07-01,0
16762,2011-10-01,2011-07-01,3
16762,2011-11-01,2011-07-01,4
16763,2011-05-01,2011-05-01,0
16764,2011-07-01,2011-07-01,0
16764,2011-08-01,2011-07-01,1
16764,2011-09-01,2011-07-01,2
16764,2011-10-01,2011-07-01,3
16764,2011-11-01,2011-07-01,4
16764,2011-12-01,2011-07-01,5
16765,2011-02-01,2011-02-01,0
16766,2011-03-01,2011-03-01,0
16767,2011-01-01,2011-01-01,0
16767,2011-03-01,2011-01-01,2
16767,2011-05-01,2011-01-01,4
16767,2011-06-01,2011-01-01,5
16767,2011-07-01,2011-01-01,6
16767,2011-08-01,2011-01-01,7
16767,2011-09-01,2011-01-01,8
16767,2011-11-01,2011-01-01,10
16768,2011-03-01,2011-03-01,0
16768,2011-08-01,2011-03-01,5
16768,2011-10-01,2011-03-01,7
16769,2011-03-01,2011-03-01,0
16770,2010-12-01,2010-12-01,0
16770,2011-01-01,2010-12-01,1
16770,2011-04-01,2010-12-01,4
16770,2011-10-01,2010-12-01,10
16771,2011-01-01,2011-01-01,0
16771,2011-02-01,2011-01-01,1
16771,2011-03-01,2011-01-01,2
16771,2011-09-01,2011-01-01,8
16771,2011-11-01,2011-01-01,10
16773,2011-10-01,2011-10-01,0
16774,2011-06-01,2011-06-01,0
16774,2011-07-01,2011-06-01,1
16774,2011-08-01,2011-06-01,2
16774,2011-10-01,2011-06-01,4
16775,2010-12-01,2010-12-01,0
16775,2011-01-01,2010-12-01,1
16775,2011-02-01,2010-12-01,2
16775,2011-05-01,2010-12-01,5
16775,2011-06-01,2010-12-01,6
16775,2011-07-01,2010-12-01,7
16775,2011-08-01,2010-12-01,8
16775,2011-09-01,2010-12-01,9
16775,2011-10-01,2010-12-01,10
16775,2011-11-01,2010-12-01,11
16776,2011-10-01,2011-10-01,0
16777,2011-03-01,2011-03-01,0
16777,2011-09-01,2011-03-01,6
16778,2011-03-01,2011-03-01,0
16778,2011-09-01,2011-03-01,6
16779,2010-12-01,2010-12-01,0
16779,2011-01-01,2010-12-01,1
16779,2011-02-01,2010-12-01,2
16779,2011-03-01,2010-12-01,3
16779,2011-04-01,2010-12-01,4
16779,2011-05-01,2010-12-01,5
16779,2011-06-01,2010-12-01,6
16779,2011-07-01,2010-12-01,7
16779,2011-08-01,2010-12-01,8
16779,2011-09-01,2010-12-01,9
16779,2011-11-01,2010-12-01,11
16779,2011-12-01,2010-12-01,12
16780,2011-03-01,2011-03-01,0
16780,2011-08-01,2011-03-01,5
16781,2010-12-01,2010-12-01,0
16782,2010-12-01,2010-12-01,0
16782,2011-01-01,2010-12-01,1
16782,2011-03-01,2010-12-01,3
16782,2011-04-01,2010-12-01,4
16782,2011-05-01,2010-12-01,5
16782,2011-07-01,2010-12-01,7
16782,2011-09-01,2010-12-01,9
16782,2011-11-01,2010-12-01,11
16784,2011-11-01,2011-11-01,0
16788,2011-03-01,2011-03-01,0
16788,2011-08-01,2011-03-01,5
16789,2011-12-01,2011-12-01,0
16790,2011-11-01,2011-11-01,0
16790,2011-12-01,2011-11-01,1
16791,2011-01-01,2011-01-01,0
16791,2011-03-01,2011-01-01,2
16791,2011-05-01,2011-01-01,4
16791,2011-08-01,2011-01-01,7
16791,2011-10-01,2011-01-01,9
16791,2011-11-01,2011-01-01,10
16792,2011-03-01,2011-03-01,0
16793,2011-10-01,2011-10-01,0
16794,2011-06-01,2011-06-01,0
16794,2011-07-01,2011-06-01,1
16794,2011-08-01,2011-06-01,2
16794,2011-09-01,2011-06-01,3
16794,2011-10-01,2011-06-01,4
16794,2011-11-01,2011-06-01,5
16794,2011-12-01,2011-06-01,6
16795,2010-12-01,2010-12-01,0
16796,2011-09-01,2011-09-01,0
16800,2011-11-01,2011-11-01,0
16801,2011-03-01,2011-03-01,0
16801,2011-05-01,2011-03-01,2
16801,2011-06-01,2011-03-01,3
16803,2011-10-01,2011-10-01,0
16804,2011-03-01,2011-03-01,0
16804,2011-11-01,2011-03-01,8
16805,2010-12-01,2010-12-01,0
16805,2011-06-01,2010-12-01,6
16806,2011-04-01,2011-04-01,0
16806,2011-05-01,2011-04-01,1
16806,2011-06-01,2011-04-01,2
16806,2011-08-01,2011-04-01,4
16807,2011-03-01,2011-03-01,0
16807,2011-05-01,2011-03-01,2
16807,2011-07-01,2011-03-01,4
16808,2011-03-01,2011-03-01,0
16808,2011-09-01,2011-03-01,6
16809,2011-03-01,2011-03-01,0
16809,2011-05-01,2011-03-01,2
16809,2011-07-01,2011-03-01,4
16809,2011-10-01,2011-03-01,7
16809,2011-11-01,2011-03-01,8
16810,2011-05-01,2011-05-01,0
16811,2011-11-01,2011-11-01,0
16811,2011-12-01,2011-11-01,1
16812,2010-12-01,2010-12-01,0
16813,2011-05-01,2011-05-01,0
16813,2011-06-01,2011-05-01,1
16813,2011-07-01,2011-05-01,2
16813,2011-08-01,2011-05-01,3
16813,2011-09-01,2011-05-01,4
16813,2011-10-01,2011-05-01,5
16813,2011-12-01,2011-05-01,7
16814,2010-12-01,2010-12-01,0
16814,2011-01-01,2010-12-01,1
16814,2011-02-01,2010-12-01,2
16814,2011-03-01,2010-12-01,3
16814,2011-04-01,2010-12-01,4
16814,2011-05-01,2010-12-01,5
16814,2011-06-01,2010-12-01,6
16814,2011-07-01,2010-12-01,7
16814,2011-08-01,2010-12-01,8
16814,2011-09-01,2010-12-01,9
16814,2011-10-01,2010-12-01,10
16814,2011-11-01,2010-12-01,11
16816,2010-12-01,2010-12-01,0
16816,2011-01-01,2010-12-01,1
16816,2011-07-01,2010-12-01,7
16816,2011-08-01,2010-12-01,8
16817,2010-12-01,2010-12-01,0
16817,2011-03-01,2010-12-01,3
16817,2011-04-01,2010-12-01,4
16817,2011-05-01,2010-12-01,5
16817,2011-06-01,2010-12-01,6
16817,2011-11-01,2010-12-01,11
16817,2011-12-01,2010-12-01,12
16818,2011-05-01,2011-05-01,0
16818,2011-06-01,2011-05-01,1
16818,2011-07-01,2011-05-01,2
16818,2011-08-01,2011-05-01,3
16818,2011-09-01,2011-05-01,4
16818,2011-11-01,2011-05-01,6
16820,2011-09-01,2011-09-01,0
16823,2011-04-01,2011-04-01,0
16824,2011-06-01,2011-06-01,0
16824,2011-11-01,2011-06-01,5
16825,2011-06-01,2011-06-01,0
16825,2011-11-01,2011-06-01,5
16826,2011-10-01,2011-10-01,0
16828,2011-08-01,2011-08-01,0
16828,2011-09-01,2011-08-01,1
16829,2011-07-01,2011-07-01,0
16830,2011-11-01,2011-11-01,0
16832,2011-05-01,2011-05-01,0
16832,2011-06-01,2011-05-01,1
16833,2011-01-01,2011-01-01,0
16833,2011-03-01,2011-01-01,2
16833,2011-12-01,2011-01-01,11
16834,2011-04-01,2011-04-01,0
16835,2010-12-01,2010-12-01,0
16835,2011-08-01,2010-12-01,8
16836,2011-08-01,2011-08-01,0
16836,2011-10-01,2011-08-01,2
16837,2011-04-01,2011-04-01,0
16837,2011-05-01,2011-04-01,1
16837,2011-07-01,2011-04-01,3
16837,2011-10-01,2011-04-01,6
16837,2011-11-01,2011-04-01,7
16838,2011-02-01,2011-02-01,0
16838,2011-05-01,2011-02-01,3
16839,2010-12-01,2010-12-01,0
16839,2011-01-01,2010-12-01,1
16839,2011-02-01,2010-12-01,2
16839,2011-03-01,2010-12-01,3
16839,2011-05-01,2010-12-01,5
16839,2011-06-01,2010-12-01,6
16839,2011-07-01,2010-12-01,7
16839,2011-08-01,2010-12-01,8
16839,2011-09-01,2010-12-01,9
16839,2011-10-01,2010-12-01,10
16839,2011-11-01,2010-12-01,11
16839,2011-12-01,2010-12-01,12
16841,2011-02-01,2011-02-01,0
16841,2011-05-01,2011-02-01,3
16841,2011-06-01,2011-02-01,4
16841,2011-07-01,2011-02-01,5
16841,2011-11-01,2011-02-01,9
16842,2011-02-01,2011-02-01,0
16842,2011-07-01,2011-02-01,5
16842,2011-08-01,2011-02-01,6
16843,2011-01-01,2011-01-01,0
16843,2011-02-01,2011-01-01,1
16843,2011-04-01,2011-01-01,3
16843,2011-05-01,2011-01-01,4
16843,2011-06-01,2011-01-01,5
16843,2011-07-01,2011-01-01,6
16843,2011-09-01,2011-01-01,8
16843,2011-10-01,2011-01-01,9
16846,2011-10-01,2011-10-01,0
16847,2011-10-01,2011-10-01,0
16848,2011-10-01,2011-10-01,0
16849,2011-06-01,2011-06-01,0
16850,2011-01-01,2011-01-01,0
16851,2011-10-01,2011-10-01,0
16851,2011-12-01,2011-10-01,2
16852,2011-06-01,2011-06-01,0
16852,2011-11-01,2011-06-01,5
16855,2011-10-01,2011-10-01,0
16855,2011-11-01,2011-10-01,1
16856,2011-11-01,2011-11-01,0
16858,2010-12-01,2010-12-01,0
16859,2011-03-01,2011-03-01,0
16859,2011-07-01,2011-03-01,4
16861,2011-07-01,2011-07-01,0
16861,2011-10-01,2011-07-01,3
16863,2010-12-01,2010-12-01,0
16863,2011-11-01,2010-12-01,11
16866,2011-07-01,2011-07-01,0
16869,2011-06-01,2011-06-01,0
16869,2011-10-01,2011-06-01,4
16869,2011-11-01,2011-06-01,5
16871,2011-03-01,2011-03-01,0
16871,2011-05-01,2011-03-01,2
16871,2011-09-01,2011-03-01,6
16871,2011-11-01,2011-03-01,8
16872,2011-06-01,2011-06-01,0
16872,2011-08-01,2011-06-01,2
16872,2011-09-01,2011-06-01,3
16873,2010-12-01,2010-12-01,0
16873,2011-04-01,2010-12-01,4
16873,2011-05-01,2010-12-01,5
16873,2011-08-01,2010-12-01,8
16873,2011-10-01,2010-12-01,10
16873,2011-12-01,2010-12-01,12
16875,2011-01-01,2011-01-01,0
16875,2011-02-01,2011-01-01,1
16875,2011-07-01,2011-01-01,6
16875,2011-10-01,2011-01-01,9
16877,2011-05-01,2011-05-01,0
16877,2011-07-01,2011-05-01,2
16877,2011-10-01,2011-05-01,5
16877,2011-11-01,2011-05-01,6
16878,2011-09-01,2011-09-01,0
16880,2011-06-01,2011-06-01,0
16880,2011-07-01,2011-06-01,1
16880,2011-08-01,2011-06-01,2
16880,2011-09-01,2011-06-01,3
16880,2011-11-01,2011-06-01,5
16881,2011-10-01,2011-10-01,0
16882,2011-01-01,2011-01-01,0
16882,2011-04-01,2011-01-01,3
16882,2011-10-01,2011-01-01,9
16883,2010-12-01,2010-12-01,0
16883,2011-06-01,2010-12-01,6
16884,2011-11-01,2011-11-01,0
16885,2010-12-01,2010-12-01,0
16885,2011-10-01,2010-12-01,10
16885,2011-11-01,2010-12-01,11
16887,2011-11-01,2011-11-01,0
16889,2011-01-01,2011-01-01,0
16889,2011-04-01,2011-01-01,3
16889,2011-05-01,2011-01-01,4
16891,2010-12-01,2010-12-01,0
16891,2011-07-01,2010-12-01,7
16891,2011-09-01,2010-12-01,9
16891,2011-11-01,2010-12-01,11
16891,2011-12-01,2010-12-01,12
16892,2011-06-01,2011-06-01,0
16892,2011-11-01,2011-06-01,5
16892,2011-12-01,2011-06-01,6
16893,2010-12-01,2010-12-01,0
16895,2011-10-01,2011-10-01,0
16897,2011-01-01,2011-01-01,0
16897,2011-02-01,2011-01-01,1
16898,2010-12-01,2010-12-01,0
16898,2011-06-01,2010-12-01,6
16898,2011-11-01,2010-12-01,11
16899,2010-12-01,2010-12-01,0
16899,2011-05-01,2010-12-01,5
16899,2011-07-01,2010-12-01,7
16899,2011-09-01,2010-12-01,9
16899,2011-11-01,2010-12-01,11
16899,2011-12-01,2010-12-01,12
16900,2011-10-01,2011-10-01,0
16900,2011-11-01,2011-10-01,1
16902,2011-08-01,2011-08-01,0
16903,2011-11-01,2011-11-01,0
16904,2010-12-01,2010-12-01,0
16904,2011-01-01,2010-12-01,1
16904,2011-02-01,2010-12-01,2
16904,2011-03-01,2010-12-01,3
16904,2011-04-01,2010-12-01,4
16904,2011-06-01,2010-12-01,6
16904,2011-07-01,2010-12-01,7
16904,2011-08-01,2010-12-01,8
16904,2011-09-01,2010-12-01,9
16904,2011-11-01,2010-12-01,11
16904,2011-12-01,2010-12-01,12
16905,2010-12-01,2010-12-01,0
16905,2011-03-01,2010-12-01,3
16905,2011-04-01,2010-12-01,4
16905,2011-10-01,2010-12-01,10
16905,2011-11-01,2010-12-01,11
16905,2011-12-01,2010-12-01,12
16906,2011-04-01,2011-04-01,0
16906,2011-05-01,2011-04-01,1
16906,2011-06-01,2011-04-01,2
16906,2011-09-01,2011-04-01,5
16907,2010-12-01,2010-12-01,0
16907,2011-02-01,2010-12-01,2
16907,2011-04-01,2010-12-01,4
16907,2011-07-01,2010-12-01,7
16907,2011-11-01,2010-12-01,11
16909,2011-09-01,2011-09-01,0
16910,2011-09-01,2011-09-01,0
16910,2011-10-01,2011-09-01,1
16910,2011-11-01,2011-09-01,2
16910,2011-12-01,2011-09-01,3
16912,2011-01-01,2011-01-01,0
16912,2011-02-01,2011-01-01,1
16912,2011-05-01,2011-01-01,4
16912,2011-07-01,2011-01-01,6
16912,2011-10-01,2011-01-01,9
16912,2011-11-01,2011-01-01,10
16913,2011-02-01,2011-02-01,0
16914,2011-11-01,2011-11-01,0
16915,2011-03-01,2011-03-01,0
16915,2011-04-01,2011-03-01,1
16915,2011-06-01,2011-03-01,3
16915,2011-08-01,2011-03-01,5
16915,2011-10-01,2011-03-01,7
16915,2011-11-01,2011-03-01,8
16916,2010-12-01,2010-12-01,0
16916,2011-11-01,2010-12-01,11
16917,2011-03-01,2011-03-01,0
16918,2011-01-01,2011-01-01,0
16918,2011-07-01,2011-01-01,6
16918,2011-09-01,2011-01-01,8
16918,2011-10-01,2011-01-01,9
16919,2010-12-01,2010-12-01,0
16919,2011-04-01,2010-12-01,4
16919,2011-05-01,2010-12-01,5
16919,2011-06-01,2010-12-01,6
16919,2011-07-01,2010-12-01,7
16921,2011-10-01,2011-10-01,0
16923,2010-12-01,2010-12-01,0
16923,2011-01-01,2010-12-01,1
16923,2011-03-01,2010-12-01,3
16923,2011-04-01,2010-12-01,4
16923,2011-05-01,2010-12-01,5
16923,2011-06-01,2010-12-01,6
16923,2011-07-01,2010-12-01,7
16923,2011-09-01,2010-12-01,9
16923,2011-10-01,2010-12-01,10
16923,2011-11-01,2010-12-01,11
16924,2011-09-01,2011-09-01,0
16924,2011-10-01,2011-09-01,1
16924,2011-11-01,2011-09-01,2
16926,2010-12-01,2010-12-01,0
16927,2010-12-01,2010-12-01,0
16927,2011-03-01,2010-12-01,3
16927,2011-08-01,2010-12-01,8
16928,2010-12-01,2010-12-01,0
16928,2011-01-01,2010-12-01,1
16928,2011-02-01,2010-12-01,2
16928,2011-04-01,2010-12-01,4
16928,2011-05-01,2010-12-01,5
16928,2011-06-01,2010-12-01,6
16928,2011-07-01,2010-12-01,7
16928,2011-08-01,2010-12-01,8
16928,2011-09-01,2010-12-01,9
16929,2011-07-01,2011-07-01,0
16929,2011-08-01,2011-07-01,1
16929,2011-09-01,2011-07-01,2
16929,2011-11-01,2011-07-01,4
16929,2011-12-01,2011-07-01,5
16930,2011-10-01,2011-10-01,0
16930,2011-11-01,2011-10-01,1
16931,2010-12-01,2010-12-01,0
16931,2011-01-01,2010-12-01,1
16931,2011-02-01,2010-12-01,2
16931,2011-03-01,2010-12-01,3
16931,2011-04-01,2010-12-01,4
16931,2011-05-01,2010-12-01,5
16931,2011-06-01,2010-12-01,6
16931,2011-07-01,2010-12-01,7
16931,2011-08-01,2010-12-01,8
16931,2011-09-01,2010-12-01,9
16931,2011-10-01,2010-12-01,10
16931,2011-11-01,2010-12-01,11
16931,2011-12-01,2010-12-01,12
16932,2011-10-01,2011-10-01,0
16933,2011-04-01,2011-04-01,0
16933,2011-12-01,2011-04-01,8
16934,2011-10-01,2011-10-01,0
16936,2011-11-01,2011-11-01,0
16938,2011-02-01,2011-02-01,0
16938,2011-06-01,2011-02-01,4
16938,2011-12-01,2011-02-01,10
16940,2011-02-01,2011-02-01,0
16940,2011-06-01,2011-02-01,4
16940,2011-10-01,2011-02-01,8
16942,2011-04-01,2011-04-01,0
16942,2011-05-01,2011-04-01,1
16942,2011-06-01,2011-04-01,2
16942,2011-07-01,2011-04-01,3
16942,2011-11-01,2011-04-01,7
16943,2011-01-01,2011-01-01,0
16943,2011-03-01,2011-01-01,2
16943,2011-05-01,2011-01-01,4
16945,2010-12-01,2010-12-01,0
16945,2011-02-01,2010-12-01,2
16945,2011-03-01,2010-12-01,3
16945,2011-05-01,2010-12-01,5
16945,2011-06-01,2010-12-01,6
16945,2011-07-01,2010-12-01,7
16945,2011-08-01,2010-12-01,8
16945,2011-09-01,2010-12-01,9
16945,2011-10-01,2010-12-01,10
16945,2011-11-01,2010-12-01,11
16947,2011-04-01,2011-04-01,0
16948,2011-01-01,2011-01-01,0
16948,2011-03-01,2011-01-01,2
16948,2011-07-01,2011-01-01,6
16949,2011-01-01,2011-01-01,0
16949,2011-03-01,2011-01-01,2
16949,2011-05-01,2011-01-01,4
16949,2011-06-01,2011-01-01,5
16949,2011-10-01,2011-01-01,9
16949,2011-12-01,2011-01-01,11
16950,2010-12-01,2010-12-01,0
16950,2011-08-01,2010-12-01,8
16950,2011-10-01,2010-12-01,10
16951,2011-02-01,2011-02-01,0
16951,2011-07-01,2011-02-01,5
16952,2011-08-01,2011-08-01,0
16953,2011-11-01,2011-11-01,0
16954,2010-12-01,2010-12-01,0
16954,2011-03-01,2010-12-01,3
16954,2011-08-01,2010-12-01,8
16954,2011-10-01,2010-12-01,10
16954,2011-11-01,2010-12-01,11
16954,2011-12-01,2010-12-01,12
16955,2010-12-01,2010-12-01,0
16955,2011-01-01,2010-12-01,1
16955,2011-06-01,2010-12-01,6
16956,2011-11-01,2011-11-01,0
16957,2011-03-01,2011-03-01,0
16957,2011-04-01,2011-03-01,1
16959,2011-09-01,2011-09-01,0
16960,2011-04-01,2011-04-01,0
16960,2011-10-01,2011-04-01,6
16960,2011-11-01,2011-04-01,7
16961,2011-08-01,2011-08-01,0
16963,2011-06-01,2011-06-01,0
16965,2011-04-01,2011-04-01,0
16966,2011-04-01,2011-04-01,0
16966,2011-05-01,2011-04-01,1
16966,2011-06-01,2011-04-01,2
16966,2011-10-01,2011-04-01,6
16966,2011-11-01,2011-04-01,7
16966,2011-12-01,2011-04-01,8
16967,2011-06-01,2011-06-01,0
16968,2011-08-01,2011-08-01,0
16968,2011-12-01,2011-08-01,4
16969,2011-06-01,2011-06-01,0
16969,2011-07-01,2011-06-01,1
16969,2011-10-01,2011-06-01,4
16971,2011-11-01,2011-11-01,0
16976,2011-03-01,2011-03-01,0
16978,2011-09-01,2011-09-01,0
16979,2011-02-01,2011-02-01,0
16979,2011-07-01,2011-02-01,5
16979,2011-10-01,2011-02-01,8
16979,2011-11-01,2011-02-01,9
16979,2011-12-01,2011-02-01,10
16980,2011-02-01,2011-02-01,0
16980,2011-03-01,2011-02-01,1
16982,2011-10-01,2011-10-01,0
16983,2010-12-01,2010-12-01,0
16983,2011-01-01,2010-12-01,1
16983,2011-03-01,2010-12-01,3
16983,2011-06-01,2010-12-01,6
16983,2011-09-01,2010-12-01,9
16983,2011-11-01,2010-12-01,11
16984,2011-08-01,2011-08-01,0
16984,2011-09-01,2011-08-01,1
16985,2010-12-01,2010-12-01,0
16985,2011-01-01,2010-12-01,1
16985,2011-03-01,2010-12-01,3
16985,2011-05-01,2010-12-01,5
16985,2011-07-01,2010-12-01,7
16985,2011-09-01,2010-12-01,9
16985,2011-11-01,2010-12-01,11
16986,2011-11-01,2011-11-01,0
16987,2011-05-01,2011-05-01,0
16987,2011-06-01,2011-05-01,1
16987,2011-10-01,2011-05-01,5
16987,2011-12-01,2011-05-01,7
16988,2011-12-01,2011-12-01,0
16989,2011-07-01,2011-07-01,0
16989,2011-09-01,2011-07-01,2
16989,2011-10-01,2011-07-01,3
16989,2011-11-01,2011-07-01,4
16989,2011-12-01,2011-07-01,5
16990,2011-05-01,2011-05-01,0
16992,2011-02-01,2011-02-01,0
16992,2011-05-01,2011-02-01,3
16992,2011-09-01,2011-02-01,7
16992,2011-11-01,2011-02-01,9
16996,2010-12-01,2010-12-01,0
16996,2011-03-01,2010-12-01,3
16996,2011-04-01,2010-12-01,4
16996,2011-08-01,2010-12-01,8
16996,2011-11-01,2010-12-01,11
16997,2011-01-01,2011-01-01,0
16997,2011-02-01,2011-01-01,1
16998,2011-02-01,2011-02-01,0
16998,2011-05-01,2011-02-01,3
16998,2011-07-01,2011-02-01,5
16999,2011-09-01,2011-09-01,0
16999,2011-11-01,2011-09-01,2
17001,2010-12-01,2010-12-01,0
17001,2011-01-01,2010-12-01,1
17001,2011-03-01,2010-12-01,3
17001,2011-04-01,2010-12-01,4
17001,2011-05-01,2010-12-01,5
17001,2011-06-01,2010-12-01,6
17001,2011-08-01,2010-12-01,8
17001,2011-09-01,2010-12-01,9
17001,2011-10-01,2010-12-01,10
17001,2011-11-01,2010-12-01,11
17001,2011-12-01,2010-12-01,12
17002,2011-02-01,2011-02-01,0
17002,2011-05-01,2011-02-01,3
17002,2011-09-01,2011-02-01,7
17004,2011-09-01,2011-09-01,0
17004,2011-10-01,2011-09-01,1
17006,2011-09-01,2011-09-01,0
17006,2011-11-01,2011-09-01,2
17006,2011-12-01,2011-09-01,3
17007,2010-12-01,2010-12-01,0
17007,2011-05-01,2010-12-01,5
17007,2011-07-01,2010-12-01,7
17007,2011-10-01,2010-12-01,10
17010,2011-11-01,2011-11-01,0
17011,2011-11-01,2011-11-01,0
17014,2011-10-01,2011-10-01,0
17014,2011-11-01,2011-10-01,1
17014,2011-12-01,2011-10-01,2
17015,2011-06-01,2011-06-01,0
17015,2011-09-01,2011-06-01,3
17015,2011-11-01,2011-06-01,5
17017,2010-12-01,2010-12-01,0
17017,2011-02-01,2010-12-01,2
17017,2011-03-01,2010-12-01,3
17017,2011-04-01,2010-12-01,4
17017,2011-05-01,2010-12-01,5
17017,2011-06-01,2010-12-01,6
17017,2011-09-01,2010-12-01,9
17017,2011-10-01,2010-12-01,10
17017,2011-11-01,2010-12-01,11
17017,2011-12-01,2010-12-01,12
17018,2011-01-01,2011-01-01,0
17018,2011-10-01,2011-01-01,9
17019,2010-12-01,2010-12-01,0
17019,2011-01-01,2010-12-01,1
17019,2011-03-01,2010-12-01,3
17019,2011-11-01,2010-12-01,11
17022,2011-11-01,2011-11-01,0
17024,2011-07-01,2011-07-01,0
17024,2011-09-01,2011-07-01,2
17024,2011-10-01,2011-07-01,3
17025,2010-12-01,2010-12-01,0
17025,2011-10-01,2010-12-01,10
17026,2010-12-01,2010-12-01,0
17026,2011-06-01,2010-12-01,6
17027,2011-01-01,2011-01-01,0
17027,2011-02-01,2011-01-01,1
17027,2011-03-01,2011-01-01,2
17027,2011-06-01,2011-01-01,5
17027,2011-09-01,2011-01-01,8
17029,2011-04-01,2011-04-01,0
17029,2011-08-01,2011-04-01,4
17030,2011-10-01,2011-10-01,0
17031,2011-07-01,2011-07-01,0
17031,2011-11-01,2011-07-01,4
17033,2010-12-01,2010-12-01,0
17033,2011-05-01,2010-12-01,5
17033,2011-09-01,2010-12-01,9
17034,2011-02-01,2011-02-01,0
17034,2011-09-01,2011-02-01,7
17034,2011-11-01,2011-02-01,9
17035,2011-02-01,2011-02-01,0
17035,2011-04-01,2011-02-01,2
17037,2011-09-01,2011-09-01,0
17038,2011-11-01,2011-11-01,0
17040,2011-07-01,2011-07-01,0
17041,2010-12-01,2010-12-01,0
17041,2011-08-01,2010-12-01,8
17041,2011-11-01,2010-12-01,11
17042,2011-04-01,2011-04-01,0
17042,2011-05-01,2011-04-01,1
17042,2011-07-01,2011-04-01,3
17042,2011-08-01,2011-04-01,4
17042,2011-12-01,2011-04-01,8
17043,2011-03-01,2011-03-01,0
17043,2011-06-01,2011-03-01,3
17043,2011-10-01,2011-03-01,7
17043,2011-11-01,2011-03-01,8
17044,2011-11-01,2011-11-01,0
17045,2011-04-01,2011-04-01,0
17045,2011-07-01,2011-04-01,3
17045,2011-08-01,2011-04-01,4
17046,2011-07-01,2011-07-01,0
17047,2011-05-01,2011-05-01,0
17047,2011-09-01,2011-05-01,4
17048,2011-01-01,2011-01-01,0
17048,2011-03-01,2011-01-01,2
17048,2011-08-01,2011-01-01,7
17049,2011-03-01,2011-03-01,0
17049,2011-05-01,2011-03-01,2
17049,2011-07-01,2011-03-01,4
17049,2011-08-01,2011-03-01,5
17049,2011-09-01,2011-03-01,6
17049,2011-10-01,2011-03-01,7
17049,2011-11-01,2011-03-01,8
17049,2011-12-01,2011-03-01,9
17050,2011-02-01,2011-02-01,0
17050,2011-03-01,2011-02-01,1
17050,2011-04-01,2011-02-01,2
17050,2011-06-01,2011-02-01,4
17050,2011-09-01,2011-02-01,7
17051,2011-05-01,2011-05-01,0
17052,2011-11-01,2011-11-01,0
17053,2011-08-01,2011-08-01,0
17054,2011-04-01,2011-04-01,0
17054,2011-05-01,2011-04-01,1
17054,2011-07-01,2011-04-01,3
17054,2011-11-01,2011-04-01,7
17058,2011-04-01,2011-04-01,0
17058,2011-05-01,2011-04-01,1
17058,2011-09-01,2011-04-01,5
17059,2010-12-01,2010-12-01,0
17059,2011-03-01,2010-12-01,3
17059,2011-05-01,2010-12-01,5
17059,2011-08-01,2010-12-01,8
17059,2011-11-01,2010-12-01,11
17060,2011-03-01,2011-03-01,0
17061,2011-04-01,2011-04-01,0
17061,2011-05-01,2011-04-01,1
17061,2011-06-01,2011-04-01,2
17061,2011-07-01,2011-04-01,3
17061,2011-08-01,2011-04-01,4
17061,2011-09-01,2011-04-01,5
17062,2010-12-01,2010-12-01,0
17062,2011-01-01,2010-12-01,1
17063,2011-02-01,2011-02-01,0
17063,2011-06-01,2011-02-01,4
17063,2011-10-01,2011-02-01,8
17063,2011-11-01,2011-02-01,9
17064,2011-01-01,2011-01-01,0
17064,2011-06-01,2011-01-01,5
17064,2011-10-01,2011-01-01,9
17068,2010-12-01,2010-12-01,0
17068,2011-01-01,2010-12-01,1
17068,2011-03-01,2010-12-01,3
17068,2011-04-01,2010-12-01,4
17068,2011-05-01,2010-12-01,5
17068,2011-06-01,2010-12-01,6
17068,2011-07-01,2010-12-01,7
17068,2011-08-01,2010-12-01,8
17068,2011-09-01,2010-12-01,9
17068,2011-10-01,2010-12-01,10
17068,2011-11-01,2010-12-01,11
17069,2010-12-01,2010-12-01,0
17069,2011-04-01,2010-12-01,4
17069,2011-07-01,2010-12-01,7
17069,2011-09-01,2010-12-01,9
17069,2011-11-01,2010-12-01,11
17070,2011-08-01,2011-08-01,0
17071,2011-02-01,2011-02-01,0
17071,2011-03-01,2011-02-01,1
17071,2011-04-01,2011-02-01,2
17071,2011-06-01,2011-02-01,4
17071,2011-07-01,2011-02-01,5
17071,2011-09-01,2011-02-01,7
17071,2011-10-01,2011-02-01,8
17071,2011-11-01,2011-02-01,9
17073,2011-08-01,2011-08-01,0
17073,2011-09-01,2011-08-01,1
17073,2011-10-01,2011-08-01,2
17073,2011-11-01,2011-08-01,3
17075,2011-01-01,2011-01-01,0
17075,2011-02-01,2011-01-01,1
17075,2011-03-01,2011-01-01,2
17075,2011-11-01,2011-01-01,10
17076,2010-12-01,2010-12-01,0
17076,2011-03-01,2010-12-01,3
17076,2011-11-01,2010-12-01,11
17078,2011-11-01,2011-11-01,0
17079,2011-09-01,2011-09-01,0
17080,2011-03-01,2011-03-01,0
17080,2011-11-01,2011-03-01,8
17081,2011-10-01,2011-10-01,0
17081,2011-11-01,2011-10-01,1
17082,2011-01-01,2011-01-01,0
17082,2011-11-01,2011-01-01,10
17083,2011-02-01,2011-02-01,0
17083,2011-08-01,2011-02-01,6
17084,2011-11-01,2011-11-01,0
17085,2010-12-01,2010-12-01,0
17085,2011-02-01,2010-12-01,2
17085,2011-04-01,2010-12-01,4
17085,2011-08-01,2010-12-01,8
17086,2011-10-01,2011-10-01,0
17086,2011-11-01,2011-10-01,1
17086,2011-12-01,2011-10-01,2
17088,2011-03-01,2011-03-01,0
17088,2011-06-01,2011-03-01,3
17088,2011-09-01,2011-03-01,6
17088,2011-11-01,2011-03-01,8
17090,2010-12-01,2010-12-01,0
17090,2011-02-01,2010-12-01,2
17090,2011-04-01,2010-12-01,4
17090,2011-09-01,2010-12-01,9
17090,2011-10-01,2010-12-01,10
17090,2011-12-01,2010-12-01,12
17091,2010-12-01,2010-12-01,0
17091,2011-01-01,2010-12-01,1
17091,2011-04-01,2010-12-01,4
17091,2011-06-01,2010-12-01,6
17091,2011-09-01,2010-12-01,9
17091,2011-11-01,2010-12-01,11
17091,2011-12-01,2010-12-01,12
17092,2011-03-01,2011-03-01,0
17092,2011-08-01,2011-03-01,5
17092,2011-09-01,2011-03-01,6
17092,2011-10-01,2011-03-01,7
17094,2011-01-01,2011-01-01,0
17095,2011-01-01,2011-01-01,0
17095,2011-02-01,2011-01-01,1
17095,2011-11-01,2011-01-01,10
17096,2011-03-01,2011-03-01,0
17096,2011-07-01,2011-03-01,4
17096,2011-10-01,2011-03-01,7
17096,2011-11-01,2011-03-01,8
17097,2010-12-01,2010-12-01,0
17097,2011-01-01,2010-12-01,1
17097,2011-08-01,2010-12-01,8
17097,2011-11-01,2010-12-01,11
17097,2011-12-01,2010-12-01,12
17100,2011-11-01,2011-11-01,0
17101,2011-06-01,2011-06-01,0
17101,2011-10-01,2011-06-01,4
17101,2011-11-01,2011-06-01,5
17102,2011-03-01,2011-03-01,0
17105,2011-02-01,2011-02-01,0
17105,2011-07-01,2011-02-01,5
17107,2011-03-01,2011-03-01,0
17107,2011-05-01,2011-03-01,2
17107,2011-07-01,2011-03-01,4
17107,2011-09-01,2011-03-01,6
17107,2011-11-01,2011-03-01,8
17109,2011-04-01,2011-04-01,0
17109,2011-10-01,2011-04-01,6
17109,2011-11-01,2011-04-01,7
17110,2011-06-01,2011-06-01,0
17111,2011-10-01,2011-10-01,0
17114,2011-01-01,2011-01-01,0
17114,2011-02-01,2011-01-01,1
17114,2011-04-01,2011-01-01,3
17114,2011-05-01,2011-01-01,4
17114,2011-06-01,2011-01-01,5
17114,2011-07-01,2011-01-01,6
17114,2011-11-01,2011-01-01,10
17114,2011-12-01,2011-01-01,11
17115,2011-04-01,2011-04-01,0
17115,2011-06-01,2011-04-01,2
17115,2011-12-01,2011-04-01,8
17117,2011-02-01,2011-02-01,0
17118,2011-01-01,2011-01-01,0
17119,2011-10-01,2011-10-01,0
17119,2011-12-01,2011-10-01,2
17120,2011-04-01,2011-04-01,0
17122,2011-08-01,2011-08-01,0
17123,2011-07-01,2011-07-01,0
17124,2011-06-01,2011-06-01,0
17125,2011-10-01,2011-10-01,0
17126,2010-12-01,2010-12-01,0
17126,2011-02-01,2010-12-01,2
17126,2011-07-01,2010-12-01,7
17128,2011-01-01,2011-01-01,0
17131,2011-09-01,2011-09-01,0
17131,2011-10-01,2011-09-01,1
17131,2011-11-01,2011-09-01,2
17131,2011-12-01,2011-09-01,3
17133,2011-03-01,2011-03-01,0
17133,2011-04-01,2011-03-01,1
17133,2011-06-01,2011-03-01,3
17133,2011-09-01,2011-03-01,6
17133,2011-11-01,2011-03-01,8
17134,2011-03-01,2011-03-01,0
17134,2011-08-01,2011-03-01,5
17135,2010-12-01,2010-12-01,0
17135,2011-02-01,2010-12-01,2
17135,2011-10-01,2010-12-01,10
17135,2011-11-01,2010-12-01,11
17138,2011-03-01,2011-03-01,0
17139,2011-02-01,2011-02-01,0
17139,2011-03-01,2011-02-01,1
17139,2011-05-01,2011-02-01,3
17139,2011-06-01,2011-02-01,4
17139,2011-08-01,2011-02-01,6
17139,2011-09-01,2011-02-01,7
17139,2011-10-01,2011-02-01,8
17139,2011-11-01,2011-02-01,9
17140,2011-04-01,2011-04-01,0
17142,2011-04-01,2011-04-01,0
17144,2011-09-01,2011-09-01,0
17144,2011-12-01,2011-09-01,3
17146,2010-12-01,2010-12-01,0
17146,2011-03-01,2010-12-01,3
17146,2011-08-01,2010-12-01,8
17147,2011-02-01,2011-02-01,0
17147,2011-05-01,2011-02-01,3
17147,2011-09-01,2011-02-01,7
17147,2011-11-01,2011-02-01,9
17148,2011-10-01,2011-10-01,0
17152,2011-03-01,2011-03-01,0
17152,2011-05-01,2011-03-01,2
17153,2011-11-01,2011-11-01,0
17154,2011-09-01,2011-09-01,0
17155,2011-06-01,2011-06-01,0
17155,2011-11-01,2011-06-01,5
17157,2011-06-01,2011-06-01,0
17157,2011-12-01,2011-06-01,6
17158,2010-12-01,2010-12-01,0
17158,2011-04-01,2010-12-01,4
17158,2011-11-01,2010-12-01,11
17159,2011-06-01,2011-06-01,0
17159,2011-09-01,2011-06-01,3
17159,2011-11-01,2011-06-01,5
17160,2011-04-01,2011-04-01,0
17160,2011-07-01,2011-04-01,3
17160,2011-08-01,2011-04-01,4
17160,2011-11-01,2011-04-01,7
17162,2011-02-01,2011-02-01,0
17162,2011-03-01,2011-02-01,1
17162,2011-04-01,2011-02-01,2
17162,2011-06-01,2011-02-01,4
17162,2011-07-01,2011-02-01,5
17162,2011-11-01,2011-02-01,9
17163,2011-09-01,2011-09-01,0
17163,2011-11-01,2011-09-01,2
17164,2011-03-01,2011-03-01,0
17164,2011-05-01,2011-03-01,2
17164,2011-07-01,2011-03-01,4
17164,2011-09-01,2011-03-01,6
17164,2011-11-01,2011-03-01,8
17165,2011-02-01,2011-02-01,0
17166,2011-05-01,2011-05-01,0
17166,2011-11-01,2011-05-01,6
17169,2011-06-01,2011-06-01,0
17169,2011-10-01,2011-06-01,4
17171,2011-02-01,2011-02-01,0
17172,2011-09-01,2011-09-01,0
17173,2011-07-01,2011-07-01,0
17173,2011-08-01,2011-07-01,1
17173,2011-10-01,2011-07-01,3
17173,2011-11-01,2011-07-01,4
17173,2011-12-01,2011-07-01,5
17174,2011-05-01,2011-05-01,0
17175,2011-02-01,2011-02-01,0
17175,2011-06-01,2011-02-01,4
17175,2011-07-01,2011-02-01,5
17175,2011-10-01,2011-02-01,8
17176,2011-05-01,2011-05-01,0
17179,2010-12-01,2010-12-01,0
17179,2011-04-01,2010-12-01,4
17179,2011-06-01,2010-12-01,6
17180,2011-01-01,2011-01-01,0
17180,2011-04-01,2011-01-01,3
17180,2011-10-01,2011-01-01,9
17181,2010-12-01,2010-12-01,0
17181,2011-10-01,2010-12-01,10
17183,2011-08-01,2011-08-01,0
17183,2011-10-01,2011-08-01,2
17183,2011-11-01,2011-08-01,3
17183,2011-12-01,2011-08-01,4
17186,2011-10-01,2011-10-01,0
17187,2011-04-01,2011-04-01,0
17188,2010-12-01,2010-12-01,0
17188,2011-01-01,2010-12-01,1
17188,2011-06-01,2010-12-01,6
17188,2011-11-01,2010-12-01,11
17189,2010-12-01,2010-12-01,0
17189,2011-08-01,2010-12-01,8
17190,2011-05-01,2011-05-01,0
17190,2011-10-01,2011-05-01,5
17191,2010-12-01,2010-12-01,0
17191,2011-03-01,2010-12-01,3
17191,2011-06-01,2010-12-01,6
17191,2011-09-01,2010-12-01,9
17191,2011-11-01,2010-12-01,11
17193,2011-06-01,2011-06-01,0
17193,2011-09-01,2011-06-01,3
17193,2011-10-01,2011-06-01,4
17193,2011-11-01,2011-06-01,5
17194,2010-12-01,2010-12-01,0
17194,2011-03-01,2010-12-01,3
17197,2011-11-01,2011-11-01,0
17198,2010-12-01,2010-12-01,0
17198,2011-11-01,2010-12-01,11
17201,2011-10-01,2011-10-01,0
17203,2011-10-01,2011-10-01,0
17203,2011-11-01,2011-10-01,1
17204,2011-03-01,2011-03-01,0
17204,2011-04-01,2011-03-01,1
17204,2011-06-01,2011-03-01,3
17205,2011-10-01,2011-10-01,0
17206,2011-10-01,2011-10-01,0
17211,2010-12-01,2010-12-01,0
17211,2011-03-01,2010-12-01,3
17211,2011-04-01,2010-12-01,4
17211,2011-06-01,2010-12-01,6
17211,2011-10-01,2010-12-01,10
17211,2011-11-01,2010-12-01,11
17212,2011-03-01,2011-03-01,0
17213,2010-12-01,2010-12-01,0
17213,2011-01-01,2010-12-01,1
17213,2011-07-01,2010-12-01,7
17213,2011-10-01,2010-12-01,10
17214,2010-12-01,2010-12-01,0
17214,2011-02-01,2010-12-01,2
17214,2011-04-01,2010-12-01,4
17214,2011-09-01,2010-12-01,9
17214,2011-10-01,2010-12-01,10
17217,2011-04-01,2011-04-01,0
17218,2010-12-01,2010-12-01,0
17218,2011-01-01,2010-12-01,1
17218,2011-05-01,2010-12-01,5
17218,2011-09-01,2010-12-01,9
17218,2011-11-01,2010-12-01,11
17218,2011-12-01,2010-12-01,12
17219,2011-11-01,2011-11-01,0
17220,2010-12-01,2010-12-01,0
17220,2011-01-01,2010-12-01,1
17220,2011-03-01,2010-12-01,3
17220,2011-05-01,2010-12-01,5
17220,2011-07-01,2010-12-01,7
17220,2011-08-01,2010-12-01,8
17220,2011-09-01,2010-12-01,9
17220,2011-10-01,2010-12-01,10
17220,2011-11-01,2010-12-01,11
17221,2011-11-01,2011-11-01,0
17221,2011-12-01,2011-11-01,1
17222,2011-10-01,2011-10-01,0
17223,2010-12-01,2010-12-01,0
17223,2011-02-01,2010-12-01,2
17226,2011-02-01,2011-02-01,0
17227,2010-12-01,2010-12-01,0
17227,2011-03-01,2010-12-01,3
17227,2011-06-01,2010-12-01,6
17227,2011-09-01,2010-12-01,9
17227,2011-10-01,2010-12-01,10
17227,2011-11-01,2010-12-01,11
17228,2010-12-01,2010-12-01,0
17228,2011-02-01,2010-12-01,2
17228,2011-05-01,2010-12-01,5
17228,2011-09-01,2010-12-01,9
17228,2011-10-01,2010-12-01,10
17228,2011-11-01,2010-12-01,11
17229,2011-07-01,2011-07-01,0
17229,2011-09-01,2011-07-01,2
17230,2010-12-01,2010-12-01,0
17230,2011-02-01,2010-12-01,2
17230,2011-03-01,2010-12-01,3
17231,2010-12-01,2010-12-01,0
17231,2011-01-01,2010-12-01,1
17231,2011-02-01,2010-12-01,2
17231,2011-03-01,2010-12-01,3
17231,2011-05-01,2010-12-01,5
17231,2011-06-01,2010-12-01,6
17231,2011-08-01,2010-12-01,8
17231,2011-10-01,2010-12-01,10
17231,2011-11-01,2010-12-01,11
17232,2011-11-01,2011-11-01,0
17232,2011-12-01,2011-11-01,1
17233,2011-11-01,2011-11-01,0
17234,2011-06-01,2011-06-01,0
17235,2010-12-01,2010-12-01,0
17235,2011-11-01,2010-12-01,11
17236,2010-12-01,2010-12-01,0
17236,2011-01-01,2010-12-01,1
17236,2011-02-01,2010-12-01,2
17236,2011-04-01,2010-12-01,4
17236,2011-06-01,2010-12-01,6
17236,2011-11-01,2010-12-01,11
17237,2011-11-01,2011-11-01,0
17238,2010-12-01,2010-12-01,0
17238,2011-01-01,2010-12-01,1
17238,2011-03-01,2010-12-01,3
17238,2011-05-01,2010-12-01,5
17238,2011-06-01,2010-12-01,6
17238,2011-07-01,2010-12-01,7
17238,2011-09-01,2010-12-01,9
17238,2011-10-01,2010-12-01,10
17238,2011-11-01,2010-12-01,11
17238,2011-12-01,2010-12-01,12
17239,2011-01-01,2011-01-01,0
17242,2011-06-01,2011-06-01,0
17242,2011-08-01,2011-06-01,2
17243,2010-12-01,2010-12-01,0
17243,2011-01-01,2010-12-01,1
17243,2011-02-01,2010-12-01,2
17243,2011-03-01,2010-12-01,3
17243,2011-04-01,2010-12-01,4
17243,2011-06-01,2010-12-01,6
17243,2011-07-01,2010-12-01,7
17243,2011-08-01,2010-12-01,8
17243,2011-09-01,2010-12-01,9
17243,2011-10-01,2010-12-01,10
17243,2011-11-01,2010-12-01,11
17243,2011-12-01,2010-12-01,12
17244,2011-10-01,2011-10-01,0
17245,2011-05-01,2011-05-01,0
17247,2011-11-01,2011-11-01,0
17248,2011-08-01,2011-08-01,0
17250,2011-03-01,2011-03-01,0
17250,2011-12-01,2011-03-01,9
17251,2010-12-01,2010-12-01,0
17252,2011-06-01,2011-06-01,0
17252,2011-08-01,2011-06-01,2
17253,2011-11-01,2011-11-01,0
17254,2011-11-01,2011-11-01,0
17254,2011-12-01,2011-11-01,1
17255,2011-02-01,2011-02-01,0
17255,2011-10-01,2011-02-01,8
17256,2011-01-01,2011-01-01,0
17256,2011-08-01,2011-01-01,7
17259,2010-12-01,2010-12-01,0
17259,2011-07-01,2010-12-01,7
17262,2010-12-01,2010-12-01,0
17262,2011-03-01,2010-12-01,3
17262,2011-04-01,2010-12-01,4
17262,2011-10-01,2010-12-01,10
17263,2011-05-01,2011-05-01,0
17265,2011-06-01,2011-06-01,0
17265,2011-07-01,2011-06-01,1
17266,2011-07-01,2011-07-01,0
17266,2011-12-01,2011-07-01,5
17267,2011-08-01,2011-08-01,0
17268,2011-04-01,2011-04-01,0
17268,2011-07-01,2011-04-01,3
17268,2011-08-01,2011-04-01,4
17272,2011-03-01,2011-03-01,0
17272,2011-05-01,2011-03-01,2
17272,2011-10-01,2011-03-01,7
17274,2011-11-01,2011-11-01,0
17277,2011-01-01,2011-01-01,0
17277,2011-04-01,2011-01-01,3
17278,2011-04-01,2011-04-01,0
17279,2011-10-01,2011-10-01,0
17282,2011-02-01,2011-02-01,0
17282,2011-06-01,2011-02-01,4
17282,2011-08-01,2011-02-01,6
17284,2011-01-01,2011-01-01,0
17284,2011-04-01,2011-01-01,3
17284,2011-06-01,2011-01-01,5
17284,2011-08-01,2011-01-01,7
17284,2011-10-01,2011-01-01,9
17286,2011-11-01,2011-11-01,0
17287,2010-12-01,2010-12-01,0
17287,2011-04-01,2010-12-01,4
17287,2011-05-01,2010-12-01,5
17287,2011-07-01,2010-12-01,7
17287,2011-09-01,2010-12-01,9
17287,2011-11-01,2010-12-01,11
17288,2010-12-01,2010-12-01,0
17288,2011-01-01,2010-12-01,1
17288,2011-02-01,2010-12-01,2
17288,2011-04-01,2010-12-01,4
17288,2011-05-01,2010-12-01,5
17288,2011-11-01,2010-12-01,11
17289,2011-06-01,2011-06-01,0
17289,2011-11-01,2011-06-01,5
17290,2011-11-01,2011-11-01,0
17290,2011-12-01,2011-11-01,1
17291,2011-02-01,2011-02-01,0
17293,2010-12-01,2010-12-01,0
17293,2011-02-01,2010-12-01,2
17293,2011-07-01,2010-12-01,7
17293,2011-08-01,2010-12-01,8
17293,2011-09-01,2010-12-01,9
17293,2011-10-01,2010-12-01,10
17293,2011-11-01,2010-12-01,11
17293,2011-12-01,2010-12-01,12
17295,2011-10-01,2011-10-01,0
17295,2011-11-01,2011-10-01,1
17297,2011-11-01,2011-11-01,0
17298,2011-08-01,2011-08-01,0
17299,2011-06-01,2011-06-01,0
17299,2011-08-01,2011-06-01,2
17299,2011-09-01,2011-06-01,3
17299,2011-11-01,2011-06-01,5
17301,2011-11-01,2011-11-01,0
17302,2011-02-01,2011-02-01,0
17302,2011-05-01,2011-02-01,3
17302,2011-08-01,2011-02-01,6
17302,2011-11-01,2011-02-01,9
17303,2010-12-01,2010-12-01,0
17306,2010-12-01,2010-12-01,0
17306,2011-01-01,2010-12-01,1
17306,2011-02-01,2010-12-01,2
17306,2011-03-01,2010-12-01,3
17306,2011-05-01,2010-12-01,5
17306,2011-06-01,2010-12-01,6
17306,2011-07-01,2010-12-01,7
17306,2011-08-01,2010-12-01,8
17306,2011-09-01,2010-12-01,9
17306,2011-11-01,2010-12-01,11
17309,2011-09-01,2011-09-01,0
17311,2011-01-01,2011-01-01,0
17311,2011-09-01,2011-01-01,8
17312,2011-07-01,2011-07-01,0
17313,2011-11-01,2011-11-01,0
17314,2011-01-01,2011-01-01,0
17314,2011-02-01,2011-01-01,1
17314,2011-03-01,2011-01-01,2
17314,2011-06-01,2011-01-01,5
17314,2011-07-01,2011-01-01,6
17314,2011-10-01,2011-01-01,9
17314,2011-11-01,2011-01-01,10
17315,2010-12-01,2010-12-01,0
17315,2011-01-01,2010-12-01,1
17315,2011-02-01,2010-12-01,2
17315,2011-03-01,2010-12-01,3
17315,2011-04-01,2010-12-01,4
17315,2011-05-01,2010-12-01,5
17315,2011-06-01,2010-12-01,6
17315,2011-07-01,2010-12-01,7
17315,2011-08-01,2010-12-01,8
17315,2011-09-01,2010-12-01,9
17315,2011-10-01,2010-12-01,10
17315,2011-11-01,2010-12-01,11
17315,2011-12-01,2010-12-01,12
17317,2011-09-01,2011-09-01,0
17317,2011-10-01,2011-09-01,1
17320,2010-12-01,2010-12-01,0
17320,2011-04-01,2010-12-01,4
17320,2011-08-01,2010-12-01,8
17321,2011-10-01,2011-10-01,0
17321,2011-12-01,2011-10-01,2
17323,2011-02-01,2011-02-01,0
17323,2011-05-01,2011-02-01,3
17323,2011-06-01,2011-02-01,4
17323,2011-08-01,2011-02-01,6
17323,2011-10-01,2011-02-01,8
17323,2011-11-01,2011-02-01,9
17324,2010-12-01,2010-12-01,0
17324,2011-01-01,2010-12-01,1
17324,2011-11-01,2010-12-01,11
17325,2011-03-01,2011-03-01,0
17329,2011-01-01,2011-01-01,0
17329,2011-11-01,2011-01-01,10
17330,2011-10-01,2011-10-01,0
17330,2011-11-01,2011-10-01,1
17331,2011-08-01,2011-08-01,0
17333,2011-09-01,2011-09-01,0
17334,2011-02-01,2011-02-01,0
17337,2011-02-01,2011-02-01,0
17337,2011-04-01,2011-02-01,2
17337,2011-05-01,2011-02-01,3
17337,2011-07-01,2011-02-01,5
17338,2010-12-01,2010-12-01,0
17338,2011-01-01,2010-12-01,1
17338,2011-02-01,2010-12-01,2
17338,2011-04-01,2010-12-01,4
17338,2011-05-01,2010-12-01,5
17338,2011-07-01,2010-12-01,7
17338,2011-08-01,2010-12-01,8
17338,2011-11-01,2010-12-01,11
17339,2010-12-01,2010-12-01,0
17339,2011-09-01,2010-12-01,9
17340,2010-12-01,2010-12-01,0
17340,2011-04-01,2010-12-01,4
17340,2011-05-01,2010-12-01,5
17340,2011-07-01,2010-12-01,7
17340,2011-08-01,2010-12-01,8
17340,2011-09-01,2010-12-01,9
17340,2011-11-01,2010-12-01,11
17341,2010-12-01,2010-12-01,0
17341,2011-07-01,2010-12-01,7
17343,2010-12-01,2010-12-01,0
17344,2011-10-01,2011-10-01,0
17345,2011-05-01,2011-05-01,0
17345,2011-09-01,2011-05-01,4
17345,2011-11-01,2011-05-01,6
17346,2010-12-01,2010-12-01,0
17346,2011-02-01,2010-12-01,2
17346,2011-04-01,2010-12-01,4
17346,2011-05-01,2010-12-01,5
17346,2011-06-01,2010-12-01,6
17346,2011-08-01,2010-12-01,8
17346,2011-10-01,2010-12-01,10
17346,2011-11-01,2010-12-01,11
17346,2011-12-01,2010-12-01,12
17347,2011-09-01,2011-09-01,0
17348,2011-02-01,2011-02-01,0
17348,2011-09-01,2011-02-01,7
17348,2011-11-01,2011-02-01,9
17349,2011-06-01,2011-06-01,0
17350,2011-10-01,2011-10-01,0
17350,2011-12-01,2011-10-01,2
17351,2011-03-01,2011-03-01,0
17351,2011-06-01,2011-03-01,3
17351,2011-11-01,2011-03-01,8
17353,2011-07-01,2011-07-01,0
17353,2011-08-01,2011-07-01,1
17354,2011-10-01,2011-10-01,0
17356,2011-02-01,2011-02-01,0
17357,2011-11-01,2011-11-01,0
17358,2010-12-01,2010-12-01,0
17358,2011-02-01,2010-12-01,2
17359,2011-11-01,2011-11-01,0
17360,2011-06-01,2011-06-01,0
17360,2011-11-01,2011-06-01,5
17361,2011-02-01,2011-02-01,0
17361,2011-06-01,2011-02-01,4
17361,2011-10-01,2011-02-01,8
17362,2011-02-01,2011-02-01,0
17362,2011-04-01,2011-02-01,2
17364,2011-01-01,2011-01-01,0
17364,2011-02-01,2011-01-01,1
17364,2011-03-01,2011-01-01,2
17364,2011-05-01,2011-01-01,4
17364,2011-07-01,2011-01-01,6
17364,2011-11-01,2011-01-01,10
17364,2011-12-01,2011-01-01,11
17365,2011-01-01,2011-01-01,0
17365,2011-03-01,2011-01-01,2
17365,2011-05-01,2011-01-01,4
17365,2011-06-01,2011-01-01,5
17365,2011-09-01,2011-01-01,8
17365,2011-10-01,2011-01-01,9
17365,2011-11-01,2011-01-01,10
17367,2011-04-01,2011-04-01,0
17368,2011-01-01,2011-01-01,0
17368,2011-03-01,2011-01-01,2
17368,2011-06-01,2011-01-01,5
17368,2011-09-01,2011-01-01,8
17368,2011-11-01,2011-01-01,10
17370,2011-06-01,2011-06-01,0
17370,2011-09-01,2011-06-01,3
17371,2010-12-01,2010-12-01,0
17371,2011-11-01,2010-12-01,11
17372,2010-12-01,2010-12-01,0
17372,2011-01-01,2010-12-01,1
17372,2011-04-01,2010-12-01,4
17372,2011-06-01,2010-12-01,6
17372,2011-10-01,2010-12-01,10
17373,2011-01-01,2011-01-01,0
17373,2011-07-01,2011-01-01,6
17373,2011-09-01,2011-01-01,8
17373,2011-10-01,2011-01-01,9
17374,2011-03-01,2011-03-01,0
17374,2011-05-01,2011-03-01,2
17375,2010-12-01,2010-12-01,0
17375,2011-01-01,2010-12-01,1
17375,2011-05-01,2010-12-01,5
17376,2011-02-01,2011-02-01,0
17376,2011-09-01,2011-02-01,7
17377,2010-12-01,2010-12-01,0
17377,2011-02-01,2010-12-01,2
17377,2011-03-01,2010-12-01,3
17377,2011-06-01,2010-12-01,6
17377,2011-08-01,2010-12-01,8
17377,2011-09-01,2010-12-01,9
17377,2011-10-01,2010-12-01,10
17377,2011-11-01,2010-12-01,11
17379,2011-11-01,2011-11-01,0
17381,2010-12-01,2010-12-01,0
17381,2011-01-01,2010-12-01,1
17381,2011-02-01,2010-12-01,2
17381,2011-03-01,2010-12-01,3
17381,2011-04-01,2010-12-01,4
17381,2011-05-01,2010-12-01,5
17381,2011-06-01,2010-12-01,6
17381,2011-07-01,2010-12-01,7
17381,2011-08-01,2010-12-01,8
17381,2011-09-01,2010-12-01,9
17381,2011-10-01,2010-12-01,10
17381,2011-11-01,2010-12-01,11
17381,2011-12-01,2010-12-01,12
17382,2011-10-01,2011-10-01,0
17383,2011-12-01,2011-12-01,0
17384,2011-05-01,2011-05-01,0
17384,2011-11-01,2011-05-01,6
17385,2011-11-01,2011-11-01,0
17386,2011-06-01,2011-06-01,0
17386,2011-08-01,2011-06-01,2
17386,2011-09-01,2011-06-01,3
17386,2011-12-01,2011-06-01,6
17387,2011-11-01,2011-11-01,0
17388,2011-02-01,2011-02-01,0
17388,2011-05-01,2011-02-01,3
17388,2011-07-01,2011-02-01,5
17388,2011-09-01,2011-02-01,7
17389,2011-01-01,2011-01-01,0
17389,2011-02-01,2011-01-01,1
17389,2011-03-01,2011-01-01,2
17389,2011-04-01,2011-01-01,3
17389,2011-05-01,2011-01-01,4
17389,2011-06-01,2011-01-01,5
17389,2011-07-01,2011-01-01,6
17389,2011-08-01,2011-01-01,7
17389,2011-09-01,2011-01-01,8
17389,2011-11-01,2011-01-01,10
17389,2011-12-01,2011-01-01,11
17391,2011-06-01,2011-06-01,0
17392,2010-12-01,2010-12-01,0
17392,2011-02-01,2010-12-01,2
17394,2011-05-01,2011-05-01,0
17396,2010-12-01,2010-12-01,0
17396,2011-07-01,2010-12-01,7
17396,2011-10-01,2010-12-01,10
17397,2011-11-01,2011-11-01,0
17398,2011-03-01,2011-03-01,0
17398,2011-05-01,2011-03-01,2
17398,2011-08-01,2011-03-01,5
17400,2010-12-01,2010-12-01,0
17400,2011-03-01,2010-12-01,3
17400,2011-05-01,2010-12-01,5
17400,2011-08-01,2010-12-01,8
17402,2010-12-01,2010-12-01,0
17402,2011-01-01,2010-12-01,1
17402,2011-04-01,2010-12-01,4
17402,2011-06-01,2010-12-01,6
17402,2011-08-01,2010-12-01,8
17402,2011-09-01,2010-12-01,9
17402,2011-10-01,2010-12-01,10
17402,2011-11-01,2010-12-01,11
17402,2011-12-01,2010-12-01,12
17403,2011-11-01,2011-11-01,0
17404,2010-12-01,2010-12-01,0
17404,2011-01-01,2010-12-01,1
17404,2011-03-01,2010-12-01,3
17404,2011-05-01,2010-12-01,5
17404,2011-07-01,2010-12-01,7
17404,2011-08-01,2010-12-01,8
17404,2011-09-01,2010-12-01,9
17404,2011-10-01,2010-12-01,10
17404,2011-11-01,2010-12-01,11
17404,2011-12-01,2010-12-01,12
17405,2011-07-01,2011-07-01,0
17405,2011-09-01,2011-07-01,2
17405,2011-12-01,2011-07-01,5
17406,2010-12-01,2010-12-01,0
17406,2011-01-01,2010-12-01,1
17408,2011-06-01,2011-06-01,0
17409,2011-04-01,2011-04-01,0
17409,2011-06-01,2011-04-01,2
17410,2011-05-01,2011-05-01,0
17410,2011-09-01,2011-05-01,4
17410,2011-10-01,2011-05-01,5
17410,2011-11-01,2011-05-01,6
17411,2011-03-01,2011-03-01,0
17411,2011-09-01,2011-03-01,6
17411,2011-11-01,2011-03-01,8
17412,2010-12-01,2010-12-01,0
17412,2011-02-01,2010-12-01,2
17412,2011-05-01,2010-12-01,5
17412,2011-10-01,2010-12-01,10
17412,2011-11-01,2010-12-01,11
17412,2011-12-01,2010-12-01,12
17414,2011-06-01,2011-06-01,0
17414,2011-10-01,2011-06-01,4
17415,2011-09-01,2011-09-01,0
17416,2011-03-01,2011-03-01,0
17416,2011-05-01,2011-03-01,2
17416,2011-06-01,2011-03-01,3
17416,2011-08-01,2011-03-01,5
17416,2011-09-01,2011-03-01,6
17416,2011-11-01,2011-03-01,8
17418,2011-01-01,2011-01-01,0
17418,2011-10-01,2011-01-01,9
17419,2010-12-01,2010-12-01,0
17419,2011-01-01,2010-12-01,1
17419,2011-02-01,2010-12-01,2
17419,2011-03-01,2010-12-01,3
17419,2011-04-01,2010-12-01,4
17419,2011-07-01,2010-12-01,7
17419,2011-10-01,2010-12-01,10
17419,2011-11-01,2010-12-01,11
17420,2010-12-01,2010-12-01,0
17420,2011-06-01,2010-12-01,6
17420,2011-10-01,2010-12-01,10
17422,2011-02-01,2011-02-01,0
17422,2011-05-01,2011-02-01,3
17422,2011-06-01,2011-02-01,4
17422,2011-07-01,2011-02-01,5
17422,2011-09-01,2011-02-01,7
17422,2011-11-01,2011-02-01,9
17423,2011-05-01,2011-05-01,0
17423,2011-10-01,2011-05-01,5
17425,2011-10-01,2011-10-01,0
17425,2011-11-01,2011-10-01,1
17426,2011-03-01,2011-03-01,0
17426,2011-06-01,2011-03-01,3
17426,2011-09-01,2011-03-01,6
17426,2011-12-01,2011-03-01,9
17427,2011-09-01,2011-09-01,0
17428,2010-12-01,2010-12-01,0
17428,2011-01-01,2010-12-01,1
17428,2011-02-01,2010-12-01,2
17428,2011-03-01,2010-12-01,3
17428,2011-04-01,2010-12-01,4
17428,2011-05-01,2010-12-01,5
17428,2011-06-01,2010-12-01,6
17428,2011-07-01,2010-12-01,7
17428,2011-08-01,2010-12-01,8
17428,2011-09-01,2010-12-01,9
17428,2011-10-01,2010-12-01,10
17428,2011-11-01,2010-12-01,11
17428,2011-12-01,2010-12-01,12
17429,2011-05-01,2011-05-01,0
17429,2011-06-01,2011-05-01,1
17429,2011-08-01,2011-05-01,3
17430,2010-12-01,2010-12-01,0
17430,2011-11-01,2010-12-01,11
17431,2011-01-01,2011-01-01,0
17432,2011-11-01,2011-11-01,0
17433,2011-09-01,2011-09-01,0
17434,2011-09-01,2011-09-01,0
17434,2011-10-01,2011-09-01,1
17434,2011-11-01,2011-09-01,2
17434,2011-12-01,2011-09-01,3
17436,2011-04-01,2011-04-01,0
17436,2011-12-01,2011-04-01,8
17438,2011-03-01,2011-03-01,0
17440,2011-04-01,2011-04-01,0
17440,2011-07-01,2011-04-01,3
17442,2011-02-01,2011-02-01,0
17442,2011-05-01,2011-02-01,3
17442,2011-06-01,2011-02-01,4
17442,2011-08-01,2011-02-01,6
17442,2011-09-01,2011-02-01,7
17442,2011-11-01,2011-02-01,9
17443,2011-05-01,2011-05-01,0
17444,2011-06-01,2011-06-01,0
17444,2011-07-01,2011-06-01,1
17446,2011-02-01,2011-02-01,0
17446,2011-06-01,2011-02-01,4
17447,2011-09-01,2011-09-01,0
17447,2011-10-01,2011-09-01,1
17449,2010-12-01,2010-12-01,0
17449,2011-03-01,2010-12-01,3
17449,2011-04-01,2010-12-01,4
17449,2011-09-01,2010-12-01,9
17449,2011-10-01,2010-12-01,10
17449,2011-12-01,2010-12-01,12
17450,2010-12-01,2010-12-01,0
17450,2011-01-01,2010-12-01,1
17450,2011-03-01,2010-12-01,3
17450,2011-04-01,2010-12-01,4
17450,2011-05-01,2010-12-01,5
17450,2011-06-01,2010-12-01,6
17450,2011-07-01,2010-12-01,7
17450,2011-08-01,2010-12-01,8
17450,2011-09-01,2010-12-01,9
17450,2011-10-01,2010-12-01,10
17450,2011-11-01,2010-12-01,11
17450,2011-12-01,2010-12-01,12
17451,2011-08-01,2011-08-01,0
17451,2011-09-01,2011-08-01,1
17451,2011-10-01,2011-08-01,2
17451,2011-11-01,2011-08-01,3
17451,2011-12-01,2011-08-01,4
17453,2011-10-01,2011-10-01,0
17453,2011-11-01,2011-10-01,1
17454,2010-12-01,2010-12-01,0
17454,2011-02-01,2010-12-01,2
17454,2011-04-01,2010-12-01,4
17454,2011-05-01,2010-12-01,5
17455,2011-05-01,2011-05-01,0
17456,2010-12-01,2010-12-01,0
17457,2011-01-01,2011-01-01,0
17457,2011-02-01,2011-01-01,1
17457,2011-04-01,2011-01-01,3
17457,2011-05-01,2011-01-01,4
17457,2011-08-01,2011-01-01,7
17458,2011-11-01,2011-11-01,0
17459,2011-10-01,2011-10-01,0
17460,2010-12-01,2010-12-01,0
17460,2011-01-01,2010-12-01,1
17460,2011-03-01,2010-12-01,3
17460,2011-04-01,2010-12-01,4
17460,2011-09-01,2010-12-01,9
17461,2011-11-01,2011-11-01,0
17462,2011-02-01,2011-02-01,0
17462,2011-10-01,2011-02-01,8
17463,2011-01-01,2011-01-01,0
17463,2011-04-01,2011-01-01,3
17463,2011-06-01,2011-01-01,5
17463,2011-10-01,2011-01-01,9
17463,2011-11-01,2011-01-01,10
17464,2011-07-01,2011-07-01,0
17466,2011-09-01,2011-09-01,0
17466,2011-11-01,2011-09-01,2
17468,2011-11-01,2011-11-01,0
17469,2011-05-01,2011-05-01,0
17469,2011-07-01,2011-05-01,2
17469,2011-08-01,2011-05-01,3
17469,2011-09-01,2011-05-01,4
17469,2011-11-01,2011-05-01,6
17470,2010-12-01,2010-12-01,0
17470,2011-04-01,2010-12-01,4
17470,2011-05-01,2010-12-01,5
17470,2011-08-01,2010-12-01,8
17470,2011-10-01,2010-12-01,10
17472,2011-02-01,2011-02-01,0
17472,2011-06-01,2011-02-01,4
17475,2011-09-01,2011-09-01,0
17480,2011-09-01,2011-09-01,0
17481,2011-09-01,2011-09-01,0
17481,2011-11-01,2011-09-01,2
17481,2011-12-01,2011-09-01,3
17483,2011-06-01,2011-06-01,0
17483,2011-07-01,2011-06-01,1
17483,2011-10-01,2011-06-01,4
17486,2011-03-01,2011-03-01,0
17489,2011-05-01,2011-05-01,0
17489,2011-10-01,2011-05-01,5
17490,2011-06-01,2011-06-01,0
17490,2011-09-01,2011-06-01,3
17490,2011-10-01,2011-06-01,4
17490,2011-12-01,2011-06-01,6
17491,2010-12-01,2010-12-01,0
17491,2011-01-01,2010-12-01,1
17491,2011-03-01,2010-12-01,3
17491,2011-06-01,2010-12-01,6
17491,2011-07-01,2010-12-01,7
17491,2011-09-01,2010-12-01,9
17491,2011-11-01,2010-12-01,11
17491,2011-12-01,2010-12-01,12
17492,2011-04-01,2011-04-01,0
17495,2011-11-01,2011-11-01,0
17495,2011-12-01,2011-11-01,1
17496,2010-12-01,2010-12-01,0
17498,2011-09-01,2011-09-01,0
17499,2011-02-01,2011-02-01,0
17500,2011-11-01,2011-11-01,0
17501,2011-05-01,2011-05-01,0
17502,2011-11-01,2011-11-01,0
17503,2011-11-01,2011-11-01,0
17503,2011-12-01,2011-11-01,1
17504,2011-01-01,2011-01-01,0
17504,2011-02-01,2011-01-01,1
17504,2011-03-01,2011-01-01,2
17504,2011-05-01,2011-01-01,4
17505,2011-05-01,2011-05-01,0
17505,2011-07-01,2011-05-01,2
17506,2011-09-01,2011-09-01,0
17507,2011-02-01,2011-02-01,0
17507,2011-03-01,2011-02-01,1
17508,2011-03-01,2011-03-01,0
17509,2011-10-01,2011-10-01,0
17510,2011-11-01,2011-11-01,0
17511,2010-12-01,2010-12-01,0
17511,2011-01-01,2010-12-01,1
17511,2011-02-01,2010-12-01,2
17511,2011-03-01,2010-12-01,3
17511,2011-04-01,2010-12-01,4
17511,2011-05-01,2010-12-01,5
17511,2011-06-01,2010-12-01,6
17511,2011-07-01,2010-12-01,7
17511,2011-08-01,2010-12-01,8
17511,2011-09-01,2010-12-01,9
17511,2011-10-01,2010-12-01,10
17511,2011-11-01,2010-12-01,11
17511,2011-12-01,2010-12-01,12
17512,2011-02-01,2011-02-01,0
17512,2011-03-01,2011-02-01,1
17512,2011-05-01,2011-02-01,3
17512,2011-07-01,2011-02-01,5
17512,2011-08-01,2011-02-01,6
17512,2011-10-01,2011-02-01,8
17512,2011-11-01,2011-02-01,9
17513,2011-09-01,2011-09-01,0
17514,2011-08-01,2011-08-01,0
17515,2011-01-01,2011-01-01,0
17515,2011-03-01,2011-01-01,2
17515,2011-05-01,2011-01-01,4
17515,2011-11-01,2011-01-01,10
17516,2011-02-01,2011-02-01,0
17516,2011-05-01,2011-02-01,3
17516,2011-08-01,2011-02-01,6
17516,2011-11-01,2011-02-01,9
17517,2011-02-01,2011-02-01,0
17519,2010-12-01,2010-12-01,0
17519,2011-03-01,2010-12-01,3
17519,2011-05-01,2010-12-01,5
17519,2011-06-01,2010-12-01,6
17519,2011-07-01,2010-12-01,7
17519,2011-11-01,2010-12-01,11
17520,2011-10-01,2011-10-01,0
17521,2011-05-01,2011-05-01,0
17521,2011-10-01,2011-05-01,5
17521,2011-11-01,2011-05-01,6
17522,2011-05-01,2011-05-01,0
17522,2011-06-01,2011-05-01,1
17522,2011-07-01,2011-05-01,2
17522,2011-12-01,2011-05-01,7
17523,2011-11-01,2011-11-01,0
17524,2010-12-01,2010-12-01,0
17525,2010-12-01,2010-12-01,0
17526,2010-12-01,2010-12-01,0
17526,2011-02-01,2010-12-01,2
17526,2011-12-01,2010-12-01,12
17527,2011-05-01,2011-05-01,0
17527,2011-08-01,2011-05-01,3
17527,2011-09-01,2011-05-01,4
17527,2011-10-01,2011-05-01,5
17528,2011-09-01,2011-09-01,0
17528,2011-10-01,2011-09-01,1
17528,2011-11-01,2011-09-01,2
17528,2011-12-01,2011-09-01,3
17530,2010-12-01,2010-12-01,0
17530,2011-02-01,2010-12-01,2
17530,2011-04-01,2010-12-01,4
17530,2011-05-01,2010-12-01,5
17530,2011-09-01,2010-12-01,9
17530,2011-10-01,2010-12-01,10
17530,2011-11-01,2010-12-01,11
17530,2011-12-01,2010-12-01,12
17531,2011-06-01,2011-06-01,0
17534,2011-10-01,2011-10-01,0
17535,2011-03-01,2011-03-01,0
17536,2011-06-01,2011-06-01,0
17537,2011-02-01,2011-02-01,0
17537,2011-11-01,2011-02-01,9
17538,2011-11-01,2011-11-01,0
17540,2011-01-01,2011-01-01,0
17540,2011-11-01,2011-01-01,10
17542,2011-03-01,2011-03-01,0
17545,2011-10-01,2011-10-01,0
17548,2011-04-01,2011-04-01,0
17549,2011-10-01,2011-10-01,0
17549,2011-11-01,2011-10-01,1
17550,2011-04-01,2011-04-01,0
17550,2011-05-01,2011-04-01,1
17551,2010-12-01,2010-12-01,0
17552,2010-12-01,2010-12-01,0
17552,2011-09-01,2010-12-01,9
17552,2011-10-01,2010-12-01,10
17553,2011-08-01,2011-08-01,0
17554,2011-07-01,2011-07-01,0
17554,2011-08-01,2011-07-01,1
17554,2011-10-01,2011-07-01,3
17554,2011-11-01,2011-07-01,4
17554,2011-12-01,2011-07-01,5
17555,2011-01-01,2011-01-01,0
17555,2011-11-01,2011-01-01,10
17556,2011-05-01,2011-05-01,0
17557,2011-09-01,2011-09-01,0
17557,2011-10-01,2011-09-01,1
17557,2011-11-01,2011-09-01,2
17560,2011-02-01,2011-02-01,0
17560,2011-05-01,2011-02-01,3
17560,2011-07-01,2011-02-01,5
17560,2011-09-01,2011-02-01,7
17561,2011-11-01,2011-11-01,0
17562,2011-06-01,2011-06-01,0
17562,2011-07-01,2011-06-01,1
17562,2011-08-01,2011-06-01,2
17562,2011-09-01,2011-06-01,3
17562,2011-10-01,2011-06-01,4
17562,2011-11-01,2011-06-01,5
17564,2011-09-01,2011-09-01,0
17564,2011-10-01,2011-09-01,1
17564,2011-11-01,2011-09-01,2
17566,2011-11-01,2011-11-01,0
17566,2011-12-01,2011-11-01,1
17567,2010-12-01,2010-12-01,0
17567,2011-02-01,2010-12-01,2
17567,2011-03-01,2010-12-01,3
17567,2011-04-01,2010-12-01,4
17567,2011-07-01,2010-12-01,7
17567,2011-09-01,2010-12-01,9
17567,2011-10-01,2010-12-01,10
17567,2011-12-01,2010-12-01,12
17569,2011-01-01,2011-01-01,0
17571,2011-02-01,2011-02-01,0
17571,2011-03-01,2011-02-01,1
17571,2011-07-01,2011-02-01,5
17571,2011-10-01,2011-02-01,8
17572,2010-12-01,2010-12-01,0
17572,2011-04-01,2010-12-01,4
17572,2011-09-01,2010-12-01,9
17573,2011-09-01,2011-09-01,0
17573,2011-11-01,2011-09-01,2
17574,2011-04-01,2011-04-01,0
17576,2010-12-01,2010-12-01,0
17576,2011-01-01,2010-12-01,1
17576,2011-02-01,2010-12-01,2
17576,2011-03-01,2010-12-01,3
17576,2011-04-01,2010-12-01,4
17576,2011-05-01,2010-12-01,5
17576,2011-06-01,2010-12-01,6
17576,2011-07-01,2010-12-01,7
17576,2011-08-01,2010-12-01,8
17576,2011-09-01,2010-12-01,9
17576,2011-10-01,2010-12-01,10
17576,2011-11-01,2010-12-01,11
17576,2011-12-01,2010-12-01,12
17578,2011-05-01,2011-05-01,0
17579,2011-06-01,2011-06-01,0
17579,2011-07-01,2011-06-01,1
17579,2011-12-01,2011-06-01,6
17580,2010-12-01,2010-12-01,0
17580,2011-01-01,2010-12-01,1
17580,2011-04-01,2010-12-01,4
17581,2010-12-01,2010-12-01,0
17581,2011-01-01,2010-12-01,1
17581,2011-03-01,2010-12-01,3
17581,2011-05-01,2010-12-01,5
17581,2011-06-01,2010-12-01,6
17581,2011-07-01,2010-12-01,7
17581,2011-08-01,2010-12-01,8
17581,2011-09-01,2010-12-01,9
17581,2011-11-01,2010-12-01,11
17581,2011-12-01,2010-12-01,12
17582,2011-04-01,2011-04-01,0
17584,2011-08-01,2011-08-01,0
17584,2011-12-01,2011-08-01,4
17585,2011-01-01,2011-01-01,0
17585,2011-03-01,2011-01-01,2
17585,2011-06-01,2011-01-01,5
17585,2011-08-01,2011-01-01,7
17588,2011-04-01,2011-04-01,0
17588,2011-06-01,2011-04-01,2
17588,2011-08-01,2011-04-01,4
17589,2011-04-01,2011-04-01,0
17589,2011-06-01,2011-04-01,2
17589,2011-07-01,2011-04-01,3
17589,2011-10-01,2011-04-01,6
17590,2011-10-01,2011-10-01,0
17590,2011-11-01,2011-10-01,1
17590,2011-12-01,2011-10-01,2
17591,2010-12-01,2010-12-01,0
17591,2011-01-01,2010-12-01,1
17591,2011-02-01,2010-12-01,2
17591,2011-03-01,2010-12-01,3
17591,2011-05-01,2010-12-01,5
17591,2011-08-01,2010-12-01,8
17591,2011-09-01,2010-12-01,9
17593,2010-12-01,2010-12-01,0
17593,2011-06-01,2010-12-01,6
17593,2011-07-01,2010-12-01,7
17593,2011-09-01,2010-12-01,9
17593,2011-12-01,2010-12-01,12
17594,2011-03-01,2011-03-01,0
17594,2011-09-01,2011-03-01,6
17595,2011-11-01,2011-11-01,0
17596,2010-12-01,2010-12-01,0
17596,2011-04-01,2010-12-01,4
17596,2011-06-01,2010-12-01,6
17596,2011-07-01,2010-12-01,7
17596,2011-10-01,2010-12-01,10
17596,2011-11-01,2010-12-01,11
17597,2011-05-01,2011-05-01,0
17600,2011-11-01,2011-11-01,0
17601,2011-04-01,2011-04-01,0
17602,2011-01-01,2011-01-01,0
17602,2011-08-01,2011-01-01,7
17602,2011-09-01,2011-01-01,8
17602,2011-10-01,2011-01-01,9
17602,2011-11-01,2011-01-01,10
17602,2011-12-01,2011-01-01,11
17603,2011-09-01,2011-09-01,0
17604,2011-01-01,2011-01-01,0
17604,2011-05-01,2011-01-01,4
17608,2011-11-01,2011-11-01,0
17609,2011-01-01,2011-01-01,0
17609,2011-02-01,2011-01-01,1
17609,2011-09-01,2011-01-01,8
17609,2011-10-01,2011-01-01,9
17611,2010-12-01,2010-12-01,0
17611,2011-01-01,2010-12-01,1
17611,2011-03-01,2010-12-01,3
17611,2011-04-01,2010-12-01,4
17611,2011-05-01,2010-12-01,5
17611,2011-06-01,2010-12-01,6
17611,2011-07-01,2010-12-01,7
17611,2011-08-01,2010-12-01,8
17611,2011-09-01,2010-12-01,9
17611,2011-10-01,2010-12-01,10
17611,2011-11-01,2010-12-01,11
17611,2011-12-01,2010-12-01,12
17612,2011-02-01,2011-02-01,0
17612,2011-05-01,2011-02-01,3
17612,2011-07-01,2011-02-01,5
17612,2011-08-01,2011-02-01,6
17612,2011-09-01,2011-02-01,7
17612,2011-10-01,2011-02-01,8
17613,2011-02-01,2011-02-01,0
17613,2011-03-01,2011-02-01,1
17613,2011-04-01,2011-02-01,2
17613,2011-05-01,2011-02-01,3
17613,2011-06-01,2011-02-01,4
17613,2011-08-01,2011-02-01,6
17613,2011-09-01,2011-02-01,7
17613,2011-10-01,2011-02-01,8
17613,2011-11-01,2011-02-01,9
17614,2011-10-01,2011-10-01,0
17615,2011-05-01,2011-05-01,0
17615,2011-08-01,2011-05-01,3
17616,2010-12-01,2010-12-01,0
17616,2011-03-01,2010-12-01,3
17616,2011-06-01,2010-12-01,6
17618,2010-12-01,2010-12-01,0
17618,2011-04-01,2010-12-01,4
17618,2011-12-01,2010-12-01,12
17619,2011-01-01,2011-01-01,0
17620,2011-10-01,2011-10-01,0
17621,2010-12-01,2010-12-01,0
17621,2011-01-01,2010-12-01,1
17621,2011-11-01,2010-12-01,11
17623,2011-11-01,2011-11-01,0
17624,2011-05-01,2011-05-01,0
17624,2011-11-01,2011-05-01,6
17625,2011-03-01,2011-03-01,0
17625,2011-07-01,2011-03-01,4
17625,2011-10-01,2011-03-01,7
17625,2011-11-01,2011-03-01,8
17628,2011-09-01,2011-09-01,0
17629,2010-12-01,2010-12-01,0
17629,2011-04-01,2010-12-01,4
17629,2011-05-01,2010-12-01,5
17629,2011-06-01,2010-12-01,6
17629,2011-08-01,2010-12-01,8
17629,2011-10-01,2010-12-01,10
17629,2011-11-01,2010-12-01,11
17629,2011-12-01,2010-12-01,12
17630,2011-04-01,2011-04-01,0
17630,2011-06-01,2011-04-01,2
17631,2011-04-01,2011-04-01,0
17631,2011-07-01,2011-04-01,3
17631,2011-12-01,2011-04-01,8
17633,2011-08-01,2011-08-01,0
17633,2011-09-01,2011-08-01,1
17633,2011-11-01,2011-08-01,3
17634,2011-01-01,2011-01-01,0
17634,2011-03-01,2011-01-01,2
17634,2011-04-01,2011-01-01,3
17634,2011-05-01,2011-01-01,4
17634,2011-08-01,2011-01-01,7
17634,2011-09-01,2011-01-01,8
17634,2011-10-01,2011-01-01,9
17634,2011-11-01,2011-01-01,10
17636,2011-11-01,2011-11-01,0
17637,2011-08-01,2011-08-01,0
17637,2011-11-01,2011-08-01,3
17639,2011-03-01,2011-03-01,0
17640,2011-09-01,2011-09-01,0
17642,2011-06-01,2011-06-01,0
17642,2011-08-01,2011-06-01,2
17643,2010-12-01,2010-12-01,0
17644,2011-03-01,2011-03-01,0
17644,2011-05-01,2011-03-01,2
17644,2011-06-01,2011-03-01,3
17644,2011-07-01,2011-03-01,4
17644,2011-08-01,2011-03-01,5
17644,2011-09-01,2011-03-01,6
17644,2011-11-01,2011-03-01,8
17644,2011-12-01,2011-03-01,9
17646,2010-12-01,2010-12-01,0
17646,2011-03-01,2010-12-01,3
17646,2011-05-01,2010-12-01,5
17647,2011-10-01,2011-10-01,0
17648,2011-04-01,2011-04-01,0
17648,2011-05-01,2011-04-01,1
17648,2011-10-01,2011-04-01,6
17649,2011-07-01,2011-07-01,0
17650,2011-11-01,2011-11-01,0
17651,2011-06-01,2011-06-01,0
17651,2011-07-01,2011-06-01,1
17651,2011-09-01,2011-06-01,3
17651,2011-10-01,2011-06-01,4
17651,2011-11-01,2011-06-01,5
17652,2011-03-01,2011-03-01,0
17652,2011-04-01,2011-03-01,1
17652,2011-06-01,2011-03-01,3
17652,2011-07-01,2011-03-01,4
17652,2011-09-01,2011-03-01,6
17652,2011-10-01,2011-03-01,7
17652,2011-11-01,2011-03-01,8
17653,2011-08-01,2011-08-01,0
17653,2011-09-01,2011-08-01,1
17653,2011-11-01,2011-08-01,3
17654,2011-03-01,2011-03-01,0
17655,2010-12-01,2010-12-01,0
17655,2011-02-01,2010-12-01,2
17655,2011-05-01,2010-12-01,5
17655,2011-08-01,2010-12-01,8
17655,2011-10-01,2010-12-01,10
17655,2011-11-01,2010-12-01,11
17656,2011-08-01,2011-08-01,0
17656,2011-09-01,2011-08-01,1
17658,2011-05-01,2011-05-01,0
17658,2011-11-01,2011-05-01,6
17659,2010-12-01,2010-12-01,0
17659,2011-02-01,2010-12-01,2
17659,2011-05-01,2010-12-01,5
17659,2011-06-01,2010-12-01,6
17659,2011-08-01,2010-12-01,8
17659,2011-10-01,2010-12-01,10
17659,2011-11-01,2010-12-01,11
17660,2011-07-01,2011-07-01,0
17663,2011-02-01,2011-02-01,0
17663,2011-04-01,2011-02-01,2
17663,2011-05-01,2011-02-01,3
17663,2011-07-01,2011-02-01,5
17663,2011-09-01,2011-02-01,7
17663,2011-11-01,2011-02-01,9
17664,2011-05-01,2011-05-01,0
17664,2011-11-01,2011-05-01,6
17666,2011-10-01,2011-10-01,0
17666,2011-12-01,2011-10-01,2
17667,2011-02-01,2011-02-01,0
17667,2011-05-01,2011-02-01,3
17667,2011-07-01,2011-02-01,5
17667,2011-10-01,2011-02-01,8
17668,2011-11-01,2011-11-01,0
17668,2011-12-01,2011-11-01,1
17669,2011-04-01,2011-04-01,0
17669,2011-05-01,2011-04-01,1
17669,2011-06-01,2011-04-01,2
17669,2011-08-01,2011-04-01,4
17669,2011-09-01,2011-04-01,5
17669,2011-10-01,2011-04-01,6
17670,2011-04-01,2011-04-01,0
17671,2010-12-01,2010-12-01,0
17671,2011-05-01,2010-12-01,5
17671,2011-07-01,2010-12-01,7
17671,2011-11-01,2010-12-01,11
17672,2011-02-01,2011-02-01,0
17672,2011-10-01,2011-02-01,8
17673,2011-01-01,2011-01-01,0
17673,2011-03-01,2011-01-01,2
17673,2011-06-01,2011-01-01,5
17673,2011-10-01,2011-01-01,9
17673,2011-12-01,2011-01-01,11
17674,2010-12-01,2010-12-01,0
17674,2011-09-01,2010-12-01,9
17675,2010-12-01,2010-12-01,0
17675,2011-01-01,2010-12-01,1
17675,2011-02-01,2010-12-01,2
17675,2011-03-01,2010-12-01,3
17675,2011-04-01,2010-12-01,4
17675,2011-05-01,2010-12-01,5
17675,2011-06-01,2010-12-01,6
17675,2011-07-01,2010-12-01,7
17675,2011-08-01,2010-12-01,8
17675,2011-09-01,2010-12-01,9
17675,2011-10-01,2010-12-01,10
17675,2011-11-01,2010-12-01,11
17675,2011-12-01,2010-12-01,12
17676,2010-12-01,2010-12-01,0
17676,2011-08-01,2010-12-01,8
17676,2011-10-01,2010-12-01,10
17676,2011-12-01,2010-12-01,12
17677,2010-12-01,2010-12-01,0
17677,2011-01-01,2010-12-01,1
17677,2011-02-01,2010-12-01,2
17677,2011-03-01,2010-12-01,3
17677,2011-04-01,2010-12-01,4
17677,2011-05-01,2010-12-01,5
17677,2011-06-01,2010-12-01,6
17677,2011-07-01,2010-12-01,7
17677,2011-08-01,2010-12-01,8
17677,2011-09-01,2010-12-01,9
17677,2011-10-01,2010-12-01,10
17677,2011-11-01,2010-12-01,11
17677,2011-12-01,2010-12-01,12
17678,2011-03-01,2011-03-01,0
17679,2011-09-01,2011-09-01,0
17679,2011-10-01,2011-09-01,1
17680,2011-11-01,2011-11-01,0
17682,2010-12-01,2010-12-01,0
17682,2011-04-01,2010-12-01,4
17682,2011-05-01,2010-12-01,5
17682,2011-07-01,2010-12-01,7
17682,2011-08-01,2010-12-01,8
17682,2011-11-01,2010-12-01,11
17684,2011-10-01,2011-10-01,0
17685,2010-12-01,2010-12-01,0
17685,2011-01-01,2010-12-01,1
17685,2011-02-01,2010-12-01,2
17685,2011-03-01,2010-12-01,3
17685,2011-09-01,2010-12-01,9
17685,2011-11-01,2010-12-01,11
17686,2011-02-01,2011-02-01,0
17686,2011-05-01,2011-02-01,3
17686,2011-08-01,2011-02-01,6
17686,2011-09-01,2011-02-01,7
17686,2011-12-01,2011-02-01,10
17690,2010-12-01,2010-12-01,0
17690,2011-01-01,2010-12-01,1
17690,2011-03-01,2010-12-01,3
17690,2011-04-01,2010-12-01,4
17690,2011-05-01,2010-12-01,5
17690,2011-06-01,2010-12-01,6
17690,2011-08-01,2010-12-01,8
17690,2011-10-01,2010-12-01,10
17690,2011-11-01,2010-12-01,11
17691,2010-12-01,2010-12-01,0
17692,2010-12-01,2010-12-01,0
17692,2011-02-01,2010-12-01,2
17692,2011-04-01,2010-12-01,4
17692,2011-08-01,2010-12-01,8
17693,2011-07-01,2011-07-01,0
17694,2011-07-01,2011-07-01,0
17695,2011-06-01,2011-06-01,0
17695,2011-07-01,2011-06-01,1
17696,2010-12-01,2010-12-01,0
17696,2011-03-01,2010-12-01,3
17696,2011-06-01,2010-12-01,6
17696,2011-07-01,2010-12-01,7
17696,2011-08-01,2010-12-01,8
17696,2011-11-01,2010-12-01,11
17697,2011-04-01,2011-04-01,0
17698,2011-03-01,2011-03-01,0
17700,2011-03-01,2011-03-01,0
17700,2011-05-01,2011-03-01,2
17700,2011-09-01,2011-03-01,6
17700,2011-11-01,2011-03-01,8
17701,2011-04-01,2011-04-01,0
17702,2011-05-01,2011-05-01,0
17702,2011-06-01,2011-05-01,1
17702,2011-08-01,2011-05-01,3
17702,2011-11-01,2011-05-01,6
17703,2011-07-01,2011-07-01,0
17703,2011-08-01,2011-07-01,1
17703,2011-11-01,2011-07-01,4
17704,2011-04-01,2011-04-01,0
17704,2011-06-01,2011-04-01,2
17705,2011-02-01,2011-02-01,0
17705,2011-03-01,2011-02-01,1
17705,2011-05-01,2011-02-01,3
17705,2011-07-01,2011-02-01,5
17705,2011-08-01,2011-02-01,6
17705,2011-09-01,2011-02-01,7
17705,2011-11-01,2011-02-01,9
17705,2011-12-01,2011-02-01,10
17706,2010-12-01,2010-12-01,0
17706,2011-02-01,2010-12-01,2
17706,2011-06-01,2010-12-01,6
17706,2011-07-01,2010-12-01,7
17706,2011-08-01,2010-12-01,8
17706,2011-10-01,2010-12-01,10
17706,2011-12-01,2010-12-01,12
17707,2011-01-01,2011-01-01,0
17707,2011-06-01,2011-01-01,5
17708,2011-01-01,2011-01-01,0
17708,2011-06-01,2011-01-01,5
17709,2011-06-01,2011-06-01,0
17711,2011-02-01,2011-02-01,0
17711,2011-11-01,2011-02-01,9
17712,2011-10-01,2011-10-01,0
17714,2011-01-01,2011-01-01,0
17715,2011-05-01,2011-05-01,0
17716,2011-03-01,2011-03-01,0
17716,2011-04-01,2011-03-01,1
17716,2011-06-01,2011-03-01,3
17716,2011-08-01,2011-03-01,5
17716,2011-09-01,2011-03-01,6
17716,2011-11-01,2011-03-01,8
17718,2011-04-01,2011-04-01,0
17719,2011-03-01,2011-03-01,0
17719,2011-04-01,2011-03-01,1
17719,2011-05-01,2011-03-01,2
17719,2011-06-01,2011-03-01,3
17719,2011-07-01,2011-03-01,4
17719,2011-08-01,2011-03-01,5
17719,2011-09-01,2011-03-01,6
17719,2011-11-01,2011-03-01,8
17720,2010-12-01,2010-12-01,0
17720,2011-04-01,2010-12-01,4
17720,2011-08-01,2010-12-01,8
17720,2011-11-01,2010-12-01,11
17722,2010-12-01,2010-12-01,0
17722,2011-01-01,2010-12-01,1
17722,2011-06-01,2010-12-01,6
17722,2011-09-01,2010-12-01,9
17723,2011-05-01,2011-05-01,0
17723,2011-06-01,2011-05-01,1
17723,2011-07-01,2011-05-01,2
17723,2011-08-01,2011-05-01,3
17724,2011-07-01,2011-07-01,0
17724,2011-09-01,2011-07-01,2
17725,2011-03-01,2011-03-01,0
17725,2011-04-01,2011-03-01,1
17725,2011-05-01,2011-03-01,2
17725,2011-06-01,2011-03-01,3
17725,2011-07-01,2011-03-01,4
17725,2011-08-01,2011-03-01,5
17725,2011-09-01,2011-03-01,6
17725,2011-10-01,2011-03-01,7
17725,2011-11-01,2011-03-01,8
17727,2011-11-01,2011-11-01,0
17728,2011-09-01,2011-09-01,0
17728,2011-10-01,2011-09-01,1
17728,2011-12-01,2011-09-01,3
17730,2011-01-01,2011-01-01,0
17730,2011-02-01,2011-01-01,1
17730,2011-03-01,2011-01-01,2
17730,2011-04-01,2011-01-01,3
17730,2011-06-01,2011-01-01,5
17730,2011-08-01,2011-01-01,7
17730,2011-09-01,2011-01-01,8
17730,2011-10-01,2011-01-01,9
17730,2011-11-01,2011-01-01,10
17730,2011-12-01,2011-01-01,11
17731,2011-06-01,2011-06-01,0
17731,2011-08-01,2011-06-01,2
17731,2011-09-01,2011-06-01,3
17732,2010-12-01,2010-12-01,0
17733,2011-03-01,2011-03-01,0
17733,2011-11-01,2011-03-01,8
17734,2011-04-01,2011-04-01,0
17734,2011-07-01,2011-04-01,3
17734,2011-10-01,2011-04-01,6
17735,2010-12-01,2010-12-01,0
17735,2011-01-01,2010-12-01,1
17735,2011-02-01,2010-12-01,2
17735,2011-03-01,2010-12-01,3
17735,2011-04-01,2010-12-01,4
17735,2011-05-01,2010-12-01,5
17735,2011-06-01,2010-12-01,6
17735,2011-07-01,2010-12-01,7
17735,2011-08-01,2010-12-01,8
17735,2011-09-01,2010-12-01,9
17735,2011-10-01,2010-12-01,10
17735,2011-11-01,2010-12-01,11
17735,2011-12-01,2010-12-01,12
17736,2011-08-01,2011-08-01,0
17736,2011-10-01,2011-08-01,2
17736,2011-11-01,2011-08-01,3
17737,2011-10-01,2011-10-01,0
17737,2011-11-01,2011-10-01,1
17738,2011-03-01,2011-03-01,0
17738,2011-07-01,2011-03-01,4
17738,2011-11-01,2011-03-01,8
17739,2010-12-01,2010-12-01,0
17739,2011-01-01,2010-12-01,1
17739,2011-05-01,2010-12-01,5
17739,2011-09-01,2010-12-01,9
17739,2011-10-01,2010-12-01,10
17739,2011-11-01,2010-12-01,11
17742,2011-01-01,2011-01-01,0
17742,2011-08-01,2011-01-01,7
17744,2010-12-01,2010-12-01,0
17744,2011-01-01,2010-12-01,1
17744,2011-04-01,2010-12-01,4
17744,2011-11-01,2010-12-01,11
17744,2011-12-01,2010-12-01,12
17746,2011-04-01,2011-04-01,0
17747,2011-08-01,2011-08-01,0
17749,2011-03-01,2011-03-01,0
17749,2011-06-01,2011-03-01,3
17750,2011-06-01,2011-06-01,0
17750,2011-07-01,2011-06-01,1
17750,2011-08-01,2011-06-01,2
17750,2011-09-01,2011-06-01,3
17750,2011-10-01,2011-06-01,4
17750,2011-11-01,2011-06-01,5
17750,2011-12-01,2011-06-01,6
17752,2010-12-01,2010-12-01,0
17754,2011-03-01,2011-03-01,0
17754,2011-07-01,2011-03-01,4
17754,2011-10-01,2011-03-01,7
17754,2011-11-01,2011-03-01,8
17754,2011-12-01,2011-03-01,9
17757,2010-12-01,2010-12-01,0
17757,2011-01-01,2010-12-01,1
17757,2011-02-01,2010-12-01,2
17757,2011-03-01,2010-12-01,3
17757,2011-04-01,2010-12-01,4
17757,2011-05-01,2010-12-01,5
17757,2011-06-01,2010-12-01,6
17757,2011-07-01,2010-12-01,7
17757,2011-08-01,2010-12-01,8
17757,2011-09-01,2010-12-01,9
17757,2011-10-01,2010-12-01,10
17757,2011-11-01,2010-12-01,11
17757,2011-12-01,2010-12-01,12
17758,2011-04-01,2011-04-01,0
17758,2011-05-01,2011-04-01,1
17758,2011-07-01,2011-04-01,3
17758,2011-09-01,2011-04-01,5
17758,2011-10-01,2011-04-01,6
17758,2011-11-01,2011-04-01,7
17759,2011-06-01,2011-06-01,0
17759,2011-11-01,2011-06-01,5
17760,2010-12-01,2010-12-01,0
17760,2011-11-01,2010-12-01,11
17761,2011-11-01,2011-11-01,0
17763,2011-03-01,2011-03-01,0
17764,2011-05-01,2011-05-01,0
17764,2011-10-01,2011-05-01,5
17765,2011-03-01,2011-03-01,0
17765,2011-05-01,2011-03-01,2
17765,2011-07-01,2011-03-01,4
17767,2011-11-01,2011-11-01,0
17768,2011-06-01,2011-06-01,0
17768,2011-11-01,2011-06-01,5
17768,2011-12-01,2011-06-01,6
17769,2011-01-01,2011-01-01,0
17769,2011-03-01,2011-01-01,2
17769,2011-06-01,2011-01-01,5
17769,2011-07-01,2011-01-01,6
17769,2011-10-01,2011-01-01,9
17769,2011-11-01,2011-01-01,10
17770,2011-03-01,2011-03-01,0
17770,2011-05-01,2011-03-01,2
17771,2011-01-01,2011-01-01,0
17771,2011-10-01,2011-01-01,9
17772,2011-11-01,2011-11-01,0
17774,2011-02-01,2011-02-01,0
17774,2011-04-01,2011-02-01,2
17774,2011-07-01,2011-02-01,5
17774,2011-09-01,2011-02-01,7
17775,2011-03-01,2011-03-01,0
17777,2011-08-01,2011-08-01,0
17777,2011-10-01,2011-08-01,2
17777,2011-11-01,2011-08-01,3
17779,2011-07-01,2011-07-01,0
17779,2011-09-01,2011-07-01,2
17779,2011-11-01,2011-07-01,4
17781,2011-03-01,2011-03-01,0
17781,2011-07-01,2011-03-01,4
17783,2011-04-01,2011-04-01,0
17783,2011-09-01,2011-04-01,5
17785,2011-10-01,2011-10-01,0
17786,2011-01-01,2011-01-01,0
17786,2011-09-01,2011-01-01,8
17787,2010-12-01,2010-12-01,0
17787,2011-01-01,2010-12-01,1
17787,2011-02-01,2010-12-01,2
17787,2011-07-01,2010-12-01,7
17788,2011-08-01,2011-08-01,0
17788,2011-09-01,2011-08-01,1
17789,2011-03-01,2011-03-01,0
17790,2010-12-01,2010-12-01,0
17790,2011-02-01,2010-12-01,2
17790,2011-04-01,2010-12-01,4
17790,2011-05-01,2010-12-01,5
17790,2011-07-01,2010-12-01,7
17790,2011-08-01,2010-12-01,8
17790,2011-10-01,2010-12-01,10
17790,2011-11-01,2010-12-01,11
17791,2011-11-01,2011-11-01,0
17793,2011-11-01,2011-11-01,0
17795,2011-03-01,2011-03-01,0
17795,2011-06-01,2011-03-01,3
17796,2010-12-01,2010-12-01,0
17796,2011-01-01,2010-12-01,1
17796,2011-10-01,2010-12-01,10
17797,2011-06-01,2011-06-01,0
17797,2011-11-01,2011-06-01,5
17799,2010-12-01,2010-12-01,0
17799,2011-01-01,2010-12-01,1
17799,2011-03-01,2010-12-01,3
17799,2011-04-01,2010-12-01,4
17799,2011-06-01,2010-12-01,6
17799,2011-09-01,2010-12-01,9
17799,2011-11-01,2010-12-01,11
17800,2011-01-01,2011-01-01,0
17800,2011-03-01,2011-01-01,2
17800,2011-05-01,2011-01-01,4
17800,2011-07-01,2011-01-01,6
17800,2011-08-01,2011-01-01,7
17800,2011-09-01,2011-01-01,8
17800,2011-10-01,2011-01-01,9
17800,2011-11-01,2011-01-01,10
17802,2010-12-01,2010-12-01,0
17802,2011-06-01,2010-12-01,6
17802,2011-09-01,2010-12-01,9
17805,2011-09-01,2011-09-01,0
17806,2011-11-01,2011-11-01,0
17809,2010-12-01,2010-12-01,0
17809,2011-02-01,2010-12-01,2
17809,2011-04-01,2010-12-01,4
17809,2011-05-01,2010-12-01,5
17809,2011-06-01,2010-12-01,6
17809,2011-08-01,2010-12-01,8
17809,2011-10-01,2010-12-01,10
17809,2011-11-01,2010-12-01,11
17811,2011-01-01,2011-01-01,0
17811,2011-02-01,2011-01-01,1
17811,2011-03-01,2011-01-01,2
17811,2011-04-01,2011-01-01,3
17811,2011-05-01,2011-01-01,4
17811,2011-06-01,2011-01-01,5
17811,2011-07-01,2011-01-01,6
17811,2011-08-01,2011-01-01,7
17811,2011-09-01,2011-01-01,8
17811,2011-10-01,2011-01-01,9
17811,2011-11-01,2011-01-01,10
17811,2011-12-01,2011-01-01,11
17812,2010-12-01,2010-12-01,0
17812,2011-11-01,2010-12-01,11
17813,2011-09-01,2011-09-01,0
17813,2011-10-01,2011-09-01,1
17813,2011-11-01,2011-09-01,2
17816,2010-12-01,2010-12-01,0
17816,2011-03-01,2010-12-01,3
17816,2011-10-01,2010-12-01,10
17816,2011-11-01,2010-12-01,11
17817,2011-03-01,2011-03-01,0
17817,2011-12-01,2011-03-01,9
17819,2010-12-01,2010-12-01,0
17819,2011-02-01,2010-12-01,2
17819,2011-04-01,2010-12-01,4
17819,2011-05-01,2010-12-01,5
17819,2011-06-01,2010-12-01,6
17819,2011-09-01,2010-12-01,9
17824,2011-10-01,2011-10-01,0
17827,2010-12-01,2010-12-01,0
17827,2011-04-01,2010-12-01,4
17827,2011-12-01,2010-12-01,12
17828,2011-06-01,2011-06-01,0
17828,2011-08-01,2011-06-01,2
17828,2011-11-01,2011-06-01,5
17829,2011-02-01,2011-02-01,0
17830,2011-02-01,2011-02-01,0
17830,2011-03-01,2011-02-01,1
17830,2011-12-01,2011-02-01,10
17831,2011-11-01,2011-11-01,0
17832,2011-10-01,2011-10-01,0
17835,2011-11-01,2011-11-01,0
17835,2011-12-01,2011-11-01,1
17836,2011-10-01,2011-10-01,0
17837,2011-06-01,2011-06-01,0
17837,2011-07-01,2011-06-01,1
17837,2011-09-01,2011-06-01,3
17837,2011-10-01,2011-06-01,4
17838,2010-12-01,2010-12-01,0
17838,2011-02-01,2010-12-01,2
17838,2011-09-01,2010-12-01,9
17838,2011-11-01,2010-12-01,11
17839,2011-10-01,2011-10-01,0
17841,2010-12-01,2010-12-01,0
17841,2011-01-01,2010-12-01,1
17841,2011-02-01,2010-12-01,2
17841,2011-03-01,2010-12-01,3
17841,2011-04-01,2010-12-01,4
17841,2011-05-01,2010-12-01,5
17841,2011-06-01,2010-12-01,6
17841,2011-07-01,2010-12-01,7
17841,2011-08-01,2010-12-01,8
17841,2011-09-01,2010-12-01,9
17841,2011-10-01,2010-12-01,10
17841,2011-11-01,2010-12-01,11
17841,2011-12-01,2010-12-01,12
17843,2011-02-01,2011-02-01,0
17844,2011-08-01,2011-08-01,0
17846,2011-09-01,2011-09-01,0
17848,2010-12-01,2010-12-01,0
17848,2011-01-01,2010-12-01,1
17848,2011-02-01,2010-12-01,2
17848,2011-04-01,2010-12-01,4
17848,2011-06-01,2010-12-01,6
17848,2011-07-01,2010-12-01,7
17848,2011-08-01,2010-12-01,8
17848,2011-09-01,2010-12-01,9
17849,2011-01-01,2011-01-01,0
17849,2011-02-01,2011-01-01,1
17849,2011-03-01,2011-01-01,2
17849,2011-05-01,2011-01-01,4
17850,2010-12-01,2010-12-01,0
17852,2011-11-01,2011-11-01,0
17854,2011-04-01,2011-04-01,0
17854,2011-06-01,2011-04-01,2
17855,2010-12-01,2010-12-01,0
17856,2011-03-01,2011-03-01,0
17856,2011-04-01,2011-03-01,1
17856,2011-12-01,2011-03-01,9
17857,2010-12-01,2010-12-01,0
17857,2011-02-01,2010-12-01,2
17857,2011-03-01,2010-12-01,3
17857,2011-04-01,2010-12-01,4
17857,2011-05-01,2010-12-01,5
17857,2011-06-01,2010-12-01,6
17857,2011-08-01,2010-12-01,8
17857,2011-09-01,2010-12-01,9
17857,2011-10-01,2010-12-01,10
17857,2011-11-01,2010-12-01,11
17857,2011-12-01,2010-12-01,12
17858,2010-12-01,2010-12-01,0
17858,2011-01-01,2010-12-01,1
17858,2011-02-01,2010-12-01,2
17858,2011-03-01,2010-12-01,3
17858,2011-06-01,2010-12-01,6
17858,2011-08-01,2010-12-01,8
17858,2011-09-01,2010-12-01,9
17858,2011-10-01,2010-12-01,10
17858,2011-12-01,2010-12-01,12
17859,2011-02-01,2011-02-01,0
17860,2010-12-01,2010-12-01,0
17861,2011-01-01,2011-01-01,0
17861,2011-03-01,2011-01-01,2
17861,2011-07-01,2011-01-01,6
17861,2011-11-01,2011-01-01,10
17861,2011-12-01,2011-01-01,11
17862,2011-01-01,2011-01-01,0
17863,2010-12-01,2010-12-01,0
17863,2011-02-01,2010-12-01,2
17863,2011-03-01,2010-12-01,3
17863,2011-07-01,2010-12-01,7
17863,2011-09-01,2010-12-01,9
17863,2011-10-01,2010-12-01,10
17864,2011-03-01,2011-03-01,0
17864,2011-09-01,2011-03-01,6
17864,2011-11-01,2011-03-01,8
17865,2010-12-01,2010-12-01,0
17865,2011-02-01,2010-12-01,2
17865,2011-03-01,2010-12-01,3
17865,2011-04-01,2010-12-01,4
17865,2011-05-01,2010-12-01,5
17865,2011-06-01,2010-12-01,6
17865,2011-07-01,2010-12-01,7
17865,2011-08-01,2010-12-01,8
17865,2011-09-01,2010-12-01,9
17865,2011-10-01,2010-12-01,10
17865,2011-11-01,2010-12-01,11
17866,2011-07-01,2011-07-01,0
17867,2011-02-01,2011-02-01,0
17867,2011-05-01,2011-02-01,3
17867,2011-07-01,2011-02-01,5
17867,2011-11-01,2011-02-01,9
17869,2010-12-01,2010-12-01,0
17869,2011-04-01,2010-12-01,4
17869,2011-05-01,2010-12-01,5
17869,2011-08-01,2010-12-01,8
17870,2010-12-01,2010-12-01,0
17870,2011-07-01,2010-12-01,7
17870,2011-08-01,2010-12-01,8
17870,2011-09-01,2010-12-01,9
17870,2011-10-01,2010-12-01,10
17870,2011-11-01,2010-12-01,11
17870,2011-12-01,2010-12-01,12
17871,2011-05-01,2011-05-01,0
17873,2010-12-01,2010-12-01,0
17873,2011-03-01,2010-12-01,3
17873,2011-04-01,2010-12-01,4
17873,2011-06-01,2010-12-01,6
17873,2011-09-01,2010-12-01,9
17874,2011-03-01,2011-03-01,0
17874,2011-04-01,2011-03-01,1
17874,2011-06-01,2011-03-01,3
17877,2011-06-01,2011-06-01,0
17878,2011-10-01,2011-10-01,0
17879,2011-06-01,2011-06-01,0
17880,2010-12-01,2010-12-01,0
17881,2011-02-01,2011-02-01,0
17883,2011-04-01,2011-04-01,0
17883,2011-09-01,2011-04-01,5
17883,2011-11-01,2011-04-01,7
17883,2011-12-01,2011-04-01,8
17884,2010-12-01,2010-12-01,0
17884,2011-02-01,2010-12-01,2
17884,2011-12-01,2010-12-01,12
17885,2011-11-01,2011-11-01,0
17886,2011-04-01,2011-04-01,0
17886,2011-05-01,2011-04-01,1
17886,2011-11-01,2011-04-01,7
17887,2011-08-01,2011-08-01,0
17888,2010-12-01,2010-12-01,0
17888,2011-01-01,2010-12-01,1
17888,2011-05-01,2010-12-01,5
17888,2011-07-01,2010-12-01,7
17888,2011-09-01,2010-12-01,9
17888,2011-10-01,2010-12-01,10
17888,2011-11-01,2010-12-01,11
17889,2011-01-01,2011-01-01,0
17889,2011-05-01,2011-01-01,4
17890,2010-12-01,2010-12-01,0
17890,2011-01-01,2010-12-01,1
17891,2011-06-01,2011-06-01,0
17892,2011-07-01,2011-07-01,0
17892,2011-10-01,2011-07-01,3
17893,2011-04-01,2011-04-01,0
17894,2010-12-01,2010-12-01,0
17894,2011-01-01,2010-12-01,1
17894,2011-02-01,2010-12-01,2
17894,2011-09-01,2010-12-01,9
17895,2011-10-01,2011-10-01,0
17896,2011-11-01,2011-11-01,0
17897,2010-12-01,2010-12-01,0
17897,2011-06-01,2010-12-01,6
17898,2011-05-01,2011-05-01,0
17898,2011-09-01,2011-05-01,4
17899,2011-07-01,2011-07-01,0
17900,2011-06-01,2011-06-01,0
17901,2011-11-01,2011-11-01,0
17904,2011-11-01,2011-11-01,0
17905,2010-12-01,2010-12-01,0
17905,2011-07-01,2010-12-01,7
17905,2011-09-01,2010-12-01,9
17906,2011-04-01,2011-04-01,0
17908,2010-12-01,2010-12-01,0
17911,2011-11-01,2011-11-01,0
17912,2010-12-01,2010-12-01,0
17912,2011-02-01,2010-12-01,2
17913,2010-12-01,2010-12-01,0
17913,2011-10-01,2010-12-01,10
17914,2011-12-01,2011-12-01,0
17917,2010-12-01,2010-12-01,0
17917,2011-03-01,2010-12-01,3
17917,2011-10-01,2010-12-01,10
17919,2011-09-01,2011-09-01,0
17920,2010-12-01,2010-12-01,0
17920,2011-01-01,2010-12-01,1
17920,2011-04-01,2010-12-01,4
17920,2011-05-01,2010-12-01,5
17920,2011-07-01,2010-12-01,7
17920,2011-08-01,2010-12-01,8
17920,2011-09-01,2010-12-01,9
17920,2011-10-01,2010-12-01,10
17920,2011-11-01,2010-12-01,11
17920,2011-12-01,2010-12-01,12
17921,2011-03-01,2011-03-01,0
17921,2011-06-01,2011-03-01,3
17921,2011-07-01,2011-03-01,4
17921,2011-10-01,2011-03-01,7
17923,2011-03-01,2011-03-01,0
17924,2010-12-01,2010-12-01,0
17924,2011-02-01,2010-12-01,2
17924,2011-10-01,2010-12-01,10
17924,2011-11-01,2010-12-01,11
17925,2010-12-01,2010-12-01,0
17926,2011-05-01,2011-05-01,0
17926,2011-07-01,2011-05-01,2
17928,2011-04-01,2011-04-01,0
17928,2011-10-01,2011-04-01,6
17929,2011-02-01,2011-02-01,0
17929,2011-03-01,2011-02-01,1
17929,2011-08-01,2011-02-01,6
17929,2011-11-01,2011-02-01,9
17930,2011-04-01,2011-04-01,0
17930,2011-06-01,2011-04-01,2
17930,2011-09-01,2011-04-01,5
17930,2011-10-01,2011-04-01,6
17930,2011-11-01,2011-04-01,7
17931,2011-03-01,2011-03-01,0
17931,2011-07-01,2011-03-01,4
17932,2011-05-01,2011-05-01,0
17932,2011-06-01,2011-05-01,1
17932,2011-11-01,2011-05-01,6
17934,2011-10-01,2011-10-01,0
17935,2011-07-01,2011-07-01,0
17936,2011-12-01,2011-12-01,0
17937,2010-12-01,2010-12-01,0
17937,2011-02-01,2010-12-01,2
17937,2011-03-01,2010-12-01,3
17937,2011-08-01,2010-12-01,8
17937,2011-11-01,2010-12-01,11
17937,2011-12-01,2010-12-01,12
17939,2011-07-01,2011-07-01,0
17940,2011-02-01,2011-02-01,0
17940,2011-03-01,2011-02-01,1
17940,2011-04-01,2011-02-01,2
17940,2011-05-01,2011-02-01,3
17940,2011-06-01,2011-02-01,4
17940,2011-08-01,2011-02-01,6
17940,2011-10-01,2011-02-01,8
17941,2011-08-01,2011-08-01,0
17942,2011-12-01,2011-12-01,0
17946,2011-03-01,2011-03-01,0
17946,2011-04-01,2011-03-01,1
17947,2011-11-01,2011-11-01,0
17948,2011-07-01,2011-07-01,0
17949,2010-12-01,2010-12-01,0
17949,2011-01-01,2010-12-01,1
17949,2011-02-01,2010-12-01,2
17949,2011-03-01,2010-12-01,3
17949,2011-04-01,2010-12-01,4
17949,2011-05-01,2010-12-01,5
17949,2011-06-01,2010-12-01,6
17949,2011-07-01,2010-12-01,7
17949,2011-08-01,2010-12-01,8
17949,2011-09-01,2010-12-01,9
17949,2011-10-01,2010-12-01,10
17949,2011-11-01,2010-12-01,11
17949,2011-12-01,2010-12-01,12
17950,2010-12-01,2010-12-01,0
17950,2011-09-01,2010-12-01,9
17951,2010-12-01,2010-12-01,0
17951,2011-10-01,2010-12-01,10
17954,2010-12-01,2010-12-01,0
17954,2011-01-01,2010-12-01,1
17954,2011-02-01,2010-12-01,2
17954,2011-03-01,2010-12-01,3
17954,2011-04-01,2010-12-01,4
17954,2011-06-01,2010-12-01,6
17954,2011-08-01,2010-12-01,8
17954,2011-10-01,2010-12-01,10
17954,2011-12-01,2010-12-01,12
17955,2011-05-01,2011-05-01,0
17956,2011-04-01,2011-04-01,0
17957,2011-10-01,2011-10-01,0
17958,2011-08-01,2011-08-01,0
17960,2011-06-01,2011-06-01,0
17961,2010-12-01,2010-12-01,0
17961,2011-01-01,2010-12-01,1
17961,2011-02-01,2010-12-01,2
17961,2011-03-01,2010-12-01,3
17961,2011-04-01,2010-12-01,4
17961,2011-05-01,2010-12-01,5
17961,2011-06-01,2010-12-01,6
17961,2011-07-01,2010-12-01,7
17961,2011-08-01,2010-12-01,8
17961,2011-09-01,2010-12-01,9
17961,2011-11-01,2010-12-01,11
17962,2011-07-01,2011-07-01,0
17964,2010-12-01,2010-12-01,0
17964,2011-11-01,2010-12-01,11
17965,2010-12-01,2010-12-01,0
17965,2011-01-01,2010-12-01,1
17965,2011-03-01,2010-12-01,3
17965,2011-04-01,2010-12-01,4
17965,2011-06-01,2010-12-01,6
17965,2011-07-01,2010-12-01,7
17965,2011-09-01,2010-12-01,9
17965,2011-10-01,2010-12-01,10
17965,2011-11-01,2010-12-01,11
17966,2011-03-01,2011-03-01,0
17966,2011-06-01,2011-03-01,3
17966,2011-07-01,2011-03-01,4
17966,2011-11-01,2011-03-01,8
17967,2010-12-01,2010-12-01,0
17968,2010-12-01,2010-12-01,0
17969,2010-12-01,2010-12-01,0
17969,2011-06-01,2010-12-01,6
17970,2011-05-01,2011-05-01,0
17972,2011-04-01,2011-04-01,0
17973,2011-10-01,2011-10-01,0
17974,2011-05-01,2011-05-01,0
17974,2011-10-01,2011-05-01,5
17974,2011-11-01,2011-05-01,6
17975,2010-12-01,2010-12-01,0
17975,2011-01-01,2010-12-01,1
17975,2011-02-01,2010-12-01,2
17975,2011-03-01,2010-12-01,3
17975,2011-04-01,2010-12-01,4
17975,2011-05-01,2010-12-01,5
17975,2011-07-01,2010-12-01,7
17975,2011-08-01,2010-12-01,8
17975,2011-10-01,2010-12-01,10
17975,2011-11-01,2010-12-01,11
17976,2010-12-01,2010-12-01,0
17977,2011-11-01,2011-11-01,0
17978,2010-12-01,2010-12-01,0
17979,2011-03-01,2011-03-01,0
17979,2011-06-01,2011-03-01,3
17979,2011-11-01,2011-03-01,8
17980,2010-12-01,2010-12-01,0
17980,2011-05-01,2010-12-01,5
17980,2011-06-01,2010-12-01,6
17984,2011-07-01,2011-07-01,0
17985,2011-11-01,2011-11-01,0
17986,2011-10-01,2011-10-01,0
17987,2011-06-01,2011-06-01,0
17988,2011-01-01,2011-01-01,0
17988,2011-07-01,2011-01-01,6
17988,2011-08-01,2011-01-01,7
17988,2011-11-01,2011-01-01,10
17990,2010-12-01,2010-12-01,0
17990,2011-04-01,2010-12-01,4
17991,2011-04-01,2011-04-01,0
17994,2011-02-01,2011-02-01,0
17994,2011-03-01,2011-02-01,1
17994,2011-06-01,2011-02-01,4
17994,2011-08-01,2011-02-01,6
17995,2011-03-01,2011-03-01,0
17997,2011-06-01,2011-06-01,0
17997,2011-07-01,2011-06-01,1
17997,2011-09-01,2011-06-01,3
17999,2010-12-01,2010-12-01,0
17999,2011-11-01,2010-12-01,11
18001,2011-09-01,2011-09-01,0
18001,2011-11-01,2011-09-01,2
18004,2010-12-01,2010-12-01,0
18005,2011-10-01,2011-10-01,0
18005,2011-12-01,2011-10-01,2
18006,2011-11-01,2011-11-01,0
18008,2011-01-01,2011-01-01,0
18008,2011-03-01,2011-01-01,2
18008,2011-04-01,2011-01-01,3
18008,2011-05-01,2011-01-01,4
18008,2011-09-01,2011-01-01,8
18009,2011-04-01,2011-04-01,0
18010,2011-03-01,2011-03-01,0
18011,2010-12-01,2010-12-01,0
18013,2011-07-01,2011-07-01,0
18014,2011-11-01,2011-11-01,0
18015,2011-12-01,2011-12-01,0
18016,2010-12-01,2010-12-01,0
18016,2011-01-01,2010-12-01,1
18016,2011-06-01,2010-12-01,6
18016,2011-09-01,2010-12-01,9
18016,2011-11-01,2010-12-01,11
18017,2011-02-01,2011-02-01,0
18017,2011-06-01,2011-02-01,4
18017,2011-09-01,2011-02-01,7
18018,2011-05-01,2011-05-01,0
18018,2011-08-01,2011-05-01,3
18019,2011-10-01,2011-10-01,0
18022,2011-11-01,2011-11-01,0
18024,2011-07-01,2011-07-01,0
18027,2011-09-01,2011-09-01,0
18030,2011-10-01,2011-10-01,0
18030,2011-12-01,2011-10-01,2
18032,2011-01-01,2011-01-01,0
18033,2011-10-01,2011-10-01,0
18034,2011-11-01,2011-11-01,0
18035,2011-10-01,2011-10-01,0
18035,2011-11-01,2011-10-01,1
18036,2011-04-01,2011-04-01,0
18036,2011-08-01,2011-04-01,4
18036,2011-11-01,2011-04-01,7
18037,2010-12-01,2010-12-01,0
18037,2011-01-01,2010-12-01,1
18037,2011-03-01,2010-12-01,3
18037,2011-04-01,2010-12-01,4
18037,2011-07-01,2010-12-01,7
18040,2011-04-01,2011-04-01,0
18040,2011-11-01,2011-04-01,7
18041,2010-12-01,2010-12-01,0
18041,2011-01-01,2010-12-01,1
18041,2011-02-01,2010-12-01,2
18041,2011-03-01,2010-12-01,3
18041,2011-04-01,2010-12-01,4
18041,2011-05-01,2010-12-01,5
18041,2011-06-01,2010-12-01,6
18041,2011-07-01,2010-12-01,7
18041,2011-08-01,2010-12-01,8
18041,2011-09-01,2010-12-01,9
18041,2011-11-01,2010-12-01,11
18042,2011-10-01,2011-10-01,0
18043,2010-12-01,2010-12-01,0
18043,2011-05-01,2010-12-01,5
18043,2011-11-01,2010-12-01,11
18044,2010-12-01,2010-12-01,0
18044,2011-03-01,2010-12-01,3
18044,2011-04-01,2010-12-01,4
18044,2011-05-01,2010-12-01,5
18044,2011-06-01,2010-12-01,6
18044,2011-09-01,2010-12-01,9
18044,2011-11-01,2010-12-01,11
18044,2011-12-01,2010-12-01,12
18045,2011-10-01,2011-10-01,0
18048,2011-05-01,2011-05-01,0
18050,2010-12-01,2010-12-01,0
18053,2011-09-01,2011-09-01,0
18055,2010-12-01,2010-12-01,0
18055,2011-02-01,2010-12-01,2
18055,2011-05-01,2010-12-01,5
18055,2011-08-01,2010-12-01,8
18055,2011-09-01,2010-12-01,9
18055,2011-10-01,2010-12-01,10
18055,2011-12-01,2010-12-01,12
18056,2011-02-01,2011-02-01,0
18058,2011-11-01,2011-11-01,0
18059,2011-10-01,2011-10-01,0
18059,2011-11-01,2011-10-01,1
18061,2010-12-01,2010-12-01,0
18061,2011-01-01,2010-12-01,1
18061,2011-02-01,2010-12-01,2
18061,2011-04-01,2010-12-01,4
18061,2011-05-01,2010-12-01,5
18061,2011-06-01,2010-12-01,6
18061,2011-07-01,2010-12-01,7
18061,2011-08-01,2010-12-01,8
18061,2011-10-01,2010-12-01,10
18061,2011-11-01,2010-12-01,11
18062,2011-01-01,2011-01-01,0
18062,2011-05-01,2011-01-01,4
18062,2011-06-01,2011-01-01,5
18064,2011-04-01,2011-04-01,0
18064,2011-07-01,2011-04-01,3
18065,2010-12-01,2010-12-01,0
18065,2011-02-01,2010-12-01,2
18065,2011-05-01,2010-12-01,5
18065,2011-06-01,2010-12-01,6
18065,2011-09-01,2010-12-01,9
18065,2011-12-01,2010-12-01,12
18066,2011-09-01,2011-09-01,0
18067,2011-10-01,2011-10-01,0
18068,2011-02-01,2011-02-01,0
18069,2011-01-01,2011-01-01,0
18069,2011-04-01,2011-01-01,3
18069,2011-06-01,2011-01-01,5
18069,2011-09-01,2011-01-01,8
18069,2011-11-01,2011-01-01,10
18071,2010-12-01,2010-12-01,0
18071,2011-03-01,2010-12-01,3
18072,2011-06-01,2011-06-01,0
18073,2011-05-01,2011-05-01,0
18073,2011-06-01,2011-05-01,1
18073,2011-07-01,2011-05-01,2
18073,2011-08-01,2011-05-01,3
18074,2010-12-01,2010-12-01,0
18075,2010-12-01,2010-12-01,0
18075,2011-01-01,2010-12-01,1
18075,2011-02-01,2010-12-01,2
18075,2011-03-01,2010-12-01,3
18075,2011-05-01,2010-12-01,5
18075,2011-06-01,2010-12-01,6
18075,2011-08-01,2010-12-01,8
18075,2011-10-01,2010-12-01,10
18075,2011-11-01,2010-12-01,11
18077,2010-12-01,2010-12-01,0
18077,2011-01-01,2010-12-01,1
18077,2011-04-01,2010-12-01,4
18077,2011-06-01,2010-12-01,6
18077,2011-08-01,2010-12-01,8
18077,2011-10-01,2010-12-01,10
18077,2011-11-01,2010-12-01,11
18077,2011-12-01,2010-12-01,12
18078,2011-03-01,2011-03-01,0
18078,2011-05-01,2011-03-01,2
18079,2011-04-01,2011-04-01,0
18079,2011-08-01,2011-04-01,4
18079,2011-10-01,2011-04-01,6
18080,2011-04-01,2011-04-01,0
18080,2011-11-01,2011-04-01,7
18081,2011-07-01,2011-07-01,0
18081,2011-08-01,2011-07-01,1
18081,2011-11-01,2011-07-01,4
18082,2011-11-01,2011-11-01,0
18084,2011-11-01,2011-11-01,0
18085,2010-12-01,2010-12-01,0
18085,2011-01-01,2010-12-01,1
18086,2011-03-01,2011-03-01,0
18087,2011-02-01,2011-02-01,0
18087,2011-09-01,2011-02-01,7
18088,2011-10-01,2011-10-01,0
18092,2010-12-01,2010-12-01,0
18092,2011-01-01,2010-12-01,1
18092,2011-04-01,2010-12-01,4
18092,2011-06-01,2010-12-01,6
18092,2011-08-01,2010-12-01,8
18092,2011-09-01,2010-12-01,9
18092,2011-11-01,2010-12-01,11
18092,2011-12-01,2010-12-01,12
18093,2011-02-01,2011-02-01,0
18093,2011-08-01,2011-02-01,6
18093,2011-09-01,2011-02-01,7
18094,2011-02-01,2011-02-01,0
18094,2011-04-01,2011-02-01,2
18094,2011-05-01,2011-02-01,3
18094,2011-07-01,2011-02-01,5
18094,2011-09-01,2011-02-01,7
18095,2011-01-01,2011-01-01,0
18096,2011-10-01,2011-10-01,0
18096,2011-11-01,2011-10-01,1
18097,2010-12-01,2010-12-01,0
18097,2011-01-01,2010-12-01,1
18097,2011-05-01,2010-12-01,5
18097,2011-08-01,2010-12-01,8
18097,2011-12-01,2010-12-01,12
18099,2011-08-01,2011-08-01,0
18101,2011-07-01,2011-07-01,0
18101,2011-11-01,2011-07-01,4
18102,2010-12-01,2010-12-01,0
18102,2011-02-01,2010-12-01,2
18102,2011-03-01,2010-12-01,3
18102,2011-04-01,2010-12-01,4
18102,2011-05-01,2010-12-01,5
18102,2011-06-01,2010-12-01,6
18102,2011-07-01,2010-12-01,7
18102,2011-08-01,2010-12-01,8
18102,2011-09-01,2010-12-01,9
18102,2011-10-01,2010-12-01,10
18102,2011-11-01,2010-12-01,11
18102,2011-12-01,2010-12-01,12
18104,2011-11-01,2011-11-01,0
18105,2011-11-01,2011-11-01,0
18106,2011-01-01,2011-01-01,0
18108,2011-03-01,2011-03-01,0
18109,2010-12-01,2010-12-01,0
18109,2011-01-01,2010-12-01,1
18109,2011-02-01,2010-12-01,2
18109,2011-03-01,2010-12-01,3
18109,2011-04-01,2010-12-01,4
18109,2011-05-01,2010-12-01,5
18109,2011-06-01,2010-12-01,6
18109,2011-07-01,2010-12-01,7
18109,2011-08-01,2010-12-01,8
18109,2011-09-01,2010-12-01,9
18109,2011-10-01,2010-12-01,10
18109,2011-11-01,2010-12-01,11
18109,2011-12-01,2010-12-01,12
18110,2011-11-01,2011-11-01,0
18112,2011-06-01,2011-06-01,0
18112,2011-11-01,2011-06-01,5
18113,2010-12-01,2010-12-01,0
18114,2011-02-01,2011-02-01,0
18116,2010-12-01,2010-12-01,0
18116,2011-02-01,2010-12-01,2
18116,2011-04-01,2010-12-01,4
18116,2011-10-01,2010-12-01,10
18117,2011-11-01,2011-11-01,0
18118,2010-12-01,2010-12-01,0
18118,2011-01-01,2010-12-01,1
18118,2011-02-01,2010-12-01,2
18118,2011-03-01,2010-12-01,3
18118,2011-04-01,2010-12-01,4
18118,2011-05-01,2010-12-01,5
18118,2011-06-01,2010-12-01,6
18118,2011-07-01,2010-12-01,7
18118,2011-09-01,2010-12-01,9
18118,2011-10-01,2010-12-01,10
18118,2011-11-01,2010-12-01,11
18119,2010-12-01,2010-12-01,0
18120,2011-05-01,2011-05-01,0
18121,2011-07-01,2011-07-01,0
18122,2011-07-01,2011-07-01,0
18122,2011-09-01,2011-07-01,2
18122,2011-10-01,2011-07-01,3
18122,2011-11-01,2011-07-01,4
18122,2011-12-01,2011-07-01,5
18123,2011-11-01,2011-11-01,0
18125,2011-01-01,2011-01-01,0
18125,2011-02-01,2011-01-01,1
18125,2011-05-01,2011-01-01,4
18125,2011-11-01,2011-01-01,10
18126,2011-10-01,2011-10-01,0
18127,2011-07-01,2011-07-01,0
18127,2011-11-01,2011-07-01,4
18129,2011-04-01,2011-04-01,0
18130,2011-10-01,2011-10-01,0
18130,2011-11-01,2011-10-01,1
18133,2011-05-01,2011-05-01,0
18135,2011-06-01,2011-06-01,0
18135,2011-09-01,2011-06-01,3
18135,2011-11-01,2011-06-01,5
18136,2011-01-01,2011-01-01,0
18136,2011-05-01,2011-01-01,4
18136,2011-10-01,2011-01-01,9
18138,2011-02-01,2011-02-01,0
18139,2011-11-01,2011-11-01,0
18142,2011-05-01,2011-05-01,0
18142,2011-07-01,2011-05-01,2
18143,2011-07-01,2011-07-01,0
18143,2011-08-01,2011-07-01,1
18144,2010-12-01,2010-12-01,0
18144,2011-01-01,2010-12-01,1
18144,2011-03-01,2010-12-01,3
18144,2011-04-01,2010-12-01,4
18144,2011-05-01,2010-12-01,5
18144,2011-07-01,2010-12-01,7
18144,2011-08-01,2010-12-01,8
18144,2011-09-01,2010-12-01,9
18144,2011-11-01,2010-12-01,11
18144,2011-12-01,2010-12-01,12
18145,2011-01-01,2011-01-01,0
18145,2011-05-01,2011-01-01,4
18145,2011-09-01,2011-01-01,8
18145,2011-11-01,2011-01-01,10
18146,2011-05-01,2011-05-01,0
18146,2011-07-01,2011-05-01,2
18147,2011-08-01,2011-08-01,0
18147,2011-10-01,2011-08-01,2
18149,2011-03-01,2011-03-01,0
18149,2011-05-01,2011-03-01,2
18149,2011-10-01,2011-03-01,7
18150,2011-05-01,2011-05-01,0
18150,2011-07-01,2011-05-01,2
18150,2011-11-01,2011-05-01,6
18151,2011-02-01,2011-02-01,0
18151,2011-07-01,2011-02-01,5
18154,2011-10-01,2011-10-01,0
18154,2011-12-01,2011-10-01,2
18155,2011-02-01,2011-02-01,0
18155,2011-06-01,2011-02-01,4
18155,2011-09-01,2011-02-01,7
18156,2010-12-01,2010-12-01,0
18156,2011-11-01,2010-12-01,11
18158,2011-09-01,2011-09-01,0
18158,2011-11-01,2011-09-01,2
18159,2011-02-01,2011-02-01,0
18160,2011-05-01,2011-05-01,0
18160,2011-10-01,2011-05-01,5
18161,2011-01-01,2011-01-01,0
18161,2011-04-01,2011-01-01,3
18161,2011-07-01,2011-01-01,6
18161,2011-10-01,2011-01-01,9
18161,2011-11-01,2011-01-01,10
18164,2011-11-01,2011-11-01,0
18165,2011-06-01,2011-06-01,0
18167,2011-08-01,2011-08-01,0
18167,2011-11-01,2011-08-01,3
18168,2010-12-01,2010-12-01,0
18168,2011-02-01,2010-12-01,2
18168,2011-03-01,2010-12-01,3
18168,2011-05-01,2010-12-01,5
18168,2011-06-01,2010-12-01,6
18169,2011-10-01,2011-10-01,0
18170,2011-05-01,2011-05-01,0
18170,2011-08-01,2011-05-01,3
18170,2011-11-01,2011-05-01,6
18171,2011-01-01,2011-01-01,0
18171,2011-04-01,2011-01-01,3
18171,2011-06-01,2011-01-01,5
18171,2011-09-01,2011-01-01,8
18171,2011-10-01,2011-01-01,9
18172,2011-02-01,2011-02-01,0
18172,2011-03-01,2011-02-01,1
18172,2011-04-01,2011-02-01,2
18172,2011-05-01,2011-02-01,3
18172,2011-07-01,2011-02-01,5
18172,2011-08-01,2011-02-01,6
18172,2011-09-01,2011-02-01,7
18172,2011-11-01,2011-02-01,9
18173,2011-03-01,2011-03-01,0
18173,2011-04-01,2011-03-01,1
18173,2011-05-01,2011-03-01,2
18173,2011-09-01,2011-03-01,6
18174,2011-12-01,2011-12-01,0
18176,2010-12-01,2010-12-01,0
18177,2011-03-01,2011-03-01,0
18177,2011-04-01,2011-03-01,1
18177,2011-05-01,2011-03-01,2
18177,2011-07-01,2011-03-01,4
18177,2011-11-01,2011-03-01,8
18178,2010-12-01,2010-12-01,0
18178,2011-02-01,2010-12-01,2
18178,2011-05-01,2010-12-01,5
18178,2011-08-01,2010-12-01,8
18179,2011-01-01,2011-01-01,0
18179,2011-03-01,2011-01-01,2
18179,2011-04-01,2011-01-01,3
18179,2011-10-01,2011-01-01,9
18179,2011-11-01,2011-01-01,10
18180,2011-07-01,2011-07-01,0
18180,2011-09-01,2011-07-01,2
18180,2011-10-01,2011-07-01,3
18180,2011-12-01,2011-07-01,5
18181,2011-11-01,2011-11-01,0
18183,2011-03-01,2011-03-01,0
18183,2011-04-01,2011-03-01,1
18184,2011-11-01,2011-11-01,0
18185,2011-04-01,2011-04-01,0
18188,2011-02-01,2011-02-01,0
18188,2011-09-01,2011-02-01,7
18188,2011-11-01,2011-02-01,9
18189,2011-03-01,2011-03-01,0
18189,2011-09-01,2011-03-01,6
18190,2011-01-01,2011-01-01,0
18190,2011-05-01,2011-01-01,4
18191,2011-03-01,2011-03-01,0
18192,2011-09-01,2011-09-01,0
18193,2011-06-01,2011-06-01,0
18194,2011-09-01,2011-09-01,0
18196,2011-02-01,2011-02-01,0
18196,2011-09-01,2011-02-01,7
18198,2011-01-01,2011-01-01,0
18198,2011-02-01,2011-01-01,1
18198,2011-03-01,2011-01-01,2
18198,2011-04-01,2011-01-01,3
18198,2011-05-01,2011-01-01,4
18198,2011-06-01,2011-01-01,5
18198,2011-07-01,2011-01-01,6
18198,2011-08-01,2011-01-01,7
18198,2011-09-01,2011-01-01,8
18198,2011-11-01,2011-01-01,10
18198,2011-12-01,2011-01-01,11
18200,2011-08-01,2011-08-01,0
18202,2011-02-01,2011-02-01,0
18202,2011-05-01,2011-02-01,3
18203,2011-07-01,2011-07-01,0
18204,2011-05-01,2011-05-01,0
18204,2011-08-01,2011-05-01,3
18204,2011-09-01,2011-05-01,4
18205,2011-09-01,2011-09-01,0
18205,2011-11-01,2011-09-01,2
18209,2011-11-01,2011-11-01,0
18210,2011-03-01,2011-03-01,0
18210,2011-10-01,2011-03-01,7
18210,2011-11-01,2011-03-01,8
18210,2011-12-01,2011-03-01,9
18211,2011-03-01,2011-03-01,0
18211,2011-07-01,2011-03-01,4
18211,2011-09-01,2011-03-01,6
18211,2011-10-01,2011-03-01,7
18211,2011-11-01,2011-03-01,8
18212,2011-01-01,2011-01-01,0
18213,2011-04-01,2011-04-01,0
18215,2011-09-01,2011-09-01,0
18216,2011-11-01,2011-11-01,0
18217,2011-09-01,2011-09-01,0
18217,2011-11-01,2011-09-01,2
18218,2011-03-01,2011-03-01,0
18218,2011-05-01,2011-03-01,2
18219,2010-12-01,2010-12-01,0
18219,2011-02-01,2010-12-01,2
18219,2011-04-01,2010-12-01,4
18219,2011-05-01,2010-12-01,5
18219,2011-06-01,2010-12-01,6
18219,2011-07-01,2010-12-01,7
18219,2011-10-01,2010-12-01,10
18219,2011-12-01,2010-12-01,12
18220,2011-04-01,2011-04-01,0
18221,2011-05-01,2011-05-01,0
18221,2011-06-01,2011-05-01,1
18221,2011-08-01,2011-05-01,3
18221,2011-10-01,2011-05-01,5
18221,2011-11-01,2011-05-01,6
18222,2011-09-01,2011-09-01,0
18223,2010-12-01,2010-12-01,0
18223,2011-01-01,2010-12-01,1
18223,2011-02-01,2010-12-01,2
18223,2011-03-01,2010-12-01,3
18223,2011-05-01,2010-12-01,5
18223,2011-06-01,2010-12-01,6
18223,2011-07-01,2010-12-01,7
18223,2011-09-01,2010-12-01,9
18223,2011-10-01,2010-12-01,10
18223,2011-12-01,2010-12-01,12
18224,2011-03-01,2011-03-01,0
18225,2010-12-01,2010-12-01,0
18225,2011-02-01,2010-12-01,2
18225,2011-03-01,2010-12-01,3
18225,2011-05-01,2010-12-01,5
18225,2011-07-01,2010-12-01,7
18225,2011-08-01,2010-12-01,8
18225,2011-09-01,2010-12-01,9
18225,2011-10-01,2010-12-01,10
18225,2011-11-01,2010-12-01,11
18225,2011-12-01,2010-12-01,12
18226,2011-01-01,2011-01-01,0
18226,2011-03-01,2011-01-01,2
18226,2011-04-01,2011-01-01,3
18226,2011-05-01,2011-01-01,4
18226,2011-06-01,2011-01-01,5
18226,2011-07-01,2011-01-01,6
18226,2011-08-01,2011-01-01,7
18226,2011-09-01,2011-01-01,8
18226,2011-10-01,2011-01-01,9
18227,2011-05-01,2011-05-01,0
18228,2011-09-01,2011-09-01,0
18228,2011-10-01,2011-09-01,1
18229,2010-12-01,2010-12-01,0
18229,2011-01-01,2010-12-01,1
18229,2011-02-01,2010-12-01,2
18229,2011-03-01,2010-12-01,3
18229,2011-04-01,2010-12-01,4
18229,2011-05-01,2010-12-01,5
18229,2011-06-01,2010-12-01,6
18229,2011-07-01,2010-12-01,7
18229,2011-08-01,2010-12-01,8
18229,2011-09-01,2010-12-01,9
18229,2011-10-01,2010-12-01,10
18229,2011-11-01,2010-12-01,11
18230,2011-02-01,2011-02-01,0
18230,2011-04-01,2011-02-01,2
18230,2011-05-01,2011-02-01,3
18230,2011-06-01,2011-02-01,4
18230,2011-09-01,2011-02-01,7
18230,2011-11-01,2011-02-01,9
18231,2011-02-01,2011-02-01,0
18231,2011-03-01,2011-02-01,1
18231,2011-04-01,2011-02-01,2
18231,2011-05-01,2011-02-01,3
18232,2011-05-01,2011-05-01,0
18232,2011-07-01,2011-05-01,2
18232,2011-09-01,2011-05-01,4
18233,2011-01-01,2011-01-01,0
18235,2011-05-01,2011-05-01,0
18235,2011-08-01,2011-05-01,3
18235,2011-09-01,2011-05-01,4
18236,2011-04-01,2011-04-01,0
18236,2011-06-01,2011-04-01,2
18236,2011-07-01,2011-04-01,3
18236,2011-08-01,2011-04-01,4
18236,2011-09-01,2011-04-01,5
18236,2011-11-01,2011-04-01,7
18237,2011-07-01,2011-07-01,0
18237,2011-08-01,2011-07-01,1
18237,2011-09-01,2011-07-01,2
18237,2011-10-01,2011-07-01,3
18237,2011-12-01,2011-07-01,5
18239,2010-12-01,2010-12-01,0
18239,2011-01-01,2010-12-01,1
18239,2011-03-01,2010-12-01,3
18239,2011-05-01,2010-12-01,5
18240,2011-10-01,2011-10-01,0
18241,2011-05-01,2011-05-01,0
18241,2011-06-01,2011-05-01,1
18241,2011-07-01,2011-05-01,2
18241,2011-08-01,2011-05-01,3
18241,2011-09-01,2011-05-01,4
18241,2011-10-01,2011-05-01,5
18241,2011-11-01,2011-05-01,6
18242,2011-05-01,2011-05-01,0
18242,2011-09-01,2011-05-01,4
18245,2010-12-01,2010-12-01,0
18245,2011-01-01,2010-12-01,1
18245,2011-05-01,2010-12-01,5
18245,2011-07-01,2010-12-01,7
18245,2011-12-01,2010-12-01,12
18246,2011-04-01,2011-04-01,0
18246,2011-11-01,2011-04-01,7
18248,2011-06-01,2011-06-01,0
18248,2011-08-01,2011-06-01,2
18249,2011-11-01,2011-11-01,0
18250,2011-02-01,2011-02-01,0
18251,2011-09-01,2011-09-01,0
18252,2011-06-01,2011-06-01,0
18252,2011-10-01,2011-06-01,4
18255,2011-09-01,2011-09-01,0
18257,2011-02-01,2011-02-01,0
18257,2011-05-01,2011-02-01,3
18257,2011-06-01,2011-02-01,4
18257,2011-08-01,2011-02-01,6
18257,2011-10-01,2011-02-01,8
18259,2010-12-01,2010-12-01,0
18259,2011-09-01,2010-12-01,9
18259,2011-11-01,2010-12-01,11
18260,2010-12-01,2010-12-01,0
18260,2011-01-01,2010-12-01,1
18260,2011-03-01,2010-12-01,3
18260,2011-04-01,2010-12-01,4
18260,2011-05-01,2010-12-01,5
18260,2011-06-01,2010-12-01,6
18261,2011-09-01,2011-09-01,0
18261,2011-10-01,2011-09-01,1
18262,2011-07-01,2011-07-01,0
18263,2011-04-01,2011-04-01,0
18263,2011-07-01,2011-04-01,3
18263,2011-11-01,2011-04-01,7
18265,2011-07-01,2011-07-01,0
18265,2011-09-01,2011-07-01,2
18268,2011-07-01,2011-07-01,0
18269,2010-12-01,2010-12-01,0
18270,2011-03-01,2011-03-01,0
18270,2011-11-01,2011-03-01,8
18272,2011-04-01,2011-04-01,0
18272,2011-07-01,2011-04-01,3
18272,2011-08-01,2011-04-01,4
18272,2011-10-01,2011-04-01,6
18272,2011-12-01,2011-04-01,8
18273,2011-03-01,2011-03-01,0
18273,2011-09-01,2011-03-01,6
18273,2011-12-01,2011-03-01,9
18274,2011-11-01,2011-11-01,0
18276,2011-10-01,2011-10-01,0
18277,2011-10-01,2011-10-01,0
18278,2011-09-01,2011-09-01,0
18280,2011-03-01,2011-03-01,0
18281,2011-06-01,2011-06-01,0
18282,2011-08-01,2011-08-01,0
18282,2011-12-01,2011-08-01,4
18283,2011-01-01,2011-01-01,0
18283,2011-02-01,2011-01-01,1
18283,2011-04-01,2011-01-01,3
18283,2011-05-01,2011-01-01,4
18283,2011-06-01,2011-01-01,5
18283,2011-07-01,2011-01-01,6
18283,2011-09-01,2011-01-01,8
18283,2011-10-01,2011-01-01,9
18283,2011-11-01,2011-01-01,10
18283,2011-12-01,2011-01-01,11
18287,2011-05-01,2011-05-01,0
18287,2011-10-01,2011-05-01,5
