CustomerID,total_order_per_customer,first_purchase_date,customer_total_spend,customer_return_case
12346,1,"2011-01-18 10:01:00",77183.60,0
12347,7,"2010-12-07 14:57:00",4310.00,1
12348,4,"2010-12-16 19:09:00",1797.24,1
12349,1,"2011-11-21 09:51:00",1757.55,0
12350,1,"2011-02-02 16:01:00",334.40,0
12352,8,"2011-02-16 12:33:00",2506.04,1
12353,1,"2011-05-19 17:47:00",89.00,0
12354,1,"2011-04-21 13:11:00",1079.40,0
12355,1,"2011-05-09 13:49:00",459.40,0
12356,3,"2011-01-18 09:50:00",2811.43,1
12357,1,"2011-11-06 16:07:00",6207.67,0
12358,2,"2011-07-12 10:04:00",1168.06,1
12359,4,"2011-01-12 12:43:00",6372.58,1
12360,3,"2011-05-23 09:43:00",2662.06,1
12361,1,"2011-02-25 13:51:00",189.90,0
12362,10,"2011-02-17 10:30:00",5226.23,1
12363,2,"2011-04-11 13:29:00",552.00,1
12364,4,"2011-08-19 15:24:00",1313.10,1
12365,2,"2011-02-21 13:51:00",641.38,1
12367,1,"2011-12-05 16:48:00",168.90,0
12370,4,"2010-12-14 12:58:00",3545.69,1
12371,2,"2011-10-11 10:43:00",1887.96,1
12372,3,"2011-02-16 12:46:00",1298.04,1
12373,1,"2011-02-01 13:10:00",364.60,0
12374,1,"2011-11-14 15:37:00",742.93,0
12375,2,"2011-09-02 14:23:00",457.50,1
12377,2,"2010-12-20 09:37:00",1628.12,1
12378,1,"2011-08-02 10:34:00",4008.62,0
12379,2,"2011-06-22 16:32:00",852.24,1
12380,4,"2011-06-07 09:49:00",2724.81,1
12381,5,"2011-08-12 09:57:00",1845.31,1
12383,5,"2010-12-22 14:28:00",1850.56,1
12384,2,"2011-08-10 11:23:00",585.27,1
12386,2,"2010-12-08 09:53:00",401.90,1
12388,6,"2011-01-17 11:12:00",2780.66,1
12390,1,"2011-09-21 09:33:00",549.84,0
12391,1,"2011-11-18 12:07:00",460.89,0
12393,4,"2011-01-11 09:47:00",1582.60,1
12394,2,"2011-05-06 14:01:00",1272.48,1
12395,12,"2010-12-03 16:35:00",3018.63,1
12397,2,"2011-07-27 14:21:00",2409.90,1
12398,1,"2011-10-25 10:27:00",1635.66,0
12399,4,"2011-03-23 09:42:00",1108.65,1
12401,1,"2011-02-09 13:50:00",84.30,0
12402,1,"2011-01-20 13:49:00",225.60,0
12403,1,"2011-10-21 10:51:00",427.70,0
12405,1,"2011-07-14 08:52:00",1710.39,0
12406,2,"2011-06-09 10:23:00",3415.30,1
12407,5,"2011-03-20 13:21:00",1708.12,1
12408,5,"2011-03-24 14:46:00",2888.55,1
12409,3,"2011-06-10 12:19:00",11072.67,1
12410,2,"2011-02-04 10:38:00",693.33,1
12412,3,"2011-06-23 13:51:00",1226.88,1
12413,3,"2011-01-06 16:12:00",758.10,1
12414,3,"2011-02-02 14:51:00",562.41,1
12415,21,"2011-01-06 11:12:00",124914.53,1
12417,9,"2010-12-17 11:51:00",3649.10,1
12418,1,"2011-08-19 11:08:00",668.58,0
12420,1,"2011-10-07 08:55:00",600.39,0
12421,4,"2011-01-24 15:09:00",807.04,1
12422,3,"2011-01-19 09:13:00",803.56,1
12423,8,"2010-12-21 10:54:00",1859.31,1
12424,2,"2011-06-30 12:06:00",1760.96,1
12425,1,"2011-09-22 17:31:00",777.20,0
12426,1,"2011-05-29 12:26:00",582.73,0
12427,3,"2010-12-03 10:44:00",825.80,1
12428,9,"2011-03-01 09:33:00",7956.46,1
12429,4,"2010-12-09 12:05:00",3750.40,1
12430,1,"2011-10-27 15:09:00",256.40,0
12431,15,"2010-12-01 10:03:00",6487.45,1
12432,5,"2011-06-20 13:27:00",5059.32,1
12433,7,"2010-12-01 13:24:00",13375.87,1
12434,2,"2011-03-24 13:05:00",806.14,1
12435,2,"2011-03-17 07:40:00",7829.89,1
12436,1,"2011-09-01 12:09:00",509.01,0
12437,18,"2011-01-12 14:13:00",4951.41,1
12438,2,"2011-07-22 13:29:00",2906.85,1
12441,1,"2010-12-08 10:45:00",173.55,0
12442,1,"2011-12-06 14:22:00",172.06,0
12444,5,"2011-06-21 14:00:00",5005.46,1
12445,1,"2011-11-17 18:43:00",133.40,0
12446,1,"2011-10-13 12:50:00",1002.31,0
12447,1,"2011-04-10 13:25:00",476.49,0
12448,1,"2011-10-26 13:46:00",449.45,0
12449,4,"2011-06-05 15:37:00",4067.29,1
12450,2,"2011-06-19 14:36:00",197.88,1
12451,5,"2011-01-19 09:05:00",9035.52,1
12452,2,"2011-11-23 08:05:00",430.57,1
12453,1,"2011-07-28 14:08:00",707.09,0
12454,1,"2011-10-14 17:13:00",3528.34,0
12455,6,"2011-02-16 09:56:00",2466.86,1
12456,3,"2011-03-30 09:12:00",3181.04,1
12457,7,"2011-04-14 18:57:00",2363.23,1
12458,2,"2011-02-28 10:55:00",947.40,1
12461,2,"2011-07-08 10:23:00",826.88,1
12462,2,"2011-02-09 14:44:00",1189.59,1
12463,4,"2011-04-12 12:47:00",1344.78,1
12464,8,"2011-02-03 13:30:00",1212.05,1
12465,2,"2011-06-23 13:37:00",742.19,1
12468,2,"2011-01-27 13:29:00",729.54,1
12471,30,"2010-12-10 09:35:00",19824.05,1
12472,7,"2010-12-05 14:19:00",6572.11,1
12473,5,"2011-06-01 10:15:00",3938.55,1
12474,18,"2011-01-14 10:06:00",7375.79,1
12475,1,"2011-10-17 10:10:00",723.38,0
12476,11,"2010-12-13 14:39:00",6816.42,1
12477,6,"2011-02-11 12:45:00",13219.74,1
12478,1,"2011-12-06 09:56:00",680.99,0
12479,1,"2011-11-28 13:26:00",527.20,0
12480,4,"2011-01-07 15:27:00",3281.63,1
12481,10,"2010-12-09 10:13:00",5596.32,1
12483,8,"2011-01-04 14:20:00",2484.98,1
12484,6,"2011-01-07 14:04:00",4541.72,1
12488,3,"2011-09-25 10:34:00",1298.66,1
12489,1,"2011-01-07 13:13:00",334.93,0
12490,10,"2011-01-14 09:13:00",5417.93,1
12491,1,"2011-11-01 12:18:00",460.40,0
12492,2,"2011-08-26 14:51:00",263.21,1
12493,2,"2011-05-26 14:53:00",433.74,1
12494,7,"2010-12-09 11:31:00",1246.10,1
12497,1,"2011-09-19 12:29:00",1043.10,0
12498,3,"2011-10-13 09:30:00",403.70,1
12500,11,"2011-01-10 09:48:00",4257.82,1
12501,1,"2011-01-07 12:28:00",2169.39,0
12502,5,"2011-02-03 10:41:00",3723.87,1
12504,2,"2011-11-09 14:56:00",482.05,1
12506,1,"2011-04-21 08:54:00",73.50,0
12507,3,"2011-02-14 09:24:00",1304.81,1
12508,2,"2011-11-10 16:27:00",398.27,1
12509,1,"2011-02-28 14:45:00",176.50,0
12510,2,"2011-01-18 14:04:00",982.57,1
12512,2,"2011-10-04 14:53:00",138.03,1
12513,1,"2011-08-19 10:51:00",612.29,0
12514,1,"2011-03-17 16:38:00",1017.68,0
12515,1,"2010-12-21 15:43:00",383.70,0
12516,2,"2011-06-12 11:37:00",1312.06,1
12517,5,"2011-06-02 15:13:00",2502.84,1
12518,5,"2011-08-21 13:18:00",2056.89,1
12519,1,"2011-10-07 09:26:00",340.84,0
12520,5,"2011-03-11 11:35:00",2634.26,1
12521,1,"2011-07-20 10:51:00",599.68,0
12522,2,"2011-10-19 14:41:00",192.72,1
12523,11,"2011-01-12 09:43:00",1789.77,1
12524,8,"2011-01-10 10:35:00",4485.72,1
12526,3,"2011-09-06 14:19:00",1316.66,1
12527,3,"2011-01-18 12:05:00",348.71,1
12528,6,"2011-01-31 09:05:00",1933.48,1
12530,4,"2011-01-07 10:04:00",1662.28,1
12531,1,"2011-11-25 11:12:00",125.22,0
12532,1,"2011-11-09 13:47:00",349.83,0
12534,1,"2011-08-01 10:26:00",1089.18,0
12535,2,"2011-06-06 12:47:00",716.35,1
12536,3,"2011-10-11 14:52:00",12601.83,1
12538,1,"2011-11-10 17:16:00",363.95,0
12539,4,"2011-01-10 09:11:00",5568.35,1
12540,17,"2010-12-13 09:39:00",13400.24,1
12541,3,"2011-03-04 09:32:00",981.18,1
12544,1,"2011-11-03 16:15:00",372.70,0
12545,2,"2011-03-25 12:04:00",1000.39,1
12546,2,"2011-09-23 09:44:00",1161.50,1
12547,2,"2011-03-04 12:46:00",207.80,1
12548,1,"2011-06-26 15:35:00",95.20,0
12550,1,"2011-09-21 14:35:00",964.83,0
12551,1,"2010-12-17 11:23:00",168.00,0
12552,2,"2011-10-31 12:11:00",437.82,1
12553,10,"2011-01-14 10:42:00",3692.28,1
12556,2,"2011-07-11 13:35:00",603.71,1
12557,5,"2010-12-03 12:20:00",11990.96,1
12558,1,"2011-12-02 10:41:00",269.96,0
12559,2,"2011-01-24 10:12:00",561.71,1
12560,3,"2011-07-19 15:55:00",2134.01,1
12561,1,"2011-02-10 11:39:00",238.85,0
12562,7,"2011-05-25 12:44:00",3781.74,1
12564,1,"2011-03-23 14:55:00",456.90,0
12565,1,"2011-02-24 10:34:00",145.92,0
12566,1,"2011-09-14 14:30:00",351.65,0
12567,10,"2010-12-05 11:57:00",9401.28,1
12569,32,"2011-04-01 13:47:00",4124.69,1
12571,2,"2011-08-10 12:35:00",519.61,1
12572,2,"2011-10-19 08:20:00",1020.42,1
12573,1,"2011-04-26 15:52:00",160.54,0
12574,1,"2011-01-28 09:20:00",218.45,0
12576,5,"2011-02-08 11:31:00",1315.83,1
12577,3,"2010-12-15 16:21:00",657.80,1
12578,2,"2011-01-13 15:34:00",2794.51,1
12579,1,"2011-09-22 17:15:00",440.42,0
12580,1,"2011-04-07 10:24:00",415.70,0
12581,1,"2011-10-31 08:56:00",197.71,0
12582,2,"2011-02-24 11:42:00",511.36,1
12583,15,"2010-12-01 08:45:00",7281.38,1
12584,9,"2011-03-04 15:15:00",2338.15,1
12585,2,"2010-12-23 12:58:00",2040.10,1
12586,1,"2011-11-22 16:24:00",196.94,0
12587,1,"2011-12-02 12:47:00",144.00,0
12588,1,"2011-10-31 15:01:00",214.90,0
12589,2,"2011-07-18 12:05:00",646.68,1
12590,2,"2011-05-12 14:46:00",9864.26,1
12591,1,"2011-01-26 14:35:00",452.85,0
12592,2,"2011-05-10 13:44:00",437.60,1
12593,3,"2011-05-05 09:29:00",418.10,1
12594,10,"2011-01-21 09:52:00",3338.22,1
12596,2,"2011-04-11 13:22:00",618.27,1
12597,4,"2011-03-16 14:00:00",3811.22,1
12598,8,"2011-02-28 11:58:00",3023.08,1
12599,7,"2011-02-08 13:28:00",1032.58,1
12600,10,"2010-12-03 12:57:00",2599.04,1
12601,5,"2011-01-11 10:38:00",577.06,1
12602,1,"2011-10-12 11:22:00",153.12,0
12603,1,"2011-11-18 10:42:00",739.20,0
12604,2,"2011-03-23 12:06:00",254.18,1
12607,1,"2011-10-10 16:06:00",1579.51,0
12609,3,"2011-01-25 15:13:00",1126.85,1
12610,5,"2011-08-05 13:52:00",2099.54,1
12611,1,"2011-10-18 13:12:00",1193.32,0
12612,1,"2011-09-26 15:35:00",704.04,0
12613,5,"2011-03-22 15:42:00",3344.38,1
12614,1,"2011-03-07 10:22:00",315.60,0
12615,4,"2011-06-24 13:35:00",2291.19,1
12616,2,"2011-02-15 14:17:00",713.30,1
12617,1,"2011-11-10 14:39:00",355.53,0
12618,1,"2011-11-18 11:10:00",177.31,0
12619,9,"2011-03-31 13:10:00",3641.24,1
12620,3,"2011-05-19 12:10:00",1339.41,1
12621,20,"2010-12-09 10:16:00",13689.67,1
12622,1,"2011-04-21 16:39:00",180.10,0
12623,1,"2011-03-08 13:50:00",305.10,0
12624,2,"2011-06-15 12:34:00",641.13,1
12625,2,"2011-01-24 13:27:00",2683.82,1
12626,9,"2011-01-17 11:01:00",6620.48,1
12627,7,"2011-07-22 13:59:00",4478.53,1
12628,3,"2011-10-06 09:28:00",786.46,1
12630,2,"2011-10-27 10:41:00",1270.88,1
12631,1,"2011-10-13 13:53:00",640.50,0
12633,4,"2011-02-25 08:44:00",2163.98,1
12635,2,"2011-07-08 08:43:00",1689.18,1
12637,8,"2011-01-20 10:47:00",6021.90,1
12638,1,"2011-11-06 13:11:00",671.69,0
12639,1,"2011-04-15 12:48:00",486.10,0
12640,3,"2011-09-19 12:01:00",1174.58,1
12641,1,"2011-08-16 13:26:00",185.90,0
12642,3,"2011-08-24 09:23:00",1013.26,1
12643,6,"2011-01-11 11:48:00",3344.64,1
12644,1,"2011-08-02 10:33:00",477.91,0
12645,4,"2011-01-27 13:08:00",1775.18,1
12646,2,"2011-10-21 12:52:00",1346.97,1
12647,12,"2010-12-05 14:02:00",3722.82,1
12648,1,"2011-07-08 11:55:00",318.05,0
12649,3,"2011-05-11 14:37:00",623.51,1
12650,1,"2011-12-06 16:34:00",314.44,0
12651,1,"2011-01-09 12:46:00",114.00,0
12652,1,"2011-01-12 15:00:00",919.98,0
12653,2,"2011-02-16 10:53:00",2209.85,1
12654,5,"2011-02-17 13:16:00",601.98,1
12656,5,"2011-04-20 09:20:00",4051.17,1
12657,4,"2011-09-22 11:40:00",1643.18,1
12658,1,"2011-11-21 10:22:00",686.05,0
12659,1,"2011-11-10 11:53:00",91.68,0
12660,1,"2011-11-28 13:26:00",245.10,0
12662,11,"2010-12-01 13:04:00",3849.78,1
12664,9,"2011-01-21 11:42:00",4881.88,1
12665,1,"2011-01-19 08:34:00",63.00,0
12667,1,"2011-10-12 17:00:00",620.13,0
12668,4,"2010-12-19 12:46:00",3807.15,1
12669,3,"2011-03-28 10:15:00",2744.03,1
12670,5,"2011-04-21 10:16:00",2996.05,1
12672,1,"2011-01-14 09:20:00",225.90,0
12673,2,"2011-01-17 11:46:00",610.52,1
12674,4,"2011-05-16 09:10:00",1970.60,1
12676,6,"2011-02-01 15:41:00",1331.39,1
12678,12,"2010-12-21 11:00:00",17628.46,1
12679,4,"2011-03-01 12:26:00",1113.02,1
12680,4,"2011-08-18 15:44:00",862.81,1
12681,22,"2010-12-07 10:08:00",13787.54,1
12682,31,"2010-12-03 13:59:00",12288.22,1
12683,15,"2010-12-09 10:37:00",8476.57,1
12684,7,"2011-05-10 12:55:00",2283.63,1
12685,6,"2011-09-07 10:28:00",2863.08,1
12686,1,"2010-12-03 09:51:00",89.14,0
12688,1,"2011-08-18 08:49:00",4873.81,0
12689,2,"2011-08-04 10:04:00",1247.61,1
12690,1,"2011-05-18 09:09:00",389.01,0
12691,6,"2010-12-17 14:46:00",1035.80,1
12693,4,"2011-01-24 12:58:00",855.91,1
12694,2,"2011-06-09 17:48:00",869.67,1
12695,4,"2011-05-13 13:15:00",582.10,1
12697,3,"2011-06-23 15:44:00",957.59,1
12700,4,"2011-05-08 16:10:00",4939.99,1
12701,2,"2011-04-11 13:02:00",797.71,1
12702,1,"2011-11-20 10:36:00",219.00,0
12703,1,"2011-09-29 17:52:00",283.55,0
12704,8,"2011-06-23 10:20:00",2340.84,1
12705,9,"2010-12-17 15:58:00",6868.29,1
12707,1,"2011-02-21 08:38:00",603.42,0
12708,10,"2010-12-06 10:43:00",2712.91,1
12709,15,"2010-12-08 09:49:00",9736.52,1
12710,3,"2011-05-22 14:05:00",1149.02,1
12712,13,"2010-12-03 14:30:00",4396.13,1
12713,1,"2011-12-09 12:16:00",848.55,0
12714,5,"2011-02-18 10:53:00",4708.86,1
12715,1,"2011-08-25 15:22:00",353.86,0
12716,2,"2011-07-29 13:28:00",1053.49,1
12717,2,"2011-04-08 10:32:00",1030.98,1
12718,1,"2011-09-29 16:38:00",238.25,0
12719,2,"2011-10-05 14:50:00",644.95,1
12720,25,"2010-12-05 15:21:00",5781.73,1
12721,6,"2010-12-20 11:38:00",2656.13,1
12722,4,"2011-07-12 11:55:00",997.63,1
12723,5,"2011-10-05 15:52:00",725.07,1
12724,4,"2011-01-11 15:00:00",1031.41,1
12725,1,"2010-12-03 15:45:00",427.80,0
12726,7,"2010-12-17 12:56:00",2609.10,1
12727,7,"2011-01-23 15:17:00",3980.70,1
12728,4,"2011-01-11 13:31:00",836.33,1
12729,1,"2011-08-18 11:40:00",453.01,0
12731,12,"2010-12-10 10:56:00",18895.91,1
12732,1,"2011-06-13 11:33:00",236.26,0
12733,1,"2011-04-19 16:19:00",383.95,0
12734,1,"2010-12-22 12:47:00",110.40,0
12735,2,"2011-01-06 14:26:00",779.57,1
12736,1,"2011-01-11 07:57:00",234.00,0
12738,1,"2010-12-02 18:27:00",155.35,0
12739,2,"2011-09-01 17:45:00",1013.04,1
12740,1,"2011-10-07 10:44:00",427.60,0
12743,2,"2011-07-28 16:06:00",546.43,1
12744,7,"2011-01-25 13:26:00",21279.29,1
12747,11,"2010-12-05 15:38:00",4196.01,1
12748,209,"2010-12-01 12:48:00",33719.73,1
12749,5,"2011-05-10 15:25:00",4090.88,1
12750,1,"2011-08-03 09:13:00",275.88,0
12752,1,"2011-09-19 13:32:00",4366.78,0
12753,6,"2010-12-12 11:44:00",21429.39,1
12754,3,"2011-02-04 10:31:00",3010.74,1
12755,2,"2010-12-09 10:44:00",3811.95,1
12756,1,"2011-09-14 09:31:00",112.08,0
12757,13,"2011-05-12 19:01:00",7857.10,1
12758,2,"2011-03-08 12:05:00",2791.59,1
12759,3,"2011-03-09 08:09:00",1531.44,1
12762,2,"2011-11-14 14:23:00",1898.52,1
12763,2,"2010-12-05 15:46:00",494.08,1
12764,1,"2011-01-27 10:19:00",1693.88,0
12766,7,"2010-12-08 13:53:00",6989.63,1
12769,1,"2011-04-15 10:25:00",1143.60,0
12770,1,"2011-05-13 09:33:00",1351.45,0
12772,1,"2011-10-11 09:19:00",892.47,0
12775,5,"2011-02-01 13:45:00",1386.04,1
12778,6,"2011-01-31 14:35:00",822.23,1
12779,8,"2010-12-03 13:40:00",3981.36,1
12781,2,"2011-02-28 08:43:00",826.74,1
12782,5,"2010-12-17 11:30:00",2330.92,1
12783,6,"2011-09-25 15:35:00",2225.91,1
12784,2,"2011-11-24 12:53:00",574.42,1
12785,1,"2010-12-10 13:48:00",311.95,0
12787,3,"2011-05-31 09:36:00",463.66,1
12789,1,"2011-10-05 13:34:00",91.85,0
12790,1,"2011-05-31 14:14:00",324.92,0
12791,1,"2010-12-01 11:27:00",192.60,0
12792,1,"2011-03-28 11:36:00",400.54,0
12793,2,"2010-12-03 15:14:00",545.48,1
12794,2,"2011-09-02 12:01:00",860.41,1
12795,1,"2011-11-21 10:27:00",430.48,0
12797,1,"2010-12-09 10:55:00",254.03,0
12798,3,"2011-06-22 10:11:00",6977.04,1
12802,1,"2011-06-06 09:36:00",427.58,0
12808,3,"2010-12-06 10:27:00",483.65,1
12809,1,"2011-06-15 10:51:00",489.31,0
12811,3,"2011-02-28 15:39:00",514.85,1
12812,1,"2011-10-26 09:54:00",229.64,0
12814,1,"2011-08-30 12:11:00",125.92,0
12815,2,"2011-05-25 13:34:00",1063.46,1
12816,2,"2011-06-16 13:24:00",572.20,1
12817,1,"2011-03-03 16:28:00",166.04,0
12818,1,"2011-03-23 12:06:00",1542.08,0
12820,4,"2011-01-17 12:34:00",942.34,1
12821,1,"2011-05-09 15:51:00",92.72,0
12822,2,"2011-09-13 13:46:00",948.88,1
12823,5,"2011-02-16 12:15:00",1759.50,1
12824,1,"2011-10-11 12:49:00",397.12,0
12826,7,"2010-12-09 15:21:00",1474.72,1
12827,3,"2011-10-26 15:44:00",430.15,1
12828,6,"2011-08-01 16:16:00",1018.71,1
12829,2,"2010-12-14 14:54:00",293.00,1
12830,6,"2011-06-21 10:53:00",6814.64,1
12831,1,"2011-03-22 13:02:00",215.05,0
12832,2,"2011-09-02 13:48:00",383.03,1
12833,1,"2011-07-17 13:46:00",417.38,0
12834,1,"2011-03-02 09:49:00",312.38,0
12836,4,"2011-02-01 11:19:00",2612.86,1
12837,1,"2011-06-19 16:07:00",134.10,0
12838,2,"2010-12-01 11:57:00",683.13,1
12839,14,"2010-12-07 15:48:00",5591.42,1
12840,4,"2011-04-27 12:21:00",2726.77,1
12841,25,"2010-12-03 10:43:00",4022.35,1
12842,2,"2011-02-04 12:36:00",1118.99,1
12843,8,"2011-03-20 14:38:00",1702.26,1
12844,2,"2011-08-01 13:11:00",325.96,1
12845,4,"2011-02-22 14:10:00",354.09,1
12847,1,"2011-11-17 13:16:00",871.54,0
12849,2,"2011-03-16 12:26:00",1050.89,1
12851,1,"2011-09-04 12:41:00",135.18,0
12852,1,"2011-02-18 08:47:00",311.55,0
12853,6,"2011-01-28 10:28:00",1957.10,1
12854,3,"2011-01-25 13:35:00",1324.50,1
12855,1,"2010-12-02 09:37:00",38.10,0
12856,6,"2011-10-07 12:38:00",2179.93,1
12857,2,"2011-02-10 12:32:00",1106.40,1
12863,1,"2011-10-18 14:15:00",521.20,0
12864,1,"2011-07-24 13:03:00",147.12,0
12865,2,"2011-08-08 10:11:00",1568.23,1
12866,1,"2011-03-01 14:11:00",559.12,0
12867,7,"2010-12-14 16:39:00",4036.82,1
12868,6,"2010-12-01 12:50:00",1607.06,1
12871,2,"2011-05-16 13:32:00",380.64,1
12872,2,"2010-12-09 14:44:00",599.97,1
12873,1,"2011-03-02 14:58:00",374.00,0
12875,2,"2010-12-12 12:03:00",343.23,1
12876,2,"2011-05-27 13:34:00",2218.02,1
12877,12,"2010-12-16 12:23:00",1535.77,1
12878,2,"2011-03-18 14:02:00",854.99,1
12879,3,"2011-09-09 12:11:00",573.22,1
12881,1,"2011-03-09 11:44:00",298.00,0
12882,2,"2011-11-06 11:22:00",1463.04,1
12883,4,"2011-09-11 15:18:00",703.47,1
12884,1,"2011-09-12 13:10:00",309.05,0
12885,3,"2011-08-08 11:45:00",1175.22,1
12886,2,"2011-05-04 11:21:00",1378.40,1
12888,2,"2011-03-29 14:31:00",354.12,1
12890,1,"2011-11-15 17:26:00",380.47,0
12891,3,"2011-02-20 11:28:00",331.00,1
12893,1,"2011-11-09 12:34:00",188.14,0
12895,2,"2011-09-14 08:35:00",372.80,1
12897,2,"2011-02-11 11:40:00",216.50,1
12901,28,"2011-03-14 10:41:00",17654.54,1
12902,1,"2011-03-20 12:06:00",138.68,0
12904,2,"2011-06-20 13:18:00",509.58,1
12906,5,"2011-09-22 15:03:00",2919.81,1
12908,2,"2011-01-31 12:37:00",750.00,1
12909,5,"2011-03-31 12:51:00",2178.67,1
12910,8,"2011-04-12 10:01:00",3075.04,1
12912,5,"2011-10-30 11:35:00",1662.30,1
12913,5,"2010-12-06 16:36:00",2483.63,1
12915,2,"2010-12-02 12:33:00",363.65,1
12916,4,"2011-01-23 10:43:00",3006.15,1
12917,1,"2011-08-03 16:42:00",594.00,0
12919,6,"2011-06-23 09:22:00",1335.19,1
12920,1,"2011-11-22 15:05:00",164.23,0
12921,37,"2010-12-01 15:06:00",16587.09,1
12922,1,"2011-07-01 15:35:00",405.38,0
12923,1,"2011-10-06 16:20:00",176.97,0
12924,4,"2011-01-16 11:49:00",933.70,1
12925,2,"2011-09-26 11:05:00",694.05,1
12928,5,"2010-12-15 15:45:00",2062.70,1
12929,1,"2011-02-01 12:08:00",117.85,0
12930,2,"2011-06-21 13:25:00",415.80,1
12931,15,"2010-12-17 09:45:00",42055.96,1
12933,3,"2011-03-01 11:30:00",607.53,1
12935,7,"2011-01-24 13:58:00",2160.70,1
12936,4,"2011-09-22 13:51:00",1063.90,1
12937,4,"2011-03-17 14:19:00",1504.27,1
12938,1,"2011-11-14 11:21:00",114.14,0
12939,8,"2011-01-09 11:20:00",11581.80,1
12940,2,"2011-09-13 10:16:00",913.54,1
12942,3,"2010-12-09 09:34:00",683.90,1
12944,2,"2010-12-20 10:41:00",604.51,1
12945,1,"2011-02-24 14:15:00",462.95,0
12947,6,"2010-12-01 16:21:00",1603.99,1
12948,7,"2011-03-20 10:17:00",2064.95,1
12949,8,"2011-04-01 13:20:00",4167.22,1
12950,3,"2011-11-15 13:48:00",1843.00,1
12951,6,"2011-01-13 10:33:00",1064.07,1
12952,4,"2011-09-22 16:37:00",1387.79,1
12953,1,"2011-11-30 09:24:00",329.85,0
12955,11,"2011-03-17 09:03:00",4757.16,1
12956,1,"2011-02-06 16:08:00",108.07,0
12957,8,"2011-01-04 12:18:00",4017.54,1
12962,2,"2011-08-18 13:38:00",266.39,1
12963,8,"2010-12-09 09:14:00",1856.63,1
12965,1,"2011-09-11 15:31:00",771.91,0
12966,1,"2011-11-30 12:38:00",160.18,0
12967,2,"2010-12-03 09:49:00",1660.90,1
12968,1,"2011-08-19 15:44:00",135.95,0
12970,4,"2011-01-21 14:04:00",452.24,1
12971,86,"2010-12-02 16:42:00",11189.91,1
12974,1,"2011-05-26 09:33:00",144.80,0
12976,1,"2011-05-12 09:55:00",738.60,0
12977,1,"2011-07-06 16:40:00",39.24,0
12980,9,"2010-12-16 11:36:00",7374.90,1
12981,2,"2011-07-29 14:14:00",372.22,1
12982,1,"2011-04-11 11:51:00",390.54,0
12984,1,"2011-11-21 12:37:00",97.50,0
12985,2,"2011-11-11 12:44:00",1239.38,1
12987,2,"2011-05-26 12:00:00",558.70,1
12988,1,"2011-02-20 14:31:00",535.32,0
12989,15,"2010-12-10 13:24:00",6924.11,1
12990,3,"2011-02-02 15:39:00",409.50,1
12991,2,"2011-08-19 14:39:00",503.76,1
12993,4,"2011-02-14 14:29:00",414.76,1
12994,3,"2011-03-16 08:31:00",974.42,1
12995,1,"2011-09-15 15:44:00",211.32,0
12997,4,"2011-01-26 15:49:00",1226.89,1
12999,3,"2011-04-08 10:26:00",455.88,1
13000,3,"2010-12-10 10:26:00",534.85,1
13001,13,"2011-01-17 12:45:00",9818.82,1
13002,1,"2011-01-25 15:18:00",120.95,0
13003,3,"2011-05-09 08:23:00",149.05,1
13004,18,"2010-12-17 08:20:00",5655.91,1
13005,2,"2011-04-07 13:32:00",513.70,1
13006,1,"2011-10-14 13:49:00",81.57,0
13008,1,"2011-01-20 14:24:00",229.47,0
13011,1,"2010-12-02 17:22:00",50.55,0
13012,8,"2011-02-18 09:43:00",1661.84,1
13013,13,"2010-12-03 12:28:00",4810.94,1
13014,10,"2011-03-03 18:28:00",3466.28,1
13015,5,"2011-04-04 14:28:00",3346.28,1
13016,3,"2011-08-08 15:00:00",789.89,1
13017,1,"2011-12-02 15:53:00",204.00,0
13018,28,"2011-02-17 11:05:00",7277.70,1
13021,9,"2010-12-16 10:12:00",2616.38,1
13023,2,"2011-08-02 09:34:00",689.90,1
13026,5,"2011-03-09 11:35:00",975.36,1
13027,6,"2010-12-20 12:45:00",6912.00,1
13028,2,"2011-10-25 14:09:00",661.32,1
13029,3,"2010-12-21 13:53:00",1247.50,1
13030,2,"2010-12-06 14:31:00",799.48,1
13032,2,"2011-09-13 16:40:00",1010.18,1
13033,1,"2010-12-17 14:23:00",190.55,0
13034,2,"2010-12-05 14:52:00",642.77,1
13035,2,"2011-03-24 09:21:00",921.88,1
13037,3,"2011-03-28 15:42:00",881.07,1
13038,3,"2011-02-22 11:43:00",908.46,1
13040,2,"2011-11-06 13:53:00",676.99,1
13043,1,"2011-03-11 14:52:00",516.42,0
13044,1,"2011-02-21 15:20:00",560.47,0
13045,1,"2011-09-01 15:04:00",305.28,0
13046,2,"2011-03-18 15:43:00",629.31,1
13047,10,"2010-12-01 08:34:00",3237.54,1
13048,4,"2011-01-16 14:36:00",1835.91,1
13049,2,"2011-01-25 16:33:00",656.68,1
13050,17,"2010-12-08 09:30:00",5836.86,1
13052,1,"2011-05-11 14:12:00",348.15,0
13055,3,"2011-05-10 08:58:00",1214.41,1
13058,3,"2011-07-11 12:01:00",271.40,1
13059,1,"2011-04-04 10:40:00",183.40,0
13060,1,"2011-03-31 11:37:00",307.53,0
13061,1,"2011-09-28 16:04:00",248.61,0
13062,1,"2011-06-01 15:12:00",346.98,0
13064,4,"2011-01-16 13:41:00",1119.49,1
13065,1,"2010-12-01 16:52:00",205.86,0
13066,2,"2011-11-07 17:06:00",470.80,1
13067,1,"2011-09-18 13:38:00",115.46,0
13068,2,"2011-01-24 08:20:00",344.00,1
13069,24,"2010-12-05 11:02:00",4436.12,1
13070,1,"2011-05-31 13:45:00",228.80,0
13072,1,"2011-03-18 08:12:00",177.15,0
13075,1,"2011-08-02 10:19:00",919.61,0
13077,4,"2010-12-08 14:59:00",729.27,1
13078,26,"2010-12-08 09:07:00",12627.94,1
13079,5,"2011-07-22 14:41:00",220.10,1
13080,1,"2011-06-13 14:59:00",58.08,0
13081,11,"2010-12-03 17:20:00",28337.38,1
13082,9,"2011-01-05 15:42:00",3613.63,1
13083,2,"2011-09-25 10:46:00",303.75,1
13085,2,"2011-02-17 13:57:00",416.08,1
13089,97,"2010-12-05 10:27:00",58825.83,1
13090,14,"2010-12-02 07:48:00",8910.82,1
13091,1,"2011-11-11 15:54:00",345.82,0
13092,5,"2010-12-15 12:27:00",477.83,1
13093,8,"2010-12-01 15:00:00",7832.47,1
13094,12,"2010-12-06 10:34:00",1927.32,1
13095,1,"2011-09-30 12:03:00",74.40,0
13097,10,"2010-12-14 15:13:00",6010.42,1
13098,28,"2011-01-26 13:46:00",28882.44,1
13099,1,"2011-09-01 17:40:00",207.36,0
13101,1,"2011-04-19 14:37:00",101.19,0
13102,24,"2010-12-09 13:38:00",6424.09,1
13103,1,"2011-10-31 09:38:00",243.94,0
13104,6,"2010-12-20 11:58:00",1098.48,1
13106,1,"2011-07-29 15:12:00",76.50,0
13107,4,"2011-01-10 12:28:00",1531.62,1
13108,1,"2010-12-02 10:35:00",350.06,0
13109,2,"2011-07-05 14:56:00",786.54,1
13110,7,"2011-02-01 15:24:00",1488.67,1
13113,24,"2010-12-08 13:21:00",12245.96,1
13115,4,"2011-06-08 16:15:00",2294.78,1
13116,1,"2011-07-24 14:33:00",501.14,0
13117,8,"2010-12-02 13:11:00",984.91,1
13118,5,"2011-02-24 12:32:00",1197.81,1
13120,1,"2011-04-15 10:19:00",30.60,0
13121,1,"2011-03-15 16:47:00",283.73,0
13122,2,"2011-04-13 14:12:00",922.39,1
13124,3,"2010-12-15 15:00:00",3866.33,1
13126,8,"2010-12-08 11:42:00",2099.64,1
13127,1,"2011-09-23 10:26:00",259.17,0
13130,1,"2011-09-06 15:30:00",64.00,0
13131,3,"2011-06-05 10:54:00",1073.30,1
13132,1,"2011-03-23 12:44:00",77.30,0
13133,2,"2011-02-08 15:48:00",109.80,1
13134,4,"2011-04-13 12:57:00",1793.58,1
13135,1,"2011-05-27 10:52:00",3096.00,0
13136,5,"2011-05-11 12:47:00",2607.61,1
13137,8,"2011-02-04 11:54:00",3650.41,1
13138,6,"2010-12-02 15:03:00",962.39,1
13139,7,"2011-03-25 11:57:00",5064.94,1
13140,3,"2010-12-08 15:12:00",423.72,1
13141,5,"2011-01-28 13:04:00",2388.75,1
13142,1,"2011-11-20 16:07:00",307.09,0
13144,1,"2011-01-11 11:15:00",110.95,0
13145,4,"2010-12-02 18:06:00",618.52,1
13146,1,"2011-11-13 15:29:00",228.91,0
13147,4,"2011-09-01 12:28:00",712.80,1
13148,12,"2010-12-10 13:06:00",3707.12,1
13149,4,"2011-02-23 13:57:00",1676.06,1
13151,1,"2011-02-17 12:29:00",1257.87,0
13153,1,"2011-12-04 12:14:00",486.22,0
13155,4,"2010-12-06 12:44:00",971.76,1
13157,4,"2011-02-14 14:03:00",1741.22,1
13158,4,"2011-01-25 09:58:00",1201.06,1
13159,4,"2011-08-16 11:44:00",1437.85,1
13160,1,"2011-11-17 13:07:00",91.80,0
13161,1,"2011-01-30 14:03:00",112.75,0
13162,4,"2011-01-09 10:43:00",1688.29,1
13165,2,"2010-12-23 14:06:00",1021.48,1
13166,1,"2011-03-01 15:16:00",417.20,0
13167,4,"2011-07-19 12:13:00",791.33,1
13168,4,"2011-01-25 13:55:00",1319.19,1
13169,2,"2011-04-01 14:24:00",712.88,1
13170,1,"2011-11-13 12:19:00",116.01,0
13171,3,"2011-02-13 14:16:00",468.41,1
13173,2,"2010-12-07 14:30:00",353.65,1
13174,3,"2010-12-05 16:24:00",2817.03,1
13176,1,"2011-10-24 15:43:00",492.84,0
13177,1,"2011-10-06 09:56:00",282.45,0
13178,11,"2010-12-14 12:22:00",5725.47,1
13182,1,"2011-10-25 13:46:00",121.18,0
13183,9,"2011-01-09 10:50:00",3957.78,1
13184,10,"2011-02-22 17:25:00",1701.29,1
13185,1,"2011-03-17 11:56:00",71.40,0
13186,3,"2011-08-03 09:09:00",1575.89,1
13187,1,"2011-01-06 18:57:00",236.02,0
13188,1,"2011-11-28 15:28:00",114.60,0
13189,2,"2011-08-16 13:12:00",260.68,1
13192,2,"2011-05-18 14:57:00",911.94,1
13193,1,"2011-10-09 14:30:00",117.88,0
13194,1,"2011-07-27 09:01:00",60.70,0
13196,4,"2011-03-22 14:24:00",1797.78,1
13198,6,"2010-12-13 09:29:00",3401.24,1
13199,38,"2010-12-08 10:51:00",9817.12,1
13200,4,"2011-08-05 14:50:00",870.09,1
13203,4,"2011-04-11 14:40:00",869.46,1
13207,2,"2011-07-12 11:35:00",250.26,1
13208,6,"2011-02-03 19:32:00",1223.90,1
13209,8,"2010-12-13 10:31:00",5891.61,1
13210,1,"2011-09-07 08:18:00",353.48,0
13211,3,"2010-12-13 16:17:00",1197.42,1
13212,3,"2011-10-09 14:48:00",788.08,1
13213,5,"2011-05-24 12:22:00",1520.58,1
13216,1,"2011-03-17 12:18:00",333.74,0
13217,3,"2011-07-06 12:08:00",533.98,1
13218,1,"2011-08-04 16:59:00",62.64,0
13220,4,"2011-04-17 10:59:00",819.29,1
13221,2,"2010-12-15 13:24:00",847.41,1
13223,2,"2011-04-21 15:16:00",163.20,1
13224,2,"2011-07-11 14:10:00",2155.95,1
13225,7,"2010-12-13 09:49:00",6463.84,1
13226,1,"2011-03-11 14:35:00",108.21,0
13227,1,"2011-05-22 11:47:00",257.70,0
13228,1,"2011-09-19 14:28:00",358.00,0
13229,1,"2011-04-28 12:07:00",160.95,0
13230,14,"2010-12-09 19:28:00",2806.97,1
13232,7,"2011-04-10 13:48:00",1357.60,1
13233,2,"2011-01-07 14:49:00",605.12,1
13235,1,"2011-05-11 17:13:00",1031.07,0
13236,2,"2011-08-25 08:58:00",744.85,1
13238,4,"2010-12-14 14:37:00",700.73,1
13239,1,"2011-03-23 10:25:00",329.56,0
13240,4,"2010-12-09 12:49:00",663.65,1
13242,3,"2011-05-10 12:26:00",270.40,1
13243,1,"2011-05-20 13:14:00",600.07,0
13244,1,"2011-09-08 11:46:00",121.74,0
13245,1,"2011-10-20 11:40:00",430.50,0
13246,6,"2011-01-13 13:36:00",1987.30,1
13247,4,"2011-09-18 11:31:00",501.12,1
13248,2,"2011-06-03 13:05:00",465.68,1
13249,3,"2011-03-23 15:26:00",711.41,1
13253,2,"2011-01-04 15:43:00",1030.40,1
13255,2,"2010-12-01 11:58:00",399.51,1
13258,3,"2011-05-18 13:11:00",698.58,1
13259,1,"2011-10-09 10:48:00",292.32,0
13260,1,"2011-10-09 13:21:00",557.62,0
13261,2,"2011-02-27 10:41:00",944.10,1
13262,1,"2011-03-21 15:06:00",200.29,0
13263,35,"2011-01-18 16:31:00",7454.07,1
13265,5,"2011-03-11 09:54:00",2107.66,1
13266,12,"2011-03-28 10:14:00",3834.26,1
13267,19,"2010-12-08 09:20:00",4521.49,1
13268,11,"2011-03-17 13:20:00",3214.69,1
13269,15,"2010-12-05 11:51:00",5346.23,1
13270,1,"2010-12-08 14:53:00",590.00,0
13271,1,"2011-11-02 14:31:00",217.38,0
13272,2,"2011-09-11 12:06:00",276.56,1
13273,1,"2011-08-18 14:02:00",138.98,0
13276,2,"2011-09-01 10:03:00",590.93,1
13277,4,"2011-07-29 10:06:00",258.40,1
13278,1,"2011-10-30 11:49:00",542.73,0
13279,1,"2011-09-22 17:24:00",137.75,0
13280,3,"2011-01-06 17:10:00",814.86,1
13282,3,"2011-05-03 12:03:00",1132.14,1
13283,2,"2011-06-07 12:39:00",93.66,1
13284,1,"2011-01-13 09:23:00",201.19,0
13285,4,"2011-02-22 17:13:00",2709.12,1
13291,1,"2011-07-07 10:36:00",361.11,0
13292,2,"2011-02-28 15:00:00",578.94,1
13294,2,"2011-04-04 12:37:00",873.74,1
13295,1,"2010-12-15 11:21:00",201.20,0
13296,1,"2011-07-25 13:46:00",87.40,0
13297,4,"2011-10-03 15:08:00",2089.85,1
13298,1,"2011-12-08 13:11:00",360.00,0
13299,1,"2011-03-16 12:55:00",142.50,0
13300,1,"2011-06-23 13:09:00",371.89,0
13301,4,"2011-02-20 13:13:00",618.09,1
13302,1,"2011-07-07 17:56:00",63.75,0
13304,1,"2010-12-23 14:35:00",300.42,0
13305,10,"2010-12-02 12:10:00",2000.86,1
13307,1,"2011-08-11 17:14:00",15.00,0
13308,3,"2011-05-20 13:13:00",1385.51,1
13309,5,"2011-02-04 12:29:00",1456.79,1
13310,3,"2011-01-19 14:50:00",1132.03,1
13311,2,"2011-07-12 14:26:00",598.57,1
13313,5,"2011-01-04 10:00:00",1555.32,1
13314,3,"2011-09-27 10:20:00",775.94,1
13316,4,"2011-03-30 13:01:00",5977.73,1
13317,6,"2010-12-16 09:22:00",2273.68,1
13318,3,"2011-11-02 13:26:00",640.76,1
13319,26,"2010-12-09 10:04:00",10845.55,1
13320,4,"2011-05-10 10:29:00",1548.70,1
13321,2,"2011-09-14 15:18:00",567.36,1
13322,1,"2011-11-22 14:21:00",199.48,0
13323,5,"2011-09-16 13:23:00",787.85,1
13324,10,"2010-12-14 09:50:00",7121.95,1
13325,1,"2011-09-19 10:36:00",675.30,0
13327,8,"2010-12-09 15:32:00",3627.77,1
13328,1,"2011-01-27 15:22:00",1308.48,0
13329,2,"2010-12-08 10:11:00",789.00,1
13330,3,"2011-01-28 10:08:00",1140.93,1
13332,1,"2011-11-25 13:30:00",350.90,0
13334,3,"2011-02-07 11:42:00",3536.82,1
13336,1,"2011-09-23 14:05:00",795.12,0
13338,1,"2011-07-05 09:06:00",487.02,0
13339,1,"2011-05-23 08:31:00",860.12,0
13340,7,"2011-03-08 11:39:00",10736.48,1
13341,1,"2011-03-24 09:50:00",775.85,0
13343,1,"2011-06-15 12:24:00",353.43,0
13344,3,"2011-03-07 10:28:00",2543.72,1
13345,1,"2011-02-25 09:01:00",389.50,0
13347,1,"2011-09-30 13:28:00",341.36,0
13348,1,"2011-10-06 17:28:00",233.76,0
13349,1,"2011-11-29 08:07:00",247.32,0
13350,2,"2011-09-21 13:33:00",979.12,1
13351,1,"2011-10-04 12:55:00",373.94,0
13352,1,"2011-10-10 13:55:00",397.98,0
13354,1,"2011-09-29 13:17:00",743.53,0
13355,1,"2011-08-09 14:48:00",674.70,0
13356,1,"2011-09-20 14:33:00",768.24,0
13357,1,"2011-03-27 13:56:00",609.95,0
13358,1,"2011-03-16 11:52:00",439.03,0
13359,1,"2011-10-07 09:30:00",439.56,0
13362,4,"2011-02-25 11:33:00",3090.74,1
13363,2,"2011-10-27 10:46:00",992.50,1
13364,1,"2011-09-29 18:13:00",134.96,0
13365,2,"2011-05-06 12:00:00",2225.37,1
13366,1,"2011-10-20 13:37:00",56.16,0
13368,2,"2011-01-06 12:32:00",623.40,1
13369,1,"2010-12-09 11:30:00",308.28,0
13370,1,"2010-12-03 10:26:00",754.87,0
13372,1,"2011-09-11 12:46:00",378.64,0
13373,3,"2011-03-08 14:35:00",3312.25,1
13375,1,"2011-09-12 10:19:00",778.65,0
13376,3,"2011-04-19 13:03:00",1019.76,1
13379,3,"2011-07-26 12:26:00",572.56,1
13381,6,"2011-02-14 10:10:00",3639.31,1
13382,1,"2011-03-04 10:03:00",222.99,0
13384,7,"2011-06-14 12:47:00",4151.93,1
13385,1,"2011-01-14 09:52:00",534.57,0
13388,2,"2011-07-31 12:52:00",677.10,1
13389,3,"2011-04-21 12:12:00",797.96,1
13390,1,"2011-09-26 08:38:00",544.08,0
13391,1,"2011-05-20 10:50:00",59.80,0
13394,8,"2011-02-03 10:39:00",2520.02,1
13395,1,"2011-06-07 15:04:00",307.72,0
13396,2,"2011-01-24 13:37:00",1360.99,1
13397,5,"2011-01-04 13:50:00",1544.13,1
13398,1,"2011-05-31 13:17:00",457.34,0
13402,2,"2010-12-02 17:12:00",621.23,1
13403,1,"2011-11-22 08:28:00",75.00,0
13404,2,"2011-05-11 11:57:00",252.49,1
13405,3,"2011-01-26 09:27:00",572.45,1
13408,62,"2010-12-01 10:39:00",28117.04,1
13410,5,"2011-02-21 14:38:00",1003.06,1
13411,1,"2011-08-24 13:57:00",213.55,0
13414,3,"2011-02-16 12:13:00",1390.50,1
13416,2,"2011-09-19 14:43:00",712.50,1
13417,2,"2011-05-18 16:26:00",640.83,1
13418,18,"2010-12-02 10:45:00",6127.43,1
13419,1,"2011-10-07 12:49:00",221.06,0
13420,2,"2011-06-22 11:35:00",159.85,1
13421,2,"2011-02-22 15:46:00",1851.08,1
13422,1,"2011-10-06 13:42:00",2626.30,0
13425,3,"2011-02-18 08:34:00",1624.21,1
13426,10,"2010-12-15 12:43:00",3641.32,1
13427,3,"2011-05-08 15:58:00",582.60,1
13428,1,"2011-11-29 14:20:00",218.47,0
13429,4,"2011-09-25 15:59:00",1006.80,1
13430,2,"2011-09-14 14:26:00",679.45,1
13431,2,"2011-09-12 11:25:00",1269.10,1
13434,2,"2011-09-04 10:35:00",534.24,1
13435,7,"2011-06-03 17:07:00",3809.89,1
13436,1,"2011-12-08 10:33:00",196.89,0
13437,7,"2011-06-02 14:30:00",3408.06,1
13439,1,"2011-03-29 14:20:00",283.71,0
13441,1,"2011-09-09 09:38:00",296.64,0
13447,3,"2011-11-04 10:10:00",1129.14,1
13448,6,"2010-12-01 10:52:00",3539.37,1
13449,1,"2011-11-16 08:28:00",291.88,0
13450,6,"2011-05-05 19:48:00",2043.72,1
13451,5,"2011-01-09 15:35:00",2976.15,1
13452,2,"2011-03-14 11:38:00",590.00,1
13453,2,"2011-02-23 09:44:00",356.98,1
13455,2,"2010-12-08 13:11:00",1058.34,1
13456,6,"2011-05-16 15:34:00",1766.72,1
13458,14,"2010-12-15 12:05:00",9646.57,1
13460,2,"2011-10-21 09:50:00",183.44,1
13461,3,"2011-06-29 10:23:00",1445.00,1
13462,1,"2011-04-01 11:20:00",151.50,0
13464,1,"2011-10-12 15:01:00",674.68,0
13466,1,"2011-06-08 16:39:00",307.90,0
13467,2,"2011-11-03 16:56:00",1083.71,1
13468,37,"2010-12-01 15:08:00",5704.97,1
13470,2,"2011-08-16 17:06:00",165.00,1
13471,4,"2011-10-23 13:10:00",2531.58,1
13473,2,"2011-01-11 08:45:00",422.64,1
13474,1,"2011-04-17 13:53:00",229.59,0
13475,4,"2011-02-14 12:36:00",1431.78,1
13476,2,"2011-03-03 14:43:00",1238.47,1
13477,6,"2011-02-21 12:29:00",1454.58,1
13479,2,"2011-04-19 11:27:00",300.95,1
13481,5,"2011-03-28 09:07:00",1804.56,1
13482,1,"2011-04-21 17:03:00",184.64,0
13483,1,"2011-10-05 11:53:00",140.34,0
13484,1,"2011-04-12 16:30:00",313.80,0
13485,1,"2011-04-20 13:58:00",454.24,0
13486,3,"2011-07-07 17:19:00",1122.41,1
13487,3,"2010-12-21 14:54:00",575.40,1
13488,13,"2010-12-07 13:01:00",8968.31,1
13489,4,"2011-02-18 10:42:00",449.52,1
13491,10,"2010-12-02 14:30:00",1215.82,1
13492,3,"2011-05-09 10:06:00",1269.84,1
13493,2,"2011-02-25 16:42:00",618.63,1
13494,1,"2011-02-01 11:58:00",316.26,0
13495,5,"2010-12-06 15:14:00",2044.87,1
13496,2,"2010-12-15 10:17:00",653.33,1
13497,2,"2010-12-06 11:37:00",348.05,1
13499,5,"2011-03-15 08:52:00",1159.11,1
13500,3,"2011-08-09 12:20:00",1166.77,1
13501,1,"2011-02-24 18:59:00",1340.32,0
13502,3,"2011-01-20 09:03:00",292.00,1
13503,1,"2011-09-29 13:23:00",216.85,0
13504,1,"2011-10-06 13:20:00",295.93,0
13505,4,"2011-04-21 12:07:00",4393.63,1
13506,2,"2010-12-05 12:15:00",458.52,1
13507,4,"2011-07-17 11:50:00",2479.16,1
13508,1,"2011-04-10 11:58:00",110.97,0
13509,7,"2011-02-28 13:27:00",979.72,1
13510,4,"2011-06-09 09:32:00",1791.56,1
13512,1,"2011-03-24 10:03:00",251.21,0
13513,1,"2011-08-05 11:50:00",205.10,0
13514,1,"2011-09-27 09:39:00",152.20,0
13515,4,"2011-04-06 10:33:00",891.12,1
13516,3,"2011-04-15 11:06:00",1389.41,1
13517,3,"2011-06-13 08:44:00",2128.42,1
13518,1,"2011-09-15 10:29:00",659.44,0
13519,1,"2011-09-22 18:24:00",122.75,0
13520,6,"2010-12-03 10:36:00",3624.35,1
13521,3,"2011-11-29 15:09:00",1093.65,1
13522,1,"2011-11-09 15:11:00",125.80,0
13523,5,"2010-12-08 14:22:00",3964.88,1
13524,5,"2011-05-04 12:26:00",680.18,1
13525,2,"2011-04-05 15:36:00",628.78,1
13527,7,"2011-01-17 11:17:00",2287.51,1
13529,2,"2011-05-19 11:50:00",307.76,1
13531,2,"2010-12-08 15:03:00",483.80,1
13532,1,"2011-11-06 12:25:00",210.31,0
13533,3,"2011-03-17 12:47:00",270.79,1
13534,25,"2010-12-16 15:23:00",5870.08,1
13536,7,"2011-09-25 13:30:00",3448.29,1
13538,7,"2011-01-28 10:40:00",1280.85,1
13539,3,"2011-02-03 15:23:00",631.34,1
13544,2,"2011-04-13 12:09:00",291.41,1
13546,3,"2011-05-23 12:14:00",626.99,1
13548,2,"2011-04-10 11:35:00",682.41,1
13549,7,"2011-04-11 13:42:00",918.20,1
13551,1,"2011-01-24 14:46:00",91.80,0
13552,12,"2011-01-28 10:10:00",3740.07,1
13555,4,"2011-05-22 11:06:00",4149.28,1
13557,2,"2011-03-04 12:14:00",584.06,1
13558,4,"2011-10-02 13:01:00",605.06,1
13560,1,"2011-12-02 13:11:00",174.37,0
13561,1,"2011-05-08 12:39:00",141.86,0
13562,3,"2011-04-08 12:42:00",1799.33,1
13563,2,"2011-07-22 17:21:00",777.53,1
13564,3,"2010-12-06 17:26:00",1749.02,1
13565,2,"2011-01-09 14:28:00",240.22,1
13566,2,"2011-09-18 12:40:00",874.71,1
13568,1,"2011-06-19 14:42:00",192.85,0
13569,2,"2010-12-07 12:29:00",373.75,1
13570,1,"2011-04-10 13:36:00",239.49,0
13571,12,"2011-03-31 12:43:00",2092.32,1
13572,1,"2011-05-18 11:59:00",1384.25,0
13573,2,"2011-03-31 14:47:00",294.40,1
13575,5,"2011-06-16 14:24:00",732.07,1
13576,18,"2010-12-01 17:24:00",6717.34,1
13577,4,"2011-04-12 10:33:00",1687.60,1
13579,2,"2010-12-05 16:10:00",467.04,1
13581,1,"2011-02-03 14:41:00",118.00,0
13583,1,"2011-07-07 10:40:00",781.03,0
13584,1,"2011-02-06 12:49:00",142.40,0
13587,1,"2011-10-07 12:31:00",712.40,0
13588,9,"2011-03-29 15:53:00",2478.95,1
13589,2,"2011-06-13 12:44:00",379.65,1
13590,6,"2011-02-09 13:25:00",1981.92,1
13591,3,"2011-03-18 12:18:00",1117.13,1
13592,4,"2011-03-20 14:01:00",247.96,1
13593,5,"2011-01-07 16:32:00",2037.08,1
13594,1,"2011-10-18 10:19:00",396.97,0
13596,2,"2011-11-27 11:57:00",697.04,1
13598,1,"2011-10-23 14:28:00",180.17,0
13599,21,"2010-12-08 10:11:00",5153.67,1
13600,1,"2011-01-31 15:27:00",219.52,0
13601,2,"2011-05-12 16:52:00",693.32,1
13602,1,"2011-10-06 11:47:00",428.89,0
13603,1,"2011-11-13 15:57:00",164.34,0
13606,3,"2011-02-01 11:42:00",280.54,1
13607,1,"2011-10-30 16:17:00",678.01,0
13610,7,"2011-02-27 14:44:00",1131.88,1
13611,3,"2010-12-15 10:31:00",1171.80,1
13614,4,"2011-01-13 12:37:00",1610.46,1
13615,1,"2011-01-25 08:21:00",417.69,0
13617,3,"2011-06-12 12:55:00",544.18,1
13618,1,"2011-06-19 11:09:00",177.34,0
13621,1,"2011-08-15 08:26:00",213.85,0
13623,5,"2011-02-15 13:08:00",747.78,1
13626,1,"2011-04-01 10:05:00",257.23,0
13627,5,"2010-12-17 09:52:00",1638.47,1
13629,11,"2011-01-05 12:09:00",7792.36,1
13630,7,"2011-02-27 12:49:00",2031.78,1
13631,11,"2011-03-17 17:13:00",3070.42,1
13632,5,"2011-04-10 15:07:00",2121.27,1
13634,5,"2011-01-16 15:30:00",1575.16,1
13635,1,"2011-10-03 10:55:00",1071.03,0
13636,5,"2011-02-27 14:29:00",949.12,1
13637,3,"2011-04-27 13:06:00",810.50,1
13638,1,"2011-11-24 10:38:00",122.64,0
13639,1,"2011-09-26 13:36:00",1033.34,0
13642,1,"2011-05-08 12:34:00",354.80,0
13643,3,"2011-06-07 11:40:00",519.44,1
13644,4,"2011-08-26 11:53:00",2624.26,1
13645,1,"2011-08-11 16:11:00",252.10,0
13647,4,"2011-04-19 09:49:00",1678.12,1
13649,2,"2010-12-08 14:46:00",346.60,1
13650,6,"2011-03-17 12:37:00",1836.34,1
13651,2,"2011-10-31 12:11:00",94.20,1
13652,3,"2010-12-06 09:21:00",1095.08,1
13654,6,"2011-03-11 12:54:00",2707.33,1
13655,2,"2011-04-12 09:53:00",932.97,1
13656,2,"2011-01-06 15:42:00",379.65,1
13657,2,"2011-05-22 12:35:00",382.14,1
13658,5,"2011-05-19 17:15:00",2639.17,1
13659,2,"2011-01-23 12:08:00",1573.20,1
13662,3,"2011-03-25 13:23:00",897.76,1
13663,1,"2011-06-13 15:44:00",189.47,0
13666,3,"2011-02-25 13:05:00",84.65,1
13667,1,"2011-07-13 15:42:00",305.02,0
13668,21,"2010-12-12 12:35:00",6363.59,1
13669,2,"2011-07-13 11:44:00",218.55,1
13670,1,"2011-09-25 15:25:00",349.70,0
13672,2,"2011-01-11 13:54:00",186.39,1
13673,2,"2011-11-07 15:40:00",396.92,1
13675,2,"2011-02-28 12:14:00",486.82,1
13678,1,"2011-07-11 10:14:00",232.60,0
13680,4,"2011-01-04 14:12:00",3722.42,1
13681,4,"2011-07-07 15:21:00",827.83,1
13682,1,"2011-06-05 14:06:00",59.50,0
13684,1,"2011-02-27 10:13:00",67.23,0
13685,7,"2011-10-10 12:59:00",3119.44,1
13686,1,"2011-06-10 09:10:00",72.00,0
13689,1,"2011-10-07 13:21:00",910.00,0
13690,1,"2011-10-11 15:03:00",172.25,0
13692,3,"2011-04-17 12:57:00",1488.32,1
13694,50,"2010-12-01 12:12:00",65039.62,1
13695,15,"2011-03-25 11:31:00",2504.13,1
13697,1,"2011-11-01 09:14:00",151.30,0
13699,1,"2011-07-07 16:51:00",308.58,0
13700,10,"2011-01-16 13:18:00",2265.12,1
13703,1,"2011-01-25 13:10:00",99.50,0
13704,9,"2011-09-12 14:40:00",2308.06,1
13705,3,"2010-12-01 10:29:00",711.86,1
13706,1,"2011-02-10 09:21:00",330.79,0
13707,2,"2011-01-28 13:27:00",806.41,1
13708,1,"2011-03-13 13:46:00",296.88,0
13709,13,"2011-01-28 14:57:00",6328.05,1
13710,1,"2011-11-08 08:16:00",180.48,0
13711,2,"2011-05-05 10:29:00",252.06,1
13712,1,"2011-04-07 12:33:00",228.84,0
13715,5,"2010-12-02 08:52:00",1079.34,1
13716,1,"2011-03-15 13:49:00",138.28,0
13717,6,"2011-02-14 13:21:00",1445.01,1
13718,2,"2011-02-17 11:58:00",306.55,1
13719,5,"2011-04-19 13:56:00",1041.68,1
13720,4,"2011-03-30 09:17:00",799.90,1
13721,1,"2011-11-03 14:05:00",524.14,0
13722,3,"2011-03-02 11:43:00",2375.41,1
13723,1,"2011-05-06 17:04:00",199.85,0
13725,8,"2011-02-04 12:18:00",1980.56,1
13726,2,"2011-08-31 11:06:00",1079.66,1
13727,2,"2011-11-06 12:16:00",333.48,1
13728,6,"2011-02-02 12:09:00",1016.14,1
13730,2,"2011-07-01 12:47:00",752.60,1
13731,2,"2011-04-07 10:10:00",610.59,1
13732,1,"2011-11-11 15:49:00",491.86,0
13735,4,"2011-04-19 13:49:00",2885.24,1
13736,2,"2011-03-24 13:04:00",731.90,1
13737,1,"2011-05-23 16:32:00",339.60,0
13739,1,"2011-11-21 13:35:00",216.90,0
13740,1,"2011-04-13 10:32:00",350.75,0
13741,3,"2011-05-06 13:43:00",668.43,1
13742,12,"2011-01-23 14:59:00",3131.02,1
13743,7,"2011-03-25 14:46:00",1341.60,1
13744,2,"2011-02-20 14:08:00",1156.36,1
13745,1,"2011-06-30 16:43:00",300.04,0
13747,1,"2010-12-01 10:37:00",79.60,0
13748,5,"2010-12-01 09:00:00",948.25,1
13750,5,"2011-01-07 11:49:00",1647.26,1
13751,1,"2011-02-24 15:56:00",296.25,0
13752,6,"2011-04-07 12:04:00",1186.28,1
13753,1,"2011-02-25 12:48:00",741.26,0
13754,2,"2011-01-26 14:58:00",282.60,1
13755,9,"2011-10-07 15:45:00",2161.35,1
13756,14,"2010-12-07 11:41:00",5189.52,1
13758,7,"2010-12-01 12:08:00",3190.55,1
13759,2,"2011-09-29 15:40:00",659.41,1
13760,2,"2011-03-28 12:52:00",286.79,1
13761,2,"2011-06-13 08:43:00",1070.65,1
13762,1,"2011-05-05 09:15:00",306.72,0
13763,1,"2011-10-07 15:13:00",1714.96,0
13764,3,"2011-01-06 14:53:00",1521.76,1
13767,37,"2010-12-01 10:47:00",17220.36,1
13769,10,"2010-12-07 13:28:00",2796.51,1
13771,4,"2011-04-06 15:47:00",2634.45,1
13772,3,"2011-04-14 12:31:00",1132.13,1
13774,1,"2011-09-19 12:06:00",345.00,0
13777,33,"2010-12-01 16:01:00",25977.16,1
13778,1,"2011-08-28 15:25:00",178.70,0
13780,2,"2011-06-22 11:43:00",360.01,1
13781,1,"2011-04-03 12:08:00",127.84,0
13782,6,"2011-01-16 11:08:00",912.00,1
13784,11,"2011-01-11 14:38:00",2462.79,1
13786,1,"2010-12-07 13:53:00",230.40,0
13787,2,"2010-12-10 14:45:00",309.04,1
13790,1,"2011-12-05 15:48:00",348.80,0
13791,2,"2011-06-24 16:38:00",1516.00,1
13792,2,"2011-02-25 14:03:00",195.55,1
13798,57,"2010-12-02 17:24:00",37153.85,1
13799,2,"2011-02-18 14:18:00",688.86,1
13800,1,"2011-02-03 12:27:00",558.32,0
13801,1,"2011-10-04 10:15:00",324.80,0
13802,3,"2011-02-01 12:03:00",4599.42,1
13803,1,"2011-03-29 12:57:00",277.07,0
13804,7,"2011-02-23 09:09:00",2635.79,1
13805,2,"2011-08-02 15:29:00",924.60,1
13806,1,"2011-10-07 11:43:00",256.38,0
13807,1,"2010-12-07 15:48:00",112.60,0
13808,5,"2011-09-04 12:07:00",1747.66,1
13809,1,"2011-02-07 13:15:00",155.05,0
13810,3,"2011-10-14 12:57:00",1499.01,1
13811,3,"2011-04-14 18:40:00",814.50,1
13812,3,"2011-08-26 12:54:00",539.00,1
13813,4,"2011-07-28 10:33:00",1366.86,1
13814,2,"2011-07-25 13:54:00",1579.12,1
13815,4,"2011-01-25 12:16:00",4027.36,1
13816,2,"2011-10-06 14:37:00",571.67,1
13817,2,"2010-12-23 11:46:00",382.98,1
13819,3,"2011-01-24 10:38:00",1140.35,1
13821,2,"2011-03-23 11:30:00",385.64,1
13822,2,"2011-10-30 15:55:00",632.00,1
13823,2,"2011-09-09 10:42:00",957.66,1
13824,5,"2011-02-02 13:07:00",1698.94,1
13826,1,"2011-06-16 13:48:00",189.50,0
13827,3,"2011-07-19 15:38:00",412.05,1
13828,1,"2011-11-17 16:02:00",209.49,0
13831,6,"2010-12-05 12:13:00",2202.99,1
13832,1,"2011-11-20 15:36:00",52.20,0
13833,1,"2011-07-03 13:27:00",384.80,0
13835,4,"2011-05-08 15:22:00",834.57,1
13837,2,"2011-01-26 12:15:00",271.24,1
13838,4,"2010-12-05 10:45:00",691.73,1
13841,1,"2011-04-01 12:10:00",85.00,0
13842,9,"2010-12-08 10:39:00",3385.62,1
13844,1,"2011-11-28 13:21:00",361.62,0
13845,1,"2011-10-06 08:25:00",312.98,0
13846,3,"2010-12-14 16:07:00",865.06,1
13848,3,"2010-12-08 15:10:00",1255.00,1
13849,2,"2011-06-22 10:11:00",1537.95,1
13850,1,"2011-08-02 14:04:00",1595.48,0
13851,3,"2011-02-24 17:18:00",2651.46,1
13853,1,"2011-10-13 14:18:00",1090.14,0
13854,25,"2010-12-09 10:48:00",8109.52,1
13856,3,"2011-05-20 13:13:00",388.50,1
13858,1,"2011-10-13 16:17:00",216.17,0
13859,1,"2011-01-17 16:14:00",201.16,0
13860,5,"2011-09-14 09:27:00",1245.90,1
13862,8,"2011-01-11 15:13:00",2209.36,1
13863,1,"2011-04-06 10:20:00",305.78,0
13865,4,"2011-02-23 12:04:00",501.56,1
13866,1,"2011-09-26 14:54:00",145.67,0
13867,3,"2011-05-05 17:28:00",1015.29,1
13868,2,"2011-11-01 12:45:00",3192.54,1
13869,4,"2010-12-17 15:14:00",3104.95,1
13870,8,"2011-02-25 09:09:00",2770.94,1
13871,13,"2011-02-04 09:30:00",6403.25,1
13873,3,"2011-02-03 09:37:00",389.60,1
13874,1,"2010-12-16 18:20:00",540.45,0
13875,5,"2011-02-11 15:39:00",1786.79,1
13876,1,"2011-10-07 10:22:00",122.70,0
13877,1,"2011-09-14 15:49:00",117.24,0
13878,1,"2011-10-16 12:19:00",1281.53,0
13880,13,"2010-12-07 14:00:00",3219.77,1
13881,20,"2011-02-01 10:14:00",17159.52,1
13882,5,"2011-10-06 15:28:00",1191.13,1
13883,5,"2011-03-31 17:17:00",2674.48,1
13884,5,"2011-03-01 13:40:00",787.60,1
13885,2,"2011-05-23 08:52:00",506.80,1
13886,1,"2011-09-29 13:17:00",243.56,0
13887,1,"2011-05-19 17:22:00",349.55,0
13888,2,"2011-05-05 14:41:00",605.63,1
13889,1,"2011-09-08 09:13:00",416.90,0
13890,10,"2010-12-16 09:31:00",1883.81,1
13892,4,"2011-04-07 12:04:00",632.97,1
13893,1,"2011-02-15 11:30:00",821.10,0
13894,3,"2011-02-02 12:54:00",564.62,1
13895,4,"2011-06-28 10:17:00",2593.07,1
13897,1,"2011-10-20 14:30:00",311.16,0
13898,1,"2011-01-18 10:28:00",155.93,0
13899,2,"2011-03-10 09:30:00",388.52,1
13900,3,"2011-03-22 10:13:00",740.95,1
13901,5,"2011-01-25 09:01:00",2867.20,1
13904,2,"2011-02-18 11:18:00",332.64,1
13908,4,"2011-03-08 12:04:00",2369.55,1
13911,9,"2011-02-04 14:46:00",2580.91,1
13914,2,"2011-11-03 16:28:00",626.45,1
13917,2,"2011-06-01 12:46:00",272.04,1
13918,2,"2011-03-31 18:05:00",1212.84,1
13919,2,"2011-08-10 10:15:00",384.81,1
13922,1,"2010-12-23 10:38:00",172.25,0
13923,1,"2011-10-17 12:33:00",351.13,0
13924,6,"2011-09-28 15:07:00",1838.85,1
13925,4,"2011-07-28 12:09:00",678.25,1
13926,1,"2011-11-16 13:16:00",223.85,0
13927,1,"2011-09-26 12:00:00",348.99,0
13928,4,"2011-07-29 15:59:00",464.57,1
13929,2,"2011-01-17 15:11:00",842.65,1
13930,2,"2011-07-26 11:00:00",337.34,1
13931,2,"2011-03-04 08:43:00",1237.53,1
13932,1,"2011-02-18 12:02:00",307.40,0
13933,2,"2011-07-14 13:35:00",608.79,1
13934,1,"2011-03-21 08:39:00",922.10,0
13936,1,"2011-06-13 08:47:00",376.58,0
13937,1,"2011-06-23 16:35:00",158.85,0
13938,1,"2011-11-04 14:37:00",71.66,0
13939,3,"2011-02-01 11:30:00",568.55,1
13940,4,"2011-07-18 16:05:00",839.14,1
13941,5,"2010-12-02 10:17:00",5112.96,1
13946,3,"2011-03-17 10:02:00",561.57,1
13947,1,"2011-10-05 14:42:00",90.60,0
13948,1,"2010-12-14 10:18:00",102.00,0
13949,6,"2011-09-06 11:55:00",2427.32,1
13950,4,"2011-04-07 11:29:00",745.06,1
13951,3,"2011-02-18 15:21:00",674.45,1
13952,2,"2011-04-15 09:27:00",3251.07,1
13953,7,"2010-12-22 10:29:00",3515.68,1
13954,2,"2011-09-30 10:52:00",439.92,1
13955,2,"2011-02-07 12:24:00",322.96,1
13956,5,"2011-03-13 12:51:00",1026.42,1
13959,3,"2010-12-12 13:56:00",598.20,1
13960,2,"2011-09-29 12:39:00",230.22,1
13962,2,"2011-04-08 11:21:00",169.55,1
13963,4,"2010-12-07 09:21:00",664.54,1
13967,1,"2011-07-17 12:02:00",80.70,0
13969,18,"2010-12-09 19:32:00",9053.94,1
13971,8,"2011-02-27 12:27:00",2758.26,1
13972,2,"2011-05-22 11:34:00",190.25,1
13973,1,"2011-02-25 15:21:00",264.70,0
13974,1,"2011-10-21 14:41:00",413.59,0
13975,6,"2011-03-08 12:19:00",2526.28,1
13976,1,"2011-05-17 09:13:00",357.98,0
13978,2,"2011-10-25 15:04:00",196.79,1
13979,1,"2011-09-27 13:32:00",869.87,0
13980,1,"2011-10-10 13:34:00",200.14,0
13982,4,"2010-12-09 13:57:00",1871.81,1
13983,12,"2010-12-08 10:38:00",2603.43,1
13984,5,"2010-12-08 15:58:00",920.51,1
13985,15,"2011-03-20 13:48:00",7060.13,1
13986,1,"2011-11-22 15:00:00",320.46,0
13988,6,"2011-03-30 11:48:00",4147.96,1
13989,2,"2011-04-14 15:39:00",1266.08,1
13990,1,"2011-05-10 15:19:00",311.30,0
13991,6,"2011-07-19 12:58:00",855.97,1
13992,1,"2011-11-09 15:23:00",76.80,0
13993,9,"2011-01-13 10:43:00",3466.36,1
13994,6,"2011-07-14 18:28:00",2313.14,1
13995,5,"2011-04-08 08:20:00",1393.69,1
13999,12,"2010-12-13 11:23:00",3901.81,1
14000,1,"2011-05-12 16:50:00",635.66,0
14001,3,"2010-12-01 12:58:00",2043.08,1
14002,2,"2011-07-06 14:59:00",529.73,1
14004,7,"2011-02-24 09:28:00",4582.64,1
14005,5,"2011-05-08 10:33:00",2874.72,1
14006,3,"2011-01-31 15:11:00",962.19,1
14009,2,"2011-05-18 13:00:00",695.61,1
14012,1,"2011-03-07 12:26:00",328.80,0
14013,3,"2011-03-09 08:59:00",473.02,1
14014,1,"2011-09-23 13:18:00",505.18,0
14015,1,"2011-10-18 10:02:00",917.34,0
14016,4,"2010-12-17 14:21:00",4341.21,1
14019,3,"2011-07-24 15:39:00",1421.61,1
14020,2,"2011-09-12 15:32:00",642.80,1
14021,3,"2011-03-28 15:10:00",631.90,1
14022,1,"2011-04-28 14:39:00",440.00,0
14023,2,"2011-04-03 15:50:00",584.07,1
14024,2,"2011-08-07 13:31:00",327.70,1
14027,1,"2011-10-10 09:01:00",104.82,0
14029,2,"2011-07-18 16:57:00",467.66,1
14030,8,"2010-12-08 16:11:00",2360.09,1
14031,19,"2010-12-02 16:34:00",17286.86,1
14032,11,"2010-12-08 10:53:00",2975.59,1
14034,3,"2011-07-05 13:06:00",651.82,1
14035,5,"2011-02-15 12:48:00",1428.02,1
14036,1,"2011-02-28 09:26:00",626.65,0
14037,2,"2010-12-10 11:39:00",147.20,1
14038,3,"2011-05-16 14:05:00",1560.38,1
14039,1,"2011-11-06 13:48:00",152.20,0
14040,12,"2011-01-12 14:57:00",3614.92,1
14041,1,"2011-03-18 13:25:00",141.41,0
14044,4,"2011-02-03 11:39:00",652.82,1
14045,4,"2010-12-01 11:32:00",1659.75,1
14046,1,"2011-02-28 14:48:00",154.99,0
14047,5,"2010-12-02 10:09:00",1308.61,1
14048,1,"2011-02-07 14:53:00",409.93,0
14049,4,"2011-01-26 11:27:00",5681.72,1
14050,2,"2011-08-25 13:46:00",746.36,1
14051,23,"2010-12-08 12:49:00",15610.39,1
14052,1,"2011-11-20 12:30:00",225.36,0
14053,2,"2011-07-03 12:21:00",260.25,1
14054,1,"2011-10-05 15:49:00",92.46,0
14055,1,"2011-08-25 15:04:00",725.64,0
14056,23,"2011-02-28 15:19:00",8214.65,1
14057,17,"2010-12-14 12:11:00",6217.96,1
14059,1,"2011-03-18 10:06:00",183.60,0
14060,19,"2010-12-02 12:11:00",6140.42,1
14062,12,"2010-12-10 15:56:00",10464.85,1
14064,5,"2011-03-10 12:59:00",1353.74,1
14066,1,"2011-03-18 12:21:00",152.55,0
14067,2,"2011-09-04 12:00:00",374.70,1
14068,1,"2011-01-23 16:02:00",265.85,0
14071,8,"2011-03-20 11:33:00",1438.82,1
14073,1,"2011-11-07 15:49:00",151.04,0
14075,3,"2011-03-23 16:35:00",942.26,1
14076,1,"2011-08-02 15:19:00",122.47,0
14077,5,"2011-03-10 15:52:00",499.42,1
14078,6,"2010-12-01 12:54:00",1049.37,1
14079,1,"2011-08-07 12:10:00",375.10,0
14080,1,"2011-11-07 11:09:00",45.60,0
14081,2,"2010-12-05 15:47:00",934.52,1
14082,1,"2010-12-10 11:02:00",182.25,0
14083,9,"2010-12-03 12:24:00",1018.43,1
14085,18,"2010-12-06 12:39:00",4448.54,1
14087,1,"2011-12-07 12:41:00",194.42,0
14088,13,"2011-01-21 13:07:00",50491.81,1
14089,1,"2011-10-14 10:38:00",161.00,0
14090,1,"2011-01-19 10:51:00",76.32,0
14092,14,"2010-12-16 15:47:00",4076.91,1
14093,1,"2011-11-27 16:27:00",442.85,0
14096,17,"2011-08-30 10:49:00",65164.79,1
14098,1,"2011-11-03 10:13:00",147.35,0
14099,11,"2010-12-20 11:14:00",3104.17,1
14100,1,"2011-07-25 11:01:00",194.90,0
14101,6,"2011-01-17 13:09:00",5976.79,1
14102,5,"2011-10-26 12:46:00",1360.28,1
14104,2,"2011-06-27 12:49:00",216.21,1
14105,1,"2011-04-14 17:58:00",1266.23,0
14107,7,"2010-12-10 13:29:00",2703.23,1
14108,2,"2011-08-30 11:32:00",597.91,1
14109,1,"2011-09-28 10:18:00",144.20,0
14110,12,"2011-03-18 09:59:00",5683.15,1
14111,4,"2011-04-12 11:36:00",692.85,1
14112,7,"2011-03-09 11:28:00",2915.15,1
14113,4,"2010-12-20 12:14:00",1840.42,1
14114,2,"2011-01-13 11:05:00",386.53,1
14116,5,"2011-08-10 12:44:00",1382.74,1
14117,1,"2011-07-19 09:49:00",90.00,0
14121,4,"2011-10-11 10:39:00",2780.15,1
14124,1,"2011-09-16 13:32:00",419.58,0
14125,3,"2011-09-22 15:40:00",2740.43,1
14126,3,"2011-11-29 12:21:00",706.13,1
14127,3,"2011-02-02 12:26:00",709.71,1
14128,2,"2011-03-29 10:49:00",637.50,1
14129,5,"2011-03-24 08:44:00",1123.86,1
14130,1,"2011-01-24 16:05:00",483.86,0
14132,11,"2011-06-09 12:04:00",3586.03,1
14133,3,"2011-01-28 11:27:00",605.64,1
14135,15,"2010-12-02 10:27:00",4690.31,1
14138,2,"2011-10-07 09:38:00",982.38,1
14139,1,"2011-10-24 13:34:00",415.82,0
14140,2,"2011-11-08 11:20:00",935.05,1
14141,4,"2011-08-26 14:40:00",915.13,1
14142,1,"2010-12-01 16:33:00",311.81,0
14143,1,"2011-07-29 09:48:00",115.80,0
14145,4,"2011-05-06 13:01:00",3742.20,1
14146,5,"2010-12-17 15:52:00",4191.00,1
14147,2,"2011-02-27 11:42:00",483.40,1
14148,1,"2011-04-20 12:02:00",157.20,0
14149,1,"2011-05-03 09:44:00",446.62,0
14150,2,"2010-12-15 10:04:00",658.64,1
14152,2,"2011-04-19 15:46:00",621.29,1
14154,2,"2011-04-14 15:58:00",1345.62,1
14155,1,"2011-03-18 14:13:00",118.75,0
14156,55,"2010-12-03 11:48:00",117379.63,1
14157,2,"2011-02-27 13:04:00",432.88,1
14158,1,"2011-10-30 15:08:00",507.66,0
14159,11,"2010-12-12 11:17:00",4693.01,1
14161,3,"2010-12-05 13:18:00",1110.52,1
14162,2,"2011-02-20 12:32:00",289.36,1
14163,4,"2011-04-14 17:33:00",2445.91,1
14164,2,"2011-09-20 12:18:00",1631.77,1
14165,1,"2011-03-09 12:39:00",122.54,0
14167,4,"2011-01-12 15:44:00",574.84,1
14171,1,"2011-09-02 16:43:00",363.79,0
14173,4,"2011-05-04 14:03:00",450.84,1
14174,1,"2011-11-06 13:17:00",134.46,0
14175,3,"2011-01-14 12:22:00",3222.30,1
14176,4,"2010-12-07 11:45:00",576.90,1
14177,4,"2011-06-13 11:10:00",559.41,1
14178,7,"2011-06-10 12:51:00",1620.93,1
14179,2,"2011-10-18 14:00:00",719.78,1
14180,25,"2010-12-02 13:08:00",4748.52,1
14184,1,"2011-10-04 12:43:00",452.89,0
14185,1,"2011-01-12 13:52:00",197.65,0
14188,6,"2011-02-02 13:46:00",2054.36,1
14189,15,"2010-12-06 11:42:00",4654.08,1
14191,13,"2011-05-03 10:30:00",4684.76,1
14193,2,"2011-03-15 11:38:00",853.39,1
14194,21,"2011-02-04 14:51:00",11349.52,1
14195,2,"2011-04-01 16:50:00",1012.00,1
14196,1,"2011-08-25 10:25:00",335.52,0
14198,4,"2011-04-14 14:54:00",701.40,1
14199,1,"2011-05-05 13:44:00",185.40,0
14201,7,"2010-12-15 13:25:00",747.44,1
14204,1,"2011-12-07 13:38:00",161.03,0
14205,2,"2011-03-20 15:07:00",466.70,1
14206,1,"2011-04-14 16:38:00",328.16,0
14208,1,"2011-09-06 12:48:00",151.74,0
14209,6,"2011-01-11 12:56:00",2073.43,1
14210,6,"2010-12-03 12:43:00",1905.84,1
14211,9,"2011-02-17 15:50:00",2241.10,1
14212,1,"2011-09-11 12:45:00",1070.48,0
14214,5,"2011-03-07 12:26:00",1004.38,1
14215,6,"2010-12-06 15:34:00",1789.72,1
14216,4,"2011-11-02 10:51:00",1839.30,1
14217,17,"2010-12-08 13:28:00",2004.98,1
14218,1,"2011-10-28 10:00:00",169.48,0
14219,1,"2011-12-05 16:23:00",89.94,0
14220,2,"2010-12-16 18:18:00",632.40,1
14221,9,"2011-01-04 15:33:00",3432.80,1
14222,1,"2011-06-15 16:42:00",683.17,0
14223,3,"2011-03-20 16:02:00",991.13,1
14224,4,"2011-01-23 13:58:00",1050.12,1
14226,5,"2011-03-15 15:36:00",2232.19,1
14227,10,"2011-02-28 12:27:00",3350.96,1
14229,3,"2011-01-10 12:03:00",1547.20,1
14231,3,"2011-02-24 11:55:00",925.71,1
14232,5,"2011-03-20 12:44:00",2048.07,1
14233,4,"2011-01-26 12:43:00",1462.72,1
14234,4,"2011-10-13 13:58:00",775.46,1
14235,5,"2011-03-24 13:23:00",3144.86,1
14236,2,"2010-12-02 18:49:00",490.86,1
14237,1,"2010-12-01 13:20:00",161.00,0
14238,1,"2011-01-17 14:40:00",146.85,0
14239,11,"2011-01-27 14:45:00",2380.85,1
14240,2,"2011-04-28 11:40:00",890.34,1
14241,1,"2011-06-09 11:46:00",213.70,0
14242,2,"2011-01-18 08:53:00",280.55,1
14243,10,"2010-12-09 08:34:00",2588.77,1
14245,2,"2011-03-21 10:41:00",1693.45,1
14246,3,"2011-04-08 08:25:00",1474.06,1
14247,1,"2011-03-06 15:21:00",136.77,0
14248,1,"2011-01-25 14:45:00",302.58,0
14250,3,"2011-09-11 13:44:00",1904.05,1
14251,5,"2011-10-13 12:46:00",2879.70,1
14256,2,"2010-12-10 11:44:00",969.06,1
14257,5,"2011-01-25 10:49:00",3099.72,1
14258,9,"2011-01-06 12:18:00",12669.98,1
14259,1,"2011-07-21 10:44:00",120.00,0
14261,2,"2011-09-22 10:47:00",1163.45,1
14262,8,"2011-04-13 12:23:00",2618.23,1
14264,2,"2011-04-08 12:20:00",333.97,1
14265,2,"2011-07-14 09:10:00",530.18,1
14267,3,"2011-03-24 11:38:00",1516.24,1
14270,1,"2011-01-12 09:33:00",492.65,0
14271,1,"2011-04-28 12:47:00",112.32,0
14272,2,"2011-03-30 13:57:00",437.96,1
14273,4,"2011-04-11 13:24:00",559.97,1
14276,3,"2011-02-23 09:38:00",1119.74,1
14277,3,"2011-05-11 13:20:00",4216.20,1
14280,1,"2011-05-27 10:37:00",134.04,0
14282,15,"2010-12-07 12:21:00",3729.34,1
14284,2,"2011-09-14 13:04:00",595.25,1
14285,4,"2011-06-16 12:36:00",1910.01,1
14286,3,"2011-04-11 08:16:00",4628.75,1
14287,3,"2011-05-25 11:41:00",176.63,1
14288,1,"2011-05-10 13:22:00",426.60,0
14289,6,"2011-02-23 12:33:00",911.26,1
14290,5,"2010-12-13 10:24:00",2314.65,1
14291,11,"2011-03-09 15:20:00",3883.25,1
14292,9,"2011-03-02 08:26:00",4871.93,1
14293,4,"2010-12-06 10:18:00",1046.56,1
14295,1,"2011-10-30 15:50:00",166.20,0
14297,4,"2011-03-10 08:31:00",1305.33,1
14298,44,"2010-12-14 12:59:00",51527.30,1
14299,9,"2010-12-09 10:30:00",3965.62,1
14300,1,"2011-11-21 08:57:00",43.20,0
14301,1,"2011-08-14 15:33:00",640.14,0
14304,1,"2011-05-01 11:50:00",383.45,0
14305,3,"2011-07-27 14:14:00",1858.96,1
14306,2,"2011-09-15 10:31:00",2093.32,1
14307,6,"2010-12-01 11:41:00",2995.72,1
14309,9,"2010-12-16 13:05:00",2352.53,1
14311,1,"2011-04-11 10:14:00",310.26,0
14312,6,"2011-01-06 16:35:00",1611.59,1
14314,1,"2011-08-25 10:39:00",120.00,0
14315,6,"2011-03-18 12:59:00",2481.13,1
14317,1,"2011-10-06 10:44:00",508.58,0
14320,2,"2011-01-11 09:12:00",477.79,1
14321,5,"2011-01-10 11:35:00",1530.75,1
14323,2,"2011-04-15 11:44:00",605.06,1
14326,1,"2011-04-11 15:04:00",183.85,0
14327,1,"2011-06-29 13:58:00",311.65,0
14329,7,"2011-01-14 13:42:00",5014.84,1
14331,2,"2011-07-27 15:14:00",462.66,1
14332,3,"2011-07-15 10:33:00",866.31,1
14333,1,"2011-10-03 10:38:00",415.20,0
14334,8,"2010-12-16 17:37:00",2552.21,1
14335,2,"2011-09-04 13:07:00",468.26,1
14336,4,"2011-03-08 16:48:00",1614.91,1
14338,2,"2011-05-27 13:30:00",588.22,1
14339,1,"2011-04-11 11:06:00",309.52,0
14340,1,"2011-05-05 09:44:00",134.70,0
14341,8,"2011-01-25 13:55:00",2182.28,1
14342,4,"2011-05-13 13:50:00",668.56,1
14344,8,"2010-12-06 11:58:00",889.93,1
14345,1,"2011-11-01 09:51:00",108.98,0
14346,2,"2011-02-15 13:52:00",1021.58,1
14348,1,"2011-03-24 16:23:00",409.57,0
14349,1,"2011-11-29 15:39:00",133.50,0
14350,1,"2011-03-10 14:14:00",282.93,0
14351,1,"2011-06-28 11:56:00",51.00,0
14352,4,"2011-03-11 14:58:00",1078.96,1
14353,1,"2011-05-08 16:06:00",90.60,0
14354,2,"2011-11-09 15:36:00",163.62,1
14355,1,"2010-12-09 12:16:00",174.40,0
14356,2,"2011-09-19 14:43:00",701.23,1
14357,1,"2011-10-27 16:23:00",225.77,0
14359,3,"2011-09-13 09:03:00",912.18,1
14360,4,"2011-09-06 11:58:00",2128.23,1
14362,1,"2011-11-17 15:08:00",161.20,0
14364,8,"2011-05-12 12:56:00",3717.35,1
14367,16,"2011-03-08 14:12:00",9261.52,1
14368,1,"2011-01-24 09:52:00",155.00,0
14371,1,"2011-02-17 16:35:00",100.50,0
14373,1,"2010-12-16 15:40:00",76.55,0
14375,1,"2011-06-07 13:44:00",257.68,0
14377,2,"2011-03-22 13:38:00",617.05,1
14379,2,"2011-02-17 15:03:00",348.10,1
14381,1,"2011-10-18 17:10:00",202.68,0
14382,1,"2011-11-13 16:18:00",626.07,0
14383,3,"2011-06-29 10:18:00",1247.69,1
14385,3,"2011-11-16 11:55:00",202.11,1
14386,1,"2011-02-16 09:45:00",142.40,0
14387,3,"2011-08-22 14:13:00",1770.56,1
14388,8,"2010-12-02 11:02:00",3212.84,1
14389,2,"2011-06-02 12:04:00",1043.46,1
14390,9,"2010-12-02 11:57:00",4652.82,1
14393,1,"2011-05-05 18:16:00",67.95,0
14395,9,"2010-12-02 18:15:00",3507.71,1
14396,2,"2010-12-03 15:19:00",487.99,1
14397,19,"2011-05-10 12:25:00",2612.96,1
14400,1,"2011-07-13 15:50:00",574.70,0
14401,13,"2010-12-15 09:07:00",4051.48,1
14403,4,"2011-04-06 14:23:00",1475.81,1
14404,6,"2010-12-05 16:00:00",1474.32,1
14406,1,"2011-08-12 16:54:00",156.75,0
14407,6,"2011-03-08 11:59:00",2157.73,1
14408,7,"2011-03-20 14:41:00",2606.53,1
14409,6,"2010-12-06 15:03:00",2059.45,1
14410,9,"2011-02-07 09:36:00",1105.07,1
14411,1,"2011-02-02 10:56:00",1063.00,0
14412,2,"2011-09-28 08:48:00",770.03,1
14413,1,"2010-12-12 13:37:00",122.70,0
14414,7,"2010-12-16 11:11:00",1496.98,1
14415,13,"2010-12-14 13:31:00",5900.28,1
14416,2,"2011-10-28 15:10:00",490.22,1
14418,3,"2011-08-23 17:18:00",1937.25,1
14419,6,"2010-12-10 10:56:00",1058.06,1
14420,1,"2011-09-01 18:07:00",387.52,0
14421,2,"2011-05-12 10:49:00",813.11,1
14422,6,"2011-03-17 17:26:00",4263.64,1
14423,1,"2011-05-05 15:12:00",265.20,0
14424,1,"2011-11-22 11:48:00",322.08,0
14426,10,"2011-01-31 09:51:00",4481.67,1
14427,2,"2011-10-07 09:10:00",363.34,1
14428,5,"2011-01-18 16:39:00",1244.83,1
14431,1,"2011-02-10 10:40:00",470.36,0
14432,6,"2011-09-11 14:09:00",2255.51,1
14434,6,"2011-09-28 15:31:00",1372.80,1
14436,1,"2011-09-02 10:13:00",89.06,0
14437,1,"2010-12-09 09:27:00",63.00,0
14438,1,"2011-02-06 14:56:00",131.90,0
14439,1,"2011-01-24 11:39:00",2661.24,0
14440,5,"2010-12-09 12:49:00",2357.68,1
14441,4,"2011-03-29 12:01:00",1712.89,1
14442,2,"2011-01-27 09:33:00",1589.82,1
14443,4,"2010-12-06 11:03:00",1420.20,1
14446,4,"2011-04-07 12:10:00",1039.58,1
14447,5,"2011-03-04 10:49:00",1163.23,1
14448,2,"2010-12-10 17:26:00",375.35,1
14449,4,"2010-12-02 14:09:00",907.10,1
14450,3,"2011-01-23 11:53:00",483.25,1
14451,2,"2011-05-29 12:35:00",662.59,1
14452,2,"2011-09-07 11:32:00",264.44,1
14453,1,"2011-06-02 14:15:00",119.93,0
14456,9,"2011-07-20 13:06:00",3062.40,1
14457,1,"2011-02-02 09:39:00",113.64,0
14459,1,"2011-07-07 13:35:00",1837.92,0
14460,3,"2011-02-02 11:55:00",434.34,1
14461,3,"2011-03-23 12:15:00",2103.06,1
14462,11,"2011-01-04 12:45:00",2004.02,1
14463,3,"2011-05-18 14:42:00",529.62,1
14465,3,"2011-02-10 12:13:00",1058.62,1
14466,7,"2010-12-02 13:36:00",2272.40,1
14467,4,"2011-01-31 12:35:00",598.76,1
14470,2,"2011-02-25 11:56:00",461.19,1
14472,8,"2010-12-19 14:03:00",1936.84,1
14473,2,"2011-03-02 13:56:00",234.34,1
14474,1,"2011-10-24 13:26:00",547.66,0
14475,3,"2011-02-08 10:12:00",925.85,1
14476,1,"2011-03-27 15:39:00",215.70,0
14477,4,"2011-02-15 15:44:00",1309.60,1
14479,2,"2010-12-09 12:59:00",316.25,1
14480,1,"2011-11-28 16:35:00",279.05,0
14481,2,"2011-02-25 13:53:00",636.51,1
14482,6,"2011-04-14 16:41:00",2068.15,1
14483,1,"2011-03-03 10:26:00",137.10,0
14484,1,"2011-10-20 14:11:00",321.92,0
14485,1,"2011-11-01 12:25:00",165.75,0
14487,6,"2010-12-06 13:22:00",1196.33,1
14488,1,"2011-10-03 09:30:00",1064.28,0
14489,1,"2011-05-16 14:51:00",463.38,0
14491,2,"2010-12-02 12:10:00",340.93,1
14493,5,"2011-07-07 16:59:00",2383.24,1
14494,1,"2011-11-14 09:21:00",139.56,0
14495,2,"2011-08-10 14:13:00",123.80,1
14496,2,"2010-12-01 15:35:00",538.81,1
14497,1,"2011-02-03 17:01:00",475.37,0
14498,5,"2010-12-13 11:29:00",1957.32,1
14499,3,"2011-03-06 11:55:00",815.32,1
14500,3,"2011-06-03 10:08:00",356.85,1
14501,2,"2011-01-24 10:43:00",251.21,1
14502,11,"2011-01-30 15:52:00",2470.67,1
14503,6,"2011-06-14 10:00:00",3543.26,1
14504,4,"2011-03-06 14:38:00",673.26,1
14505,8,"2010-12-12 16:14:00",5905.64,1
14506,5,"2010-12-05 14:25:00",2012.17,1
14507,6,"2011-03-08 17:23:00",1383.18,1
14508,2,"2011-09-11 11:29:00",276.42,1
14511,5,"2011-07-29 12:13:00",1314.81,1
14512,2,"2011-04-21 19:05:00",275.28,1
14513,3,"2011-02-24 09:36:00",455.59,1
14514,3,"2011-01-12 15:22:00",1055.35,1
14515,6,"2011-05-05 12:13:00",2102.09,1
14517,2,"2011-07-21 11:42:00",330.45,1
14518,1,"2011-10-06 14:43:00",174.37,0
14520,2,"2011-02-22 09:15:00",270.60,1
14522,4,"2011-05-25 16:01:00",974.54,1
14523,1,"2011-08-23 13:13:00",241.09,0
14524,9,"2010-12-14 11:01:00",1867.68,1
14525,9,"2010-12-13 17:40:00",4332.20,1
14527,55,"2010-12-05 13:17:00",8508.82,1
14528,1,"2011-11-02 17:09:00",364.22,0
14529,3,"2011-08-21 14:10:00",620.04,1
14530,6,"2011-02-16 10:47:00",2925.91,1
14532,4,"2010-12-22 13:48:00",932.85,1
14533,7,"2010-12-22 11:07:00",1949.72,1
14534,18,"2011-01-25 12:33:00",4447.05,1
14535,3,"2011-04-05 12:50:00",2864.19,1
14536,1,"2011-03-25 12:21:00",171.80,0
14537,1,"2011-10-13 10:54:00",355.56,0
14538,2,"2011-03-28 14:57:00",388.25,1
14539,2,"2011-10-26 12:03:00",537.48,1
14540,3,"2011-02-03 15:02:00",996.26,1
14541,8,"2011-01-24 14:16:00",1461.65,1
14542,1,"2011-06-07 08:19:00",103.25,0
14543,16,"2010-12-10 11:51:00",3630.33,1
14544,2,"2010-12-13 12:50:00",2024.45,1
14546,5,"2011-04-05 12:37:00",2578.09,1
14547,8,"2011-10-16 14:35:00",4007.54,1
14548,2,"2011-01-26 08:38:00",652.80,1
14549,1,"2011-02-01 13:47:00",289.24,0
14550,2,"2011-10-26 12:14:00",765.62,1
14551,2,"2011-05-19 18:21:00",186.23,1
14552,1,"2011-07-11 12:49:00",165.07,0
14553,5,"2011-01-04 15:40:00",859.27,1
14554,4,"2011-10-18 13:04:00",2381.04,1
14555,2,"2011-02-10 17:19:00",324.14,1
14557,1,"2011-09-15 15:48:00",788.38,0
14560,22,"2010-12-17 09:22:00",2237.77,1
14561,3,"2011-06-08 13:26:00",1080.76,1
14562,18,"2011-02-08 14:45:00",5074.77,1
14565,4,"2010-12-13 13:25:00",3099.12,1
14566,1,"2011-08-21 11:05:00",1432.00,0
14567,2,"2011-08-01 13:48:00",1530.36,1
14569,1,"2011-12-08 14:58:00",227.39,0
14570,2,"2011-03-04 10:39:00",218.06,1
14572,7,"2011-01-19 17:23:00",2832.84,1
14573,9,"2010-12-02 19:59:00",1653.42,1
14576,1,"2010-12-02 17:51:00",35.40,0
14577,4,"2010-12-12 11:26:00",859.71,1
14578,1,"2011-12-06 17:18:00",168.63,0
14581,1,"2011-11-23 12:39:00",138.60,0
14582,1,"2011-10-30 11:56:00",114.11,0
14583,5,"2011-05-18 11:28:00",1052.55,1
14584,4,"2011-05-25 17:31:00",1042.26,1
14585,1,"2011-10-20 14:33:00",157.05,0
14586,1,"2011-03-08 10:04:00",237.36,0
14587,9,"2011-01-12 13:16:00",1601.14,1
14589,1,"2010-12-03 11:42:00",39.75,0
14591,4,"2011-05-10 14:09:00",1447.14,1
14592,3,"2011-10-06 18:08:00",570.46,1
14593,3,"2011-05-25 11:14:00",617.99,1
14594,2,"2010-12-01 13:54:00",379.83,1
14595,6,"2011-01-30 13:36:00",1740.60,1
14597,2,"2011-06-01 12:33:00",883.15,1
14598,1,"2011-10-26 13:19:00",221.97,0
14600,1,"2011-02-07 09:48:00",393.33,0
14601,1,"2011-11-29 09:48:00",213.96,0
14603,1,"2011-03-10 10:27:00",660.00,0
14606,93,"2010-12-01 16:57:00",12156.65,1
14607,14,"2011-03-23 15:22:00",16569.50,1
14608,4,"2010-12-12 14:49:00",1785.15,1
14609,4,"2011-02-16 12:10:00",601.56,1
14616,3,"2011-01-26 12:42:00",406.08,1
14618,3,"2011-01-06 11:59:00",553.44,1
14619,1,"2011-04-08 07:37:00",394.44,0
14620,2,"2011-03-01 08:30:00",412.78,1
14621,5,"2010-12-16 13:00:00",1788.36,1
14622,1,"2011-06-08 12:42:00",320.58,0
14623,5,"2011-04-18 13:54:00",889.25,1
14624,2,"2011-10-11 14:39:00",225.85,1
14625,2,"2010-12-13 15:36:00",899.63,1
14626,4,"2011-04-20 13:18:00",2791.27,1
14628,2,"2011-04-11 14:43:00",671.96,1
14629,2,"2011-10-23 16:13:00",959.01,1
14631,3,"2011-02-14 09:31:00",1006.98,1
14632,1,"2011-03-22 08:49:00",114.56,0
14633,1,"2011-03-18 17:07:00",344.90,0
14636,2,"2011-03-16 09:52:00",609.85,1
14638,1,"2011-10-20 10:10:00",443.60,0
14639,6,"2010-12-13 13:50:00",2984.49,1
14640,6,"2011-04-26 12:31:00",2125.08,1
14641,1,"2011-11-18 10:42:00",110.46,0
14642,1,"2011-10-12 11:08:00",96.12,0
14643,2,"2010-12-16 17:53:00",693.81,1
14644,2,"2011-02-14 14:14:00",830.76,1
14645,2,"2011-03-09 09:52:00",597.09,1
14646,73,"2010-12-20 10:09:00",280206.02,1
14647,1,"2011-05-22 13:40:00",243.22,0
14649,4,"2011-05-11 14:37:00",1417.29,1
14651,2,"2011-05-12 16:29:00",654.60,1
14652,1,"2011-09-23 14:21:00",114.18,0
14653,7,"2011-01-05 13:40:00",1947.55,1
14655,4,"2011-05-01 14:59:00",1932.23,1
14656,2,"2011-03-01 13:19:00",291.05,1
14657,4,"2011-01-17 15:19:00",848.22,1
14658,2,"2011-08-14 15:42:00",247.15,1
14659,9,"2011-01-28 12:43:00",2529.93,1
14660,2,"2011-08-31 10:40:00",285.74,1
14661,1,"2011-11-13 11:51:00",107.95,0
14662,4,"2011-01-27 17:41:00",771.17,1
14664,2,"2011-11-06 14:56:00",637.89,1
14665,5,"2011-02-02 09:08:00",1835.70,1
14666,1,"2011-11-15 12:57:00",195.25,0
14667,25,"2010-12-06 13:13:00",9241.20,1
14669,3,"2011-01-11 12:30:00",1269.99,1
14670,2,"2011-03-04 13:58:00",411.53,1
14672,2,"2011-01-07 15:48:00",765.55,1
14673,5,"2010-12-07 12:49:00",1736.40,1
14675,1,"2011-11-23 12:58:00",604.75,0
14676,6,"2011-03-01 14:26:00",2548.24,1
14680,16,"2010-12-03 12:05:00",28754.11,1
14681,3,"2011-05-12 10:45:00",498.95,1
14682,2,"2011-05-22 12:51:00",52.00,1
14684,5,"2010-12-12 12:44:00",1236.28,1
14687,1,"2011-08-25 11:59:00",628.38,0
14688,21,"2010-12-01 09:37:00",5630.87,1
14689,1,"2011-05-15 11:22:00",112.80,0
14690,2,"2011-07-11 11:58:00",371.70,1
14691,5,"2011-05-11 09:55:00",2114.33,1
14692,4,"2011-01-21 13:47:00",591.55,1
14693,1,"2011-03-20 12:50:00",172.90,0
14696,7,"2010-12-01 15:37:00",2078.95,1
14697,2,"2011-05-05 15:29:00",188.61,1
14698,5,"2011-10-19 12:54:00",1250.76,1
14699,1,"2011-05-09 14:54:00",109.13,0
14700,3,"2011-04-15 13:16:00",2235.30,1
14701,9,"2011-01-27 12:40:00",2549.37,1
14702,17,"2010-12-09 19:23:00",3292.14,1
14703,1,"2011-11-25 09:23:00",318.17,0
14704,9,"2011-06-12 13:59:00",1546.91,1
14705,1,"2011-05-25 12:39:00",179.00,0
14708,3,"2010-12-06 12:23:00",1126.37,1
14709,13,"2010-12-16 13:43:00",4921.04,1
14710,4,"2011-10-11 13:49:00",606.13,1
14711,11,"2011-03-22 13:32:00",2868.80,1
14712,3,"2011-08-19 13:33:00",917.07,1
14713,11,"2010-12-09 18:58:00",2666.36,1
14714,1,"2011-11-15 13:07:00",160.19,0
14715,4,"2011-01-12 13:27:00",867.38,1
14716,2,"2011-07-14 12:42:00",329.68,1
14719,5,"2011-04-04 14:17:00",1602.13,1
14720,3,"2011-08-05 12:06:00",663.81,1
14722,1,"2011-07-15 14:58:00",187.92,0
14723,6,"2010-12-03 14:18:00",1158.30,1
14725,1,"2011-11-15 12:42:00",718.08,0
14727,1,"2011-03-10 14:45:00",268.58,0
14729,1,"2010-12-01 12:43:00",313.49,0
14730,8,"2011-03-08 12:49:00",2005.06,1
14731,3,"2011-05-11 13:06:00",380.02,1
14732,8,"2011-01-04 14:40:00",2702.49,1
14733,12,"2010-12-07 11:30:00",9585.91,1
14735,32,"2010-12-16 16:05:00",6065.69,1
14737,3,"2010-12-21 13:49:00",1164.55,1
14738,7,"2011-01-27 14:10:00",1314.45,1
14739,7,"2010-12-07 14:58:00",3902.28,1
14740,3,"2011-03-01 08:35:00",1448.21,1
14741,6,"2010-12-02 08:43:00",1400.34,1
14744,7,"2010-12-08 10:21:00",1099.98,1
14745,5,"2011-02-27 15:25:00",1220.26,1
14747,1,"2011-04-04 14:09:00",328.20,0
14748,5,"2010-12-06 10:19:00",1415.75,1
14752,1,"2011-10-27 11:55:00",389.64,0
14753,1,"2011-09-13 14:50:00",563.15,0
14754,2,"2011-02-17 12:21:00",638.05,1
14755,11,"2011-01-09 14:02:00",5010.28,1
14756,1,"2011-11-24 18:13:00",738.96,0
14757,1,"2011-09-25 14:36:00",420.50,0
14758,4,"2011-03-25 12:10:00",1484.06,1
14759,3,"2011-04-21 10:55:00",1625.97,1
14760,1,"2011-02-15 16:27:00",89.20,0
14761,2,"2011-01-09 12:03:00",255.90,1
14762,1,"2011-03-21 08:20:00",300.52,0
14764,1,"2011-10-24 11:54:00",278.30,0
14765,3,"2011-06-16 19:49:00",254.11,1
14766,6,"2010-12-08 15:33:00",2473.37,1
14768,2,"2011-08-04 13:25:00",192.60,1
14769,8,"2010-12-17 11:40:00",10674.75,1
14770,2,"2011-01-20 15:00:00",876.42,1
14772,1,"2011-08-19 15:04:00",139.26,0
14775,3,"2010-12-02 16:38:00",1011.90,1
14776,11,"2011-01-31 13:17:00",2538.30,1
14778,2,"2011-02-04 11:43:00",730.86,1
14779,3,"2011-01-20 12:04:00",386.15,1
14780,2,"2011-09-21 15:15:00",447.68,1
14782,1,"2011-01-24 11:12:00",200.10,0
14784,2,"2011-01-20 09:25:00",289.99,1
14785,2,"2011-11-24 13:40:00",77.40,1
14788,2,"2011-11-13 15:52:00",679.44,1
14789,1,"2011-11-11 08:59:00",197.64,0
14790,4,"2011-03-31 11:49:00",745.06,1
14792,1,"2011-10-07 09:19:00",6.20,0
14793,1,"2011-11-18 14:50:00",228.99,0
14794,7,"2011-01-09 16:11:00",1319.91,1
14795,1,"2011-06-26 13:04:00",131.45,0
14796,17,"2010-12-08 10:40:00",8022.49,1
14798,3,"2011-02-02 15:26:00",173.74,1
14799,1,"2011-10-19 16:16:00",157.70,0
14800,12,"2010-12-05 11:10:00",4339.74,1
14801,1,"2011-10-09 15:24:00",193.14,0
14803,3,"2011-02-20 13:21:00",845.55,1
14804,1,"2011-12-01 11:20:00",353.27,0
14805,4,"2011-01-30 10:43:00",554.65,1
14806,1,"2011-09-25 15:32:00",193.39,0
14808,8,"2011-06-20 12:53:00",2741.17,1
14810,11,"2010-12-05 12:08:00",2087.88,1
14813,2,"2010-12-05 11:54:00",155.43,1
14815,2,"2011-10-03 11:36:00",778.50,1
14816,1,"2011-05-26 13:16:00",271.85,0
14817,2,"2011-03-07 13:51:00",1110.34,1
14818,3,"2011-03-31 12:28:00",657.80,1
14819,2,"2011-05-31 13:50:00",272.07,1
14820,4,"2011-06-19 14:56:00",507.29,1
14821,1,"2010-12-08 08:43:00",48.80,0
14823,3,"2011-05-29 12:48:00",321.43,1
14824,4,"2011-09-09 14:12:00",1127.71,1
14825,12,"2010-12-06 12:30:00",2226.91,1
14828,3,"2011-01-07 09:50:00",2139.76,1
14829,4,"2010-12-02 16:12:00",697.55,1
14830,1,"2011-10-17 14:29:00",197.13,0
14834,6,"2011-04-13 15:00:00",1720.30,1
14836,3,"2011-11-09 13:26:00",102.45,1
14837,4,"2011-05-22 12:49:00",1649.50,1
14840,1,"2011-03-17 12:00:00",62.85,0
14841,6,"2010-12-16 10:28:00",3295.76,1
14842,4,"2011-02-04 15:32:00",2824.69,1
14844,4,"2011-04-12 13:10:00",3189.81,1
14847,1,"2011-07-14 10:52:00",309.40,0
14849,25,"2010-12-01 12:22:00",7930.54,1
14850,1,"2011-02-01 11:21:00",325.75,0
14851,2,"2011-03-28 14:59:00",511.35,1
14852,6,"2011-04-01 13:22:00",2836.69,1
14853,2,"2011-05-12 15:17:00",475.80,1
14854,7,"2011-03-10 12:22:00",2759.83,1
14855,2,"2011-07-28 12:06:00",645.65,1
14856,3,"2011-10-14 09:35:00",1311.38,1
14857,2,"2011-07-14 15:03:00",1173.12,1
14859,4,"2011-05-19 14:42:00",1353.74,1
14860,1,"2011-11-20 14:17:00",170.32,0
14861,1,"2011-10-18 12:54:00",125.79,0
14862,2,"2011-07-14 11:20:00",841.20,1
14863,1,"2011-11-10 15:04:00",266.76,0
14865,2,"2010-12-02 18:23:00",52.20,1
14866,12,"2010-12-08 14:58:00",14389.90,1
14867,3,"2011-01-07 16:34:00",710.28,1
14868,8,"2011-04-20 13:36:00",2953.59,1
14869,2,"2011-08-28 16:09:00",725.70,1
14870,1,"2011-03-23 10:51:00",327.25,0
14871,4,"2010-12-14 12:18:00",522.38,1
14873,1,"2011-05-13 13:52:00",519.68,0
14875,2,"2011-03-22 11:53:00",1465.32,1
14878,9,"2010-12-16 12:11:00",1485.54,1
14880,3,"2011-02-24 12:27:00",706.19,1
14881,1,"2011-11-20 11:06:00",255.40,0
14882,2,"2011-11-06 10:15:00",589.70,1
14883,6,"2011-05-12 09:49:00",761.59,1
14885,1,"2011-07-31 12:05:00",765.32,0
14886,1,"2011-04-01 08:56:00",364.80,0
14887,1,"2011-09-21 15:32:00",1862.00,0
14888,1,"2011-05-16 14:58:00",369.20,0
14889,1,"2011-01-07 15:19:00",135.90,0
14890,1,"2011-03-31 11:57:00",125.65,0
14891,2,"2011-06-05 10:58:00",554.38,1
14893,2,"2011-11-28 10:49:00",1237.85,1
14894,1,"2011-09-15 13:51:00",655.75,0
14895,20,"2011-02-22 13:08:00",11138.71,1
14896,2,"2010-12-09 12:24:00",468.77,1
14897,4,"2011-02-16 08:37:00",1366.38,1
14898,6,"2010-12-03 15:25:00",1303.52,1
14901,9,"2010-12-02 11:20:00",1421.29,1
14902,1,"2011-11-14 10:34:00",332.66,0
14903,5,"2011-03-06 11:50:00",2810.63,1
14904,2,"2011-11-14 09:13:00",1025.44,1
14905,2,"2011-04-20 10:48:00",616.15,1
14907,7,"2010-12-07 10:14:00",3501.10,1
14908,1,"2011-09-26 12:56:00",277.80,0
14910,4,"2011-10-16 11:06:00",434.35,1
14911,201,"2010-12-01 14:05:00",143825.06,1
14912,2,"2011-04-07 11:06:00",867.85,1
14913,4,"2010-12-15 14:35:00",1227.43,1
14915,2,"2011-03-07 09:39:00",307.48,1
14916,4,"2011-01-19 15:30:00",1268.98,1
14918,2,"2011-07-08 12:50:00",1610.15,1
14920,2,"2011-05-11 10:31:00",977.77,1
14921,2,"2011-05-22 12:51:00",1316.07,1
14923,1,"2011-10-20 11:51:00",749.10,0
14924,1,"2011-04-08 09:25:00",310.05,0
14929,1,"2011-11-07 17:21:00",223.88,0
14930,3,"2011-03-10 14:42:00",2372.86,1
14931,5,"2011-04-13 09:32:00",1257.68,1
14932,1,"2010-12-09 11:48:00",363.53,0
14934,2,"2011-03-02 11:48:00",1890.94,1
14935,1,"2011-02-15 14:44:00",1784.71,0
14936,8,"2011-03-09 11:53:00",8137.02,1
14937,3,"2011-08-01 14:16:00",1621.88,1
14944,12,"2011-02-16 12:47:00",5900.25,1
14946,1,"2011-11-25 13:33:00",100.90,0
14947,2,"2011-08-01 09:31:00",290.82,1
14948,6,"2011-05-04 14:52:00",1101.97,1
14950,1,"2011-11-20 13:48:00",371.20,0
14951,1,"2011-09-21 15:15:00",311.69,0
14952,11,"2010-12-10 12:48:00",8099.49,1
14953,1,"2011-11-14 14:59:00",289.82,0
14954,1,"2011-11-27 14:30:00",336.17,0
14957,1,"2011-03-31 17:59:00",58.49,0
14958,3,"2011-04-08 11:28:00",499.68,1
14959,4,"2011-02-16 13:00:00",695.42,1
14960,2,"2011-06-21 13:38:00",221.27,1
14961,9,"2010-12-14 11:38:00",7044.68,1
14962,1,"2011-03-14 09:42:00",126.70,0
14963,5,"2011-06-09 12:30:00",1487.80,1
14964,1,"2011-04-06 14:13:00",206.21,0
14965,2,"2011-09-04 13:15:00",599.00,1
14966,1,"2011-11-25 12:20:00",191.32,0
14967,1,"2011-10-21 11:06:00",463.80,0
14968,1,"2011-11-09 13:58:00",147.59,0
14970,4,"2011-01-27 12:23:00",1592.06,1
14971,3,"2011-10-27 13:33:00",1116.57,1
14972,1,"2011-08-03 14:54:00",114.77,0
14973,3,"2011-04-28 12:22:00",1314.45,1
14974,1,"2011-11-02 13:01:00",114.39,0
14975,1,"2011-10-13 14:08:00",279.94,0
14976,7,"2011-01-17 11:09:00",790.86,1
14978,5,"2011-01-13 12:03:00",1931.42,1
14981,1,"2011-04-07 13:45:00",102.12,0
14984,2,"2011-06-12 11:04:00",213.27,1
14985,2,"2010-12-16 19:51:00",296.75,1
14987,2,"2010-12-09 12:13:00",326.40,1
14988,1,"2011-05-12 12:05:00",334.54,0
14995,2,"2011-03-04 13:14:00",233.23,1
14997,3,"2011-06-14 16:52:00",546.20,1
14998,2,"2011-04-12 16:28:00",429.87,1
15000,1,"2011-10-23 11:42:00",490.52,0
15002,4,"2010-12-07 13:16:00",1641.76,1
15004,1,"2011-07-15 14:05:00",1246.32,0
15005,28,"2010-12-08 14:36:00",6316.57,1
15006,1,"2011-10-19 15:08:00",502.09,0
15007,1,"2011-07-03 16:00:00",156.91,0
15009,3,"2011-11-14 17:40:00",1261.78,1
15010,1,"2011-11-04 12:42:00",308.94,0
15012,2,"2010-12-01 12:49:00",423.04,1
15014,2,"2011-06-16 19:40:00",260.17,1
15016,1,"2011-06-20 12:06:00",170.04,0
15017,1,"2011-11-06 10:33:00",125.58,0
15018,3,"2010-12-07 10:47:00",496.21,1
15019,1,"2011-03-18 12:35:00",266.00,0
15021,9,"2010-12-08 12:17:00",1914.82,1
15022,4,"2011-10-23 15:47:00",905.04,1
15023,11,"2010-12-05 13:49:00",6802.76,1
15024,10,"2010-12-07 13:20:00",1661.33,1
15025,1,"2011-11-06 15:20:00",377.01,0
15026,3,"2011-03-07 13:45:00",469.00,1
15027,4,"2011-04-15 14:14:00",1066.15,1
15028,4,"2010-12-06 12:47:00",627.13,1
15030,2,"2011-03-16 15:34:00",518.28,1
15031,4,"2011-03-02 14:46:00",668.14,1
15032,3,"2010-12-08 12:57:00",4959.10,1
15033,10,"2011-01-14 13:28:00",2586.67,1
15034,8,"2010-12-21 09:47:00",4308.61,1
15035,1,"2011-09-11 11:08:00",252.73,0
15036,3,"2011-06-13 12:19:00",465.55,1
15038,6,"2010-12-05 10:54:00",705.49,1
15039,47,"2010-12-06 11:26:00",19914.44,1
15041,1,"2011-06-22 16:16:00",180.35,0
15042,1,"2011-05-24 16:25:00",135.93,0
15043,1,"2011-11-08 14:26:00",537.00,0
15044,17,"2010-12-12 14:27:00",7700.23,1
15045,2,"2011-03-27 11:44:00",735.66,1
15046,15,"2011-01-05 15:30:00",5213.77,1
15047,1,"2011-03-15 10:49:00",343.62,0
15048,4,"2010-12-06 12:15:00",384.05,1
15049,1,"2011-03-11 12:13:00",121.17,0
15050,3,"2011-09-29 13:22:00",1782.09,1
15051,3,"2011-07-12 15:29:00",1391.61,1
15052,1,"2011-01-24 15:52:00",215.78,0
15053,3,"2011-03-03 12:06:00",697.79,1
15054,2,"2011-10-30 14:33:00",302.10,1
15057,2,"2011-01-28 09:09:00",1489.50,1
15058,11,"2011-01-31 15:35:00",2124.99,1
15059,9,"2011-01-09 11:54:00",1337.72,1
15060,4,"2011-11-30 14:03:00",303.09,1
15061,48,"2010-12-02 15:19:00",54534.14,1
15062,4,"2010-12-15 15:37:00",987.86,1
15063,1,"2011-05-10 13:25:00",370.80,0
15065,4,"2011-02-21 12:54:00",3158.13,1
15066,1,"2011-10-17 13:25:00",893.59,0
15067,3,"2011-03-02 12:10:00",1744.76,1
15068,2,"2011-03-28 14:27:00",553.36,1
15069,1,"2011-06-13 14:16:00",1109.53,0
15070,1,"2010-12-02 11:23:00",106.20,0
15071,2,"2011-03-09 10:19:00",982.07,1
15073,3,"2011-06-06 09:59:00",1043.41,1
15074,1,"2011-08-26 14:45:00",748.87,0
15075,1,"2011-09-23 12:27:00",773.03,0
15076,1,"2011-06-20 08:23:00",880.85,0
15078,32,"2010-12-06 12:38:00",9743.11,1
15079,4,"2010-12-09 09:25:00",895.61,1
15081,5,"2010-12-07 16:20:00",504.80,1
15083,1,"2011-03-28 12:18:00",88.20,0
15087,1,"2011-03-03 10:34:00",306.94,0
15088,2,"2011-10-03 14:05:00",1160.07,1
15089,6,"2011-08-03 14:14:00",2420.84,1
15090,1,"2011-02-04 14:03:00",381.32,0
15091,1,"2011-10-03 12:47:00",480.71,0
15092,2,"2011-03-01 12:24:00",457.81,1
15093,6,"2010-12-02 18:25:00",4597.02,1
15095,4,"2011-05-20 14:27:00",1370.60,1
15096,1,"2011-10-28 10:27:00",219.39,0
15097,1,"2011-12-05 14:03:00",248.08,0
15098,3,"2011-06-10 15:22:00",39916.50,1
15099,1,"2011-09-16 13:13:00",410.48,0
15100,3,"2010-12-01 09:09:00",876.00,1
15101,2,"2010-12-15 12:54:00",317.53,1
15103,2,"2011-09-14 13:54:00",703.36,1
15104,2,"2011-03-02 14:16:00",1027.44,1
15105,7,"2011-07-28 10:09:00",2298.93,1
15106,5,"2011-03-15 12:52:00",1422.52,1
15107,6,"2010-12-02 13:45:00",319.50,1
15108,4,"2011-04-26 10:54:00",1300.25,1
15109,1,"2011-04-08 09:58:00",484.95,0
15110,4,"2011-01-25 11:41:00",996.10,1
15111,3,"2010-12-02 11:45:00",1567.48,1
15113,3,"2011-10-16 15:27:00",3609.33,1
15114,10,"2011-02-11 08:45:00",2760.56,1
15115,1,"2011-11-21 14:59:00",340.11,0
15116,4,"2011-05-19 08:50:00",1352.75,1
15117,5,"2011-05-08 12:38:00",1551.78,1
15118,1,"2011-07-28 14:54:00",244.80,0
15119,1,"2011-04-08 09:08:00",266.40,0
15120,1,"2011-07-29 09:48:00",358.82,0
15121,2,"2011-02-24 12:41:00",457.72,1
15122,3,"2011-02-15 09:59:00",1633.78,1
15123,2,"2011-05-17 14:57:00",2199.31,1
15124,2,"2011-06-01 09:06:00",184.19,1
15125,15,"2011-03-14 09:59:00",11528.48,1
15127,1,"2011-10-05 10:30:00",406.53,0
15128,4,"2011-05-04 12:32:00",1471.00,1
15129,11,"2011-02-21 09:09:00",3447.40,1
15130,1,"2011-06-23 10:15:00",330.11,0
15132,5,"2011-03-22 12:02:00",977.93,1
15133,3,"2011-02-11 10:38:00",982.42,1
15134,8,"2011-04-13 11:05:00",1387.99,1
15135,1,"2011-04-14 19:16:00",139.05,0
15136,4,"2011-09-04 16:05:00",1286.70,1
15139,2,"2011-01-07 12:44:00",178.96,1
15140,7,"2011-03-20 14:37:00",2354.25,1
15142,1,"2011-10-24 12:51:00",498.74,0
15143,1,"2011-04-28 12:03:00",259.45,0
15144,17,"2011-01-31 13:17:00",6580.44,1
15145,4,"2011-04-05 15:20:00",1194.73,1
15146,2,"2011-02-21 13:07:00",1327.16,1
15147,1,"2011-04-13 15:57:00",623.50,0
15148,1,"2011-11-29 08:21:00",301.29,0
15149,1,"2011-07-29 10:58:00",520.80,0
15150,10,"2011-03-15 14:21:00",5314.47,1
15152,13,"2011-06-05 15:36:00",4745.69,1
15153,1,"2011-11-08 17:09:00",329.25,0
15154,1,"2011-09-25 16:05:00",296.42,0
15156,3,"2011-11-06 12:41:00",961.49,1
15157,3,"2010-12-16 13:44:00",1936.07,1
15158,1,"2011-10-25 13:53:00",401.40,0
15159,30,"2010-12-13 15:44:00",18641.01,1
15160,1,"2010-12-17 14:15:00",158.16,0
15163,2,"2011-05-31 15:22:00",304.47,1
15164,3,"2011-01-04 14:21:00",843.05,1
15165,1,"2010-12-01 14:03:00",487.75,0
15167,1,"2011-01-23 12:41:00",163.00,0
15168,1,"2011-11-14 11:26:00",106.56,0
15171,1,"2011-01-12 15:36:00",1289.50,0
15172,5,"2011-04-17 11:56:00",1624.05,1
15174,1,"2011-01-21 09:06:00",135.75,0
15175,1,"2011-09-29 11:31:00",224.14,0
15178,1,"2011-03-24 15:12:00",40.50,0
15179,5,"2011-01-24 13:48:00",2206.95,1
15180,1,"2010-12-07 14:57:00",87.50,0
15181,3,"2011-03-15 12:03:00",689.48,1
15182,2,"2011-03-16 12:42:00",622.85,1
15184,2,"2011-06-02 12:06:00",406.76,1
15185,1,"2011-09-30 14:06:00",310.62,0
15186,2,"2011-06-24 14:54:00",411.41,1
15187,16,"2011-05-11 13:49:00",4777.18,1
15189,41,"2011-01-11 12:29:00",16225.39,1
15192,3,"2010-12-09 14:56:00",1044.32,1
15193,1,"2011-10-10 08:23:00",499.32,0
15194,15,"2010-12-06 15:00:00",7616.53,1
15195,1,"2011-12-07 12:20:00",3861.00,0
15197,3,"2010-12-16 18:01:00",1079.61,1
15198,2,"2011-08-07 15:16:00",193.64,1
15199,4,"2011-02-04 14:04:00",1268.70,1
15201,5,"2011-04-06 14:02:00",1236.54,1
15203,6,"2011-02-01 12:29:00",1827.80,1
15204,1,"2010-12-17 13:49:00",316.58,0
15205,2,"2011-08-04 16:07:00",653.24,1
15206,4,"2011-03-09 08:59:00",420.30,1
15208,5,"2010-12-21 13:03:00",870.12,1
15210,1,"2011-04-28 16:11:00",331.18,0
15211,2,"2010-12-09 16:08:00",894.41,1
15212,1,"2011-04-12 13:45:00",101.80,0
15213,2,"2011-01-14 11:05:00",328.35,1
15214,8,"2011-04-11 09:46:00",1661.44,1
15215,3,"2011-09-04 12:24:00",734.94,1
15216,1,"2011-09-13 11:41:00",96.60,0
15218,11,"2011-01-25 11:20:00",5756.89,1
15219,1,"2011-06-16 16:57:00",305.75,0
15220,6,"2011-03-04 10:24:00",1778.96,1
15221,1,"2010-12-08 13:08:00",403.25,0
15222,1,"2011-01-25 08:03:00",585.00,0
15223,2,"2011-04-04 12:17:00",755.75,1
15224,2,"2010-12-12 12:34:00",322.08,1
15225,1,"2011-04-19 14:51:00",409.40,0
15226,1,"2011-02-02 11:41:00",154.41,0
15227,5,"2011-01-26 15:31:00",1219.40,1
15228,4,"2011-02-18 09:04:00",3386.71,1
15230,2,"2011-04-13 11:04:00",429.60,1
15232,2,"2011-07-22 12:21:00",612.06,1
15234,1,"2011-03-08 08:53:00",197.00,0
15235,12,"2010-12-01 17:22:00",2247.51,1
15236,1,"2011-02-14 10:52:00",321.05,0
15237,4,"2011-04-26 15:04:00",1412.32,1
15238,3,"2011-06-08 16:00:00",1071.99,1
15239,2,"2011-09-22 09:53:00",780.59,1
15240,5,"2011-02-01 08:23:00",1706.57,1
15241,8,"2011-03-01 11:02:00",1756.44,1
15243,1,"2011-09-26 14:12:00",316.68,0
15244,2,"2011-04-05 15:12:00",631.57,1
15245,3,"2011-03-23 13:42:00",2515.84,1
15246,2,"2010-12-16 09:46:00",514.15,1
15247,1,"2011-08-09 12:52:00",356.00,0
15249,13,"2011-03-28 12:49:00",6688.46,1
15251,11,"2011-04-12 10:38:00",10484.99,1
15252,2,"2011-06-09 14:15:00",740.78,1
15253,5,"2011-06-23 12:19:00",918.20,1
15254,1,"2011-08-04 15:04:00",300.36,0
15255,1,"2011-10-04 12:43:00",890.85,0
15256,1,"2011-07-14 11:47:00",98.45,0
15257,1,"2011-03-01 12:58:00",317.15,0
15258,2,"2011-05-06 14:16:00",623.16,1
15260,7,"2010-12-02 12:09:00",1810.77,1
15261,1,"2011-07-27 15:20:00",254.82,0
15262,1,"2011-01-20 12:16:00",178.95,0
15263,1,"2011-08-25 10:26:00",156.51,0
15264,1,"2011-10-06 13:49:00",393.74,0
15265,2,"2011-04-18 12:16:00",1506.12,1
15266,1,"2011-01-05 13:40:00",119.30,0
15267,5,"2011-06-10 10:24:00",1717.36,1
15269,1,"2011-11-16 09:32:00",408.80,0
15270,7,"2011-02-02 13:25:00",2379.49,1
15271,15,"2010-12-09 13:47:00",2507.07,1
15272,2,"2011-09-14 16:36:00",721.94,1
15274,2,"2011-11-21 14:17:00",716.57,1
15275,1,"2011-11-02 11:20:00",615.14,0
15276,1,"2011-10-04 16:39:00",135.31,0
15277,1,"2011-10-24 10:08:00",255.90,0
15279,1,"2010-12-20 10:48:00",290.51,0
15280,1,"2011-06-20 17:14:00",113.12,0
15281,9,"2011-01-10 15:51:00",2332.15,1
15286,1,"2011-10-21 11:08:00",240.55,0
15287,2,"2011-09-30 12:30:00",486.69,1
15288,5,"2010-12-09 13:59:00",2306.52,1
15289,3,"2011-04-04 12:44:00",939.78,1
15290,18,"2010-12-15 16:03:00",7943.22,1
15291,15,"2010-12-01 09:32:00",4668.30,1
15292,1,"2011-05-22 15:00:00",180.94,0
15296,6,"2011-01-17 11:57:00",3672.86,1
15297,3,"2011-10-07 09:42:00",641.94,1
15298,12,"2010-12-08 13:55:00",4799.90,1
15299,7,"2010-12-02 16:48:00",4507.01,1
15300,1,"2011-10-06 17:08:00",496.44,0
15301,12,"2010-12-06 12:21:00",5070.35,1
15303,1,"2011-02-22 13:59:00",574.02,0
15304,8,"2010-12-06 11:42:00",694.40,1
15306,3,"2011-07-14 15:22:00",1174.35,1
15307,1,"2011-09-05 11:38:00",205.30,0
15308,1,"2011-03-10 13:08:00",310.47,0
15311,91,"2010-12-01 09:41:00",60767.90,1
15312,4,"2010-12-20 12:51:00",924.85,1
15313,1,"2011-08-21 16:02:00",52.00,0
15314,1,"2011-05-24 14:39:00",327.97,0
15315,2,"2011-08-15 15:17:00",570.50,1
15316,1,"2011-01-17 11:34:00",165.00,0
15318,1,"2011-12-06 11:30:00",312.62,0
15319,1,"2011-03-01 12:48:00",204.50,0
15320,1,"2011-10-26 13:27:00",267.13,0
15321,3,"2011-02-21 11:10:00",2748.31,1
15322,1,"2011-09-15 09:34:00",679.68,0
15325,1,"2011-08-28 11:55:00",162.29,0
15326,1,"2011-01-10 11:38:00",311.71,0
15327,1,"2011-10-18 11:55:00",208.75,0
15329,3,"2011-06-21 10:37:00",1049.70,1
15330,2,"2011-10-10 12:30:00",714.96,1
15332,4,"2010-12-05 12:00:00",1661.06,1
15333,1,"2011-05-15 13:27:00",1028.56,0
15334,3,"2011-06-19 13:51:00",351.67,1
15335,1,"2011-10-17 12:50:00",173.97,0
15339,2,"2011-01-25 13:15:00",574.07,1
15341,1,"2011-09-20 09:40:00",2020.52,0
15342,1,"2011-08-02 10:19:00",406.09,0
15343,1,"2011-09-13 13:55:00",364.50,0
15344,3,"2011-09-26 14:48:00",563.94,1
15345,1,"2011-10-25 11:28:00",393.54,0
15346,1,"2011-01-11 11:18:00",252.42,0
15347,1,"2010-12-08 15:25:00",201.60,0
15348,1,"2011-09-28 13:17:00",158.04,0
15349,2,"2011-06-05 15:46:00",473.81,1
15350,1,"2010-12-01 13:33:00",115.65,0
15351,7,"2010-12-05 11:49:00",1960.11,1
15353,2,"2010-12-07 11:49:00",777.02,1
15355,2,"2011-10-17 15:22:00",277.05,1
15356,10,"2010-12-06 14:05:00",2766.50,1
15358,22,"2010-12-09 10:04:00",8347.20,1
15360,1,"2011-10-31 09:35:00",427.93,0
15361,1,"2010-12-13 09:52:00",418.92,0
15363,1,"2010-12-02 12:28:00",326.00,0
15364,2,"2011-03-30 13:39:00",913.19,1
15365,7,"2011-01-28 13:08:00",2314.32,1
15366,2,"2010-12-16 15:59:00",602.51,1
15367,4,"2011-03-09 13:53:00",1877.59,1
15368,1,"2011-11-18 14:42:00",446.94,0
15370,7,"2011-01-11 11:32:00",2386.05,1
15372,1,"2011-07-25 16:39:00",2007.40,0
15373,12,"2010-12-03 14:40:00",2415.91,1
15374,1,"2011-08-03 09:59:00",168.00,0
15376,3,"2011-05-01 13:45:00",1233.36,1
15379,7,"2010-12-16 13:02:00",3703.29,1
15380,5,"2010-12-09 15:01:00",1690.26,1
15381,2,"2011-03-16 13:44:00",596.85,1
15382,6,"2011-02-17 12:01:00",5955.71,1
15384,2,"2010-12-15 11:34:00",642.41,1
15385,1,"2011-10-30 15:11:00",316.88,0
15386,1,"2011-06-06 13:47:00",394.14,0
15388,1,"2011-03-14 13:53:00",140.54,0
15389,1,"2011-06-20 16:18:00",500.00,0
15392,4,"2010-12-14 15:50:00",1535.53,1
15393,2,"2011-03-03 16:58:00",231.86,1
15394,4,"2010-12-16 12:46:00",2183.54,1
15395,1,"2011-01-18 12:40:00",107.45,0
15396,1,"2011-08-19 10:56:00",288.18,0
15397,1,"2011-02-23 09:25:00",94.00,0
15398,2,"2011-09-22 14:56:00",1345.53,1
15399,3,"2011-09-21 15:57:00",815.77,1
15400,5,"2011-03-06 11:27:00",716.20,1
15402,2,"2011-05-27 13:32:00",626.77,1
15405,1,"2011-06-03 14:44:00",349.10,0
15406,2,"2011-02-11 16:19:00",510.71,1
15407,4,"2011-02-07 13:18:00",1056.44,1
15408,1,"2011-03-20 15:02:00",267.18,0
15410,8,"2011-03-23 10:15:00",3450.84,1
15411,4,"2011-06-10 12:30:00",1358.88,1
15412,1,"2011-06-21 15:24:00",190.53,0
15414,3,"2011-04-11 13:45:00",774.90,1
15415,1,"2011-01-30 14:13:00",572.81,0
15416,4,"2011-03-02 08:41:00",3984.32,1
15417,1,"2011-09-15 15:26:00",508.80,0
15419,1,"2011-11-15 09:23:00",135.86,0
15421,4,"2011-02-02 14:36:00",950.36,1
15422,2,"2011-01-20 14:17:00",97.70,1
15423,1,"2011-11-01 14:01:00",43.50,0
15424,2,"2011-03-30 13:00:00",383.34,1
15426,5,"2010-12-05 13:55:00",1447.39,1
15427,3,"2011-10-23 14:47:00",1483.14,1
15428,1,"2011-11-24 16:54:00",93.78,0
15429,2,"2011-09-25 13:42:00",397.35,1
15432,1,"2011-11-16 16:30:00",171.19,0
15433,2,"2011-03-17 14:12:00",533.30,1
15434,5,"2011-05-23 14:18:00",1041.48,1
15435,1,"2011-11-17 16:39:00",149.29,0
15436,3,"2011-04-19 16:52:00",1122.53,1
15437,1,"2011-03-22 13:11:00",200.16,0
15438,1,"2011-07-31 14:19:00",156.58,0
15440,3,"2011-05-15 11:30:00",383.68,1
15442,1,"2011-04-05 12:24:00",594.00,0
15443,7,"2011-01-23 13:25:00",3236.91,1
15444,2,"2011-10-30 16:12:00",1418.26,1
15445,1,"2011-03-20 15:06:00",113.50,0
15447,1,"2011-01-13 11:26:00",155.17,0
15448,1,"2011-01-31 10:42:00",494.64,0
15449,3,"2011-03-23 10:43:00",974.52,1
15450,1,"2011-11-09 17:11:00",429.84,0
15452,3,"2011-03-20 15:21:00",538.73,1
15453,7,"2011-06-05 12:37:00",1388.37,1
15454,1,"2010-12-12 14:21:00",179.10,0
15456,3,"2010-12-15 15:34:00",447.22,1
15457,1,"2011-03-22 15:31:00",237.07,0
15458,1,"2011-11-14 13:08:00",161.64,0
15460,1,"2010-12-20 16:08:00",216.76,0
15462,3,"2011-06-05 15:36:00",234.60,1
15463,1,"2011-11-10 12:57:00",126.14,0
15464,1,"2011-01-05 15:56:00",1048.85,0
15465,18,"2010-12-05 10:12:00",7354.62,1
15466,1,"2011-09-15 14:08:00",334.53,0
15467,3,"2011-07-10 14:42:00",524.88,1
15468,2,"2011-10-19 13:38:00",467.51,1
15469,2,"2011-08-11 16:54:00",538.55,1
15471,1,"2011-12-07 14:12:00",469.48,0
15472,1,"2011-08-18 15:17:00",371.56,0
15473,7,"2011-10-10 11:12:00",1771.20,1
15475,1,"2011-09-23 15:20:00",454.11,0
15478,2,"2011-10-14 11:09:00",1441.42,1
15480,1,"2011-08-15 14:32:00",905.50,0
15482,12,"2010-12-16 10:08:00",11054.96,1
15483,4,"2011-03-18 12:26:00",233.81,1
15484,4,"2011-09-22 13:31:00",3594.31,1
15485,3,"2010-12-01 13:23:00",2575.00,1
15488,1,"2011-09-08 10:11:00",91.32,0
15489,3,"2011-05-12 12:54:00",1134.28,1
15491,6,"2011-04-18 10:04:00",3100.09,1
15492,2,"2011-09-26 14:02:00",659.46,1
15493,5,"2011-03-14 11:44:00",2001.80,1
15494,2,"2011-08-10 15:29:00",1299.23,1
15497,2,"2011-01-24 10:01:00",1262.20,1
15498,27,"2010-12-08 12:29:00",13316.40,1
15500,4,"2011-09-19 13:47:00",1131.56,1
15502,12,"2010-12-05 15:40:00",10384.93,1
15503,1,"2010-12-12 10:57:00",147.09,0
15504,1,"2011-09-19 13:45:00",52.83,0
15505,5,"2011-07-07 13:33:00",3610.96,1
15506,3,"2011-07-24 11:45:00",979.26,1
15507,1,"2011-06-21 11:19:00",492.36,0
15508,6,"2011-04-18 15:31:00",1000.27,1
15510,1,"2011-01-13 12:10:00",250.00,0
15511,5,"2011-09-15 15:05:00",909.23,1
15512,2,"2010-12-15 12:01:00",121.00,1
15513,19,"2010-12-01 11:22:00",14758.22,1
15514,11,"2010-12-10 13:50:00",4139.46,1
15516,3,"2011-10-24 11:33:00",62.43,1
15517,1,"2011-04-20 14:02:00",267.03,0
15518,8,"2011-01-11 12:55:00",1942.45,1
15520,1,"2011-12-08 10:58:00",343.50,0
15521,8,"2011-03-30 09:15:00",3000.20,1
15522,2,"2011-09-13 12:26:00",398.84,1
15523,1,"2011-09-16 16:29:00",412.01,0
15524,1,"2011-11-15 12:09:00",440.00,0
15525,3,"2010-12-01 13:17:00",825.92,1
15526,2,"2011-11-06 15:01:00",148.44,1
15527,8,"2010-12-20 14:15:00",2429.78,1
15528,1,"2011-03-30 16:14:00",229.33,0
15529,11,"2010-12-08 12:24:00",3995.23,1
15530,4,"2011-04-07 11:16:00",1502.35,1
15531,2,"2011-11-09 17:47:00",2007.44,1
15532,4,"2010-12-16 16:45:00",1580.93,1
15533,3,"2011-09-11 15:41:00",807.57,1
15535,4,"2011-01-16 12:35:00",536.40,1
15537,1,"2011-06-29 13:10:00",110.92,0
15539,1,"2011-12-02 13:36:00",538.46,0
15540,1,"2011-11-28 13:51:00",213.30,0
15541,1,"2011-08-17 14:58:00",85.13,0
15543,1,"2011-02-24 15:26:00",127.86,0
15544,9,"2010-12-02 12:47:00",3546.71,1
15545,2,"2010-12-03 17:28:00",292.72,1
15547,14,"2010-12-12 13:26:00",4954.84,1
15549,3,"2011-01-27 15:38:00",1693.26,1
15550,4,"2011-02-11 12:49:00",575.63,1
15551,1,"2011-11-03 12:37:00",436.06,0
15552,1,"2011-05-06 14:47:00",90.12,0
15553,1,"2011-10-10 14:02:00",437.23,0
15554,1,"2011-03-07 09:00:00",217.20,0
15555,16,"2010-12-05 14:45:00",4805.17,1
15556,1,"2011-11-15 16:08:00",279.77,0
15557,1,"2011-11-11 12:46:00",473.65,0
15561,4,"2011-05-08 11:38:00",800.59,1
15562,1,"2010-12-23 09:55:00",134.55,0
15563,4,"2010-12-16 11:27:00",1400.44,1
15565,2,"2011-09-30 10:44:00",173.16,1
15567,1,"2011-11-21 10:48:00",186.01,0
15568,3,"2011-09-27 14:37:00",758.29,1
15569,5,"2011-01-11 13:26:00",1375.71,1
15570,12,"2010-12-05 12:57:00",4165.52,1
15571,4,"2011-09-22 13:15:00",650.43,1
15572,7,"2011-03-06 14:44:00",2552.86,1
15573,2,"2011-09-15 12:16:00",607.45,1
15574,4,"2010-12-02 15:46:00",702.25,1
15576,1,"2011-11-02 12:03:00",940.67,0
15577,3,"2011-02-07 13:32:00",258.88,1
15578,1,"2011-06-30 13:03:00",127.10,0
15579,2,"2011-01-30 12:09:00",348.60,1
15581,13,"2010-12-08 14:38:00",3679.97,1
15582,3,"2011-05-03 13:36:00",682.91,1
15584,4,"2011-06-30 16:39:00",725.11,1
15585,1,"2011-06-16 08:38:00",455.30,0
15587,4,"2010-12-23 09:59:00",913.68,1
15589,3,"2011-02-02 10:46:00",478.53,1
15592,1,"2011-10-24 08:59:00",388.58,0
15593,1,"2011-09-30 11:46:00",199.80,0
15594,5,"2011-04-19 10:08:00",1771.78,1
15596,5,"2010-12-09 16:10:00",1406.59,1
15597,1,"2011-11-04 13:26:00",324.57,0
15598,1,"2011-10-17 16:04:00",240.68,0
15599,2,"2011-05-19 13:05:00",761.74,1
15601,14,"2010-12-02 10:39:00",6776.56,1
15602,9,"2010-12-06 15:35:00",1297.87,1
15603,1,"2011-09-22 10:04:00",48.48,0
15604,1,"2011-10-18 14:47:00",216.39,0
15605,5,"2010-12-01 13:38:00",1198.23,1
15606,9,"2011-01-19 12:07:00",2920.16,1
15607,1,"2011-01-07 12:44:00",104.76,0
15608,4,"2011-08-11 09:56:00",1093.68,1
15609,1,"2011-06-08 13:00:00",298.48,0
15610,1,"2011-10-19 10:36:00",112.46,0
15611,13,"2011-01-09 11:32:00",1591.45,1
15612,2,"2011-10-09 12:49:00",195.15,1
15615,23,"2010-12-15 16:21:00",10399.74,1
15618,4,"2011-07-26 10:13:00",776.85,1
15619,1,"2011-11-29 08:14:00",336.40,0
15620,3,"2010-12-16 14:34:00",1553.18,1
15621,4,"2011-11-18 11:49:00",1293.03,1
15622,9,"2011-03-02 13:42:00",3709.56,1
15623,1,"2011-07-21 17:26:00",301.03,0
15624,4,"2011-03-28 13:32:00",588.13,1
15625,4,"2011-04-18 14:01:00",1534.26,1
15626,2,"2011-01-14 10:10:00",675.80,1
15628,9,"2010-12-08 09:51:00",2870.24,1
15630,2,"2011-05-19 10:16:00",1186.35,1
15632,8,"2011-03-10 08:29:00",3285.31,1
15634,1,"2011-11-22 16:28:00",243.55,0
15636,2,"2011-03-02 14:50:00",724.76,1
15637,1,"2011-10-18 08:28:00",223.36,0
15639,1,"2011-07-28 14:30:00",425.32,0
15640,15,"2010-12-02 15:40:00",12515.66,1
15641,4,"2010-12-15 14:45:00",1887.20,1
15643,3,"2011-03-02 14:34:00",664.00,1
15644,4,"2011-03-23 15:37:00",813.00,1
15645,1,"2011-11-21 11:55:00",612.01,0
15646,3,"2010-12-02 16:59:00",447.64,1
15648,2,"2011-03-17 18:59:00",657.35,1
15649,2,"2010-12-07 10:06:00",816.00,1
15651,3,"2011-03-24 08:56:00",646.30,1
15652,1,"2011-09-09 14:22:00",337.74,0
15653,2,"2011-08-16 09:50:00",877.44,1
15654,2,"2011-11-13 15:15:00",922.53,1
15655,1,"2011-04-10 15:25:00",560.67,0
15656,4,"2011-02-28 15:32:00",748.50,1
15657,1,"2011-11-17 12:19:00",30.00,0
15658,5,"2010-12-02 10:53:00",1024.10,1
15659,1,"2011-10-27 09:23:00",306.45,0
15660,9,"2010-12-09 09:49:00",1600.86,1
15661,2,"2011-01-05 12:32:00",309.80,1
15663,1,"2011-08-25 15:50:00",138.14,0
15664,1,"2011-10-20 10:57:00",386.43,0
15665,2,"2011-04-10 15:09:00",2242.01,1
15667,1,"2011-10-31 10:56:00",301.32,0
15668,1,"2011-05-06 10:39:00",76.32,0
15669,4,"2011-03-21 09:13:00",684.34,1
15670,1,"2011-02-16 10:50:00",173.05,0
15671,7,"2011-03-14 09:37:00",2657.13,1
15673,4,"2011-01-16 16:25:00",2881.02,1
15674,5,"2011-03-30 09:19:00",2446.60,1
15675,3,"2011-03-04 14:21:00",323.69,1
15676,3,"2011-03-01 10:19:00",3435.76,1
15677,1,"2011-10-21 15:36:00",657.23,0
15678,1,"2011-10-18 09:25:00",352.70,0
15679,4,"2011-06-10 08:24:00",781.28,1
15680,3,"2010-12-08 14:43:00",1333.68,1
15681,5,"2011-03-04 13:46:00",1426.16,1
15683,1,"2011-08-14 12:56:00",193.75,0
15687,9,"2011-01-13 15:13:00",2993.10,1
15689,2,"2010-12-13 09:57:00",254.10,1
15690,2,"2011-08-31 11:40:00",239.76,1
15691,1,"2011-04-01 15:13:00",136.80,0
15692,1,"2011-11-11 14:12:00",191.04,0
15694,14,"2010-12-02 07:49:00",6479.40,1
15695,2,"2011-03-18 08:31:00",409.98,1
15696,8,"2011-01-17 11:24:00",2736.46,1
15699,1,"2011-11-22 08:26:00",309.65,0
15700,2,"2011-06-19 15:36:00",696.68,1
15701,4,"2011-08-21 12:36:00",1542.14,1
15703,1,"2011-03-20 10:51:00",211.50,0
15704,4,"2011-05-08 12:42:00",2293.62,1
15705,1,"2011-05-22 15:37:00",143.10,0
15706,4,"2011-08-15 14:32:00",1060.56,1
15707,4,"2011-09-14 14:19:00",945.58,1
15708,7,"2010-12-05 11:12:00",3364.24,1
15709,1,"2011-03-01 10:38:00",133.25,0
15712,5,"2011-02-25 11:32:00",1072.36,1
15713,2,"2010-12-08 15:16:00",356.70,1
15714,2,"2011-09-23 11:25:00",330.88,1
15716,4,"2010-12-05 12:26:00",1118.81,1
15717,1,"2011-04-19 13:21:00",150.30,0
15719,13,"2011-01-06 12:31:00",5045.61,1
15720,1,"2011-11-15 14:48:00",598.73,0
15721,1,"2011-11-28 12:14:00",507.08,0
15722,5,"2011-02-22 12:24:00",2222.56,1
15723,1,"2010-12-10 11:12:00",203.10,0
15724,2,"2011-02-28 10:40:00",218.25,1
15725,1,"2011-11-24 14:51:00",415.25,0
15727,7,"2010-12-15 15:47:00",5178.96,1
15729,1,"2011-05-11 12:36:00",85.00,0
15730,3,"2011-05-17 12:43:00",1120.88,1
15732,2,"2010-12-02 15:00:00",294.12,1
15733,1,"2011-03-02 09:05:00",162.30,0
15734,2,"2011-05-23 14:59:00",1339.45,1
15737,8,"2011-04-11 10:01:00",1205.12,1
15738,16,"2010-12-02 12:50:00",4812.42,1
15739,1,"2011-10-04 13:42:00",449.12,0
15740,1,"2011-10-21 14:29:00",154.88,0
15743,4,"2011-06-08 10:14:00",784.46,1
15744,1,"2011-09-23 09:52:00",34.80,0
15745,4,"2011-04-17 13:04:00",1094.59,1
15746,1,"2011-07-28 15:21:00",196.88,0
15747,3,"2011-06-20 11:30:00",974.04,1
15748,1,"2011-10-30 12:51:00",149.31,0
15749,3,"2011-01-11 12:55:00",44534.30,1
15750,8,"2010-12-08 10:36:00",2465.48,1
15752,7,"2010-12-02 09:43:00",2637.38,1
15753,1,"2011-02-08 12:41:00",79.20,0
15754,3,"2011-04-07 12:24:00",458.57,1
15755,6,"2011-02-18 11:53:00",2364.25,1
15756,4,"2011-04-04 14:00:00",532.96,1
15757,2,"2011-05-06 11:40:00",714.42,1
15758,1,"2011-11-15 10:48:00",205.25,0
15759,3,"2010-12-16 15:29:00",253.04,1
15762,2,"2011-09-23 15:17:00",583.75,1
15763,2,"2011-09-23 12:10:00",1086.92,1
15764,6,"2011-03-08 09:23:00",3279.97,1
15766,1,"2011-10-06 17:03:00",315.06,0
15768,3,"2011-04-28 09:20:00",621.83,1
15769,26,"2010-12-03 15:16:00",56252.72,1
15773,1,"2011-12-04 12:48:00",635.68,0
15774,1,"2011-10-02 12:04:00",270.80,0
15775,1,"2011-04-08 12:56:00",104.90,0
15776,1,"2011-07-29 13:46:00",241.62,0
15777,4,"2010-12-13 16:38:00",1047.11,1
15780,3,"2010-12-17 11:43:00",475.28,1
15781,3,"2011-02-07 09:15:00",345.46,1
15782,3,"2011-09-11 14:29:00",2614.74,1
15783,1,"2011-11-29 09:50:00",246.30,0
15785,5,"2011-02-17 14:17:00",2328.97,1
15786,3,"2011-08-17 13:33:00",4932.20,1
15787,3,"2011-10-09 13:11:00",948.05,1
15789,1,"2010-12-16 14:35:00",351.30,0
15790,1,"2011-11-29 14:53:00",220.85,0
15791,2,"2011-05-19 15:15:00",1612.69,1
15793,3,"2011-03-16 10:45:00",965.61,1
15795,1,"2011-07-13 10:43:00",610.01,0
15796,8,"2011-02-10 15:40:00",2711.56,1
15797,4,"2011-01-24 15:47:00",2207.40,1
15799,3,"2011-01-09 15:13:00",884.14,1
15800,2,"2011-04-07 12:39:00",699.08,1
15801,3,"2011-08-22 09:53:00",1063.95,1
15802,1,"2011-07-20 11:38:00",451.42,0
15803,1,"2011-10-19 14:56:00",415.82,0
15804,13,"2011-05-25 10:12:00",4206.39,1
15805,17,"2010-12-10 09:33:00",5528.48,1
15806,3,"2011-03-08 09:24:00",784.58,1
15807,3,"2011-09-23 14:43:00",903.90,1
15808,4,"2010-12-05 13:05:00",3734.97,1
15809,5,"2011-02-10 11:16:00",515.77,1
15810,4,"2011-02-16 09:11:00",1391.98,1
15811,6,"2010-12-09 15:29:00",2218.62,1
15812,5,"2011-01-26 12:12:00",1801.14,1
15813,2,"2011-04-14 09:09:00",1303.91,1
15814,4,"2011-10-20 09:04:00",1945.33,1
15815,5,"2011-03-25 08:43:00",2100.60,1
15819,4,"2011-03-08 09:45:00",1905.45,1
15820,1,"2011-01-24 12:00:00",206.98,0
15821,2,"2011-10-09 13:28:00",570.96,1
15822,2,"2010-12-15 13:38:00",885.47,1
15823,1,"2010-12-02 15:08:00",15.00,0
15825,1,"2011-06-20 13:27:00",532.94,0
15826,3,"2011-05-13 10:44:00",1654.31,1
15827,14,"2010-12-02 13:06:00",1836.09,1
15829,2,"2011-07-22 10:23:00",636.14,1
15830,1,"2011-11-02 10:40:00",576.00,0
15831,3,"2011-01-19 14:52:00",801.76,1
15832,1,"2011-03-30 15:29:00",836.79,0
15834,4,"2011-03-07 17:52:00",2233.75,1
15835,4,"2011-01-13 10:35:00",954.09,1
15836,1,"2011-10-20 17:13:00",137.37,0
15837,1,"2011-10-06 09:01:00",391.98,0
15838,19,"2010-12-07 11:26:00",33643.08,1
15839,3,"2011-07-14 16:35:00",1048.49,1
15840,2,"2011-06-20 11:42:00",355.56,1
15841,4,"2011-01-05 11:25:00",1224.06,1
15843,1,"2011-02-09 10:19:00",118.95,0
15844,1,"2011-10-24 15:19:00",130.74,0
15845,8,"2011-01-06 17:19:00",3711.77,1
15847,2,"2011-02-24 16:46:00",389.27,1
15850,2,"2011-06-24 14:16:00",238.85,1
15852,2,"2011-05-26 13:26:00",160.71,1
15853,1,"2011-10-19 10:38:00",110.80,0
15854,12,"2010-12-13 11:47:00",2974.65,1
15855,5,"2011-03-21 12:32:00",712.24,1
15856,27,"2010-12-09 13:34:00",16387.57,1
15857,1,"2011-11-21 12:18:00",297.00,0
15858,5,"2010-12-07 14:31:00",1438.85,1
15860,8,"2010-12-06 11:38:00",977.21,1
15861,8,"2011-03-17 20:12:00",3165.36,1
15862,4,"2010-12-01 11:21:00",832.88,1
15863,2,"2011-05-31 11:36:00",68.84,1
15864,6,"2011-01-27 16:43:00",1936.32,1
15865,3,"2011-05-10 11:44:00",895.13,1
15866,1,"2011-08-30 14:09:00",230.53,0
15867,15,"2010-12-05 14:17:00",3812.64,1
15869,2,"2011-03-07 17:19:00",149.64,1
15870,1,"2011-11-07 10:58:00",354.09,0
15872,2,"2011-11-25 11:54:00",360.93,1
15874,7,"2011-02-28 13:28:00",4405.88,1
15877,2,"2011-11-22 11:18:00",493.28,1
15880,1,"2010-12-05 13:00:00",343.28,0
15881,5,"2010-12-10 13:32:00",501.39,1
15882,4,"2010-12-06 13:01:00",516.36,1
15883,2,"2011-11-06 14:50:00",396.48,1
15885,3,"2011-02-03 15:28:00",379.35,1
15886,1,"2011-10-10 14:25:00",181.09,0
15888,1,"2011-09-20 12:30:00",168.31,0
15889,2,"2010-12-05 15:12:00",446.87,1
15891,1,"2011-04-27 12:35:00",524.52,0
15894,2,"2010-12-05 14:06:00",263.55,1
15895,1,"2011-07-13 10:27:00",179.17,0
15897,2,"2011-05-29 13:32:00",222.05,1
15898,5,"2010-12-06 11:01:00",1388.88,1
15899,1,"2010-12-06 10:36:00",56.25,0
15900,1,"2011-11-16 12:19:00",351.11,0
15901,3,"2011-07-08 12:18:00",363.88,1
15903,7,"2011-02-17 14:04:00",5126.76,1
15904,1,"2011-12-01 14:50:00",164.68,0
15906,7,"2011-03-29 13:28:00",1567.69,1
15907,3,"2011-05-13 13:01:00",967.45,1
15909,1,"2011-06-19 10:38:00",191.94,0
15910,8,"2011-01-27 11:55:00",1232.18,1
15912,2,"2011-04-20 17:10:00",264.62,1
15916,8,"2010-12-08 13:07:00",1528.09,1
15917,1,"2011-04-06 10:40:00",123.10,0
15918,2,"2011-03-13 15:55:00",334.23,1
15919,2,"2010-12-06 11:26:00",639.89,1
15920,4,"2011-07-08 15:16:00",167.50,1
15921,1,"2011-06-20 11:03:00",336.03,0
15922,1,"2010-12-01 13:51:00",369.50,0
15923,1,"2010-12-02 12:16:00",127.08,0
15925,1,"2011-05-29 15:35:00",207.15,0
15930,1,"2011-10-03 14:52:00",426.63,0
15932,8,"2011-02-23 14:50:00",2495.87,1
15933,3,"2011-09-14 12:05:00",1107.46,1
15935,2,"2011-04-12 09:35:00",416.86,1
15937,1,"2011-10-06 15:48:00",145.35,0
15938,5,"2011-01-20 10:11:00",404.58,1
15939,15,"2011-01-12 12:43:00",6115.01,1
15940,1,"2011-02-01 16:18:00",35.80,0
15942,1,"2011-07-29 09:01:00",337.44,0
15944,1,"2011-03-08 10:33:00",325.10,0
15945,1,"2010-12-09 13:14:00",181.00,0
15947,1,"2011-09-18 10:46:00",1708.24,0
15948,2,"2011-10-27 08:35:00",955.24,1
15949,2,"2011-09-29 17:34:00",364.72,1
15950,4,"2010-12-15 11:56:00",1765.51,1
15951,2,"2011-02-27 11:57:00",708.22,1
15952,4,"2011-04-28 12:55:00",806.57,1
15953,8,"2010-12-05 15:15:00",1659.38,1
15955,14,"2010-12-02 11:22:00",4416.26,1
15957,1,"2011-11-08 12:14:00",428.89,0
15958,1,"2011-09-26 13:41:00",104.35,0
15963,2,"2011-10-25 13:05:00",470.76,1
15965,4,"2010-12-07 13:18:00",845.64,1
15967,2,"2011-01-25 11:57:00",418.83,1
15969,3,"2011-06-07 12:19:00",666.10,1
15970,1,"2011-02-09 12:08:00",314.10,0
15971,12,"2011-02-01 16:47:00",4199.85,1
15973,1,"2010-12-08 11:42:00",307.82,0
15974,7,"2011-02-24 10:10:00",3442.15,1
15975,1,"2011-09-16 13:33:00",371.01,0
15976,2,"2011-05-03 17:12:00",430.94,1
15977,2,"2011-10-31 16:24:00",1054.73,1
15978,1,"2011-09-23 15:21:00",1098.78,0
15980,3,"2011-03-30 15:05:00",2398.86,1
15981,8,"2011-02-01 13:50:00",3408.48,1
15983,4,"2010-12-01 12:15:00",1475.02,1
15984,10,"2010-12-06 13:21:00",2837.67,1
15985,2,"2011-04-17 11:04:00",1142.42,1
15986,1,"2011-11-09 15:17:00",168.12,0
15987,7,"2010-12-06 08:34:00",1451.28,1
15988,1,"2011-11-20 13:23:00",158.03,0
15990,2,"2011-02-25 15:35:00",792.11,1
15992,1,"2011-12-06 11:00:00",41.99,0
15993,7,"2011-10-26 16:21:00",2797.57,1
15994,1,"2011-10-16 12:28:00",427.07,0
15996,6,"2010-12-08 15:59:00",1060.68,1
15998,5,"2010-12-12 13:32:00",3089.97,1
16000,3,"2011-12-07 12:14:00",12393.70,1
16003,5,"2010-12-15 12:09:00",2735.37,1
16005,4,"2011-03-14 11:46:00",615.39,1
16006,1,"2011-05-12 13:12:00",101.40,0
16007,4,"2011-05-08 13:32:00",1701.94,1
16008,3,"2011-05-19 10:54:00",478.78,1
16009,4,"2011-07-03 11:26:00",992.71,1
16010,3,"2010-12-12 12:18:00",407.50,1
16011,16,"2010-12-08 16:34:00",3362.71,1
16012,3,"2011-07-07 18:02:00",1415.29,1
16013,47,"2010-12-03 13:09:00",37130.60,1
16014,3,"2011-02-21 17:42:00",662.38,1
16015,3,"2011-10-21 12:56:00",705.39,1
16016,8,"2010-12-08 12:36:00",1508.76,1
16017,1,"2011-10-23 12:56:00",211.88,0
16018,2,"2011-06-12 13:52:00",408.90,1
16019,9,"2010-12-10 12:29:00",3786.24,1
16020,3,"2011-10-05 13:54:00",851.01,1
16022,1,"2011-03-24 13:16:00",628.28,0
16023,3,"2011-03-18 13:32:00",719.81,1
16024,1,"2011-11-27 13:26:00",251.24,0
16025,1,"2011-11-10 11:45:00",439.66,0
16026,1,"2011-10-27 13:53:00",236.09,0
16027,6,"2011-02-10 12:19:00",934.62,1
16029,63,"2010-12-01 09:57:00",81024.84,1
16030,1,"2011-02-03 11:28:00",331.24,0
16031,2,"2011-04-06 14:23:00",548.94,1
16033,20,"2010-12-05 10:36:00",8816.40,1
16034,3,"2011-01-11 11:54:00",437.70,1
16036,2,"2011-03-21 13:01:00",758.92,1
16037,3,"2010-12-16 10:18:00",855.02,1
16038,3,"2011-05-22 11:29:00",471.78,1
16040,3,"2011-03-16 09:58:00",1313.55,1
16041,3,"2011-07-21 16:27:00",3166.40,1
16042,5,"2011-01-11 13:25:00",1197.27,1
16043,4,"2011-01-26 11:14:00",773.99,1
16045,4,"2011-02-22 14:55:00",1340.70,1
16048,2,"2010-12-01 15:27:00",256.44,1
16049,3,"2011-09-25 14:33:00",1111.79,1
16050,1,"2011-06-19 11:44:00",137.90,0
16052,1,"2011-10-16 15:13:00",362.06,0
16053,2,"2011-08-09 14:57:00",1511.95,1
16054,1,"2011-07-17 13:08:00",783.90,0
16055,1,"2011-05-03 09:26:00",134.80,0
16056,1,"2011-10-25 15:19:00",664.85,0
16057,7,"2011-02-28 10:35:00",2263.12,1
16059,6,"2010-12-07 10:36:00",1459.86,1
16062,4,"2010-12-10 12:00:00",1153.62,1
16063,1,"2011-03-24 14:55:00",335.32,0
16065,1,"2010-12-09 13:03:00",372.09,0
16066,5,"2011-08-07 14:33:00",1521.87,1
16070,2,"2011-11-07 16:36:00",852.15,1
16071,1,"2011-10-26 11:14:00",326.24,0
16072,1,"2011-02-24 14:32:00",584.32,0
16073,1,"2011-02-15 15:41:00",122.40,0
16076,10,"2011-05-15 12:31:00",2234.73,1
16078,1,"2011-03-01 09:47:00",79.20,0
16079,3,"2011-10-30 13:06:00",1352.00,1
16080,2,"2011-03-10 14:44:00",217.16,1
16081,5,"2010-12-08 11:16:00",2806.90,1
16083,2,"2010-12-14 11:51:00",1317.62,1
16084,1,"2011-02-13 16:05:00",436.18,0
16085,5,"2011-01-23 12:07:00",981.51,1
16086,5,"2010-12-07 13:45:00",1121.39,1
16091,2,"2011-05-25 09:18:00",315.06,1
16092,3,"2011-03-30 15:38:00",817.86,1
16093,1,"2011-08-25 11:09:00",17.00,0
16094,4,"2011-05-04 13:57:00",1078.23,1
16096,1,"2011-03-20 13:38:00",320.62,0
16097,1,"2011-04-13 13:47:00",185.05,0
16098,7,"2010-12-01 09:45:00",2005.63,1
16099,3,"2011-04-28 08:34:00",731.90,1
16101,1,"2011-09-30 10:18:00",1290.70,0
16102,3,"2011-08-03 12:50:00",1842.14,1
16103,6,"2011-04-20 12:28:00",1429.64,1
16104,1,"2011-10-09 10:23:00",302.36,0
16105,1,"2011-04-05 10:13:00",336.96,0
16106,1,"2011-10-05 10:37:00",108.38,0
16107,7,"2011-06-09 18:42:00",3204.16,1
16108,1,"2011-09-16 11:48:00",842.50,0
16109,2,"2011-02-04 12:37:00",611.88,1
16110,3,"2011-02-01 14:01:00",1337.48,1
16112,4,"2011-01-05 11:47:00",195.74,1
16113,1,"2011-06-09 16:16:00",161.38,0
16114,1,"2011-06-22 10:13:00",135.75,0
16115,8,"2011-02-20 12:14:00",1667.97,1
16116,1,"2011-05-12 12:01:00",612.78,0
16117,1,"2011-06-03 11:42:00",232.21,0
16119,2,"2011-09-28 10:15:00",423.36,1
16120,4,"2011-10-11 14:10:00",1309.14,1
16121,2,"2011-05-08 11:52:00",867.11,1
16122,4,"2010-12-08 11:41:00",684.42,1
16123,1,"2011-10-19 09:18:00",307.78,0
16124,1,"2011-01-26 14:45:00",249.00,0
16125,1,"2010-12-07 15:48:00",289.35,0
16126,4,"2011-02-16 11:18:00",6287.77,1
16127,1,"2011-10-31 13:58:00",656.25,0
16128,5,"2011-03-02 12:21:00",1880.22,1
16131,6,"2011-04-14 08:32:00",3506.54,1
16133,33,"2011-01-25 15:55:00",14589.04,1
16134,2,"2010-12-15 14:00:00",618.09,1
16135,1,"2011-03-22 12:30:00",517.55,0
16136,3,"2011-03-07 09:52:00",709.38,1
16139,3,"2011-05-17 10:23:00",635.41,1
16140,2,"2010-12-03 14:40:00",725.18,1
16141,1,"2011-09-12 13:11:00",620.40,0
16142,1,"2011-04-04 10:16:00",535.34,0
16143,6,"2010-12-05 15:18:00",2424.94,1
16144,1,"2011-04-07 10:09:00",175.20,0
16145,11,"2010-12-15 09:09:00",3799.49,1
16146,3,"2011-04-21 15:25:00",734.13,1
16147,1,"2011-07-29 09:57:00",375.00,0
16148,1,"2011-02-16 14:01:00",76.32,0
16149,2,"2011-07-20 14:54:00",280.52,1
16150,5,"2010-12-02 18:27:00",2053.02,1
16152,1,"2011-03-16 09:47:00",1829.04,0
16153,5,"2010-12-20 09:22:00",1824.23,1
16156,9,"2011-02-02 12:02:00",3122.04,1
16157,3,"2011-09-28 11:48:00",656.69,1
16159,1,"2011-03-03 12:27:00",348.20,0
16160,2,"2011-09-15 10:53:00",1025.44,1
16161,19,"2010-12-06 10:03:00",5575.56,1
16162,1,"2011-04-01 15:03:00",37.40,0
16163,2,"2010-12-09 16:28:00",856.60,1
16164,3,"2011-10-28 09:12:00",822.48,1
16168,27,"2010-12-05 11:38:00",3787.60,1
16169,4,"2011-09-25 11:33:00",1822.97,1
16170,6,"2011-04-05 13:42:00",1885.05,1
16171,1,"2011-10-11 14:51:00",73.20,0
16172,5,"2011-04-12 12:02:00",1140.21,1
16173,6,"2011-09-02 15:23:00",1418.32,1
16174,3,"2011-07-11 09:23:00",1009.55,1
16175,4,"2011-04-13 14:38:00",1037.59,1
16177,1,"2011-10-20 12:57:00",331.95,0
16178,1,"2011-07-24 16:05:00",197.90,0
16179,1,"2011-10-10 09:41:00",215.83,0
16180,8,"2011-04-01 10:23:00",10254.18,1
16181,1,"2011-09-27 13:38:00",305.54,0
16182,4,"2011-02-18 10:11:00",6617.65,1
16183,1,"2011-10-03 14:59:00",338.71,0
16184,6,"2011-05-12 13:33:00",1158.79,1
16185,2,"2011-04-21 11:59:00",529.41,1
16186,12,"2010-12-02 14:40:00",4006.94,1
16187,15,"2011-02-28 13:34:00",6911.44,1
16188,4,"2011-04-11 09:44:00",981.86,1
16189,2,"2011-09-15 15:21:00",215.48,1
16190,1,"2011-10-30 15:59:00",215.08,0
16191,13,"2010-12-14 12:38:00",5180.52,1
16193,1,"2011-04-17 11:45:00",314.45,0
16198,1,"2011-09-25 14:58:00",400.68,0
16200,2,"2011-06-28 15:47:00",1080.62,1
16201,4,"2011-08-22 10:47:00",1863.47,1
16202,1,"2010-12-14 10:43:00",365.27,0
16203,4,"2010-12-02 15:39:00",592.90,1
16204,1,"2011-11-16 13:40:00",405.71,0
16205,4,"2011-06-13 11:33:00",761.38,1
16206,4,"2011-01-16 11:07:00",537.06,1
16207,1,"2011-11-14 13:51:00",394.38,0
16208,2,"2011-02-23 13:37:00",664.26,1
16209,5,"2011-04-07 12:23:00",2262.62,1
16210,18,"2010-12-01 12:27:00",21086.30,1
16211,1,"2011-09-12 12:11:00",547.02,0
16212,2,"2011-03-01 12:51:00",690.34,1
16213,1,"2011-09-22 10:03:00",159.00,0
16214,3,"2011-03-15 13:23:00",1062.75,1
16215,1,"2011-09-20 10:18:00",242.35,0
16216,1,"2011-03-17 15:34:00",914.93,0
16217,2,"2011-03-02 15:28:00",304.25,1
16218,7,"2010-12-01 11:29:00",3084.68,1
16221,3,"2010-12-07 13:13:00",864.86,1
16222,1,"2011-01-25 13:38:00",846.72,0
16224,4,"2011-04-04 12:00:00",1295.30,1
16225,5,"2011-03-07 12:17:00",1096.32,1
16226,3,"2011-04-18 12:58:00",255.12,1
16227,1,"2011-04-28 13:33:00",314.22,0
16229,2,"2011-05-11 10:18:00",1010.60,1
16230,2,"2011-05-03 15:12:00",542.03,1
16232,4,"2011-05-08 14:05:00",990.88,1
16233,3,"2010-12-08 12:51:00",536.68,1
16235,5,"2011-01-11 15:42:00",867.31,1
16236,1,"2011-09-22 14:10:00",432.20,0
16239,2,"2011-06-03 09:30:00",414.20,1
16240,2,"2011-09-23 13:44:00",3718.80,1
16241,13,"2010-12-05 11:04:00",2607.87,1
16242,7,"2011-03-07 17:04:00",3603.21,1
16243,2,"2011-10-16 12:09:00",409.10,1
16244,2,"2010-12-02 11:41:00",1522.75,1
16245,3,"2011-03-28 09:30:00",1413.66,1
16247,1,"2011-06-22 14:23:00",114.56,0
16248,1,"2011-10-09 11:32:00",152.94,0
16249,5,"2011-04-14 13:50:00",1800.07,1
16250,2,"2010-12-01 09:59:00",389.44,1
16253,2,"2011-03-29 13:33:00",3683.86,1
16255,8,"2010-12-09 14:25:00",2619.91,1
16256,1,"2011-03-18 12:18:00",752.43,0
16257,1,"2011-06-16 10:11:00",46.95,0
16258,5,"2011-05-04 14:33:00",5203.51,1
16260,1,"2011-10-20 09:40:00",1035.45,0
16261,4,"2011-04-07 19:05:00",746.83,1
16265,9,"2010-12-10 10:21:00",5447.00,1
16266,7,"2011-05-17 14:50:00",861.89,1
16268,2,"2011-09-29 18:30:00",667.65,1
16270,1,"2010-12-21 14:26:00",1141.24,0
16271,5,"2010-12-16 16:36:00",1429.24,1
16272,1,"2011-08-15 10:53:00",411.70,0
16274,1,"2010-12-01 15:35:00",357.95,0
16275,1,"2011-05-27 12:41:00",559.87,0
16276,1,"2011-06-16 09:34:00",810.60,0
16278,1,"2011-08-31 17:12:00",566.38,0
16279,3,"2011-06-16 11:50:00",1509.58,1
16281,1,"2011-09-28 14:57:00",2062.06,0
16282,1,"2011-01-04 11:42:00",168.30,0
16283,5,"2011-05-15 13:37:00",1570.81,1
16284,2,"2011-10-20 13:54:00",823.97,1
16287,1,"2011-06-23 09:08:00",142.50,0
16292,1,"2011-08-10 12:24:00",302.25,0
16293,10,"2010-12-07 15:02:00",2248.99,1
16295,4,"2011-10-06 10:45:00",1328.55,1
16297,1,"2011-03-16 08:29:00",301.90,0
16298,3,"2011-06-06 10:06:00",598.20,1
16302,1,"2011-08-05 09:44:00",233.22,0
16303,3,"2011-01-10 14:16:00",5360.63,1
16305,1,"2011-07-24 12:18:00",361.22,0
16306,6,"2010-12-07 15:18:00",632.27,1
16308,4,"2011-03-23 14:46:00",2560.00,1
16309,2,"2011-04-13 11:46:00",706.57,1
16311,2,"2011-10-21 13:13:00",616.26,1
16313,2,"2011-10-21 09:04:00",274.15,1
16315,1,"2011-01-13 11:57:00",226.37,0
16316,8,"2010-12-16 14:26:00",2938.91,1
16317,3,"2011-02-15 14:30:00",1341.65,1
16318,1,"2011-11-04 13:05:00",328.15,0
16319,1,"2011-05-06 11:27:00",404.40,0
16320,2,"2011-05-10 15:31:00",1038.46,1
16321,5,"2011-01-20 12:11:00",373.65,1
16322,2,"2011-11-03 14:33:00",326.75,1
16323,1,"2011-05-27 14:48:00",207.50,0
16324,3,"2011-06-15 14:26:00",428.68,1
16325,3,"2011-04-08 09:20:00",594.24,1
16326,14,"2011-01-09 12:01:00",3110.96,1
16327,6,"2010-12-05 12:43:00",3844.22,1
16330,3,"2011-08-19 17:08:00",251.91,1
16332,7,"2011-02-07 14:16:00",1593.20,1
16333,22,"2011-02-03 10:50:00",26626.80,1
16337,1,"2011-11-03 10:03:00",151.05,0
16338,1,"2011-07-05 13:56:00",214.80,0
16339,1,"2011-02-28 13:41:00",109.95,0
16340,1,"2011-08-24 14:53:00",549.07,0
16341,4,"2011-05-22 13:20:00",1971.87,1
16342,4,"2011-06-13 10:10:00",322.41,1
16343,2,"2011-11-23 17:43:00",370.48,1
16344,1,"2011-07-04 15:50:00",101.10,0
16345,1,"2011-10-26 16:03:00",575.41,0
16347,2,"2011-11-03 13:01:00",887.65,1
16348,7,"2011-04-13 15:49:00",1469.45,1
16349,1,"2011-02-22 12:40:00",53.50,0
16350,4,"2011-01-10 09:44:00",1116.47,1
16351,1,"2011-01-11 10:26:00",153.90,0
16352,2,"2011-11-02 08:44:00",494.44,1
16353,23,"2010-12-05 12:09:00",6675.71,1
16354,2,"2011-09-27 16:28:00",395.80,1
16356,3,"2011-03-07 12:31:00",211.77,1
16357,3,"2011-05-10 10:35:00",658.88,1
16358,4,"2011-06-08 15:05:00",2027.50,1
16359,9,"2011-01-12 10:49:00",1750.92,1
16360,6,"2011-09-12 13:50:00",3512.53,1
16361,4,"2011-09-29 13:13:00",896.66,1
16362,5,"2011-09-09 14:47:00",734.77,1
16363,1,"2011-10-17 14:14:00",109.36,0
16364,2,"2011-07-25 14:35:00",707.04,1
16365,9,"2010-12-07 17:19:00",1540.42,1
16366,1,"2011-11-21 08:19:00",327.30,0
16367,2,"2010-12-12 12:01:00",804.49,1
16368,2,"2011-11-11 15:08:00",497.43,1
16369,3,"2011-05-27 09:39:00",1553.66,1
16370,4,"2011-04-28 16:40:00",1320.56,1
16372,2,"2011-11-06 12:50:00",367.93,1
16374,2,"2011-03-22 13:46:00",473.03,1
16376,2,"2011-11-22 16:47:00",987.01,1
16377,1,"2011-03-17 15:41:00",676.20,0
16378,3,"2011-02-02 12:42:00",362.95,1
16379,4,"2011-09-22 09:33:00",2157.40,1
16380,1,"2011-10-09 15:40:00",1780.59,0
16383,2,"2011-03-16 13:00:00",668.36,1
16384,2,"2011-03-21 10:13:00",584.50,1
16385,3,"2010-12-08 12:56:00",555.89,1
16386,2,"2011-03-31 12:19:00",317.20,1
16387,1,"2011-01-21 11:34:00",94.36,0
16389,4,"2011-03-01 15:47:00",1382.07,1
16392,1,"2011-03-15 12:11:00",221.19,0
16393,13,"2010-12-05 13:10:00",3046.21,1
16394,5,"2011-02-23 10:58:00",1555.34,1
16395,5,"2011-01-13 12:10:00",1486.90,1
16398,2,"2011-03-31 09:38:00",1705.80,1
16399,2,"2011-04-18 13:46:00",408.57,1
16400,1,"2011-09-06 12:27:00",303.93,0
16401,12,"2011-01-16 10:56:00",4098.32,1
16402,2,"2010-12-05 13:42:00",299.60,1
16403,1,"2011-01-31 13:39:00",177.50,0
16404,1,"2011-09-30 14:55:00",443.05,0
16405,2,"2011-02-02 17:08:00",167.25,1
16406,1,"2011-11-21 11:57:00",163.07,0
16407,10,"2011-01-31 14:02:00",2126.93,1
16409,5,"2011-01-26 14:51:00",2028.88,1
16411,2,"2010-12-05 13:26:00",214.65,1
16412,1,"2011-10-17 12:35:00",151.83,0
16413,1,"2011-10-14 12:08:00",262.20,0
16414,2,"2011-03-04 13:27:00",126.25,1
16415,1,"2011-10-26 13:35:00",210.35,0
16416,3,"2011-10-14 13:35:00",1051.40,1
16418,3,"2011-04-27 16:54:00",675.27,1
16419,6,"2011-02-01 12:25:00",972.23,1
16422,51,"2010-12-05 15:35:00",34684.40,1
16423,1,"2011-11-15 09:21:00",346.12,0
16424,1,"2011-06-01 13:40:00",133.56,0
16425,1,"2011-02-10 14:30:00",302.70,0
16426,10,"2011-03-08 15:45:00",1908.25,1
16427,2,"2011-02-28 15:18:00",241.06,1
16429,1,"2011-08-25 13:54:00",284.55,0
16430,1,"2011-10-13 14:47:00",300.85,0
16431,3,"2011-02-15 14:02:00",642.81,1
16432,1,"2011-10-06 13:59:00",287.40,0
16433,1,"2011-11-11 14:09:00",184.26,0
16434,7,"2011-02-13 12:17:00",1522.25,1
16438,5,"2011-09-18 13:31:00",798.35,1
16440,5,"2011-05-09 12:25:00",3640.67,1
16441,2,"2011-02-21 17:35:00",381.20,1
16442,3,"2010-12-14 10:46:00",616.79,1
16444,4,"2011-03-20 12:14:00",654.67,1
16445,1,"2011-11-06 12:32:00",230.51,0
16446,2,"2011-05-18 09:52:00",168472.50,1
16447,1,"2011-07-27 12:45:00",259.01,0
16448,1,"2011-05-25 16:28:00",188.89,0
16449,2,"2011-03-04 12:15:00",707.69,1
16450,1,"2011-07-13 11:47:00",311.92,0
16451,1,"2011-09-13 09:17:00",266.97,0
16454,2,"2011-10-06 16:57:00",6.90,1
16455,7,"2010-12-03 16:44:00",1841.18,1
16456,5,"2010-12-01 14:11:00",2158.37,1
16457,1,"2011-05-05 13:19:00",208.36,0
16458,18,"2010-12-14 11:51:00",3482.74,1
16460,3,"2011-09-19 10:15:00",814.72,1
16461,1,"2011-06-15 12:07:00",151.42,0
16462,3,"2011-03-01 08:58:00",136.00,1
16463,4,"2011-05-19 14:45:00",1422.40,1
16464,3,"2011-07-20 13:53:00",1314.68,1
16466,7,"2011-02-20 11:39:00",1603.46,1
16468,1,"2011-09-26 14:13:00",74.90,0
16469,4,"2011-04-07 13:11:00",650.43,1
16470,4,"2010-12-16 11:53:00",762.39,1
16471,1,"2011-03-10 09:41:00",223.95,0
16473,3,"2011-01-07 10:55:00",316.11,1
16474,7,"2011-07-17 14:51:00",1871.50,1
16475,4,"2011-03-11 09:39:00",544.30,1
16477,7,"2010-12-03 12:48:00",2494.46,1
16478,3,"2011-10-05 12:02:00",331.00,1
16479,2,"2011-11-29 13:04:00",300.83,1
16480,1,"2011-09-25 11:40:00",769.29,0
16482,1,"2011-11-24 12:33:00",220.62,0
16483,1,"2011-05-31 13:08:00",139.35,0
16484,2,"2011-06-02 10:39:00",404.30,1
16485,1,"2011-09-23 15:50:00",363.65,0
16488,3,"2011-07-14 11:46:00",498.80,1
16491,1,"2011-10-24 10:18:00",731.50,0
16493,4,"2011-01-14 08:16:00",1351.63,1
16494,1,"2011-02-16 12:49:00",826.53,0
16495,3,"2011-03-08 16:38:00",684.41,1
16496,3,"2011-01-27 09:42:00",1599.52,1
16497,6,"2011-01-10 13:20:00",2965.69,1
16498,2,"2011-06-30 19:52:00",100.97,1
16499,2,"2010-12-10 10:27:00",365.45,1
16500,6,"2011-01-13 10:28:00",400.86,1
16503,4,"2010-12-14 13:50:00",1431.93,1
16504,1,"2011-11-14 15:18:00",484.38,0
16505,1,"2011-11-08 12:14:00",777.60,0
16506,2,"2011-10-30 15:50:00",90.30,1
16509,1,"2011-02-16 09:25:00",363.70,0
16510,1,"2010-12-02 13:39:00",248.10,0
16511,3,"2011-03-18 11:24:00",950.26,1
16513,4,"2011-10-27 14:56:00",874.59,1
16515,5,"2011-02-01 13:09:00",1627.13,1
16516,1,"2011-11-09 14:59:00",101.70,0
16517,1,"2011-03-07 13:50:00",162.70,0
16518,2,"2011-02-28 16:36:00",484.32,1
16519,2,"2010-12-09 14:08:00",215.08,1
16520,3,"2010-12-09 13:08:00",1046.57,1
16523,21,"2011-01-28 12:06:00",9418.47,1
16525,26,"2010-12-08 11:31:00",13027.45,1
16526,1,"2011-06-21 12:02:00",290.36,0
16527,1,"2011-09-19 16:21:00",228.06,0
16528,1,"2011-12-06 12:45:00",244.41,0
16529,1,"2011-06-02 17:23:00",455.25,0
16531,7,"2010-12-14 13:19:00",1244.59,1
16532,3,"2011-01-05 12:37:00",6748.80,1
16533,3,"2011-10-02 15:07:00",1095.56,1
16535,1,"2011-12-04 15:18:00",593.75,0
16536,1,"2011-08-21 15:54:00",548.97,0
16539,4,"2010-12-01 15:40:00",1388.81,1
16542,1,"2011-10-17 10:47:00",119.62,0
16545,1,"2011-06-28 10:37:00",339.30,0
16546,2,"2010-12-02 12:07:00",787.15,1
16549,10,"2011-01-09 14:03:00",4154.64,1
16550,5,"2010-12-06 13:53:00",2298.97,1
16551,3,"2011-01-07 10:24:00",922.12,1
16552,2,"2010-12-01 12:36:00",379.73,1
16553,12,"2010-12-14 13:58:00",5719.82,1
16554,3,"2011-01-12 12:41:00",837.10,1
16555,2,"2011-08-22 12:32:00",285.89,1
16556,7,"2010-12-14 13:32:00",3313.79,1
16557,2,"2011-07-25 13:28:00",281.85,1
16558,20,"2010-12-08 12:01:00",8338.49,1
16560,2,"2010-12-16 14:36:00",841.41,1
16561,2,"2011-10-11 09:53:00",511.12,1
16563,1,"2011-10-17 11:51:00",1077.74,0
16565,1,"2010-12-10 15:21:00",173.70,0
16566,5,"2011-02-20 10:29:00",614.66,1
16567,2,"2011-01-07 09:31:00",865.60,1
16569,1,"2011-12-06 15:32:00",124.20,0
16570,10,"2011-02-01 10:37:00",3738.40,1
16571,3,"2011-03-03 09:41:00",1421.69,1
16572,3,"2011-03-09 12:04:00",1009.60,1
16573,2,"2011-02-22 15:14:00",663.61,1
16574,1,"2011-09-29 13:39:00",451.44,0
16581,1,"2011-06-10 10:05:00",105.84,0
16582,1,"2011-08-18 17:02:00",313.62,0
16583,1,"2010-12-01 12:03:00",233.45,0
16584,2,"2011-03-30 13:14:00",936.08,1
16586,1,"2011-04-05 09:32:00",463.95,0
16587,1,"2011-04-21 15:51:00",225.15,0
16589,3,"2011-07-01 13:31:00",459.24,1
16591,1,"2011-10-02 10:43:00",213.50,0
16592,16,"2011-02-25 10:19:00",4113.68,1
16593,3,"2011-01-16 12:11:00",330.03,1
16594,1,"2011-09-25 14:08:00",181.09,0
16595,1,"2011-10-09 13:15:00",360.16,0
16596,2,"2010-12-08 16:18:00",250.15,1
16597,1,"2011-12-05 15:44:00",90.04,0
16598,1,"2011-02-27 11:42:00",145.05,0
16600,6,"2011-01-05 12:13:00",813.52,1
16601,1,"2011-10-30 11:09:00",244.80,0
16602,1,"2011-11-03 15:54:00",528.08,0
16603,2,"2011-09-09 13:02:00",482.47,1
16607,14,"2010-12-16 08:41:00",3347.71,1
16609,7,"2011-04-01 10:11:00",5493.46,1
16610,1,"2011-05-04 13:13:00",75.66,0
16611,1,"2011-06-06 15:46:00",129.49,0
16612,4,"2011-02-01 10:38:00",1187.66,1
16613,1,"2011-09-30 15:52:00",618.59,0
16614,1,"2011-06-10 11:36:00",506.19,0
16616,2,"2011-07-05 13:38:00",500.42,1
16617,1,"2011-04-18 10:35:00",151.85,0
16618,5,"2011-01-21 11:55:00",2647.59,1
16619,1,"2011-03-21 08:18:00",226.21,0
16620,2,"2011-03-24 10:37:00",178.96,1
16621,4,"2011-03-07 11:32:00",813.48,1
16623,1,"2011-04-08 10:09:00",129.45,0
16624,2,"2011-05-26 14:20:00",810.57,1
16625,1,"2011-03-10 12:50:00",333.08,0
16626,17,"2011-03-18 12:27:00",4413.10,1
16627,1,"2011-09-21 14:38:00",322.80,0
16628,5,"2011-04-19 08:55:00",2188.05,1
16629,2,"2011-09-04 16:12:00",417.73,1
16633,6,"2011-04-19 14:36:00",2883.10,1
16634,2,"2010-12-02 17:41:00",217.90,1
16637,4,"2011-04-28 10:20:00",1154.47,1
16638,10,"2010-12-06 10:19:00",1680.72,1
16639,3,"2011-04-18 09:31:00",1257.51,1
16641,1,"2011-08-26 12:49:00",231.10,0
16642,2,"2011-05-16 12:35:00",688.33,1
16643,1,"2011-04-08 08:24:00",487.51,0
16644,2,"2011-05-11 12:53:00",833.78,1
16647,2,"2011-05-19 09:31:00",214.06,1
16648,1,"2011-10-28 08:58:00",290.66,0
16650,1,"2011-09-29 09:51:00",518.42,0
16652,7,"2011-03-11 13:13:00",6773.97,1
16653,2,"2011-09-29 13:38:00",1212.66,1
16654,4,"2010-12-06 15:09:00",601.27,1
16655,6,"2011-01-12 10:16:00",3794.52,1
16656,15,"2010-12-10 11:23:00",8625.80,1
16657,4,"2011-03-30 12:02:00",933.62,1
16658,1,"2010-12-06 13:47:00",123.24,0
16659,1,"2011-06-03 15:03:00",39.12,0
16660,4,"2011-01-24 12:44:00",1267.65,1
16665,1,"2010-12-12 14:03:00",135.40,0
16666,1,"2011-11-20 14:01:00",118.98,0
16667,2,"2011-02-28 12:57:00",570.13,1
16668,6,"2011-02-28 12:46:00",306.72,1
16669,3,"2011-09-22 14:13:00",1374.87,1
16670,11,"2010-12-16 10:30:00",4095.90,1
16671,3,"2011-06-28 11:20:00",1692.27,1
16672,20,"2011-03-18 10:15:00",8134.94,1
16674,2,"2011-09-02 13:59:00",319.61,1
16676,4,"2011-01-06 13:00:00",1592.12,1
16678,12,"2011-03-02 09:24:00",3109.99,1
16679,1,"2010-12-08 13:51:00",129.75,0
16680,1,"2011-10-27 17:35:00",183.70,0
16681,6,"2011-03-31 13:46:00",1770.34,1
16682,5,"2011-06-05 11:02:00",1028.00,1
16684,28,"2010-12-16 17:34:00",66653.56,1
16685,2,"2011-10-09 13:44:00",324.24,1
16686,7,"2010-12-19 14:41:00",3062.83,1
16688,4,"2011-10-10 12:23:00",1260.86,1
16689,2,"2011-09-18 13:29:00",422.60,1
16690,2,"2011-05-22 10:53:00",225.58,1
16692,2,"2011-02-23 15:41:00",1276.00,1
16693,2,"2011-03-13 11:06:00",482.01,1
16696,4,"2011-04-05 15:20:00",657.90,1
16697,1,"2011-04-12 17:12:00",112.75,0
16698,2,"2011-03-31 13:33:00",1998.00,1
16700,13,"2010-12-08 16:34:00",5076.55,1
16701,13,"2010-12-13 11:51:00",5398.30,1
16705,20,"2010-12-16 10:51:00",14034.99,1
16706,3,"2011-08-17 15:53:00",531.35,1
16708,1,"2011-10-25 12:20:00",656.63,0
16709,5,"2011-03-03 10:55:00",3029.87,1
16710,10,"2010-12-06 13:13:00",2483.04,1
16711,5,"2010-12-17 12:43:00",1651.03,1
16712,11,"2011-03-08 15:07:00",3645.43,1
16713,15,"2010-12-08 13:01:00",6923.13,1
16714,3,"2011-01-26 13:40:00",1161.53,1
16715,1,"2011-09-22 18:15:00",301.72,0
16716,2,"2011-02-01 15:35:00",901.20,1
16717,6,"2010-12-08 16:48:00",3858.38,1
16718,1,"2010-12-05 13:03:00",623.75,0
16719,7,"2010-12-06 12:06:00",1790.42,1
16720,1,"2011-11-13 16:22:00",155.24,0
16721,1,"2011-03-22 16:08:00",292.47,0
16722,13,"2010-12-06 12:59:00",4730.81,1
16723,2,"2011-08-24 11:31:00",589.15,1
16725,7,"2010-12-03 16:02:00",781.02,1
16726,5,"2010-12-13 13:28:00",1382.02,1
16727,1,"2010-12-10 13:48:00",272.82,0
16728,4,"2011-03-20 13:28:00",1054.67,1
16729,21,"2011-04-12 14:22:00",7239.92,1
16730,3,"2011-01-24 14:01:00",743.11,1
16732,1,"2011-11-08 09:54:00",603.75,0
16734,3,"2011-08-17 15:00:00",650.51,1
16735,5,"2011-01-09 12:53:00",2300.56,1
16737,1,"2011-10-17 13:03:00",417.60,0
16738,1,"2011-02-15 09:46:00",3.75,0
16739,1,"2011-06-16 09:17:00",323.00,0
16742,1,"2011-10-24 12:02:00",464.90,0
16743,7,"2010-12-16 12:15:00",2238.09,1
16744,7,"2011-06-19 15:13:00",1304.76,1
16745,17,"2011-02-01 11:31:00",7194.30,1
16746,18,"2010-12-16 11:43:00",6697.66,1
16747,2,"2011-10-03 10:18:00",836.06,1
16748,5,"2011-01-09 13:50:00",1515.90,1
16750,5,"2011-04-21 16:53:00",623.93,1
16751,1,"2011-11-09 10:48:00",1764.72,0
16752,1,"2010-12-02 12:18:00",207.50,0
16753,1,"2011-10-12 13:14:00",223.92,0
16754,1,"2010-12-02 17:38:00",2002.40,0
16755,3,"2011-01-28 10:47:00",1496.83,1
16756,1,"2011-05-09 09:33:00",239.40,0
16757,1,"2011-01-25 11:59:00",106.83,0
16758,1,"2011-10-05 14:47:00",369.34,0
16759,3,"2011-11-09 09:06:00",789.79,1
16761,1,"2011-09-04 11:15:00",316.62,0
16762,3,"2011-07-18 12:52:00",1501.38,1
16763,1,"2011-05-25 11:52:00",611.85,0
16764,13,"2011-07-19 17:17:00",2799.25,1
16765,1,"2011-02-18 15:41:00",34.00,0
16766,2,"2011-03-11 13:34:00",1145.60,1
16767,11,"2011-01-27 13:38:00",5580.60,1
16768,3,"2011-03-13 10:25:00",478.09,1
16769,1,"2011-03-24 13:41:00",380.39,0
16770,5,"2010-12-02 15:49:00",770.10,1
16771,5,"2011-01-05 13:57:00",2246.81,1
16773,1,"2011-10-13 14:37:00",171.59,0
16774,4,"2011-06-14 12:45:00",661.52,1
16775,11,"2010-12-07 15:15:00",1695.66,1
16776,1,"2011-10-10 13:04:00",388.28,0
16777,2,"2011-03-27 14:34:00",226.35,1
16778,2,"2011-03-10 15:21:00",245.94,1
16779,22,"2010-12-08 09:56:00",10629.72,1
16780,2,"2011-03-25 17:34:00",425.19,1
16781,1,"2010-12-02 14:26:00",311.25,0
16782,13,"2010-12-09 11:28:00",2279.90,1
16784,1,"2011-11-20 12:20:00",107.60,0
16788,2,"2011-03-30 13:05:00",597.48,1
16789,1,"2011-12-01 15:12:00",80.80,0
16790,6,"2011-11-02 11:23:00",1545.62,1
16791,7,"2011-01-11 15:42:00",1721.78,1
16792,2,"2011-03-02 14:39:00",110.38,1
16793,1,"2011-10-13 15:08:00",243.84,0
16794,10,"2011-06-12 14:15:00",1222.71,1
16795,1,"2010-12-09 14:08:00",414.88,0
16796,1,"2011-09-11 14:01:00",305.62,0
16800,1,"2011-11-28 14:06:00",1201.49,0
16801,4,"2011-03-11 13:56:00",1619.73,1
16803,1,"2011-10-05 14:28:00",332.30,0
16804,3,"2011-03-14 15:48:00",536.99,1
16805,2,"2010-12-14 13:35:00",460.59,1
16806,4,"2011-04-14 19:59:00",801.49,1
16807,3,"2011-03-14 09:46:00",1121.59,1
16808,2,"2011-03-10 19:05:00",288.42,1
16809,5,"2011-03-22 15:20:00",914.69,1
16810,1,"2011-05-31 15:32:00",309.54,0
16811,2,"2011-11-22 17:19:00",547.07,1
16812,1,"2010-12-14 12:35:00",479.35,0
16813,10,"2011-05-19 13:28:00",1692.98,1
16814,21,"2010-12-05 11:45:00",6509.10,1
16816,4,"2010-12-16 17:01:00",417.06,1
16817,9,"2010-12-06 14:19:00",1604.75,1
16818,11,"2011-05-18 11:42:00",3349.57,1
16820,1,"2011-09-05 12:06:00",497.61,0
16823,1,"2011-04-26 15:00:00",358.38,0
16824,2,"2011-06-28 13:36:00",460.64,1
16825,2,"2011-06-07 09:44:00",775.18,1
16826,1,"2011-10-19 14:05:00",341.70,0
16828,2,"2011-08-19 13:24:00",128.50,1
16829,1,"2011-07-06 10:48:00",197.22,0
16830,1,"2011-11-01 11:35:00",325.91,0
16832,3,"2011-05-06 14:12:00",199.15,1
16833,4,"2011-01-09 13:02:00",1106.53,1
16834,1,"2011-04-26 09:37:00",413.46,0
16835,2,"2010-12-01 17:15:00",180.85,1
16836,2,"2011-08-15 12:38:00",251.87,1
16837,11,"2011-04-08 08:48:00",3170.98,1
16838,2,"2011-02-24 15:01:00",588.85,1
16839,34,"2010-12-05 11:15:00",16594.35,1
16841,6,"2011-02-25 12:40:00",1869.82,1
16842,3,"2011-02-10 14:51:00",1264.19,1
16843,16,"2011-01-16 16:10:00",10196.57,1
16846,1,"2011-10-20 13:55:00",214.32,0
16847,1,"2011-10-27 13:29:00",193.44,0
16848,1,"2011-10-18 08:42:00",281.42,0
16849,1,"2011-06-06 09:16:00",124.57,0
16850,1,"2011-01-10 11:09:00",332.41,0
16851,3,"2011-10-19 09:48:00",342.45,1
16852,2,"2011-06-16 15:49:00",144.91,1
16855,2,"2011-10-27 16:31:00",328.40,1
16856,1,"2011-11-25 08:59:00",35.40,0
16858,1,"2010-12-06 09:52:00",375.69,0
16859,2,"2011-03-23 13:39:00",747.81,1
16861,2,"2011-07-04 15:38:00",173.76,1
16863,2,"2010-12-08 08:58:00",502.80,1
16866,3,"2011-07-01 12:34:00",207.74,1
16869,4,"2011-06-17 13:01:00",825.42,1
16871,6,"2011-03-14 10:31:00",2812.34,1
16872,3,"2011-06-08 14:32:00",680.02,1
16873,6,"2010-12-10 15:45:00",7123.62,1
16875,5,"2011-01-04 10:37:00",2095.53,1
16877,6,"2011-05-15 16:13:00",853.72,1
16878,1,"2011-09-16 17:39:00",13.30,0
16880,7,"2011-06-03 16:45:00",1519.08,1
16881,1,"2011-10-04 10:33:00",432.00,0
16882,3,"2011-01-26 17:43:00",705.12,1
16883,2,"2010-12-03 10:33:00",276.73,1
16884,2,"2011-11-02 10:16:00",429.84,1
16885,3,"2010-12-17 17:23:00",471.51,1
16887,1,"2011-11-04 14:07:00",194.88,0
16889,3,"2011-01-07 10:47:00",1578.67,1
16891,5,"2010-12-03 11:35:00",809.70,1
16892,5,"2011-06-09 11:35:00",525.54,1
16893,1,"2010-12-08 12:06:00",145.93,0
16895,1,"2011-10-06 12:15:00",219.14,0
16897,2,"2011-01-30 11:52:00",289.78,1
16898,3,"2010-12-06 12:23:00",508.81,1
16899,6,"2010-12-14 13:11:00",1281.56,1
16900,3,"2011-10-07 13:17:00",887.11,1
16902,1,"2011-08-15 14:17:00",1706.88,0
16903,1,"2011-11-10 15:32:00",373.24,0
16904,16,"2010-12-07 13:29:00",3754.27,1
16905,7,"2010-12-03 10:43:00",3102.43,1
16906,4,"2011-04-05 12:30:00",579.77,1
16907,5,"2010-12-09 16:52:00",981.65,1
16909,1,"2011-09-28 16:45:00",379.14,0
16910,8,"2011-09-09 14:14:00",1510.06,1
16912,11,"2011-01-20 15:42:00",2575.38,1
16913,1,"2011-02-22 12:56:00",113.44,0
16914,1,"2011-11-03 15:27:00",208.46,0
16915,6,"2011-03-01 09:52:00",621.68,1
16916,2,"2010-12-02 13:14:00",576.26,1
16917,1,"2011-03-08 11:55:00",391.52,0
16918,6,"2011-01-26 17:37:00",1068.82,1
16919,11,"2010-12-06 12:52:00",2596.45,1
16921,1,"2011-10-09 16:22:00",169.79,0
16923,19,"2010-12-12 11:06:00",7247.61,1
16924,3,"2011-09-16 12:54:00",846.75,1
16926,1,"2010-12-03 13:42:00",230.25,0
16927,3,"2010-12-13 11:57:00",543.05,1
16928,17,"2010-12-01 15:21:00",2847.60,1
16929,7,"2011-07-07 12:39:00",1295.39,1
16930,3,"2011-10-02 14:25:00",380.55,1
16931,21,"2010-12-05 11:40:00",4604.22,1
16932,1,"2011-10-17 14:12:00",161.94,0
16933,2,"2011-04-14 13:33:00",563.23,1
16934,2,"2011-10-16 12:25:00",950.93,1
16936,1,"2011-11-14 11:04:00",262.68,0
16938,4,"2011-02-04 09:34:00",2736.38,1
16940,3,"2011-02-23 12:27:00",3049.88,1
16942,9,"2011-04-26 11:59:00",1920.59,1
16943,3,"2011-01-25 14:00:00",816.73,1
16945,19,"2010-12-16 17:49:00",4345.50,1
16947,1,"2011-04-18 09:38:00",406.48,0
16948,3,"2011-01-18 10:58:00",435.02,1
16949,6,"2011-01-27 12:11:00",1286.27,1
16950,3,"2010-12-07 15:20:00",1178.56,1
16951,3,"2011-02-08 14:58:00",1277.75,1
16952,2,"2011-08-22 12:58:00",167.61,1
16953,1,"2011-11-09 15:54:00",20.80,0
16954,9,"2010-12-15 10:41:00",2085.08,1
16955,4,"2010-12-01 13:31:00",518.67,1
16956,1,"2011-11-22 08:56:00",308.74,0
16957,2,"2011-03-03 09:25:00",416.64,1
16959,1,"2011-09-13 15:03:00",117.35,0
16960,3,"2011-04-01 11:54:00",507.05,1
16961,1,"2011-08-15 13:46:00",234.17,0
16963,1,"2011-06-05 13:48:00",110.55,0
16965,1,"2011-04-27 12:08:00",201.19,0
16966,7,"2011-04-13 14:17:00",2154.97,1
16967,1,"2011-06-03 14:24:00",319.02,0
16968,2,"2011-08-24 10:51:00",439.43,1
16969,3,"2011-06-01 12:10:00",650.41,1
16971,1,"2011-11-01 15:06:00",357.21,0
16976,1,"2011-03-17 16:33:00",251.52,0
16978,1,"2011-09-23 12:50:00",344.33,0
16979,6,"2011-02-15 09:20:00",1852.00,1
16980,2,"2011-02-21 12:58:00",1078.96,1
16982,1,"2011-10-10 12:28:00",384.06,0
16983,7,"2010-12-05 12:34:00",1931.25,1
16984,2,"2011-08-01 17:37:00",4481.35,1
16985,10,"2010-12-16 10:38:00",5464.12,1
16986,2,"2011-11-09 15:52:00",1873.20,1
16987,7,"2011-05-18 15:55:00",1625.05,1
16988,1,"2011-12-04 16:02:00",126.12,0
16989,6,"2011-07-12 09:11:00",1133.25,1
16990,1,"2011-05-05 08:30:00",179.00,0
16992,5,"2011-02-28 10:37:00",1614.31,1
16996,6,"2010-12-21 13:22:00",1456.96,1
16997,3,"2011-01-18 11:51:00",702.00,1
16998,4,"2011-02-08 15:42:00",295.00,1
16999,2,"2011-09-26 15:43:00",484.82,1
17001,11,"2010-12-16 09:35:00",3989.57,1
17002,3,"2011-02-22 11:46:00",1493.73,1
17004,2,"2011-09-08 12:16:00",1412.94,1
17006,4,"2011-09-25 12:15:00",781.78,1
17007,6,"2010-12-17 13:57:00",889.93,1
17010,1,"2011-11-21 14:49:00",195.36,0
17011,1,"2011-11-09 13:30:00",270.90,0
17014,3,"2011-10-04 11:36:00",586.33,1
17015,3,"2011-06-07 13:19:00",1842.56,1
17017,20,"2010-12-02 10:17:00",8694.26,1
17018,2,"2011-01-18 08:46:00",920.10,1
17019,4,"2010-12-06 12:55:00",1272.61,1
17022,1,"2011-11-08 17:09:00",71.00,0
17024,3,"2011-07-05 09:31:00",95.85,1
17025,3,"2010-12-01 15:45:00",357.77,1
17026,2,"2010-12-05 12:47:00",154.83,1
17027,6,"2011-01-26 14:19:00",890.29,1
17029,2,"2011-04-17 10:57:00",716.00,1
17030,1,"2011-10-07 08:49:00",146.87,0
17031,2,"2011-07-08 09:38:00",380.35,1
17033,3,"2010-12-15 13:21:00",1030.14,1
17034,3,"2011-02-25 10:10:00",745.52,1
17035,2,"2011-02-01 12:27:00",433.53,1
17037,1,"2011-09-13 12:49:00",1267.32,0
17038,1,"2011-11-09 13:50:00",112.40,0
17040,1,"2011-07-25 10:19:00",449.73,0
17041,3,"2010-12-14 11:43:00",1081.57,1
17042,5,"2011-04-06 14:53:00",1044.38,1
17043,4,"2011-03-18 14:53:00",1735.18,1
17044,1,"2011-11-14 14:28:00",948.48,0
17045,3,"2011-04-06 12:08:00",339.44,1
17046,1,"2011-07-05 14:24:00",642.02,0
17047,3,"2011-05-18 16:50:00",1100.90,1
17048,3,"2011-01-12 16:51:00",925.35,1
17049,9,"2011-03-09 08:33:00",5659.98,1
17050,6,"2011-02-13 12:41:00",3228.84,1
17051,1,"2011-05-29 14:13:00",247.14,0
17052,1,"2011-11-11 14:50:00",413.75,0
17053,1,"2011-08-01 10:23:00",498.48,0
17054,5,"2011-04-08 13:14:00",1356.33,1
17058,3,"2011-04-14 09:18:00",1179.89,1
17059,5,"2010-12-05 12:35:00",3095.04,1
17060,1,"2011-03-18 13:27:00",234.24,0
17061,11,"2011-04-21 13:29:00",5232.23,1
17062,4,"2010-12-05 11:59:00",538.37,1
17063,7,"2011-02-23 13:44:00",1461.14,1
17064,3,"2011-01-16 16:10:00",859.35,1
17068,21,"2010-12-06 13:58:00",4552.14,1
17069,9,"2010-12-01 16:49:00",2709.70,1
17070,1,"2011-08-17 17:01:00",312.14,0
17071,9,"2011-02-03 08:18:00",2429.03,1
17073,4,"2011-08-22 14:37:00",1446.09,1
17075,4,"2011-01-26 13:20:00",834.12,1
17076,3,"2010-12-10 10:08:00",841.08,1
17078,2,"2011-11-03 18:49:00",378.20,1
17079,1,"2011-09-22 15:34:00",118.80,0
17080,2,"2011-03-15 12:05:00",287.62,1
17081,2,"2011-10-24 13:08:00",290.16,1
17082,2,"2011-01-25 14:36:00",2003.85,1
17083,3,"2011-02-09 11:38:00",1405.78,1
17084,2,"2011-11-04 14:49:00",2949.75,1
17085,5,"2010-12-12 12:24:00",1566.65,1
17086,6,"2011-10-07 11:22:00",2050.08,1
17088,4,"2011-03-31 09:48:00",1991.01,1
17090,7,"2010-12-20 13:52:00",2043.95,1
17091,9,"2010-12-07 09:55:00",3827.76,1
17092,4,"2011-03-07 14:51:00",1777.78,1
17094,1,"2011-01-21 13:09:00",302.00,0
17095,3,"2011-01-09 11:05:00",1324.16,1
17096,4,"2011-03-23 12:05:00",1022.13,1
17097,8,"2010-12-09 14:55:00",954.42,1
17100,2,"2011-11-21 16:36:00",971.74,1
17101,4,"2011-06-14 14:49:00",1621.73,1
17102,1,"2011-03-23 10:08:00",25.50,0
17105,2,"2011-02-06 14:46:00",665.78,1
17107,6,"2011-03-06 15:17:00",10815.43,1
17109,6,"2011-04-21 15:46:00",885.04,1
17110,1,"2011-06-27 12:58:00",163.30,0
17111,1,"2011-10-23 15:59:00",248.61,0
17114,8,"2011-01-09 11:39:00",808.62,1
17115,3,"2011-04-20 14:46:00",837.50,1
17117,1,"2011-02-24 13:54:00",116.20,0
17118,1,"2011-01-26 12:19:00",157.02,0
17119,2,"2011-10-11 11:03:00",606.91,1
17120,1,"2011-04-20 15:21:00",307.46,0
17122,1,"2011-08-12 14:33:00",138.32,0
17123,1,"2011-07-01 10:47:00",345.30,0
17124,1,"2011-06-07 14:02:00",298.89,0
17125,1,"2011-10-20 14:41:00",259.35,0
17126,5,"2010-12-12 11:26:00",1004.75,1
17128,1,"2011-01-09 12:02:00",157.09,0
17131,5,"2011-09-25 12:42:00",2463.17,1
17133,7,"2011-03-18 13:47:00",4892.24,1
17134,2,"2011-03-20 11:56:00",425.00,1
17135,7,"2010-12-03 09:31:00",1139.73,1
17138,1,"2011-03-09 11:54:00",380.50,0
17139,12,"2011-02-24 09:32:00",10668.47,1
17140,1,"2011-04-06 13:33:00",465.32,0
17142,1,"2011-04-14 18:22:00",579.00,0
17144,2,"2011-09-16 12:50:00",984.57,1
17146,3,"2010-12-16 12:20:00",749.78,1
17147,4,"2011-02-01 09:36:00",1714.59,1
17148,1,"2011-10-19 09:59:00",124.88,0
17152,3,"2011-03-21 16:20:00",1689.50,1
17153,1,"2011-11-15 13:42:00",213.78,0
17154,1,"2011-09-25 13:42:00",329.34,0
17155,2,"2011-06-15 10:22:00",251.70,1
17157,2,"2011-06-16 15:08:00",319.00,1
17158,3,"2010-12-14 13:03:00",1266.97,1
17159,3,"2011-06-21 09:49:00",1538.88,1
17160,6,"2011-04-12 12:00:00",3518.03,1
17162,10,"2011-02-07 12:27:00",1715.46,1
17163,2,"2011-09-22 15:54:00",293.10,1
17164,7,"2011-03-11 14:26:00",2467.35,1
17165,1,"2011-02-28 16:39:00",158.68,0
17166,2,"2011-05-20 08:18:00",206.34,1
17169,2,"2011-06-09 13:16:00",835.78,1
17171,1,"2011-02-23 16:37:00",224.91,0
17172,1,"2011-09-22 09:36:00",317.76,0
17173,8,"2011-07-31 15:26:00",3766.60,1
17174,1,"2011-05-06 11:47:00",59.90,0
17175,4,"2011-02-16 14:56:00",1443.69,1
17176,1,"2011-05-22 12:41:00",306.13,0
17179,3,"2010-12-13 14:24:00",711.79,1
17180,4,"2011-01-27 18:05:00",796.03,1
17181,2,"2010-12-01 12:38:00",239.92,1
17183,6,"2011-08-26 15:25:00",3347.31,1
17186,2,"2011-10-10 12:52:00",144.00,1
17187,1,"2011-04-27 12:39:00",203.95,0
17188,7,"2010-12-12 12:56:00",2474.23,1
17189,2,"2010-12-15 17:28:00",384.40,1
17190,2,"2011-05-16 15:29:00",444.74,1
17191,7,"2010-12-06 14:36:00",2095.13,1
17193,7,"2011-06-16 10:04:00",1699.30,1
17194,2,"2010-12-14 12:06:00",262.62,1
17197,1,"2011-11-10 10:32:00",1013.01,0
17198,3,"2010-12-03 14:54:00",692.22,1
17201,1,"2011-10-17 11:55:00",342.63,0
17203,6,"2011-10-10 14:37:00",3563.85,1
17204,4,"2011-03-21 12:42:00",1564.56,1
17205,1,"2011-10-17 12:46:00",384.08,0
17206,1,"2011-10-17 13:25:00",204.24,0
17211,8,"2010-12-05 12:44:00",2317.22,1
17212,1,"2011-03-31 19:42:00",226.85,0
17213,7,"2010-12-08 13:03:00",2781.23,1
17214,6,"2010-12-15 15:14:00",1069.12,1
17217,1,"2011-04-19 17:19:00",113.50,0
17218,10,"2010-12-06 15:25:00",1960.72,1
17219,1,"2011-11-08 11:25:00",114.23,0
17220,14,"2010-12-10 14:54:00",3198.25,1
17221,2,"2011-11-03 17:39:00",335.13,1
17222,1,"2011-10-05 13:58:00",354.15,0
17223,2,"2010-12-06 14:08:00",426.79,1
17226,1,"2011-02-04 11:52:00",393.49,0
17227,6,"2010-12-06 11:16:00",939.32,1
17228,8,"2010-12-02 16:00:00",1906.09,1
17229,2,"2011-07-20 12:38:00",318.76,1
17230,8,"2010-12-15 11:22:00",3638.41,1
17231,10,"2010-12-13 14:16:00",3174.32,1
17232,2,"2011-11-25 12:24:00",421.52,1
17233,1,"2011-11-04 14:06:00",190.88,0
17234,1,"2011-06-10 11:20:00",149.89,0
17235,2,"2010-12-02 13:38:00",550.06,1
17236,6,"2010-12-12 11:49:00",916.13,1
17237,2,"2011-11-17 12:55:00",314.69,1
17238,17,"2010-12-03 15:05:00",3744.65,1
17239,1,"2011-01-31 09:41:00",382.50,0
17242,2,"2011-06-12 13:04:00",1135.04,1
17243,26,"2010-12-05 10:03:00",8676.85,1
17244,1,"2011-10-17 15:19:00",954.90,0
17245,1,"2011-05-19 10:43:00",171.45,0
17247,1,"2011-11-24 15:21:00",282.19,0
17248,1,"2011-08-11 13:34:00",318.65,0
17250,2,"2011-03-23 16:45:00",384.52,1
17251,1,"2010-12-12 11:06:00",283.28,0
17252,2,"2011-06-06 16:41:00",353.86,1
17253,1,"2011-11-21 12:59:00",178.26,0
17254,2,"2011-11-24 14:09:00",272.44,1
17255,2,"2011-02-13 15:18:00",298.41,1
17256,2,"2011-01-31 14:53:00",240.00,1
17259,2,"2010-12-06 12:55:00",603.37,1
17262,5,"2010-12-08 13:30:00",1253.36,1
17263,1,"2011-05-15 14:32:00",63.44,0
17265,2,"2011-06-12 12:00:00",562.90,1
17266,3,"2011-07-15 11:57:00",310.64,1
17267,2,"2011-08-04 17:19:00",317.62,1
17268,4,"2011-04-08 13:20:00",763.64,1
17272,4,"2011-03-22 12:05:00",2148.63,1
17274,1,"2011-11-04 13:16:00",111.98,0
17277,2,"2011-01-21 12:37:00",1065.35,1
17278,1,"2011-04-12 13:10:00",246.04,0
17279,1,"2011-10-13 11:58:00",187.83,0
17282,3,"2011-02-13 11:36:00",1703.41,1
17284,6,"2011-01-07 14:31:00",1652.58,1
17286,1,"2011-11-18 12:47:00",153.92,0
17287,7,"2010-12-02 12:22:00",1064.11,1
17288,7,"2010-12-16 13:33:00",1419.73,1
17289,3,"2011-06-12 13:51:00",944.41,1
17290,2,"2011-11-23 15:53:00",525.24,1
17291,1,"2011-02-04 13:04:00",550.80,0
17293,9,"2010-12-13 14:55:00",1875.11,1
17295,3,"2011-10-06 12:22:00",556.95,1
17297,1,"2011-11-22 14:43:00",131.78,0
17298,2,"2011-08-07 12:21:00",498.42,1
17299,4,"2011-06-19 16:04:00",669.11,1
17301,1,"2011-11-18 13:43:00",197.63,0
17302,5,"2011-02-07 10:14:00",1135.63,1
17303,1,"2010-12-13 13:32:00",250.04,0
17306,19,"2010-12-21 13:34:00",8631.31,1
17309,1,"2011-09-05 15:20:00",82.75,0
17311,2,"2011-01-27 10:56:00",1384.85,1
17312,3,"2011-07-03 13:12:00",644.30,1
17313,1,"2011-11-08 15:45:00",2328.84,0
17314,8,"2011-01-31 11:25:00",2527.92,1
17315,38,"2010-12-17 12:24:00",6292.26,1
17317,3,"2011-09-11 12:45:00",2600.34,1
17320,3,"2010-12-06 15:38:00",1200.62,1
17321,2,"2011-10-03 11:34:00",700.86,1
17323,7,"2011-02-20 14:38:00",921.07,1
17324,4,"2010-12-08 12:45:00",990.23,1
17325,1,"2011-03-04 13:09:00",96.80,0
17329,2,"2011-01-28 15:29:00",523.11,1
17330,2,"2011-10-03 11:26:00",363.90,1
17331,1,"2011-08-08 11:55:00",175.20,0
17333,1,"2011-09-15 10:11:00",494.25,0
17334,2,"2011-02-04 09:03:00",307.02,1
17337,4,"2011-02-02 17:06:00",2027.87,1
17338,8,"2010-12-13 12:57:00",6643.93,1
17339,2,"2010-12-09 14:44:00",243.36,1
17340,11,"2010-12-08 15:56:00",12353.29,1
17341,3,"2010-12-08 12:46:00",781.36,1
17343,1,"2010-12-19 15:07:00",193.64,0
17344,1,"2011-10-24 12:56:00",160.57,0
17345,4,"2011-05-27 12:26:00",537.74,1
17346,15,"2010-12-01 14:34:00",2676.56,1
17347,1,"2011-09-14 13:12:00",228.96,0
17348,5,"2011-02-15 10:49:00",1159.52,1
17349,1,"2011-06-13 14:29:00",110.75,0
17350,4,"2011-10-19 16:05:00",1286.07,1
17351,3,"2011-03-11 16:05:00",587.15,1
17353,2,"2011-07-08 16:17:00",1740.00,1
17354,1,"2011-10-20 10:34:00",1393.06,0
17356,1,"2011-02-01 11:07:00",178.22,0
17357,2,"2011-11-15 16:29:00",388.14,1
17358,2,"2010-12-19 14:16:00",365.85,1
17359,1,"2011-11-28 14:37:00",127.86,0
17360,3,"2011-06-08 17:09:00",585.79,1
17361,3,"2011-02-21 09:55:00",488.20,1
17362,2,"2011-02-03 10:26:00",312.23,1
17364,11,"2011-01-12 16:57:00",4481.18,1
17365,8,"2011-01-11 12:11:00",4801.56,1
17367,1,"2011-04-15 14:21:00",168.40,0
17368,8,"2011-01-06 11:57:00",1912.67,1
17370,4,"2011-06-23 11:50:00",446.18,1
17371,3,"2010-12-13 15:20:00",423.89,1
17372,8,"2010-12-12 12:00:00",1342.68,1
17373,4,"2011-01-31 11:46:00",646.92,1
17374,2,"2011-03-03 12:53:00",495.77,1
17375,3,"2010-12-13 15:16:00",400.10,1
17376,2,"2011-02-01 14:12:00",203.20,1
17377,20,"2010-12-01 12:35:00",4100.92,1
17379,1,"2011-11-28 13:56:00",404.66,0
17381,29,"2010-12-02 12:58:00",20275.61,1
17382,1,"2011-10-05 13:05:00",65.40,0
17383,1,"2011-12-05 17:36:00",199.29,0
17384,2,"2011-05-04 16:07:00",336.40,1
17385,1,"2011-11-25 11:02:00",261.11,0
17386,6,"2011-06-27 12:11:00",2686.42,1
17387,2,"2011-11-06 11:25:00",784.11,1
17388,4,"2011-02-25 12:28:00",1259.56,1
17389,34,"2011-01-12 15:48:00",31833.68,1
17391,2,"2011-06-28 12:21:00",508.80,1
17392,2,"2010-12-16 19:04:00",457.91,1
17394,1,"2011-05-04 13:22:00",203.87,0
17396,8,"2010-12-03 09:45:00",7330.80,1
17397,2,"2011-11-17 13:58:00",696.41,1
17398,3,"2011-03-29 13:04:00",653.38,1
17400,5,"2010-12-21 17:16:00",2129.96,1
17402,13,"2010-12-05 13:53:00",2633.85,1
17403,1,"2011-11-03 15:18:00",281.62,0
17404,15,"2010-12-14 13:28:00",31906.82,1
17405,3,"2011-07-12 14:17:00",1031.41,1
17406,3,"2010-12-08 10:35:00",2200.42,1
17408,1,"2011-06-29 12:53:00",32.65,0
17409,2,"2011-04-05 16:42:00",771.85,1
17410,5,"2011-05-08 15:21:00",1214.72,1
17411,3,"2011-03-23 13:44:00",778.94,1
17412,7,"2010-12-02 16:29:00",1258.06,1
17414,2,"2011-06-08 11:43:00",778.00,1
17415,1,"2011-09-21 12:50:00",507.84,0
17416,7,"2011-03-03 13:45:00",6893.42,1
17418,2,"2011-01-20 11:39:00",463.46,1
17419,12,"2010-12-07 15:03:00",4226.57,1
17420,3,"2010-12-01 09:56:00",598.83,1
17422,6,"2011-02-16 14:44:00",1979.37,1
17423,2,"2011-05-06 09:14:00",698.41,1
17425,2,"2011-10-10 11:37:00",759.17,1
17426,6,"2011-03-02 16:34:00",5037.26,1
17427,1,"2011-09-29 11:29:00",100.80,0
17428,28,"2010-12-06 09:37:00",17256.85,1
17429,3,"2011-05-05 09:53:00",524.92,1
17430,2,"2010-12-09 13:05:00",265.76,1
17431,1,"2011-01-30 14:36:00",403.30,0
17432,2,"2011-11-02 17:30:00",365.76,1
17433,1,"2011-09-12 14:24:00",303.16,0
17434,7,"2011-09-15 13:54:00",2373.82,1
17436,2,"2011-04-27 11:33:00",216.30,1
17438,1,"2011-03-31 10:26:00",388.45,0
17440,3,"2011-04-06 12:05:00",186.42,1
17442,6,"2011-02-22 13:02:00",2248.56,1
17443,1,"2011-05-04 10:47:00",534.24,0
17444,3,"2011-06-20 09:04:00",2940.04,1
17446,2,"2011-02-02 14:40:00",120.90,1
17447,2,"2011-09-29 10:10:00",541.53,1
17449,7,"2010-12-15 10:57:00",2520.86,1
17450,46,"2010-12-07 09:23:00",194550.79,1
17451,7,"2011-08-26 11:54:00",1721.40,1
17453,2,"2011-10-06 17:02:00",486.72,1
17454,4,"2010-12-15 10:54:00",517.53,1
17455,1,"2011-05-20 12:31:00",131.70,0
17456,1,"2010-12-09 15:23:00",249.86,0
17457,5,"2011-01-04 14:33:00",1737.70,1
17458,1,"2011-11-24 13:01:00",316.50,0
17459,2,"2011-10-10 17:00:00",657.30,1
17460,6,"2010-12-01 16:24:00",622.43,1
17461,3,"2011-11-10 12:01:00",757.46,1
17462,2,"2011-02-28 17:01:00",675.69,1
17463,5,"2011-01-30 15:48:00",1896.41,1
17464,1,"2011-07-04 13:19:00",289.96,0
17466,2,"2011-09-22 09:16:00",763.28,1
17468,2,"2011-11-25 12:52:00",137.00,1
17469,5,"2011-05-19 08:55:00",1870.97,1
17470,5,"2010-12-07 09:57:00",1125.07,1
17472,3,"2011-02-13 14:40:00",710.29,1
17475,1,"2011-09-21 14:55:00",194.37,0
17480,1,"2011-09-23 11:39:00",511.82,0
17481,4,"2011-09-07 09:57:00",1255.59,1
17483,3,"2011-06-09 19:40:00",414.04,1
17486,1,"2011-03-23 14:00:00",396.87,0
17489,2,"2011-05-11 11:34:00",376.64,1
17490,7,"2011-06-16 09:15:00",2092.32,1
17491,10,"2010-12-07 12:18:00",3558.87,1
17492,1,"2011-04-05 15:21:00",374.57,0
17495,2,"2011-11-01 12:06:00",497.56,1
17496,1,"2010-12-16 08:39:00",271.05,0
17498,1,"2011-09-25 12:25:00",272.22,0
17499,1,"2011-02-23 09:14:00",622.88,0
17500,3,"2011-11-10 09:08:00",1138.00,1
17501,2,"2011-05-03 09:46:00",288.60,1
17502,4,"2011-11-10 16:39:00",689.10,1
17503,2,"2011-11-01 11:12:00",558.96,1
17504,9,"2011-01-21 11:09:00",2997.03,1
17505,2,"2011-05-18 09:01:00",1145.84,1
17506,1,"2011-09-25 11:39:00",302.20,0
17507,2,"2011-02-03 18:08:00",605.58,1
17508,1,"2011-03-04 08:10:00",387.31,0
17509,8,"2011-10-07 13:14:00",6115.14,1
17510,1,"2011-11-15 10:00:00",308.48,0
17511,31,"2010-12-01 10:19:00",91062.38,1
17512,10,"2011-02-11 12:22:00",2924.99,1
17513,1,"2011-09-28 16:42:00",513.20,0
17514,1,"2011-08-03 15:45:00",208.65,0
17515,4,"2011-01-25 14:33:00",639.02,1
17516,5,"2011-02-27 12:41:00",768.08,1
17517,1,"2011-02-04 11:48:00",153.94,0
17519,6,"2010-12-06 15:18:00",1844.02,1
17520,1,"2011-10-17 12:04:00",546.81,0
17521,3,"2011-05-24 15:14:00",723.21,1
17522,5,"2011-05-05 16:31:00",1070.71,1
17523,4,"2011-11-20 13:40:00",652.74,1
17524,1,"2010-12-13 14:32:00",145.00,0
17525,1,"2010-12-15 12:05:00",422.70,0
17526,4,"2010-12-09 12:20:00",1195.90,1
17527,4,"2011-05-05 13:43:00",939.37,1
17528,8,"2011-09-29 13:04:00",3628.50,1
17530,10,"2010-12-09 20:01:00",2385.00,1
17531,1,"2011-06-02 19:17:00",296.70,0
17534,1,"2011-10-17 12:47:00",223.36,0
17535,1,"2011-03-04 15:20:00",164.40,0
17536,1,"2011-06-15 13:23:00",76.50,0
17537,2,"2011-02-09 13:37:00",897.62,1
17538,1,"2011-11-14 12:12:00",98.42,0
17540,2,"2011-01-27 14:35:00",578.90,1
17542,1,"2011-03-15 11:45:00",170.75,0
17545,3,"2011-10-27 13:48:00",645.96,1
17548,1,"2011-04-20 12:01:00",103.30,0
17549,2,"2011-10-19 10:05:00",148.86,1
17550,3,"2011-04-10 15:19:00",267.16,1
17551,1,"2010-12-15 14:12:00",306.84,0
17552,4,"2010-12-02 18:45:00",930.41,1
17553,1,"2011-08-02 10:00:00",1487.60,0
17554,5,"2011-07-14 20:01:00",1952.45,1
17555,2,"2011-01-09 12:31:00",483.26,1
17556,1,"2011-05-18 10:48:00",157.90,0
17557,3,"2011-09-19 14:23:00",541.46,1
17560,4,"2011-02-02 11:14:00",854.95,1
17561,1,"2011-11-20 12:53:00",167.62,0
17562,7,"2011-06-19 13:06:00",1122.38,1
17564,3,"2011-09-20 14:00:00",454.01,1
17566,2,"2011-11-14 13:42:00",901.21,1
17567,8,"2010-12-02 15:18:00",4331.48,1
17569,1,"2011-01-11 14:15:00",344.14,0
17571,4,"2011-02-14 15:15:00",1498.51,1
17572,4,"2010-12-01 12:51:00",226.75,1
17573,3,"2011-09-07 10:36:00",380.60,1
17574,1,"2011-04-11 09:47:00",185.65,0
17576,19,"2010-12-09 16:57:00",3622.68,1
17578,1,"2011-05-05 18:38:00",143.46,0
17579,3,"2011-06-13 14:12:00",448.90,1
17580,3,"2010-12-16 15:27:00",215.72,1
17581,25,"2010-12-02 14:47:00",11045.04,1
17582,1,"2011-04-17 13:18:00",175.27,0
17584,2,"2011-08-04 14:12:00",1242.30,1
17585,4,"2011-01-05 15:09:00",1133.07,1
17588,3,"2011-04-21 10:31:00",1240.20,1
17589,4,"2011-04-13 13:47:00",2404.17,1
17590,3,"2011-10-30 14:05:00",1479.22,1
17591,7,"2010-12-07 15:39:00",2225.97,1
17593,5,"2010-12-22 10:29:00",3927.34,1
17594,2,"2011-03-30 10:32:00",993.18,1
17595,2,"2011-11-02 16:19:00",388.79,1
17596,7,"2010-12-06 12:34:00",2827.93,1
17597,1,"2011-05-10 11:54:00",2044.37,0
17600,1,"2011-11-22 09:43:00",161.67,0
17601,1,"2011-04-14 18:02:00",116.01,0
17602,6,"2011-01-19 16:18:00",5102.97,1
17603,1,"2011-09-22 14:18:00",394.72,0
17604,2,"2011-01-31 15:09:00",309.36,1
17608,2,"2011-11-06 13:00:00",193.42,1
17609,5,"2011-01-16 16:23:00",1112.22,1
17611,15,"2010-12-13 13:52:00",3984.22,1
17612,6,"2011-02-15 10:40:00",2048.45,1
17613,14,"2011-02-07 11:20:00",4559.15,1
17614,1,"2011-10-13 16:01:00",390.07,0
17615,3,"2011-05-01 15:33:00",329.60,1
17616,3,"2010-12-07 10:04:00",571.20,1
17618,3,"2010-12-12 16:05:00",971.58,1
17619,1,"2011-01-31 14:18:00",218.52,0
17620,1,"2011-10-11 12:08:00",81.44,0
17621,3,"2010-12-20 13:31:00",1379.90,1
17623,1,"2011-11-07 11:32:00",527.05,0
17624,2,"2011-05-05 17:59:00",843.48,1
17625,4,"2011-03-27 12:21:00",2047.00,1
17628,1,"2011-09-19 15:21:00",75.75,0
17629,8,"2010-12-15 09:58:00",1814.12,1
17630,2,"2011-04-21 14:03:00",503.60,1
17631,3,"2011-04-21 13:22:00",528.33,1
17633,4,"2011-08-11 15:43:00",1324.84,1
17634,9,"2011-01-06 12:45:00",2361.97,1
17636,1,"2011-11-20 14:40:00",285.56,0
17637,2,"2011-08-16 13:25:00",547.06,1
17639,1,"2011-03-08 15:22:00",108.50,0
17640,1,"2011-09-14 09:13:00",621.66,0
17642,2,"2011-06-16 12:55:00",712.29,1
17643,1,"2010-12-01 14:38:00",101.55,0
17644,11,"2011-03-24 09:44:00",2895.64,1
17646,3,"2010-12-09 14:28:00",1008.39,1
17647,1,"2011-10-05 15:38:00",133.06,0
17648,4,"2011-04-04 10:29:00",1797.50,1
17649,1,"2011-07-24 15:53:00",868.49,0
17650,1,"2011-11-18 14:52:00",166.08,0
17651,10,"2011-06-15 15:57:00",3945.00,1
17652,12,"2011-03-03 14:05:00",4867.72,1
17653,4,"2011-08-11 15:24:00",1207.56,1
17654,1,"2011-03-07 13:17:00",117.55,0
17655,7,"2010-12-08 16:45:00",2638.94,1
17656,5,"2011-08-03 10:45:00",1674.69,1
17658,2,"2011-05-12 15:23:00",595.42,1
17659,12,"2010-12-02 16:46:00",2999.46,1
17660,1,"2011-07-21 13:37:00",196.00,0
17663,7,"2011-02-25 14:11:00",1802.91,1
17664,2,"2011-05-11 14:17:00",604.64,1
17666,2,"2011-10-05 11:06:00",728.16,1
17667,5,"2011-02-14 09:24:00",2055.51,1
17668,2,"2011-11-01 14:45:00",347.75,1
17669,7,"2011-04-04 10:11:00",3406.72,1
17670,1,"2011-04-26 09:12:00",205.70,0
17671,4,"2010-12-09 14:27:00",1572.71,1
17672,2,"2011-02-03 13:29:00",3178.17,1
17673,6,"2011-01-23 15:16:00",1629.12,1
17674,2,"2010-12-06 10:20:00",551.04,1
17675,31,"2010-12-07 13:22:00",20374.28,1
17676,6,"2010-12-08 13:49:00",1387.68,1
17677,30,"2010-12-06 08:42:00",16363.23,1
17678,1,"2011-03-21 11:52:00",298.11,0
17679,2,"2011-09-15 10:35:00",1992.11,1
17680,1,"2011-11-16 12:42:00",184.40,0
17682,6,"2010-12-06 13:35:00",2474.33,1
17684,1,"2011-10-27 11:10:00",239.41,0
17685,7,"2010-12-02 14:42:00",3191.53,1
17686,7,"2011-02-10 10:18:00",5739.46,1
17690,15,"2010-12-01 16:15:00",4757.95,1
17691,2,"2010-12-06 11:10:00",290.40,1
17692,4,"2010-12-15 13:37:00",740.94,1
17693,1,"2011-07-25 15:48:00",200.47,0
17694,1,"2011-07-21 12:00:00",283.12,0
17695,2,"2011-06-21 12:35:00",765.34,1
17696,8,"2010-12-10 09:51:00",2285.71,1
17697,1,"2011-04-17 15:40:00",338.95,0
17698,1,"2011-03-24 11:34:00",154.95,0
17700,4,"2011-03-03 16:34:00",2534.64,1
17701,1,"2011-04-01 12:25:00",417.95,0
17702,4,"2011-05-17 16:23:00",1824.37,1
17703,3,"2011-07-24 13:30:00",798.74,1
17704,2,"2011-04-14 09:28:00",885.19,1
17705,9,"2011-02-11 10:57:00",1823.52,1
17706,17,"2010-12-08 11:02:00",10504.49,1
17707,2,"2011-01-07 13:30:00",152.40,1
17708,2,"2011-01-19 10:09:00",267.08,1
17709,1,"2011-06-23 11:55:00",137.45,0
17711,2,"2011-02-23 11:32:00",385.10,1
17712,1,"2011-10-26 12:28:00",522.91,0
17714,1,"2011-01-23 10:32:00",153.00,0
17715,1,"2011-05-23 12:32:00",326.40,0
17716,11,"2011-03-17 10:38:00",5655.99,1
17718,1,"2011-04-21 13:39:00",139.35,0
17719,15,"2011-03-29 11:29:00",5396.04,1
17720,4,"2010-12-07 10:43:00",1195.94,1
17722,4,"2010-12-08 12:41:00",2424.04,1
17723,6,"2011-05-09 14:44:00",3276.40,1
17724,3,"2011-07-24 13:26:00",1033.00,1
17725,11,"2011-03-17 19:47:00",3439.08,1
17727,1,"2011-11-24 17:06:00",1060.25,0
17728,3,"2011-09-14 11:39:00",2876.01,1
17730,13,"2011-01-17 14:49:00",5298.48,1
17731,4,"2011-06-09 14:18:00",1240.11,1
17732,1,"2010-12-02 09:29:00",303.97,0
17733,2,"2011-03-23 09:54:00",692.19,1
17734,3,"2011-04-20 10:04:00",700.63,1
17735,19,"2010-12-07 10:32:00",13110.02,1
17736,3,"2011-08-18 14:33:00",377.44,1
17737,2,"2011-10-12 14:42:00",168.24,1
17738,4,"2011-03-02 16:26:00",1879.05,1
17739,7,"2010-12-14 14:26:00",2791.35,1
17742,2,"2011-01-11 10:04:00",355.11,1
17744,6,"2010-12-16 14:17:00",2322.40,1
17746,1,"2011-04-13 14:31:00",110.25,0
17747,1,"2011-08-19 08:13:00",71.40,0
17749,2,"2011-03-28 13:39:00",674.52,1
17750,9,"2011-06-28 15:44:00",1797.57,1
17752,1,"2010-12-15 16:19:00",80.64,0
17754,5,"2011-03-24 13:54:00",1772.26,1
17757,30,"2010-12-02 17:17:00",5605.29,1
17758,8,"2011-04-03 15:22:00",3456.70,1
17759,3,"2011-06-23 13:35:00",834.99,1
17760,2,"2010-12-01 15:08:00",287.59,1
17761,1,"2011-11-07 10:23:00",712.78,0
17763,1,"2011-03-21 14:25:00",15.00,0
17764,2,"2011-05-12 16:11:00",818.82,1
17765,3,"2011-03-28 11:58:00",371.88,1
17767,1,"2011-11-24 14:42:00",271.20,0
17768,3,"2011-06-26 13:46:00",2273.18,1
17769,10,"2011-01-23 11:15:00",3997.98,1
17770,5,"2011-03-02 13:35:00",1143.27,1
17771,2,"2011-01-20 14:13:00",245.81,1
17772,2,"2011-11-29 10:57:00",182.77,1
17774,4,"2011-02-07 13:13:00",1225.41,1
17775,1,"2011-03-30 10:50:00",56.40,0
17777,3,"2011-08-31 14:35:00",665.86,1
17779,3,"2011-07-19 12:19:00",658.57,1
17781,2,"2011-03-31 19:54:00",188.02,1
17783,2,"2011-04-06 10:07:00",283.47,1
17785,1,"2011-10-17 13:43:00",131.94,0
17786,2,"2011-01-26 14:35:00",278.74,1
17787,4,"2010-12-03 13:43:00",1865.19,1
17788,2,"2011-08-02 10:38:00",1117.90,1
17789,1,"2011-03-03 13:14:00",225.90,0
17790,14,"2010-12-10 10:47:00",1965.55,1
17791,1,"2011-11-10 12:09:00",106.10,0
17793,1,"2011-11-14 14:24:00",323.04,0
17795,2,"2011-03-20 12:02:00",350.39,1
17796,4,"2010-12-05 12:23:00",697.90,1
17797,3,"2011-06-10 11:29:00",780.43,1
17799,10,"2010-12-13 13:10:00",3055.93,1
17800,9,"2011-01-09 13:50:00",1199.01,1
17802,3,"2010-12-02 13:44:00",1285.04,1
17805,1,"2011-09-27 11:49:00",512.31,0
17806,1,"2011-11-28 14:12:00",546.04,0
17809,12,"2010-12-01 09:41:00",5411.91,1
17811,39,"2011-01-10 10:58:00",7837.73,1
17812,4,"2010-12-06 15:27:00",732.16,1
17813,5,"2011-09-29 15:57:00",1770.88,1
17816,4,"2010-12-09 14:10:00",36.56,1
17817,3,"2011-03-07 17:30:00",387.68,1
17819,7,"2010-12-03 14:26:00",3704.87,1
17824,1,"2011-10-19 14:14:00",298.40,0
17827,5,"2010-12-10 10:18:00",1995.46,1
17828,4,"2011-06-08 08:31:00",1820.09,1
17829,1,"2011-02-14 12:46:00",889.24,0
17830,3,"2011-02-24 10:15:00",398.70,1
17831,1,"2011-11-06 15:09:00",35.40,0
17832,1,"2011-10-21 11:43:00",155.37,0
17835,3,"2011-11-16 16:30:00",350.64,1
17836,1,"2011-10-23 16:13:00",110.21,0
17837,8,"2011-06-29 16:44:00",1593.38,1
17838,5,"2010-12-02 15:55:00",2779.30,1
17839,1,"2011-10-28 17:27:00",338.80,0
17841,124,"2010-12-01 14:41:00",40991.57,1
17843,1,"2011-02-09 15:33:00",205.48,0
17844,1,"2011-08-25 11:27:00",51.56,0
17846,1,"2011-09-15 15:20:00",2033.10,0
17848,9,"2010-12-16 18:38:00",901.20,1
17849,4,"2011-01-10 11:59:00",605.80,1
17850,34,"2010-12-01 08:26:00",5391.21,1
17852,2,"2011-11-28 12:31:00",114.34,1
17854,2,"2011-04-26 16:53:00",311.26,1
17855,1,"2010-12-02 09:44:00",208.97,0
17856,4,"2011-03-03 11:40:00",1418.03,1
17857,23,"2010-12-09 11:35:00",26879.04,1
17858,12,"2010-12-05 13:08:00",5155.66,1
17859,1,"2011-02-08 10:32:00",148.21,0
17860,1,"2010-12-06 12:41:00",252.80,0
17861,8,"2011-01-24 11:34:00",2100.80,1
17862,1,"2011-01-20 12:23:00",330.90,0
17863,6,"2010-12-05 13:21:00",3160.00,1
17864,3,"2011-03-09 11:44:00",597.50,1
17865,20,"2010-12-10 14:53:00",10526.32,1
17866,1,"2011-07-20 11:07:00",329.65,0
17867,6,"2011-02-24 12:25:00",1197.10,1
17869,5,"2010-12-06 17:16:00",428.18,1
17870,12,"2010-12-08 08:12:00",1894.35,1
17871,1,"2011-05-19 11:32:00",155.90,0
17873,5,"2010-12-01 14:54:00",1859.16,1
17874,6,"2011-03-29 11:25:00",683.46,1
17877,1,"2011-06-22 13:00:00",237.61,0
17878,1,"2011-10-27 11:24:00",379.45,0
17879,1,"2011-06-19 12:36:00",178.52,0
17880,1,"2010-12-10 10:21:00",458.92,0
17881,1,"2011-02-08 17:16:00",133.35,0
17883,4,"2011-04-07 19:16:00",671.77,1
17884,4,"2010-12-03 12:11:00",717.45,1
17885,1,"2011-11-27 14:40:00",190.19,0
17886,3,"2011-04-04 12:34:00",899.61,1
17887,1,"2011-08-02 17:29:00",111.35,0
17888,8,"2010-12-17 13:56:00",726.05,1
17889,2,"2011-01-21 17:14:00",203.87,1
17890,2,"2010-12-13 15:12:00",602.09,1
17891,1,"2011-06-30 20:08:00",203.86,0
17892,3,"2011-07-07 12:56:00",244.10,1
17893,1,"2011-04-28 13:50:00",112.25,0
17894,8,"2010-12-08 14:50:00",1119.81,1
17895,1,"2011-10-26 17:00:00",98.00,0
17896,1,"2011-11-16 13:59:00",256.32,0
17897,3,"2010-12-01 12:31:00",566.60,1
17898,2,"2011-05-16 17:13:00",152.06,1
17899,1,"2011-07-03 14:58:00",155.80,0
17900,2,"2011-06-02 14:28:00",112.20,1
17901,1,"2011-11-10 17:29:00",110.38,0
17904,1,"2011-11-18 12:57:00",191.67,0
17905,4,"2010-12-01 13:21:00",800.24,1
17906,1,"2011-04-06 17:25:00",72.90,0
17908,1,"2010-12-01 11:45:00",243.28,0
17911,1,"2011-11-30 14:52:00",366.23,0
17912,5,"2010-12-10 11:11:00",311.01,1
17913,2,"2010-12-19 11:35:00",411.60,1
17914,1,"2011-12-06 11:58:00",336.43,0
17917,3,"2010-12-12 12:08:00",341.28,1
17919,1,"2011-09-12 13:41:00",1304.04,0
17920,17,"2010-12-01 11:49:00",4204.10,1
17921,4,"2011-03-18 13:19:00",826.52,1
17923,1,"2011-03-02 15:15:00",207.50,0
17924,7,"2010-12-01 10:51:00",2962.50,1
17925,1,"2010-12-02 10:10:00",244.08,0
17926,2,"2011-05-20 09:24:00",397.29,1
17928,2,"2011-04-07 18:03:00",212.54,1
17929,4,"2011-02-04 11:40:00",843.00,1
17930,5,"2011-04-14 15:46:00",1740.48,1
17931,2,"2011-03-29 12:31:00",408.36,1
17932,3,"2011-05-12 13:58:00",1331.57,1
17934,2,"2011-10-12 10:50:00",704.25,1
17935,2,"2011-07-21 11:23:00",145.79,1
17936,1,"2011-12-04 13:32:00",389.84,0
17937,7,"2010-12-12 14:43:00",4301.22,1
17939,1,"2011-07-03 12:27:00",99.14,0
17940,10,"2011-02-10 09:29:00",4106.44,1
17941,1,"2011-08-01 08:30:00",304.56,0
17942,1,"2011-12-02 10:45:00",77.50,0
17946,2,"2011-03-25 14:34:00",149.58,1
17947,1,"2011-11-02 13:05:00",176.68,0
17948,1,"2011-07-15 12:58:00",358.56,0
17949,45,"2010-12-03 13:12:00",58510.48,1
17950,3,"2010-12-09 15:16:00",482.20,1
17951,3,"2010-12-01 12:40:00",1008.54,1
17954,12,"2010-12-03 14:18:00",2332.72,1
17955,4,"2011-05-04 12:29:00",557.30,1
17956,1,"2011-04-04 13:47:00",12.75,0
17957,1,"2011-10-04 14:58:00",111.68,0
17958,1,"2011-08-15 12:19:00",508.46,0
17960,1,"2011-06-21 14:15:00",73.78,0
17961,39,"2010-12-02 19:18:00",1296.44,1
17962,1,"2011-07-20 14:16:00",102.83,0
17964,2,"2010-12-02 13:32:00",471.70,1
17965,14,"2010-12-05 15:54:00",2622.57,1
17966,5,"2011-03-23 17:25:00",1098.43,1
17967,1,"2010-12-03 11:19:00",123.07,0
17968,1,"2010-12-01 12:23:00",277.35,0
17969,2,"2010-12-13 15:34:00",228.20,1
17970,1,"2011-05-12 20:03:00",582.59,0
17972,1,"2011-04-12 12:16:00",136.04,0
17973,1,"2011-10-19 10:34:00",337.04,0
17974,3,"2011-05-04 11:50:00",740.79,1
17975,13,"2010-12-08 11:38:00",4488.81,1
17976,1,"2010-12-02 13:49:00",353.19,0
17977,1,"2011-11-10 13:28:00",288.14,0
17978,1,"2010-12-09 14:05:00",300.92,0
17979,4,"2011-03-25 11:34:00",757.71,1
17980,3,"2010-12-15 15:50:00",811.45,1
17984,1,"2011-07-17 15:59:00",152.68,0
17985,1,"2011-11-17 14:24:00",634.95,0
17986,1,"2011-10-14 14:22:00",20.80,0
17987,1,"2011-06-07 14:22:00",198.57,0
17988,7,"2011-01-17 11:59:00",201.12,1
17990,3,"2010-12-13 12:10:00",630.84,1
17991,2,"2011-04-27 16:39:00",93.35,1
17994,4,"2011-02-22 11:02:00",678.49,1
17995,1,"2011-03-03 12:30:00",76.10,0
17997,8,"2011-06-28 17:28:00",1970.67,1
17999,2,"2010-12-08 15:17:00",382.06,1
18001,2,"2011-09-14 11:21:00",417.23,1
18004,1,"2010-12-12 13:47:00",169.47,0
18005,2,"2011-10-23 14:40:00",249.72,1
18006,1,"2011-11-16 16:52:00",444.68,0
18008,9,"2011-01-25 12:26:00",2116.19,1
18009,1,"2011-04-18 13:36:00",257.34,0
18010,1,"2011-03-28 12:27:00",174.80,0
18011,1,"2010-12-01 17:35:00",102.79,0
18013,2,"2011-07-07 14:08:00",187.29,1
18014,1,"2011-11-11 15:28:00",166.42,0
18015,1,"2011-12-05 14:49:00",120.03,0
18016,5,"2010-12-10 17:14:00",1483.56,1
18017,3,"2011-02-02 13:57:00",523.00,1
18018,2,"2011-05-24 13:22:00",122.14,1
18019,1,"2011-10-19 12:10:00",38.45,0
18022,1,"2011-11-04 12:45:00",668.11,0
18024,2,"2011-07-10 12:28:00",389.78,1
18027,1,"2011-09-02 10:38:00",115.31,0
18030,2,"2011-10-28 13:55:00",230.65,1
18032,1,"2011-01-09 15:32:00",73.50,0
18033,1,"2011-10-05 17:28:00",97.97,0
18034,2,"2011-11-18 12:08:00",422.88,1
18035,3,"2011-10-27 17:48:00",730.40,1
18036,3,"2011-04-08 11:26:00",405.62,1
18037,6,"2010-12-12 16:20:00",70.02,1
18040,2,"2011-04-08 08:27:00",357.20,1
18041,21,"2010-12-02 11:21:00",4183.39,1
18042,1,"2011-10-17 11:49:00",165.05,0
18043,3,"2010-12-08 12:35:00",559.51,1
18044,10,"2010-12-14 12:25:00",2088.60,1
18045,1,"2011-10-25 13:07:00",189.40,0
18048,2,"2011-05-20 14:54:00",172.29,1
18050,1,"2010-12-15 14:25:00",74.40,0
18053,1,"2011-09-30 09:05:00",300.02,0
18055,10,"2010-12-05 10:52:00",6784.19,1
18056,1,"2011-02-24 14:27:00",363.65,0
18058,1,"2011-11-30 08:38:00",170.16,0
18059,3,"2011-10-03 09:30:00",306.46,1
18061,10,"2010-12-08 13:03:00",2119.41,1
18062,3,"2011-01-06 10:03:00",720.52,1
18064,2,"2011-04-18 15:08:00",814.00,1
18065,14,"2010-12-10 12:44:00",2392.83,1
18066,1,"2011-09-25 15:30:00",318.00,0
18067,1,"2011-10-30 15:58:00",396.33,0
18068,1,"2011-02-23 14:50:00",101.70,0
18069,5,"2011-01-16 15:50:00",2036.67,1
18071,2,"2010-12-09 10:33:00",453.00,1
18072,1,"2011-06-07 10:44:00",247.44,0
18073,12,"2011-05-26 19:38:00",3877.52,1
18074,1,"2010-12-01 09:53:00",489.60,0
18075,10,"2010-12-14 10:48:00",2611.75,1
18077,11,"2010-12-08 10:21:00",2633.01,1
18078,2,"2011-03-25 15:08:00",336.13,1
18079,4,"2011-04-15 12:14:00",3651.97,1
18080,2,"2011-04-11 10:10:00",1231.50,1
18081,3,"2011-07-29 11:56:00",343.45,1
18082,1,"2011-11-14 12:45:00",703.37,0
18084,1,"2011-11-23 13:57:00",90.48,0
18085,2,"2010-12-01 12:08:00",689.95,1
18086,1,"2011-03-10 13:34:00",101.34,0
18087,2,"2011-02-22 10:43:00",4055.72,1
18088,1,"2011-10-09 13:41:00",167.67,0
18092,11,"2010-12-09 10:00:00",9068.26,1
18093,4,"2011-02-10 12:15:00",2106.52,1
18094,7,"2011-02-21 08:50:00",3017.30,1
18095,2,"2011-01-11 12:37:00",580.05,1
18096,3,"2011-10-07 11:55:00",911.15,1
18097,6,"2010-12-20 14:49:00",2697.80,1
18099,1,"2011-08-04 15:52:00",168.31,0
18101,2,"2011-07-19 13:05:00",223.65,1
18102,60,"2010-12-07 16:42:00",259657.30,1
18104,1,"2011-11-02 14:07:00",754.64,0
18105,1,"2011-11-02 12:04:00",113.48,0
18106,1,"2011-01-14 12:23:00",430.70,0
18108,1,"2011-03-30 13:56:00",271.00,0
18109,26,"2010-12-05 10:58:00",8052.97,1
18110,1,"2011-11-20 12:34:00",236.30,0
18112,2,"2011-06-26 13:56:00",352.69,1
18113,1,"2010-12-06 12:31:00",76.32,0
18114,1,"2011-02-22 13:20:00",220.10,0
18116,8,"2010-12-10 12:14:00",1418.03,1
18117,1,"2011-11-14 12:47:00",320.72,0
18118,26,"2010-12-05 12:13:00",5653.82,1
18119,1,"2010-12-07 11:59:00",181.12,0
18120,1,"2011-05-09 13:45:00",111.15,0
18121,2,"2011-07-08 12:14:00",673.10,1
18122,6,"2011-07-12 11:37:00",1826.21,1
18123,2,"2011-11-08 13:31:00",589.44,1
18125,4,"2011-01-27 15:02:00",1142.99,1
18126,1,"2011-10-10 12:19:00",206.83,0
18127,3,"2011-07-29 10:06:00",348.73,1
18129,1,"2011-04-10 14:16:00",112.55,0
18130,3,"2011-10-13 15:58:00",1059.39,1
18133,1,"2011-05-11 14:14:00",931.50,0
18135,5,"2011-06-02 14:04:00",681.91,1
18136,3,"2011-01-24 12:08:00",784.33,1
18138,1,"2011-02-17 14:51:00",152.65,0
18139,6,"2011-11-21 14:06:00",8438.34,1
18142,2,"2011-05-08 12:31:00",1019.52,1
18143,2,"2011-07-21 10:44:00",1000.16,1
18144,12,"2010-12-01 13:45:00",2888.75,1
18145,4,"2011-01-31 12:10:00",2861.55,1
18146,2,"2011-05-03 16:35:00",160.35,1
18147,2,"2011-08-23 12:22:00",179.34,1
18149,3,"2011-03-11 12:44:00",612.08,1
18150,3,"2011-05-22 10:47:00",566.58,1
18151,2,"2011-02-23 08:29:00",653.35,1
18154,2,"2011-10-27 10:40:00",399.19,1
18155,3,"2011-02-21 10:36:00",371.62,1
18156,2,"2010-12-05 12:29:00",734.94,1
18158,2,"2011-09-12 09:03:00",453.40,1
18159,1,"2011-02-11 14:26:00",530.15,0
18160,2,"2011-05-23 13:41:00",638.06,1
18161,5,"2011-01-24 11:56:00",1618.69,1
18164,1,"2011-11-02 12:56:00",399.65,0
18165,1,"2011-06-15 13:23:00",302.46,0
18167,3,"2011-08-26 11:40:00",1384.86,1
18168,6,"2010-12-02 18:08:00",1169.94,1
18169,1,"2011-10-10 12:18:00",202.65,0
18170,3,"2011-05-06 15:13:00",980.31,1
18171,5,"2011-01-10 09:55:00",1231.31,1
18172,20,"2011-02-23 10:44:00",7561.68,1
18173,4,"2011-03-10 11:56:00",2106.84,1
18174,1,"2011-12-02 16:56:00",104.00,0
18176,1,"2010-12-16 15:45:00",476.35,0
18177,6,"2011-03-29 08:46:00",1341.42,1
18178,4,"2010-12-10 12:42:00",1590.81,1
18179,6,"2011-01-07 14:22:00",1793.17,1
18180,6,"2011-07-20 08:59:00",1843.75,1
18181,1,"2011-11-15 15:08:00",382.80,0
18183,2,"2011-03-10 10:08:00",632.07,1
18184,1,"2011-11-24 15:28:00",49.80,0
18185,1,"2011-04-04 13:42:00",304.25,0
18188,3,"2011-02-22 14:43:00",2001.04,1
18189,2,"2011-03-17 09:49:00",1090.24,1
18190,2,"2011-01-13 10:35:00",284.46,1
18191,1,"2011-03-23 12:08:00",207.80,0
18192,1,"2011-09-29 09:53:00",957.97,0
18193,1,"2011-06-27 13:58:00",243.76,0
18194,1,"2011-09-18 13:29:00",973.84,0
18196,2,"2011-02-22 16:13:00",689.13,1
18198,17,"2011-01-07 13:39:00",5425.56,1
18200,1,"2011-08-25 18:45:00",163.80,0
18202,3,"2011-02-01 13:36:00",1396.99,1
18203,1,"2011-07-05 13:07:00",160.42,0
18204,3,"2011-05-31 15:26:00",1993.70,1
18205,2,"2011-09-26 12:02:00",517.36,1
18209,1,"2011-11-11 12:07:00",139.10,0
18210,6,"2011-03-17 16:58:00",2621.38,1
18211,5,"2011-03-06 12:09:00",600.07,1
18212,1,"2011-01-17 16:14:00",248.42,0
18213,1,"2011-04-17 10:21:00",232.48,0
18215,1,"2011-09-11 16:05:00",299.34,0
18216,1,"2011-11-08 16:55:00",481.75,0
18217,2,"2011-09-30 10:44:00",621.75,1
18218,2,"2011-03-03 12:24:00",662.08,1
18219,10,"2010-12-06 10:05:00",2069.77,1
18220,1,"2011-04-27 09:03:00",305.28,0
18221,5,"2011-05-12 14:13:00",1041.61,1
18222,1,"2011-09-08 10:45:00",443.00,0
18223,14,"2010-12-16 16:42:00",6484.54,1
18224,1,"2011-03-21 10:30:00",158.95,0
18225,12,"2010-12-09 15:46:00",5509.12,1
18226,11,"2011-01-06 09:00:00",5228.05,1
18227,1,"2011-05-06 12:23:00",93.75,0
18228,2,"2011-09-21 10:48:00",779.90,1
18229,20,"2010-12-01 16:25:00",7276.90,1
18230,7,"2011-02-10 13:06:00",2810.20,1
18231,5,"2011-02-24 09:08:00",2083.27,1
18232,4,"2011-05-26 16:30:00",592.97,1
18233,1,"2011-01-18 08:44:00",440.00,0
18235,3,"2011-05-06 13:35:00",1796.48,1
18236,6,"2011-04-13 09:52:00",882.24,1
18237,5,"2011-07-28 13:05:00",987.10,1
18239,5,"2010-12-02 17:48:00",1561.61,1
18240,1,"2011-10-24 13:06:00",422.58,0
18241,17,"2011-05-06 09:22:00",2073.09,1
18242,4,"2011-05-10 11:20:00",2232.49,1
18245,7,"2010-12-19 14:58:00",2567.06,1
18246,2,"2011-04-20 13:55:00",596.10,1
18248,2,"2011-06-06 13:18:00",804.02,1
18249,1,"2011-11-22 15:07:00",95.34,0
18250,1,"2011-02-02 13:16:00",349.27,0
18251,1,"2011-09-13 15:03:00",4314.72,0
18252,2,"2011-06-21 11:47:00",526.67,1
18255,1,"2011-09-11 13:16:00",103.30,0
18257,8,"2011-02-16 15:13:00",2337.63,1
18259,3,"2010-12-08 13:38:00",2338.60,1
18260,6,"2010-12-16 18:23:00",2643.20,1
18261,2,"2011-09-05 09:34:00",324.24,1
18262,1,"2011-07-22 16:04:00",149.48,0
18263,3,"2011-04-01 11:48:00",1213.16,1
18265,2,"2011-07-04 15:26:00",801.51,1
18268,1,"2011-07-28 19:13:00",25.50,0
18269,1,"2010-12-08 13:53:00",168.60,0
18270,2,"2011-03-18 12:41:00",283.15,1
18272,6,"2011-04-07 09:35:00",3078.58,1
18273,3,"2011-03-27 11:22:00",204.00,1
18274,1,"2011-11-09 17:03:00",175.92,0
18276,1,"2011-10-27 10:54:00",335.86,0
18277,1,"2011-10-12 15:22:00",110.38,0
18278,1,"2011-09-27 11:58:00",173.90,0
18280,1,"2011-03-07 09:52:00",180.60,0
18281,1,"2011-06-12 10:53:00",80.82,0
18282,2,"2011-08-05 13:35:00",178.05,1
18283,16,"2011-01-06 14:14:00",2094.88,1
18287,3,"2011-05-22 10:39:00",1837.28,1
