CustomerID,order_date,previous_order_date,days_since_last_order
12346,1/18/2011 10:01,NULL,NULL
12347,12/7/2010 14:57,NULL,NULL
12347,1/26/2011 14:30,12/7/2010 14:57,50
12347,4/7/2011 10:43,1/26/2011 14:30,71
12347,6/9/2011 13:01,4/7/2011 10:43,63
12347,8/2/2011 8:48,6/9/2011 13:01,54
12347,10/31/2011 12:25,8/2/2011 8:48,90
12347,12/7/2011 15:52,10/31/2011 12:25,37
12348,12/16/2010 19:09,NULL,NULL
12348,1/25/2011 10:42,12/16/2010 19:09,40
12348,4/5/2011 10:47,1/25/2011 10:42,70
12348,9/25/2011 13:13,4/5/2011 10:47,173
12349,11/21/2011 9:51,NULL,NULL
12350,2/2/2011 16:01,NULL,NULL
12352,2/16/2011 12:33,NULL,NULL
12352,3/1/2011 14:57,2/16/2011 12:33,13
12352,3/1/2011 15:52,3/1/2011 14:57,0
12352,3/17/2011 16:00,3/1/2011 15:52,16
12352,3/22/2011 16:08,3/17/2011 16:00,5
12352,9/20/2011 14:34,3/22/2011 16:08,182
12352,9/28/2011 14:58,9/20/2011 14:34,8
12352,11/3/2011 14:37,9/28/2011 14:58,36
12353,5/19/2011 17:47,NULL,NULL
12354,4/21/2011 13:11,NULL,NULL
12355,5/9/2011 13:49,NULL,NULL
12356,1/18/2011 9:50,NULL,NULL
12356,4/8/2011 12:33,1/18/2011 9:50,80
12356,11/17/2011 8:40,4/8/2011 12:33,223
12357,11/6/2011 16:07,NULL,NULL
12358,7/12/2011 10:04,NULL,NULL
12358,12/8/2011 10:26,7/12/2011 10:04,149
12359,1/12/2011 12:43,NULL,NULL
12359,2/7/2011 14:51,1/12/2011 12:43,26
12359,6/3/2011 12:26,2/7/2011 14:51,116
12359,10/13/2011 12:47,6/3/2011 12:26,132
12360,5/23/2011 9:43,NULL,NULL
12360,8/19/2011 10:10,5/23/2011 9:43,88
12360,10/18/2011 15:22,8/19/2011 10:10,60
12361,2/25/2011 13:51,NULL,NULL
12362,2/17/2011 10:30,NULL,NULL
12362,4/28/2011 9:12,2/17/2011 10:30,70
12362,7/7/2011 12:32,4/28/2011 9:12,70
12362,8/11/2011 15:02,7/7/2011 12:32,35
12362,9/28/2011 12:04,8/11/2011 15:02,48
12362,10/11/2011 14:33,9/28/2011 12:04,13
12362,10/26/2011 13:47,10/11/2011 14:33,15
12362,10/28/2011 10:10,10/26/2011 13:47,2
12362,11/4/2011 9:07,10/28/2011 10:10,7
12362,12/6/2011 15:40,11/4/2011 9:07,32
12363,4/11/2011 13:29,NULL,NULL
12363,8/22/2011 10:18,4/11/2011 13:29,133
12364,8/19/2011 15:24,NULL,NULL
12364,9/22/2011 16:07,8/19/2011 15:24,34
12364,10/30/2011 15:43,9/22/2011 16:07,38
12364,12/2/2011 10:22,10/30/2011 15:43,33
12365,2/21/2011 13:51,NULL,NULL
12365,2/21/2011 14:04,2/21/2011 13:51,0
12367,12/5/2011 16:48,NULL,NULL
12370,12/14/2010 12:58,NULL,NULL
12370,12/17/2010 9:38,12/14/2010 12:58,3
12370,3/10/2011 12:48,12/17/2010 9:38,83
12370,10/19/2011 14:51,3/10/2011 12:48,223
12371,10/11/2011 10:43,NULL,NULL
12371,10/26/2011 10:16,10/11/2011 10:43,15
12372,2/16/2011 12:46,NULL,NULL
12372,5/11/2011 10:43,2/16/2011 12:46,84
12372,9/29/2011 12:12,5/11/2011 10:43,141
12373,2/1/2011 13:10,NULL,NULL
12374,11/14/2011 15:37,NULL,NULL
12375,9/2/2011 14:23,NULL,NULL
12375,11/29/2011 10:36,9/2/2011 14:23,88
12377,12/20/2010 9:37,NULL,NULL
12377,1/28/2011 15:45,12/20/2010 9:37,39
12378,8/2/2011 10:34,NULL,NULL
12379,6/22/2011 16:32,NULL,NULL
12379,9/19/2011 10:09,6/22/2011 16:32,89
12380,6/7/2011 9:49,NULL,NULL
12380,9/22/2011 17:31,6/7/2011 9:49,107
12380,10/14/2011 11:39,9/22/2011 17:31,22
12380,11/18/2011 11:27,10/14/2011 11:39,35
12381,8/12/2011 9:57,NULL,NULL
12381,10/11/2011 15:45,8/12/2011 9:57,60
12381,10/12/2011 11:30,10/11/2011 15:45,1
12381,11/6/2011 13:36,10/12/2011 11:30,25
12381,12/5/2011 12:44,11/6/2011 13:36,29
12383,12/22/2010 14:28,NULL,NULL
12383,1/12/2011 14:10,12/22/2010 14:28,21
12383,3/14/2011 8:41,1/12/2011 14:10,61
12383,4/15/2011 14:10,3/14/2011 8:41,32
12383,6/8/2011 8:02,4/15/2011 14:10,54
12384,8/10/2011 11:23,NULL,NULL
12384,11/11/2011 8:39,8/10/2011 11:23,93
12386,12/8/2010 9:53,NULL,NULL
12386,1/6/2011 12:37,12/8/2010 9:53,29
12388,1/17/2011 11:12,NULL,NULL
12388,2/7/2011 13:59,1/17/2011 11:12,21
12388,3/9/2011 15:47,2/7/2011 13:59,30
12388,7/14/2011 13:28,3/9/2011 15:47,127
12388,9/25/2011 11:30,7/14/2011 13:28,73
12388,11/24/2011 12:30,9/25/2011 11:30,60
12390,9/21/2011 9:33,NULL,NULL
12391,11/18/2011 12:07,NULL,NULL
12393,1/11/2011 9:47,NULL,NULL
12393,1/14/2011 11:36,1/11/2011 9:47,3
12393,4/8/2011 9:45,1/14/2011 11:36,84
12393,9/28/2011 15:41,4/8/2011 9:45,173
12394,5/6/2011 14:01,NULL,NULL
12394,10/7/2011 8:08,5/6/2011 14:01,154
12395,12/3/2010 16:35,NULL,NULL
12395,12/17/2010 16:00,12/3/2010 16:35,14
12395,2/11/2011 12:16,12/17/2010 16:00,56
12395,3/23/2011 14:33,2/11/2011 12:16,40
12395,5/5/2011 14:38,3/23/2011 14:33,43
12395,5/12/2011 10:15,5/5/2011 14:38,7
12395,6/30/2011 16:52,5/12/2011 10:15,49
12395,8/19/2011 15:18,6/30/2011 16:52,50
12395,10/4/2011 13:45,8/19/2011 15:18,46
12395,11/8/2011 16:12,10/4/2011 13:45,35
12395,11/8/2011 16:15,11/8/2011 16:12,0
12395,11/20/2011 15:21,11/8/2011 16:15,12
12397,7/27/2011 14:21,NULL,NULL
12397,11/4/2011 9:52,7/27/2011 14:21,100
12398,10/25/2011 10:27,NULL,NULL
12399,3/23/2011 9:42,NULL,NULL
12399,5/10/2011 10:22,3/23/2011 9:42,48
12399,6/9/2011 13:09,5/10/2011 10:22,30
12399,8/12/2011 13:15,6/9/2011 13:09,64
12401,2/9/2011 13:50,NULL,NULL
12402,1/20/2011 13:49,NULL,NULL
12403,10/21/2011 10:51,NULL,NULL
12405,7/14/2011 8:52,NULL,NULL
12406,6/9/2011 10:23,NULL,NULL
12406,11/17/2011 19:22,6/9/2011 10:23,161
12407,3/20/2011 13:21,NULL,NULL
12407,4/18/2011 12:25,3/20/2011 13:21,29
12407,7/6/2011 9:49,4/18/2011 12:25,79
12407,7/28/2011 16:28,7/6/2011 9:49,22
12407,10/21/2011 10:11,7/28/2011 16:28,85
12408,3/24/2011 14:46,NULL,NULL
12408,3/24/2011 14:47,3/24/2011 14:46,0
12408,6/17/2011 10:51,3/24/2011 14:47,85
12408,9/2/2011 10:27,6/17/2011 10:51,77
12408,11/7/2011 12:27,9/2/2011 10:27,66
12409,6/10/2011 12:19,NULL,NULL
12409,9/21/2011 14:15,6/10/2011 12:19,103
12409,9/22/2011 10:38,9/21/2011 14:15,1
12410,2/4/2011 10:38,NULL,NULL
12410,2/4/2011 10:39,2/4/2011 10:38,0
12412,6/23/2011 13:51,NULL,NULL
12412,7/25/2011 11:17,6/23/2011 13:51,32
12412,9/26/2011 10:16,7/25/2011 11:17,63
12413,1/6/2011 16:12,NULL,NULL
12413,4/17/2011 15:33,1/6/2011 16:12,101
12413,10/4/2011 9:00,4/17/2011 15:33,170
12414,2/2/2011 14:51,NULL,NULL
12414,4/26/2011 9:12,2/2/2011 14:51,83
12414,5/6/2011 14:51,4/26/2011 9:12,10
12415,1/6/2011 11:12,NULL,NULL
12415,1/10/2011 9:58,1/6/2011 11:12,4
12415,2/15/2011 9:52,1/10/2011 9:58,36
12415,3/3/2011 10:59,2/15/2011 9:52,16
12415,4/1/2011 14:28,3/3/2011 10:59,29
12415,5/17/2011 15:42,4/1/2011 14:28,46
12415,5/20/2011 14:13,5/17/2011 15:42,3
12415,6/15/2011 13:37,5/20/2011 14:13,26
12415,6/15/2011 13:37,6/15/2011 13:37,0
12415,7/13/2011 15:30,6/15/2011 13:37,28
12415,7/13/2011 15:31,7/13/2011 15:30,0
12415,7/19/2011 10:51,7/13/2011 15:31,6
12415,8/18/2011 8:51,7/19/2011 10:51,30
12415,9/1/2011 13:50,8/18/2011 8:51,14
12415,9/1/2011 13:51,9/1/2011 13:50,0
12415,10/5/2011 12:35,9/1/2011 13:51,34
12415,10/5/2011 12:44,10/5/2011 12:35,0
12415,11/2/2011 12:03,10/5/2011 12:44,28
12415,11/3/2011 11:26,11/2/2011 12:03,1
12415,11/15/2011 10:32,11/3/2011 11:26,12
12415,11/15/2011 14:22,11/15/2011 10:32,0
12417,12/17/2010 11:51,NULL,NULL
12417,1/25/2011 9:11,12/17/2010 11:51,39
12417,3/3/2011 14:12,1/25/2011 9:11,37
12417,4/28/2011 13:09,3/3/2011 14:12,56
12417,6/5/2011 15:46,4/28/2011 13:09,38
12417,8/4/2011 18:51,6/5/2011 15:46,60
12417,8/25/2011 10:26,8/4/2011 18:51,21
12417,10/31/2011 16:02,8/25/2011 10:26,67
12417,12/6/2011 14:52,10/31/2011 16:02,36
12418,8/19/2011 11:08,NULL,NULL
12420,10/7/2011 8:55,NULL,NULL
12421,1/24/2011 15:09,NULL,NULL
12421,6/19/2011 13:54,1/24/2011 15:09,146
12421,8/17/2011 10:56,6/19/2011 13:54,59
12421,11/24/2011 9:07,8/17/2011 10:56,99
12422,1/19/2011 9:13,NULL,NULL
12422,6/24/2011 13:20,1/19/2011 9:13,156
12422,9/5/2011 9:48,6/24/2011 13:20,73
12423,12/21/2010 10:54,NULL,NULL
12423,2/21/2011 9:52,12/21/2010 10:54,62
12423,3/21/2011 11:46,2/21/2011 9:52,28
12423,4/7/2011 12:04,3/21/2011 11:46,17
12423,5/23/2011 10:48,4/7/2011 12:04,46
12423,6/1/2011 9:26,5/23/2011 10:48,9
12423,8/31/2011 8:55,6/1/2011 9:26,91
12423,12/9/2011 10:10,8/31/2011 8:55,100
12424,6/30/2011 12:06,NULL,NULL
12424,6/30/2011 12:06,6/30/2011 12:06,0
12425,9/22/2011 17:31,NULL,NULL
12426,5/29/2011 12:26,NULL,NULL
12427,12/3/2010 10:44,NULL,NULL
12427,10/10/2011 15:15,12/3/2010 10:44,311
12427,11/18/2011 8:56,10/10/2011 15:15,39
12428,3/1/2011 9:33,NULL,NULL
12428,3/1/2011 9:35,3/1/2011 9:33,0
12428,3/1/2011 16:53,3/1/2011 9:35,0
12428,3/20/2011 15:46,3/1/2011 16:53,19
12428,3/30/2011 15:48,3/20/2011 15:46,10
12428,4/11/2011 10:04,3/30/2011 15:48,12
12428,7/5/2011 12:23,4/11/2011 10:04,85
12428,8/11/2011 12:58,7/5/2011 12:23,37
12428,11/14/2011 8:22,8/11/2011 12:58,95
12429,12/9/2010 12:05,NULL,NULL
12429,4/26/2011 11:44,12/9/2010 12:05,138
12429,6/20/2011 12:14,4/26/2011 11:44,55
12429,11/30/2011 17:22,6/20/2011 12:14,163
12430,10/27/2011 15:09,NULL,NULL
12431,12/1/2010 10:03,NULL,NULL
12431,12/17/2010 14:10,12/1/2010 10:03,16
12431,1/28/2011 14:37,12/17/2010 14:10,42
12431,2/17/2011 8:23,1/28/2011 14:37,20
12431,2/27/2011 14:43,2/17/2011 8:23,10
12431,5/12/2011 12:34,2/27/2011 14:43,74
12431,5/23/2011 9:14,5/12/2011 12:34,11
12431,7/19/2011 10:42,5/23/2011 9:14,57
12431,7/24/2011 12:05,7/19/2011 10:42,5
12431,7/26/2011 10:16,7/24/2011 12:05,2
12431,8/12/2011 14:19,7/26/2011 10:16,17
12431,10/6/2011 9:31,8/12/2011 14:19,55
12431,10/6/2011 9:32,10/6/2011 9:31,0
12431,10/10/2011 14:49,10/6/2011 9:32,4
12431,11/4/2011 11:55,10/10/2011 14:49,25
12432,6/20/2011 13:27,NULL,NULL
12432,6/20/2011 13:29,6/20/2011 13:27,0
12432,6/22/2011 13:12,6/20/2011 13:29,2
12432,10/28/2011 11:40,6/22/2011 13:12,128
12432,10/28/2011 11:43,10/28/2011 11:40,0
12433,12/1/2010 13:24,NULL,NULL
12433,12/8/2010 16:49,12/1/2010 13:24,7
12433,9/9/2011 13:44,12/8/2010 16:49,275
12433,10/27/2011 13:43,9/9/2011 13:44,48
12433,11/30/2011 14:05,10/27/2011 13:43,34
12433,12/9/2011 8:48,11/30/2011 14:05,9
12433,12/9/2011 10:02,12/9/2011 8:48,0
12434,3/24/2011 13:05,NULL,NULL
12434,9/16/2011 12:38,3/24/2011 13:05,176
12435,3/17/2011 7:40,NULL,NULL
12435,9/21/2011 9:06,3/17/2011 7:40,188
12436,9/1/2011 12:09,NULL,NULL
12437,1/12/2011 14:13,NULL,NULL
12437,2/2/2011 15:22,1/12/2011 14:13,21
12437,2/23/2011 16:44,2/2/2011 15:22,21
12437,2/23/2011 16:45,2/23/2011 16:44,0
12437,3/16/2011 14:37,2/23/2011 16:45,21
12437,4/28/2011 11:45,3/16/2011 14:37,43
12437,5/18/2011 10:34,4/28/2011 11:45,20
12437,5/25/2011 10:08,5/18/2011 10:34,7
12437,6/15/2011 9:01,5/25/2011 10:08,21
12437,9/2/2011 13:14,6/15/2011 9:01,79
12437,9/2/2011 13:15,9/2/2011 13:14,0
12437,9/22/2011 16:58,9/2/2011 13:15,20
12437,10/27/2011 13:44,9/22/2011 16:58,35
12437,11/3/2011 9:43,10/27/2011 13:44,7
12437,11/3/2011 13:24,11/3/2011 9:43,0
12437,11/18/2011 15:14,11/3/2011 13:24,15
12437,11/30/2011 16:47,11/18/2011 15:14,12
12437,12/8/2011 11:35,11/30/2011 16:47,8
12438,7/22/2011 13:29,NULL,NULL
12438,11/25/2011 13:28,7/22/2011 13:29,126
12441,12/8/2010 10:45,NULL,NULL
12442,12/6/2011 14:22,NULL,NULL
12444,6/21/2011 14:00,NULL,NULL
12444,8/10/2011 8:41,6/21/2011 14:00,50
12444,9/15/2011 9:43,8/10/2011 8:41,36
12444,10/12/2011 12:08,9/15/2011 9:43,27
12444,11/18/2011 13:23,10/12/2011 12:08,37
12445,11/17/2011 18:43,NULL,NULL
12446,10/13/2011 12:50,NULL,NULL
12447,4/10/2011 13:25,NULL,NULL
12448,10/26/2011 13:46,NULL,NULL
12449,6/5/2011 15:37,NULL,NULL
12449,8/2/2011 9:14,6/5/2011 15:37,58
12449,9/9/2011 9:13,8/2/2011 9:14,38
12449,11/17/2011 13:46,9/9/2011 9:13,69
12450,6/19/2011 14:36,NULL,NULL
12450,7/6/2011 14:41,6/19/2011 14:36,17
12451,1/19/2011 9:05,NULL,NULL
12451,5/5/2011 17:34,1/19/2011 9:05,106
12451,10/5/2011 12:52,5/5/2011 17:34,153
12451,11/18/2011 9:58,10/5/2011 12:52,44
12451,11/29/2011 8:40,11/18/2011 9:58,11
12452,11/23/2011 8:05,NULL,NULL
12452,11/23/2011 10:28,11/23/2011 8:05,0
12453,7/28/2011 14:08,NULL,NULL
12454,10/14/2011 17:13,NULL,NULL
12455,2/16/2011 9:56,NULL,NULL
12455,2/17/2011 17:05,2/16/2011 9:56,1
12455,6/3/2011 11:33,2/17/2011 17:05,106
12455,7/6/2011 13:18,6/3/2011 11:33,33
12455,8/4/2011 11:07,7/6/2011 13:18,29
12455,9/27/2011 15:31,8/4/2011 11:07,54
12456,3/30/2011 9:12,NULL,NULL
12456,7/31/2011 15:25,3/30/2011 9:12,123
12456,10/26/2011 14:41,7/31/2011 15:25,87
12457,4/14/2011 18:57,NULL,NULL
12457,4/15/2011 13:48,4/14/2011 18:57,1
12457,4/20/2011 10:10,4/15/2011 13:48,5
12457,9/14/2011 15:54,4/20/2011 10:10,147
12457,9/15/2011 14:25,9/14/2011 15:54,1
12457,9/19/2011 9:04,9/15/2011 14:25,4
12457,10/4/2011 13:13,9/19/2011 9:04,15
12458,2/28/2011 10:55,NULL,NULL
12458,9/29/2011 15:25,2/28/2011 10:55,213
12461,7/8/2011 10:23,NULL,NULL
12461,9/6/2011 16:57,7/8/2011 10:23,60
12462,2/9/2011 14:44,NULL,NULL
12462,11/21/2011 9:11,2/9/2011 14:44,285
12463,4/12/2011 12:47,NULL,NULL
12463,5/17/2011 10:02,4/12/2011 12:47,35
12463,6/17/2011 14:28,5/17/2011 10:02,31
12463,10/17/2011 13:44,6/17/2011 14:28,122
12464,2/3/2011 13:30,NULL,NULL
12464,2/28/2011 12:08,2/3/2011 13:30,25
12464,5/23/2011 11:48,2/28/2011 12:08,84
12464,5/23/2011 11:49,5/23/2011 11:48,0
12464,7/13/2011 11:58,5/23/2011 11:49,51
12464,8/25/2011 13:33,7/13/2011 11:58,43
12464,11/17/2011 15:55,8/25/2011 13:33,84
12464,11/29/2011 13:33,11/17/2011 15:55,12
12465,6/23/2011 13:37,NULL,NULL
12465,11/22/2011 16:34,6/23/2011 13:37,152
12468,1/27/2011 13:29,NULL,NULL
12468,6/5/2011 11:36,1/27/2011 13:29,129
12471,12/10/2010 9:35,NULL,NULL
12471,12/10/2010 9:48,12/10/2010 9:35,0
12471,12/17/2010 11:52,12/10/2010 9:48,7
12471,12/17/2010 11:53,12/17/2010 11:52,0
12471,1/13/2011 13:21,12/17/2010 11:53,27
12471,2/3/2011 10:47,1/13/2011 13:21,21
12471,2/23/2011 15:53,2/3/2011 10:47,20
12471,3/18/2011 9:55,2/23/2011 15:53,23
12471,3/18/2011 9:57,3/18/2011 9:55,0
12471,4/4/2011 12:10,3/18/2011 9:57,17
12471,4/4/2011 12:11,4/4/2011 12:10,0
12471,5/13/2011 8:10,4/4/2011 12:11,39
12471,5/13/2011 8:11,5/13/2011 8:10,0
12471,7/4/2011 11:59,5/13/2011 8:11,52
12471,7/7/2011 12:38,7/4/2011 11:59,3
12471,7/7/2011 12:40,7/7/2011 12:38,0
12471,8/22/2011 10:39,7/7/2011 12:40,46
12471,8/24/2011 12:39,8/22/2011 10:39,2
12471,8/24/2011 16:13,8/24/2011 12:39,0
12471,9/16/2011 10:39,8/24/2011 16:13,23
12471,9/22/2011 17:25,9/16/2011 10:39,6
12471,10/5/2011 12:24,9/22/2011 17:25,13
12471,10/5/2011 12:25,10/5/2011 12:24,0
12471,11/3/2011 9:56,10/5/2011 12:25,29
12471,11/17/2011 9:49,11/3/2011 9:56,14
12471,11/24/2011 8:50,11/17/2011 9:49,7
12471,11/24/2011 12:36,11/24/2011 8:50,0
12471,11/29/2011 13:00,11/24/2011 12:36,5
12471,11/29/2011 13:01,11/29/2011 13:00,0
12471,12/7/2011 15:43,11/29/2011 13:01,8
12472,12/5/2010 14:19,NULL,NULL
12472,1/26/2011 12:27,12/5/2010 14:19,52
12472,3/17/2011 12:40,1/26/2011 12:27,50
12472,6/13/2011 14:13,3/17/2011 12:40,88
12472,7/24/2011 11:55,6/13/2011 14:13,41
12472,10/19/2011 11:49,7/24/2011 11:55,87
12472,11/7/2011 14:01,10/19/2011 11:49,19
12473,6/1/2011 10:15,NULL,NULL
12473,8/17/2011 12:04,6/1/2011 10:15,77
12473,10/17/2011 11:27,8/17/2011 12:04,61
12473,11/10/2011 13:44,10/17/2011 11:27,24
12473,11/10/2011 13:46,11/10/2011 13:44,0
12474,1/14/2011 10:06,NULL,NULL
12474,1/14/2011 14:45,1/14/2011 10:06,0
12474,1/26/2011 13:38,1/14/2011 14:45,12
12474,2/25/2011 11:53,1/26/2011 13:38,30
12474,3/18/2011 14:20,2/25/2011 11:53,21
12474,3/28/2011 14:07,3/18/2011 14:20,10
12474,5/17/2011 15:48,3/28/2011 14:07,50
12474,5/23/2011 12:32,5/17/2011 15:48,6
12474,6/21/2011 10:46,5/23/2011 12:32,29
12474,6/26/2011 15:36,6/21/2011 10:46,5
12474,7/12/2011 10:25,6/26/2011 15:36,16
12474,7/25/2011 10:04,7/12/2011 10:25,13
12474,9/2/2011 10:53,7/25/2011 10:04,39
12474,10/11/2011 12:38,9/2/2011 10:53,39
12474,10/17/2011 10:42,10/11/2011 12:38,6
12474,10/20/2011 12:53,10/17/2011 10:42,3
12474,11/15/2011 15:42,10/20/2011 12:53,26
12474,11/22/2011 14:39,11/15/2011 15:42,7
12475,10/17/2011 10:10,NULL,NULL
12476,12/13/2010 14:39,NULL,NULL
12476,1/31/2011 11:46,12/13/2010 14:39,49
12476,2/14/2011 10:24,1/31/2011 11:46,14
12476,4/19/2011 10:48,2/14/2011 10:24,64
12476,5/5/2011 17:13,4/19/2011 10:48,16
12476,7/21/2011 17:39,5/5/2011 17:13,77
12476,9/16/2011 10:56,7/21/2011 17:39,57
12476,10/25/2011 8:44,9/16/2011 10:56,39
12476,10/25/2011 8:45,10/25/2011 8:44,0
12476,11/14/2011 15:19,10/25/2011 8:45,20
12476,11/24/2011 12:40,11/14/2011 15:19,10
12477,2/11/2011 12:45,NULL,NULL
12477,4/14/2011 13:59,2/11/2011 12:45,62
12477,8/31/2011 9:11,4/14/2011 13:59,139
12477,10/7/2011 9:16,8/31/2011 9:11,37
12477,10/14/2011 13:54,10/7/2011 9:16,7
12477,11/17/2011 9:51,10/14/2011 13:54,34
12478,12/6/2011 9:56,NULL,NULL
12479,11/28/2011 13:26,NULL,NULL
12480,1/7/2011 15:27,NULL,NULL
12480,3/17/2011 13:23,1/7/2011 15:27,69
12480,7/19/2011 14:04,3/17/2011 13:23,124
12480,11/11/2011 14:52,7/19/2011 14:04,115
12481,12/9/2010 10:13,NULL,NULL
12481,12/20/2010 15:15,12/9/2010 10:13,11
12481,1/7/2011 10:32,12/20/2010 15:15,18
12481,3/28/2011 13:57,1/7/2011 10:32,80
12481,3/28/2011 13:59,3/28/2011 13:57,0
12481,5/19/2011 8:26,3/28/2011 13:59,52
12481,5/19/2011 8:27,5/19/2011 8:26,0
12481,6/13/2011 10:52,5/19/2011 8:27,25
12481,10/5/2011 9:46,6/13/2011 10:52,114
12481,11/17/2011 8:29,10/5/2011 9:46,43
12483,1/4/2011 14:20,NULL,NULL
12483,4/27/2011 13:13,1/4/2011 14:20,113
12483,5/11/2011 9:42,4/27/2011 13:13,14
12483,5/18/2011 12:50,5/11/2011 9:42,7
12483,6/9/2011 12:20,5/18/2011 12:50,22
12483,9/2/2011 11:42,6/9/2011 12:20,85
12483,10/30/2011 11:34,9/2/2011 11:42,58
12483,11/22/2011 17:02,10/30/2011 11:34,23
12484,1/7/2011 14:04,NULL,NULL
12484,6/16/2011 11:30,1/7/2011 14:04,160
12484,8/28/2011 13:32,6/16/2011 11:30,73
12484,8/31/2011 9:44,8/28/2011 13:32,3
12484,11/4/2011 15:18,8/31/2011 9:44,65
12484,11/7/2011 11:37,11/4/2011 15:18,3
12488,9/25/2011 10:34,NULL,NULL
12488,10/31/2011 10:42,9/25/2011 10:34,36
12488,11/30/2011 8:50,10/31/2011 10:42,30
12489,1/7/2011 13:13,NULL,NULL
12490,1/14/2011 9:13,NULL,NULL
12490,5/9/2011 9:47,1/14/2011 9:13,115
12490,6/20/2011 14:58,5/9/2011 9:47,42
12490,7/24/2011 11:25,6/20/2011 14:58,34
12490,8/31/2011 12:33,7/24/2011 11:25,38
12490,9/7/2011 13:22,8/31/2011 12:33,7
12490,11/2/2011 14:51,9/7/2011 13:22,56
12490,11/14/2011 13:02,11/2/2011 14:51,12
12490,11/22/2011 11:19,11/14/2011 13:02,8
12490,12/4/2011 16:07,11/22/2011 11:19,12
12491,11/1/2011 12:18,NULL,NULL
12492,8/26/2011 14:51,NULL,NULL
12492,10/7/2011 15:15,8/26/2011 14:51,42
12493,5/26/2011 14:53,NULL,NULL
12493,6/27/2011 10:17,5/26/2011 14:53,32
12494,12/9/2010 11:31,NULL,NULL
12494,12/16/2010 11:24,12/9/2010 11:31,7
12494,2/17/2011 10:08,12/16/2010 11:24,63
12494,5/27/2011 13:49,2/17/2011 10:08,99
12494,7/1/2011 12:17,5/27/2011 13:49,35
12494,10/30/2011 15:44,7/1/2011 12:17,121
12494,11/24/2011 9:34,10/30/2011 15:44,25
12497,9/19/2011 12:29,NULL,NULL
12498,10/13/2011 9:30,NULL,NULL
12498,11/18/2011 12:52,10/13/2011 9:30,36
12498,11/18/2011 12:53,11/18/2011 12:52,0
12500,1/10/2011 9:48,NULL,NULL
12500,2/17/2011 12:23,1/10/2011 9:48,38
12500,3/3/2011 15:30,2/17/2011 12:23,14
12500,3/18/2011 9:55,3/3/2011 15:30,15
12500,6/24/2011 10:16,3/18/2011 9:55,98
12500,8/25/2011 12:50,6/24/2011 10:16,62
12500,10/6/2011 9:37,8/25/2011 12:50,42
12500,10/19/2011 9:43,10/6/2011 9:37,13
12500,10/19/2011 10:33,10/19/2011 9:43,0
12500,10/21/2011 10:13,10/19/2011 10:33,2
12500,11/16/2011 16:20,10/21/2011 10:13,26
12501,1/7/2011 12:28,NULL,NULL
12502,2/3/2011 10:41,NULL,NULL
12502,3/16/2011 13:29,2/3/2011 10:41,41
12502,5/6/2011 8:19,3/16/2011 13:29,51
12502,8/4/2011 9:55,5/6/2011 8:19,90
12502,9/5/2011 11:52,8/4/2011 9:55,32
12504,11/9/2011 14:56,NULL,NULL
12504,11/21/2011 16:02,11/9/2011 14:56,12
12506,4/21/2011 8:54,NULL,NULL
12507,2/14/2011 9:24,NULL,NULL
12507,7/7/2011 10:20,2/14/2011 9:24,143
12507,7/28/2011 17:09,7/7/2011 10:20,21
12508,11/10/2011 16:27,NULL,NULL
12508,11/13/2011 15:37,11/10/2011 16:27,3
12509,2/28/2011 14:45,NULL,NULL
12510,1/18/2011 14:04,NULL,NULL
12510,7/20/2011 10:15,1/18/2011 14:04,183
12512,10/4/2011 14:53,NULL,NULL
12512,10/4/2011 14:55,10/4/2011 14:53,0
12513,8/19/2011 10:51,NULL,NULL
12514,3/17/2011 16:38,NULL,NULL
12515,12/21/2010 15:43,NULL,NULL
12516,6/12/2011 11:37,NULL,NULL
12516,9/23/2011 9:13,6/12/2011 11:37,103
12517,6/2/2011 15:13,NULL,NULL
12517,8/5/2011 15:02,6/2/2011 15:13,64
12517,9/27/2011 11:50,8/5/2011 15:02,53
12517,11/11/2011 13:57,9/27/2011 11:50,45
12517,11/11/2011 14:04,11/11/2011 13:57,0
12518,8/21/2011 13:18,NULL,NULL
12518,9/23/2011 15:45,8/21/2011 13:18,33
12518,10/12/2011 10:36,9/23/2011 15:45,19
12518,11/11/2011 11:18,10/12/2011 10:36,30
12518,12/9/2011 10:13,11/11/2011 11:18,28
12519,10/7/2011 9:26,NULL,NULL
12520,3/11/2011 11:35,NULL,NULL
12520,3/25/2011 8:50,3/11/2011 11:35,14
12520,5/19/2011 9:37,3/25/2011 8:50,55
12520,7/20/2011 14:38,5/19/2011 9:37,62
12520,9/21/2011 15:23,7/20/2011 14:38,63
12521,7/20/2011 10:51,NULL,NULL
12522,10/19/2011 14:41,NULL,NULL
12522,10/31/2011 15:30,10/19/2011 14:41,12
12523,1/12/2011 9:43,NULL,NULL
12523,2/21/2011 14:58,1/12/2011 9:43,40
12523,3/16/2011 15:17,2/21/2011 14:58,23
12523,4/1/2011 9:19,3/16/2011 15:17,16
12523,7/27/2011 13:14,4/1/2011 9:19,117
12523,8/21/2011 10:44,7/27/2011 13:14,25
12523,8/24/2011 10:13,8/21/2011 10:44,3
12523,9/21/2011 14:43,8/24/2011 10:13,28
12523,10/6/2011 17:28,9/21/2011 14:43,15
12523,10/27/2011 9:18,10/6/2011 17:28,21
12523,11/20/2011 12:55,10/27/2011 9:18,24
12524,1/10/2011 10:35,NULL,NULL
12524,2/21/2011 10:53,1/10/2011 10:35,42
12524,3/3/2011 14:04,2/21/2011 10:53,10
12524,5/1/2011 13:18,3/3/2011 14:04,59
12524,5/19/2011 12:24,5/1/2011 13:18,18
12524,6/30/2011 15:30,5/19/2011 12:24,42
12524,10/7/2011 11:19,6/30/2011 15:30,99
12524,11/30/2011 15:31,10/7/2011 11:19,54
12526,9/6/2011 14:19,NULL,NULL
12526,10/17/2011 9:37,9/6/2011 14:19,41
12526,12/9/2011 12:09,10/17/2011 9:37,53
12527,1/18/2011 12:05,NULL,NULL
12527,2/18/2011 9:41,1/18/2011 12:05,31
12527,9/19/2011 11:55,2/18/2011 9:41,213
12528,1/31/2011 9:05,NULL,NULL
12528,3/8/2011 11:46,1/31/2011 9:05,36
12528,7/13/2011 12:24,3/8/2011 11:46,127
12528,8/17/2011 12:30,7/13/2011 12:24,35
12528,10/7/2011 11:57,8/17/2011 12:30,51
12528,11/30/2011 14:40,10/7/2011 11:57,54
12530,1/7/2011 10:04,NULL,NULL
12530,4/20/2011 9:31,1/7/2011 10:04,103
12530,8/8/2011 10:59,4/20/2011 9:31,110
12530,10/11/2011 12:34,8/8/2011 10:59,64
12531,11/25/2011 11:12,NULL,NULL
12532,11/9/2011 13:47,NULL,NULL
12534,8/1/2011 10:26,NULL,NULL
12535,6/6/2011 12:47,NULL,NULL
12535,9/9/2011 8:48,6/6/2011 12:47,95
12536,10/11/2011 14:52,NULL,NULL
12536,10/27/2011 14:13,10/11/2011 14:52,16
12536,10/27/2011 14:20,10/27/2011 14:13,0
12538,11/10/2011 17:16,NULL,NULL
12539,1/10/2011 9:11,NULL,NULL
12539,1/27/2011 11:05,1/10/2011 9:11,17
12539,3/22/2011 16:00,1/27/2011 11:05,54
12539,11/17/2011 13:30,3/22/2011 16:00,240
12540,12/13/2010 9:39,NULL,NULL
12540,1/11/2011 12:25,12/13/2010 9:39,29
12540,2/1/2011 15:11,1/11/2011 12:25,21
12540,3/24/2011 17:10,2/1/2011 15:11,51
12540,5/4/2011 16:29,3/24/2011 17:10,41
12540,5/31/2011 13:32,5/4/2011 16:29,27
12540,6/6/2011 16:23,5/31/2011 13:32,6
12540,7/7/2011 10:03,6/6/2011 16:23,31
12540,7/25/2011 10:01,7/7/2011 10:03,18
12540,8/24/2011 8:09,7/25/2011 10:01,30
12540,9/8/2011 13:38,8/24/2011 8:09,15
12540,9/19/2011 15:02,9/8/2011 13:38,11
12540,9/23/2011 11:35,9/19/2011 15:02,4
12540,10/7/2011 8:12,9/23/2011 11:35,14
12540,10/18/2011 12:59,10/7/2011 8:12,11
12540,11/8/2011 15:38,10/18/2011 12:59,21
12540,11/20/2011 11:31,11/8/2011 15:38,12
12541,3/4/2011 9:32,NULL,NULL
12541,6/19/2011 15:59,3/4/2011 9:32,107
12541,11/10/2011 10:40,6/19/2011 15:59,144
12544,11/3/2011 16:15,NULL,NULL
12545,3/25/2011 12:04,NULL,NULL
12545,9/25/2011 13:39,3/25/2011 12:04,184
12546,9/23/2011 9:44,NULL,NULL
12546,10/24/2011 12:09,9/23/2011 9:44,31
12547,3/4/2011 12:46,NULL,NULL
12547,5/26/2011 12:38,3/4/2011 12:46,83
12548,6/26/2011 15:35,NULL,NULL
12550,9/21/2011 14:35,NULL,NULL
12551,12/17/2010 11:23,NULL,NULL
12552,10/31/2011 12:11,NULL,NULL
12552,11/1/2011 10:02,10/31/2011 12:11,1
12553,1/14/2011 10:42,NULL,NULL
12553,2/18/2011 15:23,1/14/2011 10:42,35
12553,3/4/2011 9:08,2/18/2011 15:23,14
12553,3/25/2011 10:19,3/4/2011 9:08,21
12553,5/19/2011 12:29,3/25/2011 10:19,55
12553,7/8/2011 12:00,5/19/2011 12:29,50
12553,8/21/2011 14:42,7/8/2011 12:00,44
12553,10/12/2011 14:18,8/21/2011 14:42,52
12553,11/14/2011 13:40,10/12/2011 14:18,33
12553,12/1/2011 16:38,11/14/2011 13:40,17
12556,7/11/2011 13:35,NULL,NULL
12556,10/20/2011 13:06,7/11/2011 13:35,101
12557,12/3/2010 12:20,NULL,NULL
12557,1/11/2011 11:39,12/3/2010 12:20,39
12557,3/28/2011 16:41,1/11/2011 11:39,76
12557,7/4/2011 13:19,3/28/2011 16:41,98
12557,11/23/2011 16:59,7/4/2011 13:19,142
12558,12/2/2011 10:41,NULL,NULL
12559,1/24/2011 10:12,NULL,NULL
12559,2/2/2011 9:49,1/24/2011 10:12,9
12560,7/19/2011 15:55,NULL,NULL
12560,8/19/2011 15:22,7/19/2011 15:55,31
12560,12/4/2011 13:54,8/19/2011 15:22,107
12561,2/10/2011 11:39,NULL,NULL
12562,5/25/2011 12:44,NULL,NULL
12562,6/16/2011 15:22,5/25/2011 12:44,22
12562,8/5/2011 8:40,6/16/2011 15:22,50
12562,9/19/2011 9:15,8/5/2011 8:40,45
12562,10/14/2011 14:55,9/19/2011 9:15,25
12562,11/17/2011 11:34,10/14/2011 14:55,34
12562,12/1/2011 17:20,11/17/2011 11:34,14
12564,3/23/2011 14:55,NULL,NULL
12565,2/24/2011 10:34,NULL,NULL
12566,9/14/2011 14:30,NULL,NULL
12567,12/5/2010 11:57,NULL,NULL
12567,12/7/2010 10:36,12/5/2010 11:57,2
12567,2/4/2011 11:45,12/7/2010 10:36,59
12567,5/22/2011 13:01,2/4/2011 11:45,107
12567,6/8/2011 8:49,5/22/2011 13:01,17
12567,6/8/2011 9:16,6/8/2011 8:49,0
12567,6/13/2011 9:55,6/8/2011 9:16,5
12567,8/23/2011 14:23,6/13/2011 9:55,71
12567,9/4/2011 14:22,8/23/2011 14:23,12
12567,11/17/2011 11:02,9/4/2011 14:22,74
12569,4/1/2011 13:47,NULL,NULL
12569,4/14/2011 9:56,4/1/2011 13:47,13
12569,4/14/2011 16:23,4/14/2011 9:56,0
12569,5/4/2011 11:57,4/14/2011 16:23,20
12569,5/5/2011 9:23,5/4/2011 11:57,1
12569,6/9/2011 9:36,5/5/2011 9:23,35
12569,6/30/2011 17:34,6/9/2011 9:36,21
12569,7/19/2011 12:37,6/30/2011 17:34,19
12569,7/19/2011 12:38,7/19/2011 12:37,0
12569,8/9/2011 10:05,7/19/2011 12:38,21
12569,8/16/2011 10:02,8/9/2011 10:05,7
12569,8/24/2011 13:55,8/16/2011 10:02,8
12569,9/4/2011 12:23,8/24/2011 13:55,11
12569,9/6/2011 14:53,9/4/2011 12:23,2
12569,9/8/2011 15:22,9/6/2011 14:53,2
12569,10/6/2011 14:54,9/8/2011 15:22,28
12569,10/6/2011 16:41,10/6/2011 14:54,0
12569,10/12/2011 11:49,10/6/2011 16:41,6
12569,10/20/2011 12:52,10/12/2011 11:49,8
12569,10/26/2011 14:39,10/20/2011 12:52,6
12569,10/26/2011 14:39,10/26/2011 14:39,0
12569,11/3/2011 13:44,10/26/2011 14:39,8
12569,11/15/2011 10:13,11/3/2011 13:44,12
12569,11/16/2011 13:56,11/15/2011 10:13,1
12569,11/16/2011 13:59,11/16/2011 13:56,0
12569,11/23/2011 14:39,11/16/2011 13:59,7
12569,12/1/2011 8:35,11/23/2011 14:39,8
12569,12/2/2011 10:24,12/1/2011 8:35,1
12569,12/4/2011 15:47,12/2/2011 10:24,2
12569,12/5/2011 9:41,12/4/2011 15:47,1
12569,12/7/2011 16:24,12/5/2011 9:41,2
12569,12/7/2011 16:24,12/7/2011 16:24,0
12571,8/10/2011 12:35,NULL,NULL
12571,10/31/2011 10:19,8/10/2011 12:35,82
12572,10/19/2011 8:20,NULL,NULL
12572,12/1/2011 9:20,10/19/2011 8:20,43
12573,4/26/2011 15:52,NULL,NULL
12574,1/28/2011 9:20,NULL,NULL
12576,2/8/2011 11:31,NULL,NULL
12576,5/5/2011 15:08,2/8/2011 11:31,86
12576,7/13/2011 10:02,5/5/2011 15:08,69
12576,9/5/2011 10:06,7/13/2011 10:02,54
12576,11/4/2011 10:11,9/5/2011 10:06,60
12577,12/15/2010 16:21,NULL,NULL
12577,11/4/2011 13:15,12/15/2010 16:21,324
12577,11/4/2011 13:24,11/4/2011 13:15,0
12578,1/13/2011 15:34,NULL,NULL
12578,11/18/2011 13:30,1/13/2011 15:34,309
12579,9/22/2011 17:15,NULL,NULL
12580,4/7/2011 10:24,NULL,NULL
12581,10/31/2011 8:56,NULL,NULL
12582,2/24/2011 11:42,NULL,NULL
12582,4/15/2011 8:45,2/24/2011 11:42,50
12583,12/1/2010 8:45,NULL,NULL
12583,1/7/2011 12:07,12/1/2010 8:45,37
12583,2/10/2011 15:38,1/7/2011 12:07,34
12583,3/11/2011 12:00,2/10/2011 15:38,29
12583,5/23/2011 9:48,3/11/2011 12:00,73
12583,6/12/2011 10:47,5/23/2011 9:48,20
12583,6/21/2011 14:30,6/12/2011 10:47,9
12583,7/8/2011 12:22,6/21/2011 14:30,17
12583,8/25/2011 12:26,7/8/2011 12:22,48
12583,9/21/2011 10:40,8/25/2011 12:26,27
12583,9/30/2011 12:58,9/21/2011 10:40,9
12583,10/12/2011 14:46,9/30/2011 12:58,12
12583,11/8/2011 12:45,10/12/2011 14:46,27
12583,11/21/2011 11:16,11/8/2011 12:45,13
12583,12/7/2011 8:07,11/21/2011 11:16,16
12584,3/4/2011 15:15,NULL,NULL
12584,6/7/2011 13:00,3/4/2011 15:15,95
12584,7/26/2011 12:04,6/7/2011 13:00,49
12584,8/4/2011 17:07,7/26/2011 12:04,9
12584,9/20/2011 13:21,8/4/2011 17:07,47
12584,10/13/2011 10:57,9/20/2011 13:21,23
12584,10/30/2011 13:13,10/13/2011 10:57,17
12584,11/22/2011 8:34,10/30/2011 13:13,23
12584,12/6/2011 9:35,11/22/2011 8:34,14
12585,12/23/2010 12:58,NULL,NULL
12585,4/19/2011 13:39,12/23/2010 12:58,117
12586,11/22/2011 16:24,NULL,NULL
12587,12/2/2011 12:47,NULL,NULL
12588,10/31/2011 15:01,NULL,NULL
12589,7/18/2011 12:05,NULL,NULL
12589,11/11/2011 10:19,7/18/2011 12:05,116
12590,5/12/2011 14:46,NULL,NULL
12590,5/12/2011 14:52,5/12/2011 14:46,0
12591,1/26/2011 14:35,NULL,NULL
12592,5/10/2011 13:44,NULL,NULL
12592,9/8/2011 15:04,5/10/2011 13:44,121
12593,5/5/2011 9:29,NULL,NULL
12593,8/2/2011 9:55,5/5/2011 9:29,89
12593,8/23/2011 12:43,8/2/2011 9:55,21
12594,1/21/2011 9:52,NULL,NULL
12594,2/18/2011 12:28,1/21/2011 9:52,28
12594,3/28/2011 12:35,2/18/2011 12:28,38
12594,3/28/2011 14:01,3/28/2011 12:35,0
12594,4/19/2011 12:08,3/28/2011 14:01,22
12594,5/31/2011 14:14,4/19/2011 12:08,42
12594,6/9/2011 10:05,5/31/2011 14:14,9
12594,8/10/2011 14:26,6/9/2011 10:05,62
12594,10/24/2011 12:44,8/10/2011 14:26,75
12594,11/2/2011 12:20,10/24/2011 12:44,9
12596,4/11/2011 13:22,NULL,NULL
12596,10/19/2011 13:02,4/11/2011 13:22,191
12597,3/16/2011 14:00,NULL,NULL
12597,6/9/2011 16:04,3/16/2011 14:00,85
12597,10/30/2011 13:06,6/9/2011 16:04,143
12597,11/20/2011 13:33,10/30/2011 13:06,21
12598,2/28/2011 11:58,NULL,NULL
12598,5/3/2011 8:40,2/28/2011 11:58,64
12598,5/3/2011 10:09,5/3/2011 8:40,0
12598,7/1/2011 11:43,5/3/2011 10:09,59
12598,9/29/2011 16:52,7/1/2011 11:43,90
12598,11/11/2011 12:07,9/29/2011 16:52,43
12598,11/20/2011 12:34,11/11/2011 12:07,9
12598,11/30/2011 12:18,11/20/2011 12:34,10
12599,2/8/2011 13:28,NULL,NULL
12599,2/27/2011 11:58,2/8/2011 13:28,19
12599,5/15/2011 13:45,2/27/2011 11:58,77
12599,6/28/2011 13:11,5/15/2011 13:45,44
12599,7/11/2011 15:22,6/28/2011 13:11,13
12599,8/5/2011 12:38,7/11/2011 15:22,25
12599,11/10/2011 13:34,8/5/2011 12:38,97
12600,12/3/2010 12:57,NULL,NULL
12600,12/17/2010 9:24,12/3/2010 12:57,14
12600,2/3/2011 9:58,12/17/2010 9:24,48
12600,3/20/2011 15:41,2/3/2011 9:58,45
12600,4/28/2011 16:20,3/20/2011 15:41,39
12600,5/19/2011 15:36,4/28/2011 16:20,21
12600,7/17/2011 10:53,5/19/2011 15:36,59
12600,8/19/2011 11:23,7/17/2011 10:53,33
12600,9/16/2011 14:20,8/19/2011 11:23,28
12600,11/11/2011 10:29,9/16/2011 14:20,56
12601,1/11/2011 10:38,NULL,NULL
12601,2/10/2011 9:43,1/11/2011 10:38,30
12601,3/31/2011 10:38,2/10/2011 9:43,49
12601,5/19/2011 15:41,3/31/2011 10:38,49
12601,6/3/2011 10:17,5/19/2011 15:41,15
12602,10/12/2011 11:22,NULL,NULL
12603,11/18/2011 10:42,NULL,NULL
12604,3/23/2011 12:06,NULL,NULL
12604,9/21/2011 14:08,3/23/2011 12:06,182
12607,10/10/2011 16:06,NULL,NULL
12609,1/25/2011 15:13,NULL,NULL
12609,6/6/2011 15:31,1/25/2011 15:13,132
12609,9/22/2011 16:34,6/6/2011 15:31,108
12610,8/5/2011 13:52,NULL,NULL
12610,8/25/2011 12:57,8/5/2011 13:52,20
12610,10/25/2011 14:23,8/25/2011 12:57,61
12610,10/27/2011 10:18,10/25/2011 14:23,2
12610,11/17/2011 9:34,10/27/2011 10:18,21
12611,10/18/2011 13:12,NULL,NULL
12612,9/26/2011 15:35,NULL,NULL
12613,3/22/2011 15:42,NULL,NULL
12613,3/22/2011 15:46,3/22/2011 15:42,0
12613,5/26/2011 9:17,3/22/2011 15:46,65
12613,5/26/2011 9:18,5/26/2011 9:17,0
12613,10/13/2011 14:59,5/26/2011 9:18,140
12614,3/7/2011 10:22,NULL,NULL
12615,6/24/2011 13:35,NULL,NULL
12615,9/29/2011 10:23,6/24/2011 13:35,97
12615,11/3/2011 10:45,9/29/2011 10:23,35
12615,12/7/2011 15:02,11/3/2011 10:45,34
12616,2/15/2011 14:17,NULL,NULL
12616,9/5/2011 15:17,2/15/2011 14:17,202
12617,11/10/2011 14:39,NULL,NULL
12618,11/18/2011 11:10,NULL,NULL
12619,3/31/2011 13:10,NULL,NULL
12619,4/19/2011 14:02,3/31/2011 13:10,19
12619,7/4/2011 15:54,4/19/2011 14:02,76
12619,7/14/2011 12:12,7/4/2011 15:54,10
12619,8/15/2011 13:22,7/14/2011 12:12,32
12619,9/13/2011 14:23,8/15/2011 13:22,29
12619,9/23/2011 9:00,9/13/2011 14:23,10
12619,11/6/2011 11:30,9/23/2011 9:00,44
12619,11/23/2011 14:52,11/6/2011 11:30,17
12620,5/19/2011 12:10,NULL,NULL
12620,9/20/2011 10:06,5/19/2011 12:10,124
12620,11/25/2011 10:20,9/20/2011 10:06,66
12621,12/9/2010 10:16,NULL,NULL
12621,12/17/2010 12:38,12/9/2010 10:16,8
12621,2/14/2011 12:11,12/17/2010 12:38,59
12621,2/21/2011 13:40,2/14/2011 12:11,7
12621,3/25/2011 14:50,2/21/2011 13:40,32
12621,4/27/2011 12:02,3/25/2011 14:50,33
12621,5/9/2011 11:34,4/27/2011 12:02,12
12621,5/12/2011 9:40,5/9/2011 11:34,3
12621,5/12/2011 9:41,5/12/2011 9:40,0
12621,5/23/2011 15:38,5/12/2011 9:41,11
12621,6/16/2011 14:45,5/23/2011 15:38,24
12621,6/16/2011 14:46,6/16/2011 14:45,0
12621,7/15/2011 14:34,6/16/2011 14:46,29
12621,8/23/2011 11:47,7/15/2011 14:34,39
12621,8/31/2011 15:30,8/23/2011 11:47,8
12621,9/19/2011 13:28,8/31/2011 15:30,19
12621,9/19/2011 14:56,9/19/2011 13:28,0
12621,10/18/2011 12:48,9/19/2011 14:56,29
12621,11/16/2011 8:37,10/18/2011 12:48,29
12621,12/8/2011 11:25,11/16/2011 8:37,22
12622,4/21/2011 16:39,NULL,NULL
12623,3/8/2011 13:50,NULL,NULL
12624,6/15/2011 12:34,NULL,NULL
12624,8/25/2011 15:04,6/15/2011 12:34,71
12625,1/24/2011 13:27,NULL,NULL
12625,5/12/2011 9:54,1/24/2011 13:27,108
12626,1/17/2011 11:01,NULL,NULL
12626,1/27/2011 13:42,1/17/2011 11:01,10
12626,6/30/2011 17:59,1/27/2011 13:42,154
12626,7/21/2011 15:14,6/30/2011 17:59,21
12626,8/4/2011 14:20,7/21/2011 15:14,14
12626,8/19/2011 11:46,8/4/2011 14:20,15
12626,10/6/2011 13:30,8/19/2011 11:46,48
12626,10/27/2011 15:05,10/6/2011 13:30,21
12626,11/16/2011 16:06,10/27/2011 15:05,20
12627,7/22/2011 13:59,NULL,NULL
12627,8/2/2011 9:29,7/22/2011 13:59,11
12627,8/22/2011 15:55,8/2/2011 9:29,20
12627,8/23/2011 8:51,8/22/2011 15:55,1
12627,9/4/2011 14:09,8/23/2011 8:51,12
12627,10/6/2011 15:51,9/4/2011 14:09,32
12627,11/29/2011 12:07,10/6/2011 15:51,54
12628,10/6/2011 9:28,NULL,NULL
12628,11/6/2011 14:26,10/6/2011 9:28,31
12628,12/5/2011 13:15,11/6/2011 14:26,29
12630,10/27/2011 10:41,NULL,NULL
12630,11/30/2011 10:48,10/27/2011 10:41,34
12631,10/13/2011 13:53,NULL,NULL
12633,2/25/2011 8:44,NULL,NULL
12633,5/27/2011 10:29,2/25/2011 8:44,91
12633,8/2/2011 9:35,5/27/2011 10:29,67
12633,10/12/2011 11:40,8/2/2011 9:35,71
12635,7/8/2011 8:43,NULL,NULL
12635,9/11/2011 11:04,7/8/2011 8:43,65
12637,1/20/2011 10:47,NULL,NULL
12637,3/21/2011 12:42,1/20/2011 10:47,60
12637,3/21/2011 12:44,3/21/2011 12:42,0
12637,4/14/2011 14:15,3/21/2011 12:44,24
12637,7/5/2011 15:14,4/14/2011 14:15,82
12637,9/7/2011 15:07,7/5/2011 15:14,64
12637,9/9/2011 11:48,9/7/2011 15:07,2
12637,10/3/2011 13:46,9/9/2011 11:48,24
12638,11/6/2011 13:11,NULL,NULL
12639,4/15/2011 12:48,NULL,NULL
12640,9/19/2011 12:01,NULL,NULL
12640,11/15/2011 8:43,9/19/2011 12:01,57
12640,11/16/2011 11:52,11/15/2011 8:43,1
12641,8/16/2011 13:26,NULL,NULL
12642,8/24/2011 9:23,NULL,NULL
12642,10/20/2011 12:31,8/24/2011 9:23,57
12642,11/14/2011 15:03,10/20/2011 12:31,25
12643,1/11/2011 11:48,NULL,NULL
12643,5/3/2011 12:02,1/11/2011 11:48,112
12643,5/3/2011 12:03,5/3/2011 12:02,0
12643,6/10/2011 10:38,5/3/2011 12:03,38
12643,6/20/2011 14:17,6/10/2011 10:38,10
12643,8/3/2011 12:56,6/20/2011 14:17,44
12644,8/2/2011 10:33,NULL,NULL
12645,1/27/2011 13:08,NULL,NULL
12645,5/4/2011 12:11,1/27/2011 13:08,97
12645,8/22/2011 12:40,5/4/2011 12:11,110
12645,11/6/2011 12:38,8/22/2011 12:40,76
12646,10/21/2011 12:52,NULL,NULL
12646,12/5/2011 10:14,10/21/2011 12:52,45
12647,12/5/2010 14:02,NULL,NULL
12647,12/5/2010 14:03,12/5/2010 14:02,0
12647,12/7/2010 12:28,12/5/2010 14:03,2
12647,12/17/2010 12:21,12/7/2010 12:28,10
12647,3/18/2011 10:09,12/17/2010 12:21,91
12647,4/8/2011 12:30,3/18/2011 10:09,21
12647,5/24/2011 10:19,4/8/2011 12:30,46
12647,7/7/2011 13:54,5/24/2011 10:19,44
12647,8/5/2011 13:49,7/7/2011 13:54,29
12647,9/11/2011 13:32,8/5/2011 13:49,37
12647,9/22/2011 17:14,9/11/2011 13:32,11
12647,11/17/2011 12:56,9/22/2011 17:14,56
12648,7/8/2011 11:55,NULL,NULL
12649,5/11/2011 14:37,NULL,NULL
12649,8/24/2011 14:40,5/11/2011 14:37,105
12649,8/24/2011 14:41,8/24/2011 14:40,0
12650,12/6/2011 16:34,NULL,NULL
12651,1/9/2011 12:46,NULL,NULL
12652,1/12/2011 15:00,NULL,NULL
12653,2/16/2011 10:53,NULL,NULL
12653,7/14/2011 10:41,2/16/2011 10:53,148
12654,2/17/2011 13:16,NULL,NULL
12654,5/26/2011 10:41,2/17/2011 13:16,98
12654,5/26/2011 10:43,5/26/2011 10:41,0
12654,11/2/2011 14:57,5/26/2011 10:43,160
12654,11/29/2011 10:10,11/2/2011 14:57,27
12656,4/20/2011 9:20,NULL,NULL
12656,5/20/2011 11:34,4/20/2011 9:20,30
12656,8/15/2011 12:53,5/20/2011 11:34,87
12656,9/28/2011 11:38,8/15/2011 12:53,44
12656,11/22/2011 13:42,9/28/2011 11:38,55
12657,9/22/2011 11:40,NULL,NULL
12657,10/28/2011 18:07,9/22/2011 11:40,36
12657,11/28/2011 15:35,10/28/2011 18:07,31
12657,11/28/2011 15:47,11/28/2011 15:35,0
12658,11/21/2011 10:22,NULL,NULL
12659,11/10/2011 11:53,NULL,NULL
12660,11/28/2011 13:26,NULL,NULL
12662,12/1/2010 13:04,NULL,NULL
12662,2/3/2011 13:58,12/1/2010 13:04,64
12662,3/8/2011 12:52,2/3/2011 13:58,33
12662,4/14/2011 17:25,3/8/2011 12:52,37
12662,6/5/2011 13:45,4/14/2011 17:25,52
12662,7/19/2011 13:45,6/5/2011 13:45,44
12662,8/24/2011 13:42,7/19/2011 13:45,36
12662,10/18/2011 9:24,8/24/2011 13:42,55
12662,11/16/2011 17:25,10/18/2011 9:24,29
12662,11/16/2011 17:26,11/16/2011 17:25,0
12662,12/9/2011 11:59,11/16/2011 17:26,23
12664,1/21/2011 11:42,NULL,NULL
12664,4/21/2011 14:33,1/21/2011 11:42,90
12664,7/19/2011 12:43,4/21/2011 14:33,89
12664,9/13/2011 15:35,7/19/2011 12:43,56
12664,10/4/2011 14:41,9/13/2011 15:35,21
12664,10/12/2011 11:43,10/4/2011 14:41,8
12664,11/4/2011 9:24,10/12/2011 11:43,23
12664,11/23/2011 15:02,11/4/2011 9:24,19
12664,12/1/2011 17:07,11/23/2011 15:02,8
12665,1/19/2011 8:34,NULL,NULL
12667,10/12/2011 17:00,NULL,NULL
12668,12/19/2010 12:46,NULL,NULL
12668,1/31/2011 13:27,12/19/2010 12:46,43
12668,3/25/2011 14:53,1/31/2011 13:27,53
12668,11/28/2011 10:56,3/25/2011 14:53,248
12669,3/28/2011 10:15,NULL,NULL
12669,4/5/2011 9:45,3/28/2011 10:15,8
12669,7/12/2011 9:54,4/5/2011 9:45,98
12670,4/21/2011 10:16,NULL,NULL
12670,5/24/2011 9:25,4/21/2011 10:16,33
12670,9/2/2011 9:51,5/24/2011 9:25,101
12670,11/10/2011 15:03,9/2/2011 9:51,69
12670,11/29/2011 15:23,11/10/2011 15:03,19
12672,1/14/2011 9:20,NULL,NULL
12673,1/17/2011 11:46,NULL,NULL
12673,12/4/2011 13:55,1/17/2011 11:46,321
12674,5/16/2011 9:10,NULL,NULL
12674,6/22/2011 9:43,5/16/2011 9:10,37
12674,9/9/2011 10:51,6/22/2011 9:43,79
12674,11/1/2011 12:12,9/9/2011 10:51,53
12676,2/1/2011 15:41,NULL,NULL
12676,3/24/2011 11:40,2/1/2011 15:41,51
12676,6/2/2011 18:06,3/24/2011 11:40,70
12676,8/8/2011 10:01,6/2/2011 18:06,67
12676,9/30/2011 9:25,8/8/2011 10:01,53
12676,11/15/2011 12:25,9/30/2011 9:25,46
12678,12/21/2010 11:00,NULL,NULL
12678,12/21/2010 14:26,12/21/2010 11:00,0
12678,2/28/2011 11:43,12/21/2010 14:26,69
12678,3/31/2011 13:40,2/28/2011 11:43,31
12678,4/4/2011 9:08,3/31/2011 13:40,4
12678,6/5/2011 11:53,4/4/2011 9:08,62
12678,7/13/2011 11:48,6/5/2011 11:53,38
12678,8/31/2011 10:24,7/13/2011 11:48,49
12678,8/31/2011 11:22,8/31/2011 10:24,0
12678,9/22/2011 10:52,8/31/2011 11:22,22
12678,10/28/2011 7:39,9/22/2011 10:52,36
12678,10/28/2011 13:04,10/28/2011 7:39,0
12679,3/1/2011 12:26,NULL,NULL
12679,5/18/2011 12:18,3/1/2011 12:26,78
12679,9/13/2011 10:34,5/18/2011 12:18,118
12679,10/12/2011 12:30,9/13/2011 10:34,29
12680,8/18/2011 15:44,NULL,NULL
12680,9/11/2011 12:27,8/18/2011 15:44,24
12680,9/27/2011 12:53,9/11/2011 12:27,16
12680,12/9/2011 12:50,9/27/2011 12:53,73
12681,12/7/2010 10:08,NULL,NULL
12681,12/20/2010 14:10,12/7/2010 10:08,13
12681,1/5/2011 12:42,12/20/2010 14:10,16
12681,1/10/2011 13:22,1/5/2011 12:42,5
12681,1/19/2011 11:51,1/10/2011 13:22,9
12681,1/31/2011 15:36,1/19/2011 11:51,12
12681,3/13/2011 14:55,1/31/2011 15:36,41
12681,3/15/2011 16:39,3/13/2011 14:55,2
12681,3/22/2011 11:28,3/15/2011 16:39,7
12681,4/17/2011 11:21,3/22/2011 11:28,26
12681,5/13/2011 15:48,4/17/2011 11:21,26
12681,5/25/2011 12:54,5/13/2011 15:48,12
12681,6/5/2011 13:13,5/25/2011 12:54,11
12681,7/8/2011 11:36,6/5/2011 13:13,33
12681,7/11/2011 11:39,7/8/2011 11:36,3
12681,9/23/2011 12:09,7/11/2011 11:39,74
12681,10/27/2011 10:51,9/23/2011 12:09,34
12681,10/27/2011 10:57,10/27/2011 10:51,0
12681,11/9/2011 9:34,10/27/2011 10:57,13
12681,11/17/2011 8:35,11/9/2011 9:34,8
12681,11/17/2011 18:29,11/17/2011 8:35,0
12681,11/25/2011 11:33,11/17/2011 18:29,8
12682,12/3/2010 13:59,NULL,NULL
12682,12/9/2010 14:49,12/3/2010 13:59,6
12682,1/5/2011 14:48,12/9/2010 14:49,27
12682,2/1/2011 14:58,1/5/2011 14:48,27
12682,2/2/2011 9:06,2/1/2011 14:58,1
12682,3/14/2011 11:38,2/2/2011 9:06,40
12682,4/4/2011 11:18,3/14/2011 11:38,21
12682,5/13/2011 9:24,4/4/2011 11:18,39
12682,5/16/2011 12:04,5/13/2011 9:24,3
12682,5/22/2011 14:33,5/16/2011 12:04,6
12682,5/31/2011 13:32,5/22/2011 14:33,9
12682,6/15/2011 10:21,5/31/2011 13:32,15
12682,6/15/2011 10:22,6/15/2011 10:21,0
12682,7/4/2011 11:42,6/15/2011 10:22,19
12682,7/12/2011 8:52,7/4/2011 11:42,8
12682,7/12/2011 16:58,7/12/2011 8:52,0
12682,7/19/2011 9:51,7/12/2011 16:58,7
12682,8/12/2011 15:22,7/19/2011 9:51,24
12682,8/25/2011 13:12,8/12/2011 15:22,13
12682,8/31/2011 12:18,8/25/2011 13:12,6
12682,9/15/2011 13:31,8/31/2011 12:18,15
12682,9/19/2011 12:19,9/15/2011 13:31,4
12682,10/10/2011 10:13,9/19/2011 12:19,21
12682,10/10/2011 13:03,10/10/2011 10:13,0
12682,11/1/2011 13:56,10/10/2011 13:03,22
12682,11/10/2011 10:53,11/1/2011 13:56,9
12682,11/10/2011 11:55,11/10/2011 10:53,0
12682,11/18/2011 12:46,11/10/2011 11:55,8
12682,11/25/2011 15:44,11/18/2011 12:46,7
12682,11/30/2011 14:16,11/25/2011 15:44,5
12682,12/6/2011 10:00,11/30/2011 14:16,6
12683,12/9/2010 10:37,NULL,NULL
12683,12/9/2010 12:17,12/9/2010 10:37,0
12683,1/17/2011 15:17,12/9/2010 12:17,39
12683,3/1/2011 10:31,1/17/2011 15:17,43
12683,3/23/2011 13:33,3/1/2011 10:31,22
12683,3/23/2011 13:39,3/23/2011 13:33,0
12683,5/3/2011 9:33,3/23/2011 13:39,41
12683,5/3/2011 9:34,5/3/2011 9:33,0
12683,5/12/2011 11:50,5/3/2011 9:34,9
12683,6/8/2011 9:39,5/12/2011 11:50,27
12683,8/26/2011 15:44,6/8/2011 9:39,79
12683,9/8/2011 10:35,8/26/2011 15:44,13
12683,10/20/2011 14:30,9/8/2011 10:35,42
12683,12/5/2011 16:28,10/20/2011 14:30,46
12683,12/5/2011 16:31,12/5/2011 16:28,0
12684,5/10/2011 12:55,NULL,NULL
12684,5/16/2011 14:17,5/10/2011 12:55,6
12684,5/26/2011 17:16,5/16/2011 14:17,10
12684,6/22/2011 11:20,5/26/2011 17:16,27
12684,10/7/2011 10:18,6/22/2011 11:20,107
12684,11/15/2011 10:50,10/7/2011 10:18,39
12684,12/2/2011 9:53,11/15/2011 10:50,17
12685,9/7/2011 10:28,NULL,NULL
12685,9/8/2011 10:32,9/7/2011 10:28,1
12685,9/25/2011 13:25,9/8/2011 10:32,17
12685,10/13/2011 8:42,9/25/2011 13:25,18
12685,10/19/2011 16:24,10/13/2011 8:42,6
12685,11/11/2011 13:46,10/19/2011 16:24,23
12686,12/3/2010 9:51,NULL,NULL
12688,8/18/2011 8:49,NULL,NULL
12689,8/4/2011 10:04,NULL,NULL
12689,11/14/2011 8:31,8/4/2011 10:04,102
12690,5/18/2011 9:09,NULL,NULL
12691,12/17/2010 14:46,NULL,NULL
12691,1/24/2011 15:32,12/17/2010 14:46,38
12691,1/25/2011 15:59,1/24/2011 15:32,1
12691,7/17/2011 14:56,1/25/2011 15:59,173
12691,10/12/2011 12:54,7/17/2011 14:56,87
12691,11/11/2011 16:49,10/12/2011 12:54,30
12693,1/24/2011 12:58,NULL,NULL
12693,3/20/2011 13:59,1/24/2011 12:58,55
12693,5/12/2011 8:52,3/20/2011 13:59,53
12693,8/4/2011 17:51,5/12/2011 8:52,84
12694,6/9/2011 17:48,NULL,NULL
12694,9/30/2011 13:06,6/9/2011 17:48,113
12695,5/13/2011 13:15,NULL,NULL
12695,8/24/2011 12:58,5/13/2011 13:15,103
12695,10/4/2011 15:02,8/24/2011 12:58,41
12695,12/2/2011 13:22,10/4/2011 15:02,59
12697,6/23/2011 15:44,NULL,NULL
12697,7/31/2011 14:17,6/23/2011 15:44,38
12697,11/11/2011 8:47,7/31/2011 14:17,103
12700,5/8/2011 16:10,NULL,NULL
12700,7/6/2011 13:14,5/8/2011 16:10,59
12700,10/5/2011 9:57,7/6/2011 13:14,91
12700,12/2/2011 10:47,10/5/2011 9:57,58
12701,4/11/2011 13:02,NULL,NULL
12701,9/21/2011 10:47,4/11/2011 13:02,163
12702,11/20/2011 10:36,NULL,NULL
12703,9/29/2011 17:52,NULL,NULL
12704,6/23/2011 10:20,NULL,NULL
12704,8/4/2011 10:00,6/23/2011 10:20,42
12704,8/26/2011 8:59,8/4/2011 10:00,22
12704,9/22/2011 18:14,8/26/2011 8:59,27
12704,11/4/2011 11:40,9/22/2011 18:14,43
12704,11/17/2011 14:49,11/4/2011 11:40,13
12704,11/17/2011 14:51,11/17/2011 14:49,0
12704,12/2/2011 13:15,11/17/2011 14:51,15
12705,12/17/2010 15:58,NULL,NULL
12705,4/8/2011 9:54,12/17/2010 15:58,112
12705,5/22/2011 14:03,4/8/2011 9:54,44
12705,7/4/2011 14:36,5/22/2011 14:03,43
12705,9/23/2011 12:55,7/4/2011 14:36,81
12705,10/28/2011 14:44,9/23/2011 12:55,35
12705,11/22/2011 13:27,10/28/2011 14:44,25
12705,11/24/2011 12:01,11/22/2011 13:27,2
12705,11/24/2011 13:17,11/24/2011 12:01,0
12707,2/21/2011 8:38,NULL,NULL
12708,12/6/2010 10:43,NULL,NULL
12708,1/14/2011 9:23,12/6/2010 10:43,39
12708,3/7/2011 9:49,1/14/2011 9:23,52
12708,4/21/2011 15:52,3/7/2011 9:49,45
12708,5/23/2011 10:13,4/21/2011 15:52,32
12708,6/13/2011 10:33,5/23/2011 10:13,21
12708,8/30/2011 8:15,6/13/2011 10:33,78
12708,9/28/2011 13:30,8/30/2011 8:15,29
12708,11/7/2011 12:44,9/28/2011 13:30,40
12708,11/10/2011 9:52,11/7/2011 12:44,3
12709,12/8/2010 9:49,NULL,NULL
12709,12/17/2010 12:02,12/8/2010 9:49,9
12709,1/25/2011 13:37,12/17/2010 12:02,39
12709,3/1/2011 12:09,1/25/2011 13:37,35
12709,3/30/2011 12:54,3/1/2011 12:09,29
12709,4/14/2011 9:30,3/30/2011 12:54,15
12709,5/6/2011 15:01,4/14/2011 9:30,22
12709,6/2/2011 9:04,5/6/2011 15:01,27
12709,7/14/2011 14:08,6/2/2011 9:04,42
12709,7/27/2011 13:00,7/14/2011 14:08,13
12709,9/4/2011 14:06,7/27/2011 13:00,39
12709,9/29/2011 15:58,9/4/2011 14:06,25
12709,10/12/2011 12:01,9/29/2011 15:58,13
12709,10/27/2011 17:00,10/12/2011 12:01,15
12709,11/24/2011 15:38,10/27/2011 17:00,28
12710,5/22/2011 14:05,NULL,NULL
12710,7/1/2011 13:22,5/22/2011 14:05,40
12710,9/4/2011 12:00,7/1/2011 13:22,65
12712,12/3/2010 14:30,NULL,NULL
12712,12/9/2010 11:39,12/3/2010 14:30,6
12712,1/12/2011 11:46,12/9/2010 11:39,34
12712,2/1/2011 10:00,1/12/2011 11:46,20
12712,3/7/2011 9:10,2/1/2011 10:00,34
12712,3/16/2011 13:58,3/7/2011 9:10,9
12712,5/10/2011 14:46,3/16/2011 13:58,55
12712,5/23/2011 15:38,5/10/2011 14:46,13
12712,6/10/2011 15:28,5/23/2011 15:38,18
12712,7/15/2011 13:10,6/10/2011 15:28,35
12712,8/25/2011 9:18,7/15/2011 13:10,41
12712,10/21/2011 15:20,8/25/2011 9:18,57
12712,11/11/2011 8:19,10/21/2011 15:20,21
12713,12/9/2011 12:16,NULL,NULL
12714,2/18/2011 10:53,NULL,NULL
12714,5/17/2011 9:28,2/18/2011 10:53,88
12714,6/13/2011 11:41,5/17/2011 9:28,27
12714,8/25/2011 9:55,6/13/2011 11:41,73
12714,11/30/2011 15:43,8/25/2011 9:55,97
12715,8/25/2011 15:22,NULL,NULL
12716,7/29/2011 13:28,NULL,NULL
12716,12/6/2011 8:55,7/29/2011 13:28,130
12717,4/8/2011 10:32,NULL,NULL
12717,7/11/2011 14:47,4/8/2011 10:32,94
12718,9/29/2011 16:38,NULL,NULL
12719,10/5/2011 14:50,NULL,NULL
12719,12/4/2011 13:45,10/5/2011 14:50,60
12720,12/5/2010 15:21,NULL,NULL
12720,12/17/2010 12:56,12/5/2010 15:21,12
12720,1/31/2011 9:51,12/17/2010 12:56,45
12720,2/9/2011 10:41,1/31/2011 9:51,9
12720,3/22/2011 15:13,2/9/2011 10:41,41
12720,4/11/2011 11:38,3/22/2011 15:13,20
12720,5/4/2011 8:51,4/11/2011 11:38,23
12720,5/4/2011 8:52,5/4/2011 8:51,0
12720,5/26/2011 12:41,5/4/2011 8:52,22
12720,5/31/2011 13:15,5/26/2011 12:41,5
12720,6/23/2011 10:56,5/31/2011 13:15,23
12720,7/12/2011 13:31,6/23/2011 10:56,19
12720,7/12/2011 13:32,7/12/2011 13:31,0
12720,8/3/2011 10:04,7/12/2011 13:32,22
12720,8/7/2011 11:59,8/3/2011 10:04,4
12720,9/6/2011 13:46,8/7/2011 11:59,30
12720,9/6/2011 13:47,9/6/2011 13:46,0
12720,9/20/2011 15:03,9/6/2011 13:47,14
12720,10/5/2011 9:43,9/20/2011 15:03,15
12720,10/18/2011 10:18,10/5/2011 9:43,13
12720,10/31/2011 10:05,10/18/2011 10:18,13
12720,11/16/2011 11:03,10/31/2011 10:05,16
12720,11/24/2011 15:02,11/16/2011 11:03,8
12720,11/24/2011 15:03,11/24/2011 15:02,0
12720,12/7/2011 8:03,11/24/2011 15:03,13
12721,12/20/2010 11:38,NULL,NULL
12721,2/9/2011 10:11,12/20/2010 11:38,51
12721,4/7/2011 13:07,2/9/2011 10:11,57
12721,6/9/2011 17:53,4/7/2011 13:07,63
12721,9/21/2011 12:26,6/9/2011 17:53,104
12721,11/8/2011 12:13,9/21/2011 12:26,48
12722,7/12/2011 11:55,NULL,NULL
12722,8/14/2011 11:16,7/12/2011 11:55,33
12722,8/17/2011 8:50,8/14/2011 11:16,3
12722,9/15/2011 14:50,8/17/2011 8:50,29
12723,10/5/2011 15:52,NULL,NULL
12723,10/5/2011 15:56,10/5/2011 15:52,0
12723,11/23/2011 13:51,10/5/2011 15:56,49
12723,11/23/2011 14:01,11/23/2011 13:51,0
12723,12/6/2011 10:19,11/23/2011 14:01,13
12724,1/11/2011 15:00,NULL,NULL
12724,6/19/2011 13:37,1/11/2011 15:00,159
12724,9/19/2011 12:36,6/19/2011 13:37,92
12724,12/4/2011 16:02,9/19/2011 12:36,76
12725,12/3/2010 15:45,NULL,NULL
12726,12/17/2010 12:56,NULL,NULL
12726,1/28/2011 10:45,12/17/2010 12:56,42
12726,3/20/2011 15:58,1/28/2011 10:45,51
12726,5/9/2011 15:12,3/20/2011 15:58,50
12726,6/8/2011 10:10,5/9/2011 15:12,30
12726,9/14/2011 14:19,6/8/2011 10:10,98
12726,11/11/2011 13:35,9/14/2011 14:19,58
12727,1/23/2011 15:17,NULL,NULL
12727,2/16/2011 11:45,1/23/2011 15:17,24
12727,3/3/2011 12:06,2/16/2011 11:45,15
12727,3/3/2011 12:20,3/3/2011 12:06,0
12727,6/5/2011 15:29,3/3/2011 12:20,94
12727,9/5/2011 13:38,6/5/2011 15:29,92
12727,11/29/2011 11:46,9/5/2011 13:38,85
12728,1/11/2011 13:31,NULL,NULL
12728,2/28/2011 14:42,1/11/2011 13:31,48
12728,3/27/2011 13:07,2/28/2011 14:42,27
12728,9/29/2011 15:31,3/27/2011 13:07,186
12729,8/18/2011 11:40,NULL,NULL
12731,12/10/2010 10:56,NULL,NULL
12731,1/31/2011 9:57,12/10/2010 10:56,52
12731,3/31/2011 10:27,1/31/2011 9:57,59
12731,3/31/2011 10:29,3/31/2011 10:27,0
12731,4/1/2011 11:10,3/31/2011 10:29,1
12731,5/11/2011 15:07,4/1/2011 11:10,40
12731,6/17/2011 15:09,5/11/2011 15:07,37
12731,7/18/2011 14:10,6/17/2011 15:09,31
12731,9/15/2011 10:53,7/18/2011 14:10,59
12731,9/30/2011 12:06,9/15/2011 10:53,15
12731,10/19/2011 13:49,9/30/2011 12:06,19
12731,11/16/2011 11:59,10/19/2011 13:49,28
12732,6/13/2011 11:33,NULL,NULL
12733,4/19/2011 16:19,NULL,NULL
12734,12/22/2010 12:47,NULL,NULL
12735,1/6/2011 14:26,NULL,NULL
12735,1/28/2011 13:37,1/6/2011 14:26,22
12736,1/11/2011 7:57,NULL,NULL
12738,12/2/2010 18:27,NULL,NULL
12739,9/1/2011 17:45,NULL,NULL
12739,9/22/2011 13:00,9/1/2011 17:45,21
12740,10/7/2011 10:44,NULL,NULL
12743,7/28/2011 16:06,NULL,NULL
12743,7/28/2011 16:21,7/28/2011 16:06,0
12744,1/25/2011 13:26,NULL,NULL
12744,4/4/2011 13:03,1/25/2011 13:26,69
12744,4/4/2011 13:04,4/4/2011 13:03,0
12744,4/5/2011 10:58,4/4/2011 13:04,1
12744,7/18/2011 11:55,4/5/2011 10:58,104
12744,10/14/2011 14:54,7/18/2011 11:55,88
12744,10/19/2011 11:18,10/14/2011 14:54,5
12747,12/5/2010 15:38,NULL,NULL
12747,12/13/2010 10:41,12/5/2010 15:38,8
12747,1/20/2011 14:01,12/13/2010 10:41,38
12747,3/1/2011 14:53,1/20/2011 14:01,40
12747,5/5/2011 15:31,3/1/2011 14:53,65
12747,5/25/2011 9:57,5/5/2011 15:31,20
12747,6/28/2011 10:06,5/25/2011 9:57,34
12747,8/22/2011 10:38,6/28/2011 10:06,55
12747,10/4/2011 8:26,8/22/2011 10:38,43
12747,11/17/2011 17:13,10/4/2011 8:26,44
12747,12/7/2011 14:34,11/17/2011 17:13,20
12748,12/1/2010 12:48,NULL,NULL
12748,12/2/2010 11:46,12/1/2010 12:48,1
12748,12/5/2010 12:42,12/2/2010 11:46,3
12748,12/5/2010 12:53,12/5/2010 12:42,0
12748,12/5/2010 12:57,12/5/2010 12:53,0
12748,12/5/2010 13:05,12/5/2010 12:57,0
12748,12/5/2010 15:26,12/5/2010 13:05,0
12748,12/5/2010 16:41,12/5/2010 15:26,0
12748,12/6/2010 12:23,12/5/2010 16:41,1
12748,12/6/2010 15:54,12/6/2010 12:23,0
12748,12/7/2010 14:41,12/6/2010 15:54,1
12748,12/8/2010 13:08,12/7/2010 14:41,1
12748,12/8/2010 13:17,12/8/2010 13:08,0
12748,12/8/2010 17:20,12/8/2010 13:17,0
12748,12/9/2010 11:44,12/8/2010 17:20,1
12748,12/9/2010 13:21,12/9/2010 11:44,0
12748,12/9/2010 13:22,12/9/2010 13:21,0
12748,12/10/2010 11:24,12/9/2010 13:22,1
12748,12/10/2010 11:33,12/10/2010 11:24,0
12748,12/10/2010 11:42,12/10/2010 11:33,0
12748,12/10/2010 12:50,12/10/2010 11:42,0
12748,12/10/2010 12:56,12/10/2010 12:50,0
12748,12/10/2010 12:58,12/10/2010 12:56,0
12748,12/13/2010 16:01,12/10/2010 12:58,3
12748,12/13/2010 16:18,12/13/2010 16:01,0
12748,12/14/2010 13:09,12/13/2010 16:18,1
12748,12/16/2010 9:35,12/14/2010 13:09,2
12748,12/16/2010 11:51,12/16/2010 9:35,0
12748,12/16/2010 12:42,12/16/2010 11:51,0
12748,12/17/2010 10:12,12/16/2010 12:42,1
12748,12/17/2010 17:17,12/17/2010 10:12,0
12748,12/21/2010 16:06,12/17/2010 17:17,4
12748,12/23/2010 11:09,12/21/2010 16:06,2
12748,12/23/2010 12:03,12/23/2010 11:09,0
12748,12/23/2010 15:32,12/23/2010 12:03,0
12748,1/5/2011 16:06,12/23/2010 15:32,13
12748,1/5/2011 17:33,1/5/2011 16:06,0
12748,1/16/2011 13:04,1/5/2011 17:33,11
12748,1/18/2011 10:15,1/16/2011 13:04,2
12748,2/17/2011 14:42,1/18/2011 10:15,30
12748,2/22/2011 17:20,2/17/2011 14:42,5
12748,2/23/2011 17:15,2/22/2011 17:20,1
12748,2/27/2011 14:07,2/23/2011 17:15,4
12748,2/28/2011 13:31,2/27/2011 14:07,1
12748,3/8/2011 12:30,2/28/2011 13:31,8
12748,3/11/2011 11:37,3/8/2011 12:30,3
12748,3/11/2011 12:26,3/11/2011 11:37,0
12748,3/11/2011 12:29,3/11/2011 12:26,0
12748,3/11/2011 16:50,3/11/2011 12:29,0
12748,3/18/2011 13:08,3/11/2011 16:50,7
12748,3/21/2011 15:40,3/18/2011 13:08,3
12748,3/24/2011 13:37,3/21/2011 15:40,3
12748,3/25/2011 13:54,3/24/2011 13:37,1
12748,3/25/2011 14:30,3/25/2011 13:54,0
12748,3/25/2011 14:39,3/25/2011 14:30,0
12748,3/25/2011 14:45,3/25/2011 14:39,0
12748,4/1/2011 14:05,3/25/2011 14:45,7
12748,4/1/2011 14:07,4/1/2011 14:05,0
12748,4/8/2011 15:35,4/1/2011 14:07,7
12748,4/17/2011 12:37,4/8/2011 15:35,9
12748,4/28/2011 13:51,4/17/2011 12:37,11
12748,4/28/2011 14:34,4/28/2011 13:51,0
12748,5/1/2011 13:26,4/28/2011 14:34,3
12748,5/5/2011 19:16,5/1/2011 13:26,4
12748,5/6/2011 14:04,5/5/2011 19:16,1
12748,5/6/2011 19:22,5/6/2011 14:04,0
12748,5/6/2011 19:37,5/6/2011 19:22,0
12748,5/6/2011 19:39,5/6/2011 19:37,0
12748,5/6/2011 19:42,5/6/2011 19:39,0
12748,5/6/2011 19:44,5/6/2011 19:42,0
12748,5/6/2011 19:48,5/6/2011 19:44,0
12748,5/6/2011 19:49,5/6/2011 19:48,0
12748,5/6/2011 19:53,5/6/2011 19:49,0
12748,5/6/2011 19:55,5/6/2011 19:53,0
12748,5/6/2011 20:00,5/6/2011 19:55,0
12748,5/8/2011 15:15,5/6/2011 20:00,2
12748,5/8/2011 15:20,5/8/2011 15:15,0
12748,5/10/2011 15:22,5/8/2011 15:20,2
12748,5/11/2011 13:42,5/10/2011 15:22,1
12748,5/11/2011 16:28,5/11/2011 13:42,0
12748,5/12/2011 12:53,5/11/2011 16:28,1
12748,5/12/2011 18:55,5/12/2011 12:53,0
12748,5/12/2011 18:58,5/12/2011 18:55,0
12748,5/27/2011 12:54,5/12/2011 18:58,15
12748,5/27/2011 14:29,5/27/2011 12:54,0
12748,5/31/2011 12:50,5/27/2011 14:29,4
12748,6/6/2011 11:46,5/31/2011 12:50,6
12748,6/7/2011 13:47,6/6/2011 11:46,1
12748,6/7/2011 15:17,6/7/2011 13:47,0
12748,6/8/2011 14:35,6/7/2011 15:17,1
12748,6/8/2011 14:39,6/8/2011 14:35,0
12748,6/10/2011 16:47,6/8/2011 14:39,2
12748,6/15/2011 13:25,6/10/2011 16:47,5
12748,6/15/2011 13:56,6/15/2011 13:25,0
12748,6/17/2011 15:59,6/15/2011 13:56,2
12748,6/21/2011 9:18,6/17/2011 15:59,4
12748,6/21/2011 15:27,6/21/2011 9:18,0
12748,6/22/2011 15:43,6/21/2011 15:27,1
12748,6/23/2011 9:56,6/22/2011 15:43,1
12748,6/23/2011 18:42,6/23/2011 9:56,0
12748,6/28/2011 12:16,6/23/2011 18:42,5
12748,6/30/2011 11:02,6/28/2011 12:16,2
12748,7/1/2011 12:45,6/30/2011 11:02,1
12748,7/1/2011 12:52,7/1/2011 12:45,0
12748,7/1/2011 12:58,7/1/2011 12:52,0
12748,7/1/2011 13:01,7/1/2011 12:58,0
12748,7/3/2011 15:19,7/1/2011 13:01,2
12748,7/8/2011 15:23,7/3/2011 15:19,5
12748,7/11/2011 15:32,7/8/2011 15:23,3
12748,7/14/2011 16:45,7/11/2011 15:32,3
12748,7/18/2011 14:32,7/14/2011 16:45,4
12748,7/21/2011 13:53,7/18/2011 14:32,3
12748,7/28/2011 14:13,7/21/2011 13:53,7
12748,7/29/2011 14:29,7/28/2011 14:13,1
12748,7/31/2011 15:04,7/29/2011 14:29,2
12748,8/3/2011 12:20,7/31/2011 15:04,3
12748,8/4/2011 17:13,8/3/2011 12:20,1
12748,8/5/2011 16:23,8/4/2011 17:13,1
12748,8/7/2011 15:39,8/5/2011 16:23,2
12748,8/7/2011 15:40,8/7/2011 15:39,0
12748,8/17/2011 15:06,8/7/2011 15:40,10
12748,8/24/2011 14:28,8/17/2011 15:06,7
12748,8/25/2011 15:09,8/24/2011 14:28,1
12748,8/25/2011 15:34,8/25/2011 15:09,0
12748,8/25/2011 19:45,8/25/2011 15:34,0
12748,8/25/2011 19:48,8/25/2011 19:45,0
12748,8/30/2011 12:00,8/25/2011 19:48,5
12748,9/2/2011 10:49,8/30/2011 12:00,3
12748,9/2/2011 16:53,9/2/2011 10:49,0
12748,9/6/2011 15:48,9/2/2011 16:53,4
12748,9/7/2011 14:41,9/6/2011 15:48,1
12748,9/9/2011 13:20,9/7/2011 14:41,2
12748,9/11/2011 14:15,9/9/2011 13:20,2
12748,9/15/2011 12:43,9/11/2011 14:15,4
12748,9/16/2011 17:33,9/15/2011 12:43,1
12748,9/26/2011 16:59,9/16/2011 17:33,10
12748,9/28/2011 15:21,9/26/2011 16:59,2
12748,9/30/2011 12:19,9/28/2011 15:21,2
12748,9/30/2011 13:09,9/30/2011 12:19,0
12748,10/5/2011 12:13,9/30/2011 13:09,5
12748,10/6/2011 13:11,10/5/2011 12:13,1
12748,10/6/2011 14:47,10/6/2011 13:11,0
12748,10/6/2011 16:34,10/6/2011 14:47,0
12748,10/7/2011 12:45,10/6/2011 16:34,1
12748,10/9/2011 11:50,10/7/2011 12:45,2
12748,10/10/2011 14:42,10/9/2011 11:50,1
12748,10/19/2011 11:27,10/10/2011 14:42,9
12748,10/23/2011 13:02,10/19/2011 11:27,4
12748,10/23/2011 15:27,10/23/2011 13:02,0
12748,10/23/2011 15:30,10/23/2011 15:27,0
12748,10/25/2011 12:54,10/23/2011 15:30,2
12748,10/26/2011 11:41,10/25/2011 12:54,1
12748,10/26/2011 11:46,10/26/2011 11:41,0
12748,10/26/2011 13:36,10/26/2011 11:46,0
12748,10/26/2011 13:56,10/26/2011 13:36,0
12748,11/1/2011 13:49,10/26/2011 13:56,6
12748,11/2/2011 12:26,11/1/2011 13:49,1
12748,11/4/2011 11:56,11/2/2011 12:26,2
12748,11/4/2011 14:11,11/4/2011 11:56,0
12748,11/6/2011 16:01,11/4/2011 14:11,2
12748,11/7/2011 11:41,11/6/2011 16:01,1
12748,11/7/2011 12:34,11/7/2011 11:41,0
12748,11/8/2011 14:22,11/7/2011 12:34,1
12748,11/10/2011 14:28,11/8/2011 14:22,2
12748,11/10/2011 16:38,11/10/2011 14:28,0
12748,11/11/2011 11:37,11/10/2011 16:38,1
12748,11/11/2011 14:25,11/11/2011 11:37,0
12748,11/15/2011 10:05,11/11/2011 14:25,4
12748,11/15/2011 17:12,11/15/2011 10:05,0
12748,11/16/2011 15:52,11/15/2011 17:12,1
12748,11/16/2011 16:06,11/16/2011 15:52,0
12748,11/16/2011 16:08,11/16/2011 16:06,0
12748,11/16/2011 17:24,11/16/2011 16:08,0
12748,11/17/2011 14:26,11/16/2011 17:24,1
12748,11/18/2011 11:10,11/17/2011 14:26,1
12748,11/22/2011 13:22,11/18/2011 11:10,4
12748,11/23/2011 11:09,11/22/2011 13:22,1
12748,11/23/2011 11:22,11/23/2011 11:09,0
12748,11/23/2011 11:32,11/23/2011 11:22,0
12748,11/23/2011 11:47,11/23/2011 11:32,0
12748,11/23/2011 13:27,11/23/2011 11:47,0
12748,11/23/2011 13:34,11/23/2011 13:27,0
12748,11/23/2011 13:37,11/23/2011 13:34,0
12748,11/23/2011 13:39,11/23/2011 13:37,0
12748,11/23/2011 13:51,11/23/2011 13:39,0
12748,11/23/2011 13:57,11/23/2011 13:51,0
12748,11/23/2011 14:05,11/23/2011 13:57,0
12748,11/23/2011 16:09,11/23/2011 14:05,0
12748,11/24/2011 11:52,11/23/2011 16:09,1
12748,11/24/2011 12:30,11/24/2011 11:52,0
12748,11/24/2011 16:06,11/24/2011 12:30,0
12748,11/25/2011 11:41,11/24/2011 16:06,1
12748,11/25/2011 11:58,11/25/2011 11:41,0
12748,11/25/2011 13:40,11/25/2011 11:58,0
12748,11/28/2011 15:34,11/25/2011 13:40,3
12748,11/29/2011 13:06,11/28/2011 15:34,1
12748,11/29/2011 14:03,11/29/2011 13:06,0
12748,11/29/2011 18:02,11/29/2011 14:03,0
12748,11/29/2011 18:05,11/29/2011 18:02,0
12748,11/29/2011 18:14,11/29/2011 18:05,0
12748,12/1/2011 12:53,11/29/2011 18:14,2
12748,12/2/2011 10:15,12/1/2011 12:53,1
12748,12/4/2011 12:29,12/2/2011 10:15,2
12748,12/4/2011 12:31,12/4/2011 12:29,0
12748,12/5/2011 11:49,12/4/2011 12:31,1
12748,12/8/2011 17:37,12/5/2011 11:49,3
12748,12/8/2011 19:57,12/8/2011 17:37,0
12748,12/8/2011 20:01,12/8/2011 19:57,0
12748,12/9/2011 12:20,12/8/2011 20:01,1
12749,5/10/2011 15:25,NULL,NULL
12749,8/1/2011 12:48,5/10/2011 15:25,83
12749,8/1/2011 12:50,8/1/2011 12:48,0
12749,11/17/2011 12:05,8/1/2011 12:50,108
12749,12/6/2011 9:56,11/17/2011 12:05,19
12750,8/3/2011 9:13,NULL,NULL
12752,9/19/2011 13:32,NULL,NULL
12753,12/12/2010 11:44,NULL,NULL
12753,2/9/2011 11:21,12/12/2010 11:44,59
12753,3/2/2011 16:35,2/9/2011 11:21,21
12753,4/5/2011 13:56,3/2/2011 16:35,34
12753,7/27/2011 9:32,4/5/2011 13:56,113
12753,11/17/2011 10:52,7/27/2011 9:32,113
12754,2/4/2011 10:31,NULL,NULL
12754,3/7/2011 13:38,2/4/2011 10:31,31
12754,4/18/2011 9:00,3/7/2011 13:38,42
12755,12/9/2010 10:44,NULL,NULL
12755,3/4/2011 12:42,12/9/2010 10:44,85
12756,9/14/2011 9:31,NULL,NULL
12757,5/12/2011 19:01,NULL,NULL
12757,5/12/2011 19:02,5/12/2011 19:01,0
12757,5/23/2011 11:26,5/12/2011 19:02,11
12757,5/23/2011 14:46,5/23/2011 11:26,0
12757,5/23/2011 14:58,5/23/2011 14:46,0
12757,6/7/2011 14:28,5/23/2011 14:58,15
12757,7/20/2011 12:05,6/7/2011 14:28,43
12757,10/6/2011 14:50,7/20/2011 12:05,78
12757,10/6/2011 14:59,10/6/2011 14:50,0
12757,10/19/2011 14:36,10/6/2011 14:59,13
12757,11/11/2011 10:01,10/19/2011 14:36,23
12757,11/14/2011 14:17,11/11/2011 10:01,3
12757,11/24/2011 12:30,11/14/2011 14:17,10
12758,3/8/2011 12:05,NULL,NULL
12758,8/15/2011 10:22,3/8/2011 12:05,160
12759,3/9/2011 8:09,NULL,NULL
12759,6/21/2011 9:26,3/9/2011 8:09,104
12759,10/18/2011 14:49,6/21/2011 9:26,119
12762,11/14/2011 14:23,NULL,NULL
12762,12/2/2011 10:23,11/14/2011 14:23,18
12763,12/5/2010 15:46,NULL,NULL
12763,7/24/2011 14:12,12/5/2010 15:46,231
12764,1/27/2011 10:19,NULL,NULL
12766,12/8/2010 13:53,NULL,NULL
12766,1/9/2011 15:56,12/8/2010 13:53,32
12766,2/21/2011 11:42,1/9/2011 15:56,43
12766,4/13/2011 13:15,2/21/2011 11:42,51
12766,7/13/2011 13:37,4/13/2011 13:15,91
12766,10/13/2011 11:50,7/13/2011 13:37,92
12766,12/6/2011 8:46,10/13/2011 11:50,54
12769,4/15/2011 10:25,NULL,NULL
12770,5/13/2011 9:33,NULL,NULL
12772,10/11/2011 9:19,NULL,NULL
12775,2/1/2011 13:45,NULL,NULL
12775,3/22/2011 12:36,2/1/2011 13:45,49
12775,5/20/2011 14:23,3/22/2011 12:36,59
12775,6/3/2011 7:48,5/20/2011 14:23,14
12775,11/22/2011 16:33,6/3/2011 7:48,172
12778,1/31/2011 14:35,NULL,NULL
12778,3/14/2011 8:37,1/31/2011 14:35,42
12778,3/25/2011 15:01,3/14/2011 8:37,11
12778,6/9/2011 15:29,3/25/2011 15:01,76
12778,10/7/2011 15:23,6/9/2011 15:29,120
12778,11/20/2011 11:30,10/7/2011 15:23,44
12779,12/3/2010 13:40,NULL,NULL
12779,1/17/2011 10:37,12/3/2010 13:40,45
12779,2/4/2011 13:19,1/17/2011 10:37,18
12779,3/15/2011 13:13,2/4/2011 13:19,39
12779,4/5/2011 8:43,3/15/2011 13:13,21
12779,5/25/2011 12:55,4/5/2011 8:43,50
12779,6/3/2011 10:37,5/25/2011 12:55,9
12779,11/2/2011 11:43,6/3/2011 10:37,152
12781,2/28/2011 8:43,NULL,NULL
12781,10/7/2011 10:37,2/28/2011 8:43,221
12782,12/17/2010 11:30,NULL,NULL
12782,1/26/2011 10:02,12/17/2010 11:30,40
12782,3/31/2011 12:36,1/26/2011 10:02,64
12782,7/13/2011 10:30,3/31/2011 12:36,104
12782,12/5/2011 9:16,7/13/2011 10:30,145
12783,9/25/2011 15:35,NULL,NULL
12783,10/14/2011 11:42,9/25/2011 15:35,19
12783,10/17/2011 11:08,10/14/2011 11:42,3
12783,10/17/2011 11:11,10/17/2011 11:08,0
12783,11/7/2011 11:57,10/17/2011 11:11,21
12783,12/7/2011 15:56,11/7/2011 11:57,30
12784,11/24/2011 12:53,NULL,NULL
12784,11/30/2011 15:38,11/24/2011 12:53,6
12785,12/10/2010 13:48,NULL,NULL
12787,5/31/2011 9:36,NULL,NULL
12787,9/9/2011 12:24,5/31/2011 9:36,101
12787,11/30/2011 8:44,9/9/2011 12:24,82
12789,10/5/2011 13:34,NULL,NULL
12790,5/31/2011 14:14,NULL,NULL
12791,12/1/2010 11:27,NULL,NULL
12792,3/28/2011 11:36,NULL,NULL
12793,12/3/2010 15:14,NULL,NULL
12793,1/9/2011 12:12,12/3/2010 15:14,37
12794,9/2/2011 12:01,NULL,NULL
12794,10/17/2011 14:54,9/2/2011 12:01,45
12795,11/21/2011 10:27,NULL,NULL
12797,12/9/2010 10:55,NULL,NULL
12798,6/22/2011 10:11,NULL,NULL
12798,10/26/2011 13:21,6/22/2011 10:11,126
12798,11/29/2011 15:52,10/26/2011 13:21,34
12802,6/6/2011 9:36,NULL,NULL
12808,12/6/2010 10:27,NULL,NULL
12808,6/8/2011 12:21,12/6/2010 10:27,184
12808,11/3/2011 10:05,6/8/2011 12:21,148
12809,6/15/2011 10:51,NULL,NULL
12811,2/28/2011 15:39,NULL,NULL
12811,3/23/2011 10:55,2/28/2011 15:39,23
12811,3/24/2011 9:42,3/23/2011 10:55,1
12812,10/26/2011 9:54,NULL,NULL
12814,8/30/2011 12:11,NULL,NULL
12815,5/25/2011 13:34,NULL,NULL
12815,7/15/2011 10:21,5/25/2011 13:34,51
12816,6/16/2011 13:24,NULL,NULL
12816,9/5/2011 12:41,6/16/2011 13:24,81
12817,3/3/2011 16:28,NULL,NULL
12818,3/23/2011 12:06,NULL,NULL
12820,1/17/2011 12:34,NULL,NULL
12820,9/26/2011 11:49,1/17/2011 12:34,252
12820,10/26/2011 13:27,9/26/2011 11:49,30
12820,12/6/2011 15:12,10/26/2011 13:27,41
12821,5/9/2011 15:51,NULL,NULL
12822,9/13/2011 13:46,NULL,NULL
12822,9/30/2011 10:04,9/13/2011 13:46,17
12823,2/16/2011 12:15,NULL,NULL
12823,2/23/2011 15:03,2/16/2011 12:15,7
12823,3/30/2011 10:36,2/23/2011 15:03,35
12823,8/4/2011 17:45,3/30/2011 10:36,127
12823,9/26/2011 7:35,8/4/2011 17:45,53
12824,10/11/2011 12:49,NULL,NULL
12826,12/9/2010 15:21,NULL,NULL
12826,1/19/2011 12:52,12/9/2010 15:21,41
12826,1/27/2011 12:06,1/19/2011 12:52,8
12826,6/14/2011 9:41,1/27/2011 12:06,138
12826,9/29/2011 10:55,6/14/2011 9:41,107
12826,11/10/2011 15:37,9/29/2011 10:55,42
12826,12/7/2011 10:25,11/10/2011 15:37,27
12827,10/26/2011 15:44,NULL,NULL
12827,11/7/2011 11:29,10/26/2011 15:44,12
12827,12/4/2011 12:17,11/7/2011 11:29,27
12828,8/1/2011 16:16,NULL,NULL
12828,8/19/2011 9:23,8/1/2011 16:16,18
12828,9/1/2011 17:14,8/19/2011 9:23,13
12828,10/5/2011 10:53,9/1/2011 17:14,34
12828,12/2/2011 11:12,10/5/2011 10:53,58
12828,12/7/2011 8:45,12/2/2011 11:12,5
12829,12/14/2010 14:54,NULL,NULL
12829,1/7/2011 11:13,12/14/2010 14:54,24
12830,6/21/2011 10:53,NULL,NULL
12830,7/6/2011 10:52,6/21/2011 10:53,15
12830,7/28/2011 17:17,7/6/2011 10:52,22
12830,7/28/2011 17:18,7/28/2011 17:17,0
12830,9/9/2011 15:02,7/28/2011 17:18,43
12830,11/2/2011 11:54,9/9/2011 15:02,54
12831,3/22/2011 13:02,NULL,NULL
12832,9/2/2011 13:48,NULL,NULL
12832,11/7/2011 13:30,9/2/2011 13:48,66
12833,7/17/2011 13:46,NULL,NULL
12834,3/2/2011 9:49,NULL,NULL
12836,2/1/2011 11:19,NULL,NULL
12836,5/4/2011 15:08,2/1/2011 11:19,92
12836,7/25/2011 15:22,5/4/2011 15:08,82
12836,10/11/2011 15:10,7/25/2011 15:22,78
12837,6/19/2011 16:07,NULL,NULL
12838,12/1/2010 11:57,NULL,NULL
12838,11/6/2011 12:20,12/1/2010 11:57,340
12839,12/7/2010 15:48,NULL,NULL
12839,12/17/2010 17:33,12/7/2010 15:48,10
12839,2/25/2011 10:09,12/17/2010 17:33,70
12839,5/25/2011 14:18,2/25/2011 10:09,89
12839,6/9/2011 14:43,5/25/2011 14:18,15
12839,7/5/2011 14:27,6/9/2011 14:43,26
12839,7/29/2011 14:55,7/5/2011 14:27,24
12839,8/18/2011 10:01,7/29/2011 14:55,20
12839,9/8/2011 13:17,8/18/2011 10:01,21
12839,9/29/2011 12:39,9/8/2011 13:17,21
12839,10/27/2011 14:13,9/29/2011 12:39,28
12839,11/15/2011 9:26,10/27/2011 14:13,19
12839,11/28/2011 12:33,11/15/2011 9:26,13
12839,12/7/2011 12:33,11/28/2011 12:33,9
12840,4/27/2011 12:21,NULL,NULL
12840,5/9/2011 14:10,4/27/2011 12:21,12
12840,6/10/2011 10:29,5/9/2011 14:10,32
12840,7/19/2011 9:29,6/10/2011 10:29,39
12841,12/3/2010 10:43,NULL,NULL
12841,12/5/2010 12:15,12/3/2010 10:43,2
12841,1/6/2011 13:56,12/5/2010 12:15,32
12841,1/19/2011 12:38,1/6/2011 13:56,13
12841,1/31/2011 10:09,1/19/2011 12:38,12
12841,2/10/2011 19:49,1/31/2011 10:09,10
12841,2/16/2011 10:56,2/10/2011 19:49,6
12841,2/25/2011 10:25,2/16/2011 10:56,9
12841,3/7/2011 15:02,2/25/2011 10:25,10
12841,3/27/2011 12:54,3/7/2011 15:02,20
12841,4/14/2011 14:02,3/27/2011 12:54,18
12841,5/1/2011 12:54,4/14/2011 14:02,17
12841,6/12/2011 12:20,5/1/2011 12:54,42
12841,7/3/2011 13:08,6/12/2011 12:20,21
12841,7/17/2011 13:35,7/3/2011 13:08,14
12841,8/3/2011 12:03,7/17/2011 13:35,17
12841,8/25/2011 12:12,8/3/2011 12:03,22
12841,9/11/2011 12:13,8/25/2011 12:12,17
12841,10/5/2011 12:27,9/11/2011 12:13,24
12841,10/19/2011 12:52,10/5/2011 12:27,14
12841,10/27/2011 12:08,10/19/2011 12:52,8
12841,11/17/2011 15:59,10/27/2011 12:08,21
12841,11/25/2011 12:20,11/17/2011 15:59,8
12841,12/5/2011 11:13,11/25/2011 12:20,10
12841,12/5/2011 11:13,12/5/2011 11:13,0
12842,2/4/2011 12:36,NULL,NULL
12842,9/30/2011 15:33,2/4/2011 12:36,238
12843,3/20/2011 14:38,NULL,NULL
12843,5/3/2011 11:44,3/20/2011 14:38,44
12843,5/10/2011 11:04,5/3/2011 11:44,7
12843,6/6/2011 14:31,5/10/2011 11:04,27
12843,6/15/2011 13:07,6/6/2011 14:31,9
12843,6/24/2011 15:59,6/15/2011 13:07,9
12843,7/3/2011 12:21,6/24/2011 15:59,9
12843,10/5/2011 12:09,7/3/2011 12:21,94
12844,8/1/2011 13:11,NULL,NULL
12844,11/10/2011 13:31,8/1/2011 13:11,101
12845,2/22/2011 14:10,NULL,NULL
12845,3/14/2011 10:55,2/22/2011 14:10,20
12845,3/16/2011 11:02,3/14/2011 10:55,2
12845,3/17/2011 13:34,3/16/2011 11:02,1
12847,11/17/2011 13:16,NULL,NULL
12849,3/16/2011 12:26,NULL,NULL
12849,11/8/2011 13:41,3/16/2011 12:26,237
12851,9/4/2011 12:41,NULL,NULL
12852,2/18/2011 8:47,NULL,NULL
12853,1/28/2011 10:28,NULL,NULL
12853,4/14/2011 12:41,1/28/2011 10:28,76
12853,4/14/2011 12:43,4/14/2011 12:41,0
12853,7/28/2011 11:22,4/14/2011 12:43,105
12853,7/28/2011 11:26,7/28/2011 11:22,0
12853,7/28/2011 11:29,7/28/2011 11:26,0
12854,1/25/2011 13:35,NULL,NULL
12854,4/12/2011 14:17,1/25/2011 13:35,77
12854,9/22/2011 12:15,4/12/2011 14:17,163
12855,12/2/2010 9:37,NULL,NULL
12856,10/7/2011 12:38,NULL,NULL
12856,10/14/2011 12:53,10/7/2011 12:38,7
12856,10/31/2011 13:11,10/14/2011 12:53,17
12856,11/11/2011 11:06,10/31/2011 13:11,11
12856,11/21/2011 11:34,11/11/2011 11:06,10
12856,12/2/2011 10:52,11/21/2011 11:34,11
12857,2/10/2011 12:32,NULL,NULL
12857,5/13/2011 10:20,2/10/2011 12:32,92
12863,10/18/2011 14:15,NULL,NULL
12864,7/24/2011 13:03,NULL,NULL
12865,8/8/2011 10:11,NULL,NULL
12865,11/13/2011 14:31,8/8/2011 10:11,97
12866,3/1/2011 14:11,NULL,NULL
12867,12/14/2010 16:39,NULL,NULL
12867,2/14/2011 15:37,12/14/2010 16:39,62
12867,3/21/2011 15:10,2/14/2011 15:37,35
12867,5/9/2011 15:34,3/21/2011 15:10,49
12867,6/27/2011 15:04,5/9/2011 15:34,49
12867,9/4/2011 13:35,6/27/2011 15:04,69
12867,11/13/2011 15:30,9/4/2011 13:35,70
12868,12/1/2010 12:50,NULL,NULL
12868,1/12/2011 15:25,12/1/2010 12:50,42
12868,1/27/2011 14:46,1/12/2011 15:25,15
12868,3/16/2011 9:38,1/27/2011 14:46,48
12868,5/5/2011 15:42,3/16/2011 9:38,50
12868,6/7/2011 10:42,5/5/2011 15:42,33
12871,5/16/2011 13:32,NULL,NULL
12871,9/16/2011 15:07,5/16/2011 13:32,123
12872,12/9/2010 14:44,NULL,NULL
12872,1/17/2011 10:52,12/9/2010 14:44,39
12873,3/2/2011 14:58,NULL,NULL
12875,12/12/2010 12:03,NULL,NULL
12875,7/19/2011 15:30,12/12/2010 12:03,219
12876,5/27/2011 13:34,NULL,NULL
12876,10/13/2011 12:26,5/27/2011 13:34,139
12877,12/16/2010 12:23,NULL,NULL
12877,1/14/2011 11:50,12/16/2010 12:23,29
12877,2/24/2011 17:14,1/14/2011 11:50,41
12877,3/27/2011 16:03,2/24/2011 17:14,31
12877,4/1/2011 12:26,3/27/2011 16:03,5
12877,5/5/2011 10:22,4/1/2011 12:26,34
12877,5/23/2011 9:58,5/5/2011 10:22,18
12877,6/15/2011 13:34,5/23/2011 9:58,23
12877,8/7/2011 11:40,6/15/2011 13:34,53
12877,9/22/2011 13:05,8/7/2011 11:40,46
12877,11/15/2011 13:21,9/22/2011 13:05,54
12877,12/6/2011 10:30,11/15/2011 13:21,21
12878,3/18/2011 14:02,NULL,NULL
12878,4/17/2011 13:07,3/18/2011 14:02,30
12879,9/9/2011 12:11,NULL,NULL
12879,9/19/2011 14:27,9/9/2011 12:11,10
12879,10/26/2011 12:24,9/19/2011 14:27,37
12881,3/9/2011 11:44,NULL,NULL
12882,11/6/2011 11:22,NULL,NULL
12882,11/30/2011 16:18,11/6/2011 11:22,24
12883,9/11/2011 15:18,NULL,NULL
12883,11/15/2011 9:30,9/11/2011 15:18,65
12883,11/15/2011 9:31,11/15/2011 9:30,0
12883,11/15/2011 9:32,11/15/2011 9:31,0
12884,9/12/2011 13:10,NULL,NULL
12885,8/8/2011 11:45,NULL,NULL
12885,10/7/2011 13:34,8/8/2011 11:45,60
12885,10/7/2011 13:40,10/7/2011 13:34,0
12886,5/4/2011 11:21,NULL,NULL
12886,10/3/2011 10:09,5/4/2011 11:21,152
12888,3/29/2011 14:31,NULL,NULL
12888,5/9/2011 16:02,3/29/2011 14:31,41
12890,11/15/2011 17:26,NULL,NULL
12891,2/20/2011 11:28,NULL,NULL
12891,5/3/2011 11:33,2/20/2011 11:28,72
12891,6/7/2011 12:31,5/3/2011 11:33,35
12893,11/9/2011 12:34,NULL,NULL
12895,9/14/2011 8:35,NULL,NULL
12895,10/28/2011 13:51,9/14/2011 8:35,44
12897,2/11/2011 11:40,NULL,NULL
12897,5/19/2011 12:13,2/11/2011 11:40,97
12901,3/14/2011 10:41,NULL,NULL
12901,3/24/2011 11:07,3/14/2011 10:41,10
12901,3/24/2011 18:25,3/24/2011 11:07,0
12901,4/5/2011 16:23,3/24/2011 18:25,12
12901,4/19/2011 12:19,4/5/2011 16:23,14
12901,4/20/2011 14:40,4/19/2011 12:19,1
12901,4/26/2011 15:45,4/20/2011 14:40,6
12901,5/11/2011 14:24,4/26/2011 15:45,15
12901,5/11/2011 14:25,5/11/2011 14:24,0
12901,5/23/2011 13:08,5/11/2011 14:25,12
12901,5/23/2011 13:20,5/23/2011 13:08,0
12901,6/8/2011 12:57,5/23/2011 13:20,16
12901,6/14/2011 9:57,6/8/2011 12:57,6
12901,6/17/2011 12:06,6/14/2011 9:57,3
12901,6/22/2011 13:57,6/17/2011 12:06,5
12901,6/29/2011 11:35,6/22/2011 13:57,7
12901,7/19/2011 15:29,6/29/2011 11:35,20
12901,7/29/2011 11:56,7/19/2011 15:29,10
12901,8/23/2011 10:56,7/29/2011 11:56,25
12901,9/19/2011 13:39,8/23/2011 10:56,27
12901,10/16/2011 10:19,9/19/2011 13:39,27
12901,10/16/2011 10:50,10/16/2011 10:19,0
12901,10/27/2011 12:26,10/16/2011 10:50,11
12901,11/2/2011 11:07,10/27/2011 12:26,6
12901,11/16/2011 14:28,11/2/2011 11:07,14
12901,11/29/2011 13:59,11/16/2011 14:28,13
12901,11/29/2011 14:08,11/29/2011 13:59,0
12901,12/1/2011 10:07,11/29/2011 14:08,2
12902,3/20/2011 12:06,NULL,NULL
12904,6/20/2011 13:18,NULL,NULL
12904,11/21/2011 14:34,6/20/2011 13:18,154
12906,9/22/2011 15:03,NULL,NULL
12906,9/22/2011 15:03,9/22/2011 15:03,0
12906,11/28/2011 9:53,9/22/2011 15:03,67
12906,11/28/2011 9:54,11/28/2011 9:53,0
12906,11/28/2011 9:55,11/28/2011 9:54,0
12908,1/31/2011 12:37,NULL,NULL
12908,6/16/2011 15:39,1/31/2011 12:37,136
12909,3/31/2011 12:51,NULL,NULL
12909,3/31/2011 13:13,3/31/2011 12:51,0
12909,5/22/2011 11:52,3/31/2011 13:13,52
12909,9/13/2011 12:22,5/22/2011 11:52,114
12909,10/31/2011 12:43,9/13/2011 12:22,48
12910,4/12/2011 10:01,NULL,NULL
12910,5/26/2011 10:12,4/12/2011 10:01,44
12910,5/26/2011 10:13,5/26/2011 10:12,0
12910,7/28/2011 14:36,5/26/2011 10:13,63
12910,9/22/2011 12:55,7/28/2011 14:36,56
12910,10/6/2011 13:06,9/22/2011 12:55,14
12910,11/16/2011 14:26,10/6/2011 13:06,41
12910,11/16/2011 14:28,11/16/2011 14:26,0
12912,10/30/2011 11:35,NULL,NULL
12912,11/16/2011 9:34,10/30/2011 11:35,17
12912,11/25/2011 13:58,11/16/2011 9:34,9
12912,12/1/2011 13:03,11/25/2011 13:58,6
12912,12/7/2011 8:55,12/1/2011 13:03,6
12913,12/6/2010 16:36,NULL,NULL
12913,2/11/2011 13:54,12/6/2010 16:36,67
12913,3/2/2011 10:49,2/11/2011 13:54,19
12913,11/24/2011 10:39,3/2/2011 10:49,267
12913,12/5/2011 12:11,11/24/2011 10:39,11
12915,12/2/2010 12:33,NULL,NULL
12915,7/14/2011 11:34,12/2/2010 12:33,224
12916,1/23/2011 10:43,NULL,NULL
12916,3/27/2011 10:54,1/23/2011 10:43,63
12916,5/22/2011 10:40,3/27/2011 10:54,56
12916,7/24/2011 10:35,5/22/2011 10:40,63
12917,8/3/2011 16:42,NULL,NULL
12919,6/23/2011 9:22,NULL,NULL
12919,7/12/2011 17:21,6/23/2011 9:22,19
12919,8/15/2011 11:39,7/12/2011 17:21,34
12919,11/8/2011 10:27,8/15/2011 11:39,85
12919,11/23/2011 10:38,11/8/2011 10:27,15
12919,12/1/2011 13:47,11/23/2011 10:38,8
12920,11/22/2011 15:05,NULL,NULL
12921,12/1/2010 15:06,NULL,NULL
12921,12/8/2010 10:14,12/1/2010 15:06,7
12921,1/5/2011 11:00,12/8/2010 10:14,28
12921,2/11/2011 15:12,1/5/2011 11:00,37
12921,2/25/2011 14:24,2/11/2011 15:12,14
12921,2/25/2011 14:25,2/25/2011 14:24,0
12921,2/28/2011 13:09,2/25/2011 14:25,3
12921,3/20/2011 13:41,2/28/2011 13:09,20
12921,3/20/2011 13:43,3/20/2011 13:41,0
12921,5/6/2011 13:52,3/20/2011 13:43,47
12921,5/6/2011 13:53,5/6/2011 13:52,0
12921,5/11/2011 9:35,5/6/2011 13:53,5
12921,5/11/2011 9:36,5/11/2011 9:35,0
12921,6/8/2011 12:03,5/11/2011 9:36,28
12921,6/8/2011 12:04,6/8/2011 12:03,0
12921,7/4/2011 14:07,6/8/2011 12:04,26
12921,7/4/2011 14:08,7/4/2011 14:07,0
12921,7/6/2011 14:17,7/4/2011 14:08,2
12921,7/6/2011 14:18,7/6/2011 14:17,0
12921,7/29/2011 13:11,7/6/2011 14:18,23
12921,7/29/2011 15:51,7/29/2011 13:11,0
12921,8/1/2011 10:03,7/29/2011 15:51,3
12921,9/2/2011 13:00,8/1/2011 10:03,32
12921,9/2/2011 13:01,9/2/2011 13:00,0
12921,9/14/2011 12:50,9/2/2011 13:01,12
12921,9/15/2011 9:44,9/14/2011 12:50,1
12921,9/16/2011 15:09,9/15/2011 9:44,1
12921,10/24/2011 12:36,9/16/2011 15:09,38
12921,10/24/2011 12:36,10/24/2011 12:36,0
12921,10/24/2011 12:37,10/24/2011 12:36,0
12921,11/9/2011 9:47,10/24/2011 12:37,16
12921,11/9/2011 9:48,11/9/2011 9:47,0
12921,11/9/2011 9:50,11/9/2011 9:48,0
12921,11/21/2011 13:40,11/9/2011 9:50,12
12921,11/24/2011 12:52,11/21/2011 13:40,3
12921,11/30/2011 16:21,11/24/2011 12:52,6
12921,11/30/2011 16:22,11/30/2011 16:21,0
12922,7/1/2011 15:35,NULL,NULL
12923,10/6/2011 16:20,NULL,NULL
12924,1/16/2011 11:49,NULL,NULL
12924,3/9/2011 9:50,1/16/2011 11:49,52
12924,5/25/2011 13:35,3/9/2011 9:50,77
12924,9/12/2011 13:55,5/25/2011 13:35,110
12925,9/26/2011 11:05,NULL,NULL
12925,12/5/2011 11:11,9/26/2011 11:05,70
12928,12/15/2010 15:45,NULL,NULL
12928,4/12/2011 10:45,12/15/2010 15:45,118
12928,7/15/2011 8:09,4/12/2011 10:45,94
12928,10/25/2011 9:31,7/15/2011 8:09,102
12928,11/4/2011 14:24,10/25/2011 9:31,10
12929,2/1/2011 12:08,NULL,NULL
12930,6/21/2011 13:25,NULL,NULL
12930,9/22/2011 15:18,6/21/2011 13:25,93
12931,12/17/2010 9:45,NULL,NULL
12931,12/17/2010 18:07,12/17/2010 9:45,0
12931,2/15/2011 10:41,12/17/2010 18:07,60
12931,3/15/2011 10:26,2/15/2011 10:41,28
12931,4/14/2011 12:39,3/15/2011 10:26,30
12931,5/20/2011 10:02,4/14/2011 12:39,36
12931,5/20/2011 10:04,5/20/2011 10:02,0
12931,8/4/2011 18:06,5/20/2011 10:04,76
12931,8/4/2011 18:07,8/4/2011 18:06,0
12931,8/11/2011 15:58,8/4/2011 18:07,7
12931,8/30/2011 11:54,8/11/2011 15:58,19
12931,10/3/2011 13:53,8/30/2011 11:54,34
12931,11/9/2011 13:56,10/3/2011 13:53,37
12931,11/17/2011 12:39,11/9/2011 13:56,8
12931,11/18/2011 12:39,11/17/2011 12:39,1
12933,3/1/2011 11:30,NULL,NULL
12933,6/21/2011 16:13,3/1/2011 11:30,112
12933,11/15/2011 16:38,6/21/2011 16:13,147
12935,1/24/2011 13:58,NULL,NULL
12935,5/20/2011 12:38,1/24/2011 13:58,116
12935,7/13/2011 13:16,5/20/2011 12:38,54
12935,8/22/2011 12:22,7/13/2011 13:16,40
12935,11/13/2011 11:24,8/22/2011 12:22,83
12935,12/7/2011 17:22,11/13/2011 11:24,24
12935,12/7/2011 17:25,12/7/2011 17:22,0
12936,9/22/2011 13:51,NULL,NULL
12936,11/18/2011 10:37,9/22/2011 13:51,57
12936,11/22/2011 17:26,11/18/2011 10:37,4
12936,11/22/2011 17:32,11/22/2011 17:26,0
12937,3/17/2011 14:19,NULL,NULL
12937,5/26/2011 14:17,3/17/2011 14:19,70
12937,9/29/2011 14:38,5/26/2011 14:17,126
12937,11/24/2011 15:05,9/29/2011 14:38,56
12938,11/14/2011 11:21,NULL,NULL
12939,1/9/2011 11:20,NULL,NULL
12939,2/14/2011 9:47,1/9/2011 11:20,36
12939,3/11/2011 16:43,2/14/2011 9:47,25
12939,7/24/2011 12:51,3/11/2011 16:43,135
12939,9/21/2011 13:34,7/24/2011 12:51,59
12939,9/21/2011 13:35,9/21/2011 13:34,0
12939,10/6/2011 14:31,9/21/2011 13:35,15
12939,10/6/2011 14:33,10/6/2011 14:31,0
12940,9/13/2011 10:16,NULL,NULL
12940,10/16/2011 12:09,9/13/2011 10:16,33
12942,12/9/2010 9:34,NULL,NULL
12942,5/26/2011 11:16,12/9/2010 9:34,168
12942,7/31/2011 14:39,5/26/2011 11:16,66
12944,12/20/2010 10:41,NULL,NULL
12944,11/4/2011 11:04,12/20/2010 10:41,319
12945,2/24/2011 14:15,NULL,NULL
12947,12/1/2010 16:21,NULL,NULL
12947,1/7/2011 9:40,12/1/2010 16:21,37
12947,4/19/2011 10:04,1/7/2011 9:40,102
12947,6/9/2011 10:20,4/19/2011 10:04,51
12947,6/10/2011 16:37,6/9/2011 10:20,1
12947,7/19/2011 10:06,6/10/2011 16:37,39
12948,3/20/2011 10:17,NULL,NULL
12948,3/24/2011 10:04,3/20/2011 10:17,4
12948,5/9/2011 10:13,3/24/2011 10:04,46
12948,8/26/2011 14:45,5/9/2011 10:13,109
12948,10/11/2011 15:53,8/26/2011 14:45,46
12948,10/26/2011 16:25,10/11/2011 15:53,15
12948,11/23/2011 17:10,10/26/2011 16:25,28
12949,4/1/2011 13:20,NULL,NULL
12949,5/17/2011 13:27,4/1/2011 13:20,46
12949,5/17/2011 13:29,5/17/2011 13:27,0
12949,8/1/2011 12:56,5/17/2011 13:29,76
12949,8/1/2011 13:02,8/1/2011 12:56,0
12949,8/1/2011 13:03,8/1/2011 13:02,0
12949,8/17/2011 15:11,8/1/2011 13:03,16
12949,11/9/2011 11:25,8/17/2011 15:11,84
12950,11/15/2011 13:48,NULL,NULL
12950,12/1/2011 15:55,11/15/2011 13:48,16
12950,12/7/2011 13:17,12/1/2011 15:55,6
12951,1/13/2011 10:33,NULL,NULL
12951,1/24/2011 10:05,1/13/2011 10:33,11
12951,4/5/2011 9:09,1/24/2011 10:05,71
12951,5/19/2011 19:00,4/5/2011 9:09,44
12951,6/19/2011 10:35,5/19/2011 19:00,31
12951,12/1/2011 12:14,6/19/2011 10:35,165
12952,9/22/2011 16:37,NULL,NULL
12952,10/27/2011 16:59,9/22/2011 16:37,35
12952,10/27/2011 17:00,10/27/2011 16:59,0
12952,12/4/2011 10:35,10/27/2011 17:00,38
12953,11/30/2011 9:24,NULL,NULL
12955,3/17/2011 9:03,NULL,NULL
12955,5/4/2011 17:19,3/17/2011 9:03,48
12955,5/20/2011 9:47,5/4/2011 17:19,16
12955,6/24/2011 10:26,5/20/2011 9:47,35
12955,7/19/2011 10:49,6/24/2011 10:26,25
12955,9/8/2011 12:48,7/19/2011 10:49,51
12955,10/18/2011 15:42,9/8/2011 12:48,40
12955,11/2/2011 12:34,10/18/2011 15:42,15
12955,11/23/2011 10:08,11/2/2011 12:34,21
12955,12/1/2011 13:18,11/23/2011 10:08,8
12955,12/8/2011 16:29,12/1/2011 13:18,7
12956,2/6/2011 16:08,NULL,NULL
12957,1/4/2011 12:18,NULL,NULL
12957,3/28/2011 15:38,1/4/2011 12:18,83
12957,5/19/2011 11:38,3/28/2011 15:38,52
12957,6/6/2011 13:43,5/19/2011 11:38,18
12957,9/29/2011 12:00,6/6/2011 13:43,115
12957,9/29/2011 12:01,9/29/2011 12:00,0
12957,11/14/2011 14:18,9/29/2011 12:01,46
12957,11/30/2011 9:53,11/14/2011 14:18,16
12962,8/18/2011 13:38,NULL,NULL
12962,12/2/2011 15:55,8/18/2011 13:38,106
12963,12/9/2010 9:14,NULL,NULL
12963,9/16/2011 9:03,12/9/2010 9:14,281
12963,10/17/2011 14:01,9/16/2011 9:03,31
12963,11/16/2011 9:59,10/17/2011 14:01,30
12963,11/16/2011 11:48,11/16/2011 9:59,0
12963,11/22/2011 8:20,11/16/2011 11:48,6
12963,11/29/2011 16:44,11/22/2011 8:20,7
12963,12/1/2011 12:55,11/29/2011 16:44,2
12965,9/11/2011 15:31,NULL,NULL
12966,11/30/2011 12:38,NULL,NULL
12967,12/3/2010 9:49,NULL,NULL
12967,12/16/2010 19:10,12/3/2010 9:49,13
12968,8/19/2011 15:44,NULL,NULL
12970,1/21/2011 14:04,NULL,NULL
12970,1/21/2011 14:21,1/21/2011 14:04,0
12970,12/2/2011 14:26,1/21/2011 14:21,315
12970,12/2/2011 14:30,12/2/2011 14:26,0
12971,12/2/2010 16:42,NULL,NULL
12971,12/7/2010 11:11,12/2/2010 16:42,5
12971,12/8/2010 16:21,12/7/2010 11:11,1
12971,12/17/2010 12:00,12/8/2010 16:21,9
12971,12/21/2010 10:51,12/17/2010 12:00,4
12971,1/6/2011 15:54,12/21/2010 10:51,16
12971,1/9/2011 14:17,1/6/2011 15:54,3
12971,1/11/2011 16:24,1/9/2011 14:17,2
12971,1/12/2011 14:43,1/11/2011 16:24,1
12971,1/25/2011 11:08,1/12/2011 14:43,13
12971,1/26/2011 9:04,1/25/2011 11:08,1
12971,2/3/2011 14:54,1/26/2011 9:04,8
12971,2/9/2011 12:07,2/3/2011 14:54,6
12971,2/15/2011 13:53,2/9/2011 12:07,6
12971,2/17/2011 9:52,2/15/2011 13:53,2
12971,2/17/2011 9:53,2/17/2011 9:52,0
12971,2/24/2011 9:05,2/17/2011 9:53,7
12971,3/1/2011 9:22,2/24/2011 9:05,5
12971,3/9/2011 11:25,3/1/2011 9:22,8
12971,3/9/2011 11:27,3/9/2011 11:25,0
12971,3/11/2011 14:37,3/9/2011 11:27,2
12971,3/16/2011 14:49,3/11/2011 14:37,5
12971,3/16/2011 14:51,3/16/2011 14:49,0
12971,3/24/2011 14:54,3/16/2011 14:51,8
12971,3/28/2011 14:59,3/24/2011 14:54,4
12971,3/28/2011 14:59,3/28/2011 14:59,0
12971,3/30/2011 9:27,3/28/2011 14:59,2
12971,4/4/2011 15:10,3/30/2011 9:27,5
12971,4/13/2011 12:04,4/4/2011 15:10,9
12971,4/17/2011 15:56,4/13/2011 12:04,4
12971,4/20/2011 10:28,4/17/2011 15:56,3
12971,4/20/2011 10:29,4/20/2011 10:28,0
12971,4/21/2011 16:58,4/20/2011 10:29,1
12971,5/5/2011 10:20,4/21/2011 16:58,14
12971,5/10/2011 12:00,5/5/2011 10:20,5
12971,5/19/2011 10:22,5/10/2011 12:00,9
12971,5/22/2011 11:38,5/19/2011 10:22,3
12971,5/27/2011 13:29,5/22/2011 11:38,5
12971,5/27/2011 13:30,5/27/2011 13:29,0
12971,6/2/2011 17:03,5/27/2011 13:30,6
12971,6/2/2011 17:04,6/2/2011 17:03,0
12971,6/16/2011 12:10,6/2/2011 17:04,14
12971,6/20/2011 15:22,6/16/2011 12:10,4
12971,6/21/2011 8:27,6/20/2011 15:22,1
12971,6/24/2011 14:36,6/21/2011 8:27,3
12971,7/5/2011 12:18,6/24/2011 14:36,11
12971,7/7/2011 14:55,7/5/2011 12:18,2
12971,7/7/2011 14:56,7/7/2011 14:55,0
12971,7/15/2011 11:48,7/7/2011 14:56,8
12971,7/15/2011 11:48,7/15/2011 11:48,0
12971,7/15/2011 11:49,7/15/2011 11:48,0
12971,7/15/2011 13:17,7/15/2011 11:49,0
12971,7/19/2011 10:40,7/15/2011 13:17,4
12971,7/21/2011 17:26,7/19/2011 10:40,2
12971,7/27/2011 9:37,7/21/2011 17:26,6
12971,7/29/2011 10:32,7/27/2011 9:37,2
12971,8/4/2011 8:18,7/29/2011 10:32,6
12971,8/5/2011 15:46,8/4/2011 8:18,1
12971,8/17/2011 14:00,8/5/2011 15:46,12
12971,8/21/2011 10:48,8/17/2011 14:00,4
12971,8/24/2011 9:41,8/21/2011 10:48,3
12971,9/1/2011 16:46,8/24/2011 9:41,8
12971,9/1/2011 17:38,9/1/2011 16:46,0
12971,9/8/2011 14:02,9/1/2011 17:38,7
12971,9/14/2011 10:32,9/8/2011 14:02,6
12971,9/14/2011 10:33,9/14/2011 10:32,0
12971,9/27/2011 10:06,9/14/2011 10:33,13
12971,10/3/2011 16:12,9/27/2011 10:06,6
12971,10/5/2011 9:31,10/3/2011 16:12,2
12971,10/19/2011 10:36,10/5/2011 9:31,14
12971,10/30/2011 13:36,10/19/2011 10:36,11
12971,11/4/2011 9:10,10/30/2011 13:36,5
12971,11/8/2011 10:19,11/4/2011 9:10,4
12971,11/9/2011 15:30,11/8/2011 10:19,1
12971,11/9/2011 15:31,11/9/2011 15:30,0
12971,11/9/2011 15:31,11/9/2011 15:31,0
12971,11/14/2011 13:32,11/9/2011 15:31,5
12971,11/16/2011 15:48,11/14/2011 13:32,2
12971,11/17/2011 12:25,11/16/2011 15:48,1
12971,11/20/2011 11:16,11/17/2011 12:25,3
12971,11/22/2011 12:58,11/20/2011 11:16,2
12971,11/24/2011 17:11,11/22/2011 12:58,2
12971,11/28/2011 12:05,11/24/2011 17:11,4
12971,11/29/2011 17:03,11/28/2011 12:05,1
12971,12/1/2011 14:41,11/29/2011 17:03,2
12971,12/6/2011 12:20,12/1/2011 14:41,5
12974,5/26/2011 9:33,NULL,NULL
12976,5/12/2011 9:55,NULL,NULL
12977,7/6/2011 16:40,NULL,NULL
12980,12/16/2010 11:36,NULL,NULL
12980,1/12/2011 11:53,12/16/2010 11:36,27
12980,2/11/2011 9:17,1/12/2011 11:53,30
12980,2/23/2011 8:46,2/11/2011 9:17,12
12980,3/2/2011 12:43,2/23/2011 8:46,7
12980,5/13/2011 11:58,3/2/2011 12:43,72
12980,6/5/2011 10:38,5/13/2011 11:58,23
12980,6/16/2011 10:09,6/5/2011 10:38,11
12980,7/5/2011 9:34,6/16/2011 10:09,19
12981,7/29/2011 14:14,NULL,NULL
12981,11/10/2011 12:00,7/29/2011 14:14,104
12982,4/11/2011 11:51,NULL,NULL
12984,11/21/2011 12:37,NULL,NULL
12985,11/11/2011 12:44,NULL,NULL
12985,12/9/2011 10:46,11/11/2011 12:44,28
12987,5/26/2011 12:00,NULL,NULL
12987,9/27/2011 12:03,5/26/2011 12:00,124
12988,2/20/2011 14:31,NULL,NULL
12989,12/10/2010 13:24,NULL,NULL
12989,1/16/2011 12:44,12/10/2010 13:24,37
12989,2/14/2011 14:39,1/16/2011 12:44,29
12989,3/17/2011 12:51,2/14/2011 14:39,31
12989,4/15/2011 12:48,3/17/2011 12:51,29
12989,5/23/2011 14:59,4/15/2011 12:48,38
12989,5/23/2011 15:00,5/23/2011 14:59,0
12989,7/5/2011 9:16,5/23/2011 15:00,43
12989,9/12/2011 15:43,7/5/2011 9:16,69
12989,10/4/2011 9:49,9/12/2011 15:43,22
12989,10/4/2011 10:30,10/4/2011 9:49,0
12989,10/17/2011 9:07,10/4/2011 10:30,13
12989,11/18/2011 11:47,10/17/2011 9:07,32
12989,12/1/2011 12:44,11/18/2011 11:47,13
12989,12/6/2011 15:28,12/1/2011 12:44,5
12990,2/2/2011 15:39,NULL,NULL
12990,6/7/2011 14:27,2/2/2011 15:39,125
12990,11/8/2011 13:01,6/7/2011 14:27,154
12991,8/19/2011 14:39,NULL,NULL
12991,11/16/2011 15:34,8/19/2011 14:39,89
12993,2/14/2011 14:29,NULL,NULL
12993,5/16/2011 10:28,2/14/2011 14:29,91
12993,8/11/2011 12:01,5/16/2011 10:28,87
12993,11/16/2011 15:49,8/11/2011 12:01,97
12994,3/16/2011 8:31,NULL,NULL
12994,8/11/2011 17:02,3/16/2011 8:31,148
12994,12/5/2011 15:43,8/11/2011 17:02,116
12995,9/15/2011 15:44,NULL,NULL
12997,1/26/2011 15:49,NULL,NULL
12997,4/17/2011 13:02,1/26/2011 15:49,81
12997,9/12/2011 8:24,4/17/2011 13:02,148
12997,11/17/2011 15:47,9/12/2011 8:24,66
12999,4/8/2011 10:26,NULL,NULL
12999,5/18/2011 16:37,4/8/2011 10:26,40
12999,5/27/2011 13:24,5/18/2011 16:37,9
13000,12/10/2010 10:26,NULL,NULL
13000,3/25/2011 10:14,12/10/2010 10:26,105
13000,8/25/2011 10:43,3/25/2011 10:14,153
13001,1/17/2011 12:45,NULL,NULL
13001,1/25/2011 14:53,1/17/2011 12:45,8
13001,2/16/2011 14:27,1/25/2011 14:53,22
13001,2/25/2011 12:43,2/16/2011 14:27,9
13001,3/7/2011 12:50,2/25/2011 12:43,10
13001,3/20/2011 12:08,3/7/2011 12:50,13
13001,3/30/2011 14:51,3/20/2011 12:08,10
13001,4/14/2011 13:17,3/30/2011 14:51,15
13001,5/6/2011 10:43,4/14/2011 13:17,22
13001,6/8/2011 12:40,5/6/2011 10:43,33
13001,7/4/2011 16:08,6/8/2011 12:40,26
13001,11/17/2011 14:17,7/4/2011 16:08,136
13001,12/5/2011 14:51,11/17/2011 14:17,18
13002,1/25/2011 15:18,NULL,NULL
13003,5/9/2011 8:23,NULL,NULL
13003,7/11/2011 13:06,5/9/2011 8:23,63
13003,8/26/2011 10:50,7/11/2011 13:06,46
13004,12/17/2010 8:20,NULL,NULL
13004,1/10/2011 10:32,12/17/2010 8:20,24
13004,1/27/2011 13:23,1/10/2011 10:32,17
13004,2/15/2011 12:48,1/27/2011 13:23,19
13004,2/28/2011 10:33,2/15/2011 12:48,13
13004,4/4/2011 12:29,2/28/2011 10:33,35
13004,5/9/2011 12:25,4/4/2011 12:29,35
13004,6/9/2011 9:16,5/9/2011 12:25,31
13004,6/16/2011 14:26,6/9/2011 9:16,7
13004,6/24/2011 16:21,6/16/2011 14:26,8
13004,7/29/2011 16:24,6/24/2011 16:21,35
13004,8/17/2011 14:44,7/29/2011 16:24,19
13004,9/23/2011 8:30,8/17/2011 14:44,37
13004,10/7/2011 12:25,9/23/2011 8:30,14
13004,10/7/2011 13:57,10/7/2011 12:25,0
13004,11/4/2011 10:59,10/7/2011 13:57,28
13004,11/13/2011 11:37,11/4/2011 10:59,9
13004,11/28/2011 11:27,11/13/2011 11:37,15
13005,4/7/2011 13:32,NULL,NULL
13005,6/19/2011 10:53,4/7/2011 13:32,73
13006,10/14/2011 13:49,NULL,NULL
13008,1/20/2011 14:24,NULL,NULL
13011,12/2/2010 17:22,NULL,NULL
13012,2/18/2011 9:43,NULL,NULL
13012,5/4/2011 10:15,2/18/2011 9:43,75
13012,5/10/2011 13:33,5/4/2011 10:15,6
13012,7/14/2011 9:58,5/10/2011 13:33,65
13012,9/22/2011 16:53,7/14/2011 9:58,70
13012,11/16/2011 16:18,9/22/2011 16:53,55
13012,11/18/2011 16:13,11/16/2011 16:18,2
13012,11/30/2011 13:05,11/18/2011 16:13,12
13013,12/3/2010 12:28,NULL,NULL
13013,12/3/2010 12:29,12/3/2010 12:28,0
13013,4/5/2011 10:18,12/3/2010 12:29,123
13013,5/11/2011 12:13,4/5/2011 10:18,36
13013,7/8/2011 9:38,5/11/2011 12:13,58
13013,7/28/2011 9:19,7/8/2011 9:38,20
13013,8/8/2011 10:01,7/28/2011 9:19,11
13013,8/24/2011 9:46,8/8/2011 10:01,16
13013,9/8/2011 11:46,8/24/2011 9:46,15
13013,10/6/2011 10:48,9/8/2011 11:46,28
13013,11/4/2011 9:03,10/6/2011 10:48,29
13013,11/18/2011 14:25,11/4/2011 9:03,14
13013,12/8/2011 15:01,11/18/2011 14:25,20
13014,3/3/2011 18:28,NULL,NULL
13014,3/22/2011 11:27,3/3/2011 18:28,19
13014,5/3/2011 14:16,3/22/2011 11:27,42
13014,6/23/2011 15:07,5/3/2011 14:16,51
13014,8/18/2011 10:06,6/23/2011 15:07,56
13014,9/26/2011 10:35,8/18/2011 10:06,39
13014,11/3/2011 13:58,9/26/2011 10:35,38
13014,11/7/2011 13:22,11/3/2011 13:58,4
13014,11/17/2011 13:48,11/7/2011 13:22,10
13014,11/29/2011 12:27,11/17/2011 13:48,12
13015,4/4/2011 14:28,NULL,NULL
13015,4/4/2011 14:42,4/4/2011 14:28,0
13015,4/8/2011 8:20,4/4/2011 14:42,4
13015,5/26/2011 16:25,4/8/2011 8:20,48
13015,10/17/2011 13:19,5/26/2011 16:25,144
13016,8/8/2011 15:00,NULL,NULL
13016,9/27/2011 14:07,8/8/2011 15:00,50
13016,9/27/2011 14:08,9/27/2011 14:07,0
13017,12/2/2011 15:53,NULL,NULL
13018,2/17/2011 11:05,NULL,NULL
13018,2/24/2011 13:46,2/17/2011 11:05,7
13018,3/21/2011 9:03,2/24/2011 13:46,25
13018,4/5/2011 10:19,3/21/2011 9:03,15
13018,4/17/2011 15:53,4/5/2011 10:19,12
13018,4/17/2011 15:55,4/17/2011 15:53,0
13018,4/27/2011 11:30,4/17/2011 15:55,10
13018,5/13/2011 11:38,4/27/2011 11:30,16
13018,5/13/2011 11:39,5/13/2011 11:38,0
13018,5/16/2011 11:13,5/13/2011 11:39,3
13018,5/27/2011 13:16,5/16/2011 11:13,11
13018,6/13/2011 13:13,5/27/2011 13:16,17
13018,7/8/2011 12:34,6/13/2011 13:13,25
13018,7/8/2011 12:35,7/8/2011 12:34,0
13018,7/31/2011 11:46,7/8/2011 12:35,23
13018,7/31/2011 11:46,7/31/2011 11:46,0
13018,8/9/2011 13:22,7/31/2011 11:46,9
13018,9/8/2011 12:01,8/9/2011 13:22,30
13018,9/15/2011 12:46,9/8/2011 12:01,7
13018,9/15/2011 12:47,9/15/2011 12:46,0
13018,9/28/2011 12:52,9/15/2011 12:47,13
13018,10/6/2011 14:59,9/28/2011 12:52,8
13018,11/9/2011 10:14,10/6/2011 14:59,34
13018,11/9/2011 10:14,11/9/2011 10:14,0
13018,11/13/2011 14:11,11/9/2011 10:14,4
13018,11/13/2011 14:14,11/13/2011 14:11,0
13018,11/13/2011 14:18,11/13/2011 14:14,0
13018,11/23/2011 13:28,11/13/2011 14:18,10
13021,12/16/2010 10:12,NULL,NULL
13021,3/21/2011 9:33,12/16/2010 10:12,95
13021,5/8/2011 12:26,3/21/2011 9:33,48
13021,6/26/2011 11:53,5/8/2011 12:26,49
13021,9/30/2011 15:02,6/26/2011 11:53,96
13021,9/30/2011 15:03,9/30/2011 15:02,0
13021,11/1/2011 15:17,9/30/2011 15:03,32
13021,11/14/2011 10:28,11/1/2011 15:17,13
13021,12/5/2011 16:37,11/14/2011 10:28,21
13023,8/2/2011 9:34,NULL,NULL
13023,10/6/2011 16:27,8/2/2011 9:34,65
13026,3/9/2011 11:35,NULL,NULL
13026,5/3/2011 10:51,3/9/2011 11:35,55
13026,9/8/2011 10:01,5/3/2011 10:51,128
13026,11/8/2011 7:52,9/8/2011 10:01,61
13026,12/8/2011 16:58,11/8/2011 7:52,30
13027,12/20/2010 12:45,NULL,NULL
13027,3/16/2011 13:13,12/20/2010 12:45,86
13027,4/20/2011 9:48,3/16/2011 13:13,35
13027,7/5/2011 15:48,4/20/2011 9:48,76
13027,7/7/2011 12:04,7/5/2011 15:48,2
13027,8/18/2011 9:39,7/7/2011 12:04,42
13028,10/25/2011 14:09,NULL,NULL
13028,11/17/2011 11:10,10/25/2011 14:09,23
13029,12/21/2010 13:53,NULL,NULL
13029,7/24/2011 11:37,12/21/2010 13:53,215
13029,11/9/2011 9:13,7/24/2011 11:37,108
13030,12/6/2010 14:31,NULL,NULL
13030,11/28/2011 14:30,12/6/2010 14:31,357
13032,9/13/2011 16:40,NULL,NULL
13032,10/18/2011 15:54,9/13/2011 16:40,35
13033,12/17/2010 14:23,NULL,NULL
13034,12/5/2010 14:52,NULL,NULL
13034,10/16/2011 12:21,12/5/2010 14:52,315
13035,3/24/2011 9:21,NULL,NULL
13035,9/27/2011 8:57,3/24/2011 9:21,187
13037,3/28/2011 15:42,NULL,NULL
13037,5/4/2011 15:33,3/28/2011 15:42,37
13037,7/24/2011 15:46,5/4/2011 15:33,81
13038,2/22/2011 11:43,NULL,NULL
13038,6/9/2011 10:31,2/22/2011 11:43,107
13038,9/20/2011 14:37,6/9/2011 10:31,103
13040,11/6/2011 13:53,NULL,NULL
13040,12/1/2011 10:38,11/6/2011 13:53,25
13043,3/11/2011 14:52,NULL,NULL
13044,2/21/2011 15:20,NULL,NULL
13045,9/1/2011 15:04,NULL,NULL
13046,3/18/2011 15:43,NULL,NULL
13046,11/9/2011 8:36,3/18/2011 15:43,236
13047,12/1/2010 8:34,NULL,NULL
13047,12/1/2010 8:34,12/1/2010 8:34,0
13047,12/1/2010 8:35,12/1/2010 8:34,0
13047,2/3/2011 13:06,12/1/2010 8:35,64
13047,3/30/2011 13:28,2/3/2011 13:06,55
13047,5/4/2011 14:11,3/30/2011 13:28,35
13047,6/19/2011 13:56,5/4/2011 14:11,46
13047,8/4/2011 17:58,6/19/2011 13:56,46
13047,10/14/2011 11:15,8/4/2011 17:58,71
13047,11/8/2011 12:06,10/14/2011 11:15,25
13048,1/16/2011 14:36,NULL,NULL
13048,4/15/2011 13:31,1/16/2011 14:36,89
13048,8/18/2011 11:23,4/15/2011 13:31,125
13048,11/25/2011 13:23,8/18/2011 11:23,99
13049,1/25/2011 16:33,NULL,NULL
13049,10/6/2011 15:31,1/25/2011 16:33,254
13050,12/8/2010 9:30,NULL,NULL
13050,12/14/2010 9:52,12/8/2010 9:30,6
13050,12/16/2010 14:32,12/14/2010 9:52,2
13050,12/20/2010 10:38,12/16/2010 14:32,4
13050,1/23/2011 12:43,12/20/2010 10:38,34
13050,2/4/2011 15:43,1/23/2011 12:43,12
13050,2/8/2011 15:24,2/4/2011 15:43,4
13050,3/22/2011 14:43,2/8/2011 15:24,42
13050,5/19/2011 14:35,3/22/2011 14:43,58
13050,6/7/2011 13:37,5/19/2011 14:35,19
13050,7/14/2011 17:40,6/7/2011 13:37,37
13050,8/10/2011 10:12,7/14/2011 17:40,27
13050,8/25/2011 14:21,8/10/2011 10:12,15
13050,10/14/2011 11:55,8/25/2011 14:21,50
13050,10/25/2011 10:17,10/14/2011 11:55,11
13050,11/18/2011 9:56,10/25/2011 10:17,24
13050,11/25/2011 9:18,11/18/2011 9:56,7
13052,5/11/2011 14:12,NULL,NULL
13055,5/10/2011 8:58,NULL,NULL
13055,9/22/2011 14:25,5/10/2011 8:58,135
13055,9/22/2011 14:26,9/22/2011 14:25,0
13058,7/11/2011 12:01,NULL,NULL
13058,10/12/2011 13:28,7/11/2011 12:01,93
13058,11/15/2011 12:43,10/12/2011 13:28,34
13059,4/4/2011 10:40,NULL,NULL
13060,3/31/2011 11:37,NULL,NULL
13061,9/28/2011 16:04,NULL,NULL
13062,6/1/2011 15:12,NULL,NULL
13064,1/16/2011 13:41,NULL,NULL
13064,7/10/2011 11:34,1/16/2011 13:41,175
13064,9/12/2011 13:56,7/10/2011 11:34,64
13064,11/27/2011 12:31,9/12/2011 13:56,76
13065,12/1/2010 16:52,NULL,NULL
13066,11/7/2011 17:06,NULL,NULL
13066,11/15/2011 12:57,11/7/2011 17:06,8
13067,9/18/2011 13:38,NULL,NULL
13068,1/24/2011 8:20,NULL,NULL
13068,11/29/2011 15:00,1/24/2011 8:20,309
13069,12/5/2010 11:02,NULL,NULL
13069,12/5/2010 11:03,12/5/2010 11:02,0
13069,12/13/2010 10:58,12/5/2010 11:03,8
13069,12/13/2010 11:11,12/13/2010 10:58,0
13069,1/9/2011 12:51,12/13/2010 11:11,27
13069,2/4/2011 16:34,1/9/2011 12:51,26
13069,3/24/2011 13:16,2/4/2011 16:34,48
13069,4/14/2011 14:37,3/24/2011 13:16,21
13069,4/14/2011 14:45,4/14/2011 14:37,0
13069,4/18/2011 14:05,4/14/2011 14:45,4
13069,5/8/2011 12:00,4/18/2011 14:05,20
13069,5/11/2011 16:10,5/8/2011 12:00,3
13069,5/25/2011 11:45,5/11/2011 16:10,14
13069,6/1/2011 15:31,5/25/2011 11:45,7
13069,6/3/2011 9:46,6/1/2011 15:31,2
13069,6/12/2011 12:34,6/3/2011 9:46,9
13069,7/12/2011 12:02,6/12/2011 12:34,30
13069,8/4/2011 17:37,7/12/2011 12:02,23
13069,8/12/2011 11:48,8/4/2011 17:37,8
13069,9/1/2011 11:48,8/12/2011 11:48,20
13069,10/17/2011 13:22,9/1/2011 11:48,46
13069,10/17/2011 13:23,10/17/2011 13:22,0
13069,11/25/2011 15:47,10/17/2011 13:23,39
13069,12/9/2011 8:39,11/25/2011 15:47,14
13070,5/31/2011 13:45,NULL,NULL
13072,3/18/2011 8:12,NULL,NULL
13075,8/2/2011 10:19,NULL,NULL
13077,12/8/2010 14:59,NULL,NULL
13077,2/22/2011 16:15,12/8/2010 14:59,76
13077,2/22/2011 16:19,2/22/2011 16:15,0
13077,12/8/2011 19:24,2/22/2011 16:19,289
13078,12/8/2010 9:07,NULL,NULL
13078,12/15/2010 9:51,12/8/2010 9:07,7
13078,1/11/2011 12:00,12/15/2010 9:51,27
13078,1/27/2011 13:37,1/11/2011 12:00,16
13078,2/16/2011 13:44,1/27/2011 13:37,20
13078,3/9/2011 14:14,2/16/2011 13:44,21
13078,3/30/2011 10:46,3/9/2011 14:14,21
13078,4/8/2011 14:07,3/30/2011 10:46,9
13078,4/27/2011 16:23,4/8/2011 14:07,19
13078,5/23/2011 12:09,4/27/2011 16:23,26
13078,6/12/2011 14:08,5/23/2011 12:09,20
13078,6/29/2011 12:37,6/12/2011 14:08,17
13078,7/22/2011 9:55,6/29/2011 12:37,23
13078,8/15/2011 13:48,7/22/2011 9:55,24
13078,8/25/2011 10:16,8/15/2011 13:48,10
13078,9/14/2011 11:55,8/25/2011 10:16,20
13078,9/18/2011 12:15,9/14/2011 11:55,4
13078,10/6/2011 11:27,9/18/2011 12:15,18
13078,10/6/2011 11:28,10/6/2011 11:27,0
13078,10/12/2011 14:48,10/6/2011 11:28,6
13078,10/19/2011 15:46,10/12/2011 14:48,7
13078,11/7/2011 9:28,10/19/2011 15:46,19
13078,11/15/2011 13:53,11/7/2011 9:28,8
13078,11/23/2011 9:51,11/15/2011 13:53,8
13078,11/29/2011 16:31,11/23/2011 9:51,6
13078,12/6/2011 15:36,11/29/2011 16:31,7
13079,7/22/2011 14:41,NULL,NULL
13079,9/9/2011 15:25,7/22/2011 14:41,49
13079,9/25/2011 13:47,9/9/2011 15:25,16
13079,11/18/2011 9:03,9/25/2011 13:47,54
13079,12/5/2011 16:53,11/18/2011 9:03,17
13080,6/13/2011 14:59,NULL,NULL
13081,12/3/2010 17:20,NULL,NULL
13081,12/3/2010 17:21,12/3/2010 17:20,0
13081,1/6/2011 16:41,12/3/2010 17:21,34
13081,2/24/2011 16:30,1/6/2011 16:41,49
13081,2/24/2011 16:31,2/24/2011 16:30,0
13081,3/21/2011 14:44,2/24/2011 16:31,25
13081,5/6/2011 8:10,3/21/2011 14:44,46
13081,7/19/2011 11:47,5/6/2011 8:10,74
13081,11/4/2011 9:05,7/19/2011 11:47,108
13081,11/10/2011 11:49,11/4/2011 9:05,6
13081,11/28/2011 10:54,11/10/2011 11:49,18
13082,1/5/2011 15:42,NULL,NULL
13082,3/15/2011 8:18,1/5/2011 15:42,69
13082,3/30/2011 14:06,3/15/2011 8:18,15
13082,4/18/2011 11:10,3/30/2011 14:06,19
13082,4/18/2011 11:45,4/18/2011 11:10,0
13082,6/16/2011 10:18,4/18/2011 11:45,59
13082,6/16/2011 10:19,6/16/2011 10:18,0
13082,7/5/2011 15:44,6/16/2011 10:19,19
13082,8/5/2011 16:16,7/5/2011 15:44,31
13083,9/25/2011 10:46,NULL,NULL
13083,12/5/2011 15:01,9/25/2011 10:46,71
13085,2/17/2011 13:57,NULL,NULL
13085,7/5/2011 12:11,2/17/2011 13:57,138
13089,12/5/2010 10:27,NULL,NULL
13089,12/6/2010 13:59,12/5/2010 10:27,1
13089,12/6/2010 14:00,12/6/2010 13:59,0
13089,12/13/2010 15:12,12/6/2010 14:00,7
13089,12/13/2010 15:13,12/13/2010 15:12,0
13089,12/15/2010 14:25,12/13/2010 15:13,2
13089,12/16/2010 8:05,12/15/2010 14:25,1
13089,12/16/2010 10:19,12/16/2010 8:05,0
13089,1/5/2011 11:52,12/16/2010 10:19,20
13089,1/5/2011 11:52,1/5/2011 11:52,0
13089,1/6/2011 9:57,1/5/2011 11:52,1
13089,1/13/2011 9:29,1/6/2011 9:57,7
13089,1/17/2011 16:06,1/13/2011 9:29,4
13089,1/26/2011 9:26,1/17/2011 16:06,9
13089,1/27/2011 10:18,1/26/2011 9:26,1
13089,1/28/2011 16:42,1/27/2011 10:18,1
13089,1/31/2011 8:56,1/28/2011 16:42,3
13089,1/31/2011 14:38,1/31/2011 8:56,0
13089,2/2/2011 10:54,1/31/2011 14:38,2
13089,2/14/2011 15:26,2/2/2011 10:54,12
13089,2/16/2011 16:56,2/14/2011 15:26,2
13089,2/16/2011 16:57,2/16/2011 16:56,0
13089,2/16/2011 16:58,2/16/2011 16:57,0
13089,2/23/2011 12:18,2/16/2011 16:58,7
13089,3/8/2011 14:44,2/23/2011 12:18,13
13089,3/8/2011 14:47,3/8/2011 14:44,0
13089,3/16/2011 11:39,3/8/2011 14:47,8
13089,3/24/2011 10:38,3/16/2011 11:39,8
13089,3/24/2011 10:40,3/24/2011 10:38,0
13089,3/31/2011 13:43,3/24/2011 10:40,7
13089,4/5/2011 13:52,3/31/2011 13:43,5
13089,4/7/2011 13:05,4/5/2011 13:52,2
13089,4/11/2011 13:55,4/7/2011 13:05,4
13089,4/12/2011 10:58,4/11/2011 13:55,1
13089,4/12/2011 11:01,4/12/2011 10:58,0
13089,4/14/2011 14:41,4/12/2011 11:01,2
13089,4/17/2011 11:18,4/14/2011 14:41,3
13089,4/17/2011 14:55,4/17/2011 11:18,0
13089,4/27/2011 8:17,4/17/2011 14:55,10
13089,5/3/2011 11:59,4/27/2011 8:17,6
13089,5/3/2011 12:02,5/3/2011 11:59,0
13089,5/6/2011 14:25,5/3/2011 12:02,3
13089,5/11/2011 10:35,5/6/2011 14:25,5
13089,5/11/2011 10:36,5/11/2011 10:35,0
13089,5/13/2011 14:53,5/11/2011 10:36,2
13089,5/13/2011 14:55,5/13/2011 14:53,0
13089,5/13/2011 14:56,5/13/2011 14:55,0
13089,5/13/2011 14:57,5/13/2011 14:56,0
13089,5/16/2011 13:41,5/13/2011 14:57,3
13089,5/24/2011 10:22,5/16/2011 13:41,8
13089,5/24/2011 10:24,5/24/2011 10:22,0
13089,6/5/2011 12:59,5/24/2011 10:24,12
13089,6/7/2011 11:47,6/5/2011 12:59,2
13089,6/7/2011 11:49,6/7/2011 11:47,0
13089,6/19/2011 12:08,6/7/2011 11:49,12
13089,6/22/2011 14:21,6/19/2011 12:08,3
13089,6/22/2011 14:24,6/22/2011 14:21,0
13089,7/6/2011 9:46,6/22/2011 14:24,14
13089,7/11/2011 15:52,7/6/2011 9:46,5
13089,7/13/2011 12:27,7/11/2011 15:52,2
13089,7/21/2011 17:08,7/13/2011 12:27,8
13089,7/21/2011 17:12,7/21/2011 17:08,0
13089,7/29/2011 12:16,7/21/2011 17:12,8
13089,8/2/2011 14:21,7/29/2011 12:16,4
13089,8/2/2011 14:23,8/2/2011 14:21,0
13089,8/15/2011 10:57,8/2/2011 14:23,13
13089,8/15/2011 10:59,8/15/2011 10:57,0
13089,8/19/2011 10:05,8/15/2011 10:59,4
13089,8/31/2011 13:56,8/19/2011 10:05,12
13089,9/1/2011 11:30,8/31/2011 13:56,1
13089,9/1/2011 11:33,9/1/2011 11:30,0
13089,9/20/2011 10:02,9/1/2011 11:33,19
13089,9/22/2011 12:00,9/20/2011 10:02,2
13089,9/22/2011 12:01,9/22/2011 12:00,0
13089,9/22/2011 12:01,9/22/2011 12:01,0
13089,9/22/2011 12:02,9/22/2011 12:01,0
13089,9/25/2011 15:43,9/22/2011 12:02,3
13089,9/30/2011 10:19,9/25/2011 15:43,5
13089,10/6/2011 15:04,9/30/2011 10:19,6
13089,10/6/2011 15:05,10/6/2011 15:04,0
13089,10/6/2011 15:05,10/6/2011 15:05,0
13089,10/11/2011 10:36,10/6/2011 15:05,5
13089,10/19/2011 10:32,10/11/2011 10:36,8
13089,10/19/2011 14:12,10/19/2011 10:32,0
13089,10/28/2011 9:15,10/19/2011 14:12,9
13089,10/30/2011 15:10,10/28/2011 9:15,2
13089,11/8/2011 12:29,10/30/2011 15:10,9
13089,11/14/2011 16:28,11/8/2011 12:29,6
13089,11/16/2011 12:42,11/14/2011 16:28,2
13089,11/17/2011 16:37,11/16/2011 12:42,1
13089,11/23/2011 8:39,11/17/2011 16:37,6
13089,11/23/2011 8:39,11/23/2011 8:39,0
13089,11/28/2011 14:53,11/23/2011 8:39,5
13089,12/1/2011 15:56,11/28/2011 14:53,3
13089,12/1/2011 17:16,12/1/2011 15:56,0
13089,12/5/2011 14:30,12/1/2011 17:16,4
13089,12/7/2011 9:02,12/5/2011 14:30,2
13090,12/2/2010 7:48,NULL,NULL
13090,12/9/2010 12:12,12/2/2010 7:48,7
13090,12/9/2010 16:11,12/9/2010 12:12,0
13090,1/14/2011 12:21,12/9/2010 16:11,36
13090,2/23/2011 16:41,1/14/2011 12:21,40
13090,3/18/2011 10:34,2/23/2011 16:41,23
13090,4/15/2011 10:27,3/18/2011 10:34,28
13090,6/17/2011 10:12,4/15/2011 10:27,63
13090,7/26/2011 14:51,6/17/2011 10:12,39
13090,10/6/2011 11:48,7/26/2011 14:51,72
13090,10/17/2011 12:51,10/6/2011 11:48,11
13090,11/8/2011 15:13,10/17/2011 12:51,22
13090,11/20/2011 12:00,11/8/2011 15:13,12
13090,12/1/2011 12:39,11/20/2011 12:00,11
13091,11/11/2011 15:54,NULL,NULL
13092,12/15/2010 12:27,NULL,NULL
13092,3/7/2011 14:54,12/15/2010 12:27,82
13092,4/26/2011 13:25,3/7/2011 14:54,50
13092,5/12/2011 10:22,4/26/2011 13:25,16
13092,9/30/2011 11:18,5/12/2011 10:22,141
13093,12/1/2010 15:00,NULL,NULL
13093,12/16/2010 9:44,12/1/2010 15:00,15
13093,12/16/2010 9:45,12/16/2010 9:44,0
13093,1/6/2011 15:14,12/16/2010 9:45,21
13093,1/13/2011 12:03,1/6/2011 15:14,7
13093,2/2/2011 11:01,1/13/2011 12:03,20
13093,2/25/2011 13:09,2/2/2011 11:01,23
13093,3/9/2011 12:14,2/25/2011 13:09,12
13094,12/6/2010 10:34,NULL,NULL
13094,1/4/2011 10:37,12/6/2010 10:34,29
13094,1/6/2011 16:25,1/4/2011 10:37,2
13094,2/11/2011 12:48,1/6/2011 16:25,36
13094,3/2/2011 10:20,2/11/2011 12:48,19
13094,5/15/2011 11:23,3/2/2011 10:20,74
13094,5/18/2011 11:08,5/15/2011 11:23,3
13094,6/1/2011 12:22,5/18/2011 11:08,14
13094,7/6/2011 11:42,6/1/2011 12:22,35
13094,8/2/2011 12:35,7/6/2011 11:42,27
13094,9/20/2011 14:57,8/2/2011 12:35,49
13094,11/18/2011 14:07,9/20/2011 14:57,59
13095,9/30/2011 12:03,NULL,NULL
13097,12/14/2010 15:13,NULL,NULL
13097,1/6/2011 9:40,12/14/2010 15:13,23
13097,2/20/2011 13:18,1/6/2011 9:40,45
13097,3/25/2011 11:41,2/20/2011 13:18,33
13097,4/20/2011 13:43,3/25/2011 11:41,26
13097,6/19/2011 11:10,4/20/2011 13:43,60
13097,6/19/2011 11:26,6/19/2011 11:10,0
13097,8/9/2011 12:07,6/19/2011 11:26,51
13097,9/23/2011 12:58,8/9/2011 12:07,45
13097,11/7/2011 10:43,9/23/2011 12:58,45
13098,1/26/2011 13:46,NULL,NULL
13098,2/8/2011 11:32,1/26/2011 13:46,13
13098,3/11/2011 11:47,2/8/2011 11:32,31
13098,4/4/2011 12:52,3/11/2011 11:47,24
13098,4/6/2011 12:41,4/4/2011 12:52,2
13098,5/10/2011 10:34,4/6/2011 12:41,34
13098,5/11/2011 7:35,5/10/2011 10:34,1
13098,5/25/2011 10:11,5/11/2011 7:35,14
13098,6/7/2011 12:36,5/25/2011 10:11,13
13098,6/16/2011 15:12,6/7/2011 12:36,9
13098,6/23/2011 14:36,6/16/2011 15:12,7
13098,7/5/2011 12:53,6/23/2011 14:36,12
13098,7/11/2011 12:54,7/5/2011 12:53,6
13098,7/21/2011 12:46,7/11/2011 12:54,10
13098,7/28/2011 8:55,7/21/2011 12:46,7
13098,8/4/2011 10:38,7/28/2011 8:55,7
13098,8/18/2011 12:30,8/4/2011 10:38,14
13098,9/6/2011 15:34,8/18/2011 12:30,19
13098,9/13/2011 13:21,9/6/2011 15:34,7
13098,10/10/2011 10:16,9/13/2011 13:21,27
13098,10/10/2011 10:57,10/10/2011 10:16,0
13098,10/27/2011 17:56,10/10/2011 10:57,17
13098,11/10/2011 18:46,10/27/2011 17:56,14
13098,11/18/2011 15:54,11/10/2011 18:46,8
13098,11/30/2011 10:18,11/18/2011 15:54,12
13098,12/4/2011 15:54,11/30/2011 10:18,4
13098,12/4/2011 15:55,12/4/2011 15:54,0
13098,12/8/2011 14:14,12/4/2011 15:55,4
13099,9/1/2011 17:40,NULL,NULL
13101,4/19/2011 14:37,NULL,NULL
13102,12/9/2010 13:38,NULL,NULL
13102,12/14/2010 13:44,12/9/2010 13:38,5
13102,1/9/2011 12:50,12/14/2010 13:44,26
13102,1/11/2011 14:00,1/9/2011 12:50,2
13102,1/21/2011 11:50,1/11/2011 14:00,10
13102,2/3/2011 11:49,1/21/2011 11:50,13
13102,2/4/2011 12:40,2/3/2011 11:49,1
13102,3/10/2011 10:56,2/4/2011 12:40,34
13102,3/10/2011 10:57,3/10/2011 10:56,0
13102,3/20/2011 14:35,3/10/2011 10:57,10
13102,4/7/2011 11:37,3/20/2011 14:35,18
13102,4/7/2011 12:30,4/7/2011 11:37,0
13102,5/3/2011 15:23,4/7/2011 12:30,26
13102,5/25/2011 9:35,5/3/2011 15:23,22
13102,5/25/2011 9:37,5/25/2011 9:35,0
13102,6/19/2011 14:15,5/25/2011 9:37,25
13102,7/8/2011 9:03,6/19/2011 14:15,19
13102,7/29/2011 10:41,7/8/2011 9:03,21
13102,7/29/2011 12:03,7/29/2011 10:41,0
13102,9/19/2011 14:43,7/29/2011 12:03,52
13102,10/28/2011 13:02,9/19/2011 14:43,39
13102,11/16/2011 15:01,10/28/2011 13:02,19
13102,12/1/2011 19:24,11/16/2011 15:01,15
13102,12/8/2011 12:52,12/1/2011 19:24,7
13103,10/31/2011 9:38,NULL,NULL
13104,12/20/2010 11:58,NULL,NULL
13104,3/17/2011 13:27,12/20/2010 11:58,87
13104,7/29/2011 15:25,3/17/2011 13:27,134
13104,9/15/2011 11:20,7/29/2011 15:25,48
13104,10/24/2011 10:11,9/15/2011 11:20,39
13104,12/6/2011 13:10,10/24/2011 10:11,43
13106,7/29/2011 15:12,NULL,NULL
13107,1/10/2011 12:28,NULL,NULL
13107,6/17/2011 8:57,1/10/2011 12:28,158
13107,9/15/2011 9:41,6/17/2011 8:57,90
13107,10/26/2011 14:52,9/15/2011 9:41,41
13108,12/2/2010 10:35,NULL,NULL
13109,7/5/2011 14:56,NULL,NULL
13109,10/11/2011 10:16,7/5/2011 14:56,98
13110,2/1/2011 15:24,NULL,NULL
13110,3/1/2011 14:58,2/1/2011 15:24,28
13110,3/27/2011 16:08,3/1/2011 14:58,26
13110,7/25/2011 16:18,3/27/2011 16:08,120
13110,7/25/2011 16:20,7/25/2011 16:18,0
13110,10/17/2011 15:28,7/25/2011 16:20,84
13110,11/8/2011 14:30,10/17/2011 15:28,22
13113,12/8/2010 13:21,NULL,NULL
13113,1/12/2011 13:10,12/8/2010 13:21,35
13113,1/26/2011 13:37,1/12/2011 13:10,14
13113,2/4/2011 13:28,1/26/2011 13:37,9
13113,2/22/2011 13:18,2/4/2011 13:28,18
13113,3/4/2011 12:26,2/22/2011 13:18,10
13113,3/21/2011 13:35,3/4/2011 12:26,17
13113,3/30/2011 12:45,3/21/2011 13:35,9
13113,4/11/2011 12:13,3/30/2011 12:45,12
13113,4/11/2011 12:21,4/11/2011 12:13,0
13113,4/18/2011 11:13,4/11/2011 12:21,7
13113,4/27/2011 11:40,4/18/2011 11:13,9
13113,5/3/2011 11:11,4/27/2011 11:40,6
13113,5/12/2011 12:30,5/3/2011 11:11,9
13113,5/22/2011 11:17,5/12/2011 12:30,10
13113,5/31/2011 11:09,5/22/2011 11:17,9
13113,6/17/2011 10:17,5/31/2011 11:09,17
13113,6/30/2011 10:52,6/17/2011 10:17,13
13113,8/9/2011 12:00,6/30/2011 10:52,40
13113,8/18/2011 10:10,8/9/2011 12:00,9
13113,10/9/2011 12:59,8/18/2011 10:10,52
13113,10/30/2011 13:34,10/9/2011 12:59,21
13113,11/25/2011 10:22,10/30/2011 13:34,26
13113,12/9/2011 12:49,11/25/2011 10:22,14
13115,6/8/2011 16:15,NULL,NULL
13115,10/12/2011 12:42,6/8/2011 16:15,126
13115,10/14/2011 10:55,10/12/2011 12:42,2
13115,11/28/2011 12:38,10/14/2011 10:55,45
13116,7/24/2011 14:33,NULL,NULL
13117,12/2/2010 13:11,NULL,NULL
13117,12/9/2010 14:50,12/2/2010 13:11,7
13117,1/24/2011 15:48,12/9/2010 14:50,46
13117,3/7/2011 9:52,1/24/2011 15:48,42
13117,4/15/2011 11:31,3/7/2011 9:52,39
13117,5/6/2011 10:45,4/15/2011 11:31,21
13117,8/10/2011 10:09,5/6/2011 10:45,96
13117,11/18/2011 12:02,8/10/2011 10:09,100
13118,2/24/2011 12:32,NULL,NULL
13118,3/31/2011 19:12,2/24/2011 12:32,35
13118,5/15/2011 13:22,3/31/2011 19:12,45
13118,11/20/2011 12:37,5/15/2011 13:22,189
13118,11/20/2011 12:46,11/20/2011 12:37,0
13120,4/15/2011 10:19,NULL,NULL
13121,3/15/2011 16:47,NULL,NULL
13122,4/13/2011 14:12,NULL,NULL
13122,9/6/2011 15:53,4/13/2011 14:12,146
13124,12/15/2010 15:00,NULL,NULL
13124,4/1/2011 14:58,12/15/2010 15:00,107
13124,9/11/2011 12:45,4/1/2011 14:58,163
13126,12/8/2010 11:42,NULL,NULL
13126,12/8/2010 11:43,12/8/2010 11:42,0
13126,1/5/2011 9:11,12/8/2010 11:43,28
13126,3/10/2011 15:06,1/5/2011 9:11,64
13126,3/31/2011 16:40,3/10/2011 15:06,21
13126,9/28/2011 10:29,3/31/2011 16:40,181
13126,10/26/2011 10:43,9/28/2011 10:29,28
13126,12/5/2011 10:00,10/26/2011 10:43,40
13127,9/23/2011 10:26,NULL,NULL
13130,9/6/2011 15:30,NULL,NULL
13131,6/5/2011 10:54,NULL,NULL
13131,9/29/2011 17:16,6/5/2011 10:54,116
13131,11/16/2011 13:21,9/29/2011 17:16,48
13132,3/23/2011 12:44,NULL,NULL
13133,2/8/2011 15:48,NULL,NULL
13133,3/11/2011 10:31,2/8/2011 15:48,31
13134,4/13/2011 12:57,NULL,NULL
13134,4/19/2011 16:37,4/13/2011 12:57,6
13134,6/9/2011 11:37,4/19/2011 16:37,51
13134,9/15/2011 10:35,6/9/2011 11:37,98
13135,5/27/2011 10:52,NULL,NULL
13136,5/11/2011 12:47,NULL,NULL
13136,7/20/2011 12:00,5/11/2011 12:47,70
13136,7/20/2011 12:01,7/20/2011 12:00,0
13136,9/13/2011 11:39,7/20/2011 12:01,55
13136,10/14/2011 13:41,9/13/2011 11:39,31
13137,2/4/2011 11:54,NULL,NULL
13137,4/1/2011 11:34,2/4/2011 11:54,56
13137,7/24/2011 11:54,4/1/2011 11:34,114
13137,8/28/2011 12:44,7/24/2011 11:54,35
13137,9/8/2011 12:42,8/28/2011 12:44,11
13137,10/30/2011 12:26,9/8/2011 12:42,52
13137,11/11/2011 11:56,10/30/2011 12:26,12
13137,11/29/2011 12:09,11/11/2011 11:56,18
13138,12/2/2010 15:03,NULL,NULL
13138,4/13/2011 9:59,12/2/2010 15:03,132
13138,7/29/2011 13:34,4/13/2011 9:59,107
13138,9/20/2011 15:31,7/29/2011 13:34,53
13138,10/24/2011 9:34,9/20/2011 15:31,34
13138,11/17/2011 16:51,10/24/2011 9:34,24
13139,3/25/2011 11:57,NULL,NULL
13139,5/8/2011 16:03,3/25/2011 11:57,44
13139,8/22/2011 10:04,5/8/2011 16:03,106
13139,9/28/2011 13:13,8/22/2011 10:04,37
13139,11/7/2011 11:30,9/28/2011 13:13,40
13139,11/7/2011 11:31,11/7/2011 11:30,0
13139,11/23/2011 13:54,11/7/2011 11:31,16
13140,12/8/2010 15:12,NULL,NULL
13140,8/16/2011 13:13,12/8/2010 15:12,251
13140,8/23/2011 15:33,8/16/2011 13:13,7
13141,1/28/2011 13:04,NULL,NULL
13141,1/28/2011 14:42,1/28/2011 13:04,0
13141,4/19/2011 9:31,1/28/2011 14:42,81
13141,5/9/2011 15:33,4/19/2011 9:31,20
13141,9/16/2011 9:54,5/9/2011 15:33,130
13142,11/20/2011 16:07,NULL,NULL
13144,1/11/2011 11:15,NULL,NULL
13145,12/2/2010 18:06,NULL,NULL
13145,8/4/2011 19:06,12/2/2010 18:06,245
13145,9/9/2011 10:10,8/4/2011 19:06,36
13145,10/31/2011 12:45,9/9/2011 10:10,52
13146,11/13/2011 15:29,NULL,NULL
13147,9/1/2011 12:28,NULL,NULL
13147,10/27/2011 16:35,9/1/2011 12:28,56
13147,11/9/2011 10:18,10/27/2011 16:35,13
13147,11/29/2011 13:59,11/9/2011 10:18,20
13148,12/10/2010 13:06,NULL,NULL
13148,1/30/2011 13:48,12/10/2010 13:06,51
13148,1/30/2011 14:05,1/30/2011 13:48,0
13148,1/30/2011 15:22,1/30/2011 14:05,0
13148,3/23/2011 10:25,1/30/2011 15:22,52
13148,4/21/2011 8:43,3/23/2011 10:25,29
13148,7/3/2011 12:22,4/21/2011 8:43,73
13148,7/3/2011 12:36,7/3/2011 12:22,0
13148,7/29/2011 8:29,7/3/2011 12:36,26
13148,7/29/2011 8:30,7/29/2011 8:29,0
13148,11/10/2011 14:01,7/29/2011 8:30,104
13148,11/10/2011 15:23,11/10/2011 14:01,0
13149,2/23/2011 13:57,NULL,NULL
13149,7/13/2011 13:20,2/23/2011 13:57,140
13149,8/25/2011 13:40,7/13/2011 13:20,43
13149,11/25/2011 13:09,8/25/2011 13:40,92
13151,2/17/2011 12:29,NULL,NULL
13153,12/4/2011 12:14,NULL,NULL
13155,12/6/2010 12:44,NULL,NULL
13155,1/17/2011 11:21,12/6/2010 12:44,42
13155,9/21/2011 10:27,1/17/2011 11:21,247
13155,11/6/2011 15:41,9/21/2011 10:27,46
13157,2/14/2011 14:03,NULL,NULL
13157,4/12/2011 14:04,2/14/2011 14:03,57
13157,7/21/2011 14:34,4/12/2011 14:04,100
13157,10/21/2011 13:50,7/21/2011 14:34,92
13158,1/25/2011 9:58,NULL,NULL
13158,7/7/2011 13:05,1/25/2011 9:58,163
13158,8/12/2011 9:04,7/7/2011 13:05,36
13158,9/6/2011 11:58,8/12/2011 9:04,25
13159,8/16/2011 11:44,NULL,NULL
13159,8/25/2011 15:12,8/16/2011 11:44,9
13159,10/20/2011 13:20,8/25/2011 15:12,56
13159,12/1/2011 11:20,10/20/2011 13:20,42
13160,11/17/2011 13:07,NULL,NULL
13161,1/30/2011 14:03,NULL,NULL
13162,1/9/2011 10:43,NULL,NULL
13162,4/20/2011 15:38,1/9/2011 10:43,101
13162,6/8/2011 15:38,4/20/2011 15:38,49
13162,8/9/2011 15:59,6/8/2011 15:38,62
13165,12/23/2010 14:06,NULL,NULL
13165,10/24/2011 15:05,12/23/2010 14:06,305
13166,3/1/2011 15:16,NULL,NULL
13167,7/19/2011 12:13,NULL,NULL
13167,8/1/2011 12:12,7/19/2011 12:13,13
13167,10/3/2011 15:10,8/1/2011 12:12,63
13167,11/21/2011 12:24,10/3/2011 15:10,49
13168,1/25/2011 13:55,NULL,NULL
13168,2/20/2011 15:06,1/25/2011 13:55,26
13168,5/24/2011 13:56,2/20/2011 15:06,93
13168,11/3/2011 12:56,5/24/2011 13:56,163
13169,4/1/2011 14:24,NULL,NULL
13169,10/7/2011 12:11,4/1/2011 14:24,189
13170,11/13/2011 12:19,NULL,NULL
13171,2/13/2011 14:16,NULL,NULL
13171,10/21/2011 16:18,2/13/2011 14:16,250
13171,11/18/2011 10:27,10/21/2011 16:18,28
13173,12/7/2010 14:30,NULL,NULL
13173,12/5/2011 15:51,12/7/2010 14:30,363
13174,12/5/2010 16:24,NULL,NULL
13174,1/27/2011 15:36,12/5/2010 16:24,53
13174,11/23/2011 14:35,1/27/2011 15:36,300
13176,10/24/2011 15:43,NULL,NULL
13177,10/6/2011 9:56,NULL,NULL
13178,12/14/2010 12:22,NULL,NULL
13178,2/17/2011 12:55,12/14/2010 12:22,65
13178,4/8/2011 11:33,2/17/2011 12:55,50
13178,5/9/2011 14:44,4/8/2011 11:33,31
13178,5/20/2011 10:22,5/9/2011 14:44,11
13178,6/21/2011 14:53,5/20/2011 10:22,32
13178,7/14/2011 12:48,6/21/2011 14:53,23
13178,7/29/2011 13:37,7/14/2011 12:48,15
13178,9/27/2011 13:21,7/29/2011 13:37,60
13178,11/4/2011 9:24,9/27/2011 13:21,38
13178,11/13/2011 16:14,11/4/2011 9:24,9
13182,10/25/2011 13:46,NULL,NULL
13183,1/9/2011 10:50,NULL,NULL
13183,3/24/2011 10:37,1/9/2011 10:50,74
13183,5/15/2011 12:46,3/24/2011 10:37,52
13183,7/5/2011 12:39,5/15/2011 12:46,51
13183,7/27/2011 11:47,7/5/2011 12:39,22
13183,8/30/2011 16:53,7/27/2011 11:47,34
13183,9/14/2011 10:42,8/30/2011 16:53,15
13183,11/2/2011 14:50,9/14/2011 10:42,49
13183,12/2/2011 10:30,11/2/2011 14:50,30
13184,2/22/2011 17:25,NULL,NULL
13184,4/1/2011 12:24,2/22/2011 17:25,38
13184,4/19/2011 14:23,4/1/2011 12:24,18
13184,4/26/2011 14:19,4/19/2011 14:23,7
13184,6/8/2011 12:38,4/26/2011 14:19,43
13184,7/11/2011 12:31,6/8/2011 12:38,33
13184,7/15/2011 12:59,7/11/2011 12:31,4
13184,8/1/2011 11:08,7/15/2011 12:59,17
13184,8/1/2011 11:12,8/1/2011 11:08,0
13184,11/25/2011 12:02,8/1/2011 11:12,116
13185,3/17/2011 11:56,NULL,NULL
13186,8/3/2011 9:09,NULL,NULL
13186,9/7/2011 11:46,8/3/2011 9:09,35
13186,10/31/2011 11:40,9/7/2011 11:46,54
13187,1/6/2011 18:57,NULL,NULL
13188,11/28/2011 15:28,NULL,NULL
13189,8/16/2011 13:12,NULL,NULL
13189,11/21/2011 10:39,8/16/2011 13:12,97
13192,5/18/2011 14:57,NULL,NULL
13192,9/5/2011 14:13,5/18/2011 14:57,110
13193,10/9/2011 14:30,NULL,NULL
13194,7/27/2011 9:01,NULL,NULL
13196,3/22/2011 14:24,NULL,NULL
13196,9/16/2011 12:48,3/22/2011 14:24,178
13196,11/28/2011 13:53,9/16/2011 12:48,73
13196,11/28/2011 13:54,11/28/2011 13:53,0
13198,12/13/2010 9:29,NULL,NULL
13198,1/25/2011 13:26,12/13/2010 9:29,43
13198,4/4/2011 9:55,1/25/2011 13:26,69
13198,7/6/2011 10:49,4/4/2011 9:55,93
13198,8/11/2011 12:48,7/6/2011 10:49,36
13198,11/29/2011 15:17,8/11/2011 12:48,110
13199,12/8/2010 10:51,NULL,NULL
13199,12/16/2010 14:25,12/8/2010 10:51,8
13199,1/5/2011 13:09,12/16/2010 14:25,20
13199,1/13/2011 15:01,1/5/2011 13:09,8
13199,1/17/2011 15:31,1/13/2011 15:01,4
13199,2/2/2011 14:17,1/17/2011 15:31,16
13199,2/16/2011 11:53,2/2/2011 14:17,14
13199,2/16/2011 11:54,2/16/2011 11:53,0
13199,3/3/2011 14:09,2/16/2011 11:54,15
13199,3/17/2011 12:15,3/3/2011 14:09,14
13199,4/13/2011 11:42,3/17/2011 12:15,27
13199,4/19/2011 10:59,4/13/2011 11:42,6
13199,4/26/2011 13:45,4/19/2011 10:59,7
13199,5/5/2011 12:22,4/26/2011 13:45,9
13199,5/26/2011 14:09,5/5/2011 12:22,21
13199,5/26/2011 14:09,5/26/2011 14:09,0
13199,6/16/2011 12:29,5/26/2011 14:09,21
13199,6/20/2011 15:06,6/16/2011 12:29,4
13199,7/19/2011 16:48,6/20/2011 15:06,29
13199,8/24/2011 14:14,7/19/2011 16:48,36
13199,8/28/2011 12:43,8/24/2011 14:14,4
13199,9/8/2011 14:53,8/28/2011 12:43,11
13199,10/6/2011 11:38,9/8/2011 14:53,28
13199,10/6/2011 11:38,10/6/2011 11:38,0
13199,10/20/2011 8:19,10/6/2011 11:38,14
13199,10/28/2011 10:56,10/20/2011 8:19,8
13199,10/28/2011 11:55,10/28/2011 10:56,0
13199,11/7/2011 16:54,10/28/2011 11:55,10
13199,11/8/2011 11:29,11/7/2011 16:54,1
13199,11/16/2011 12:22,11/8/2011 11:29,8
13199,11/21/2011 9:02,11/16/2011 12:22,5
13199,11/22/2011 12:58,11/21/2011 9:02,1
13199,11/25/2011 9:40,11/22/2011 12:58,3
13199,11/25/2011 9:42,11/25/2011 9:40,0
13199,11/29/2011 14:00,11/25/2011 9:42,4
13199,12/1/2011 12:16,11/29/2011 14:00,2
13199,12/2/2011 8:55,12/1/2011 12:16,1
13199,12/6/2011 12:30,12/2/2011 8:55,4
13200,8/5/2011 14:50,NULL,NULL
13200,9/26/2011 14:00,8/5/2011 14:50,52
13200,11/18/2011 9:31,9/26/2011 14:00,53
13200,11/20/2011 15:35,11/18/2011 9:31,2
13203,4/11/2011 14:40,NULL,NULL
13203,8/11/2011 10:29,4/11/2011 14:40,122
13203,10/31/2011 13:43,8/11/2011 10:29,81
13203,11/30/2011 10:45,10/31/2011 13:43,30
13207,7/12/2011 11:35,NULL,NULL
13207,11/24/2011 14:52,7/12/2011 11:35,135
13208,2/3/2011 19:32,NULL,NULL
13208,4/13/2011 12:57,2/3/2011 19:32,69
13208,5/17/2011 12:25,4/13/2011 12:57,34
13208,7/7/2011 14:18,5/17/2011 12:25,51
13208,10/11/2011 16:25,7/7/2011 14:18,96
13208,10/12/2011 9:54,10/11/2011 16:25,1
13209,12/13/2010 10:31,NULL,NULL
13209,1/17/2011 14:27,12/13/2010 10:31,35
13209,4/26/2011 11:04,1/17/2011 14:27,99
13209,7/19/2011 9:52,4/26/2011 11:04,84
13209,8/3/2011 12:10,7/19/2011 9:52,15
13209,11/9/2011 13:52,8/3/2011 12:10,98
13209,11/9/2011 13:53,11/9/2011 13:52,0
13209,11/9/2011 13:54,11/9/2011 13:53,0
13210,9/7/2011 8:18,NULL,NULL
13211,12/13/2010 16:17,NULL,NULL
13211,9/5/2011 17:36,12/13/2010 16:17,266
13211,11/29/2011 14:43,9/5/2011 17:36,85
13212,10/9/2011 14:48,NULL,NULL
13212,10/9/2011 15:17,10/9/2011 14:48,0
13212,11/20/2011 12:40,10/9/2011 15:17,42
13213,5/24/2011 12:22,NULL,NULL
13213,5/24/2011 15:33,5/24/2011 12:22,0
13213,6/9/2011 16:57,5/24/2011 15:33,16
13213,8/3/2011 13:06,6/9/2011 16:57,55
13213,10/14/2011 11:42,8/3/2011 13:06,72
13216,3/17/2011 12:18,NULL,NULL
13217,7/6/2011 12:08,NULL,NULL
13217,7/31/2011 10:43,7/6/2011 12:08,25
13217,8/9/2011 15:32,7/31/2011 10:43,9
13218,8/4/2011 16:59,NULL,NULL
13220,4/17/2011 10:59,NULL,NULL
13220,5/4/2011 11:26,4/17/2011 10:59,17
13220,6/7/2011 11:10,5/4/2011 11:26,34
13220,9/22/2011 13:38,6/7/2011 11:10,107
13221,12/15/2010 13:24,NULL,NULL
13221,4/13/2011 16:58,12/15/2010 13:24,119
13223,4/21/2011 15:16,NULL,NULL
13223,5/23/2011 13:03,4/21/2011 15:16,32
13224,7/11/2011 14:10,NULL,NULL
13224,10/10/2011 14:55,7/11/2011 14:10,91
13225,12/13/2010 9:49,NULL,NULL
13225,1/5/2011 16:28,12/13/2010 9:49,23
13225,3/14/2011 10:57,1/5/2011 16:28,68
13225,5/27/2011 12:38,3/14/2011 10:57,74
13225,7/19/2011 16:36,5/27/2011 12:38,53
13225,10/10/2011 14:06,7/19/2011 16:36,83
13225,12/6/2011 13:29,10/10/2011 14:06,57
13226,3/11/2011 14:35,NULL,NULL
13227,5/22/2011 11:47,NULL,NULL
13228,9/19/2011 14:28,NULL,NULL
13229,4/28/2011 12:07,NULL,NULL
13230,12/9/2010 19:28,NULL,NULL
13230,1/23/2011 13:33,12/9/2010 19:28,45
13230,2/3/2011 19:58,1/23/2011 13:33,11
13230,2/17/2011 19:36,2/3/2011 19:58,14
13230,3/2/2011 17:32,2/17/2011 19:36,13
13230,4/7/2011 19:27,3/2/2011 17:32,36
13230,4/14/2011 19:15,4/7/2011 19:27,7
13230,4/26/2011 14:47,4/14/2011 19:15,12
13230,5/22/2011 11:28,4/26/2011 14:47,26
13230,7/10/2011 15:25,5/22/2011 11:28,49
13230,7/24/2011 16:15,7/10/2011 15:25,14
13230,7/24/2011 16:18,7/24/2011 16:15,0
13230,11/10/2011 20:01,7/24/2011 16:18,109
13230,12/5/2011 16:03,11/10/2011 20:01,25
13232,4/10/2011 13:48,NULL,NULL
13232,5/15/2011 12:33,4/10/2011 13:48,35
13232,5/27/2011 13:26,5/15/2011 12:33,12
13232,6/12/2011 11:17,5/27/2011 13:26,16
13232,9/2/2011 13:18,6/12/2011 11:17,82
13232,11/13/2011 14:34,9/2/2011 13:18,72
13232,11/27/2011 10:39,11/13/2011 14:34,14
13233,1/7/2011 14:49,NULL,NULL
13233,9/26/2011 13:25,1/7/2011 14:49,262
13235,5/11/2011 17:13,NULL,NULL
13236,8/25/2011 8:58,NULL,NULL
13236,11/15/2011 12:50,8/25/2011 8:58,82
13238,12/14/2010 14:37,NULL,NULL
13238,6/29/2011 12:12,12/14/2010 14:37,197
13238,11/16/2011 16:26,6/29/2011 12:12,140
13238,11/22/2011 15:37,11/16/2011 16:26,6
13239,3/23/2011 10:25,NULL,NULL
13240,12/9/2010 12:49,NULL,NULL
13240,3/27/2011 15:33,12/9/2010 12:49,108
13240,6/19/2011 15:33,3/27/2011 15:33,84
13240,9/4/2011 14:08,6/19/2011 15:33,77
13242,5/10/2011 12:26,NULL,NULL
13242,5/10/2011 12:28,5/10/2011 12:26,0
13242,8/19/2011 12:53,5/10/2011 12:28,101
13243,5/20/2011 13:14,NULL,NULL
13244,9/8/2011 11:46,NULL,NULL
13245,10/20/2011 11:40,NULL,NULL
13246,1/13/2011 13:36,NULL,NULL
13246,1/17/2011 15:50,1/13/2011 13:36,4
13246,2/20/2011 10:51,1/17/2011 15:50,34
13246,5/17/2011 12:38,2/20/2011 10:51,86
13246,6/16/2011 12:51,5/17/2011 12:38,30
13246,11/21/2011 16:50,6/16/2011 12:51,158
13247,9/18/2011 11:31,NULL,NULL
13247,10/19/2011 14:20,9/18/2011 11:31,31
13247,11/17/2011 13:50,10/19/2011 14:20,29
13247,11/22/2011 10:59,11/17/2011 13:50,5
13248,6/3/2011 13:05,NULL,NULL
13248,8/7/2011 12:40,6/3/2011 13:05,65
13249,3/23/2011 15:26,NULL,NULL
13249,9/7/2011 16:27,3/23/2011 15:26,168
13249,9/8/2011 13:26,9/7/2011 16:27,1
13253,1/4/2011 15:43,NULL,NULL
13253,7/6/2011 10:09,1/4/2011 15:43,183
13255,12/1/2010 11:58,NULL,NULL
13255,11/30/2011 13:14,12/1/2010 11:58,364
13258,5/18/2011 13:11,NULL,NULL
13258,11/16/2011 13:27,5/18/2011 13:11,182
13258,11/28/2011 9:31,11/16/2011 13:27,12
13259,10/9/2011 10:48,NULL,NULL
13260,10/9/2011 13:21,NULL,NULL
13261,2/27/2011 10:41,NULL,NULL
13261,3/16/2011 12:22,2/27/2011 10:41,17
13262,3/21/2011 15:06,NULL,NULL
13263,1/18/2011 16:31,NULL,NULL
13263,3/6/2011 12:46,1/18/2011 16:31,47
13263,3/14/2011 15:13,3/6/2011 12:46,8
13263,3/24/2011 12:53,3/14/2011 15:13,10
13263,3/29/2011 15:12,3/24/2011 12:53,5
13263,4/4/2011 13:38,3/29/2011 15:12,6
13263,4/19/2011 13:41,4/4/2011 13:38,15
13263,4/21/2011 13:30,4/19/2011 13:41,2
13263,4/26/2011 16:45,4/21/2011 13:30,5
13263,5/3/2011 15:59,4/26/2011 16:45,7
13263,5/12/2011 15:26,5/3/2011 15:59,9
13263,5/12/2011 15:32,5/12/2011 15:26,0
13263,5/18/2011 14:50,5/12/2011 15:32,6
13263,5/25/2011 11:12,5/18/2011 14:50,7
13263,6/1/2011 15:34,5/25/2011 11:12,7
13263,6/16/2011 15:07,6/1/2011 15:34,15
13263,6/16/2011 15:17,6/16/2011 15:07,0
13263,6/29/2011 15:03,6/16/2011 15:17,13
13263,7/6/2011 17:05,6/29/2011 15:03,7
13263,7/13/2011 11:44,7/6/2011 17:05,7
13263,8/4/2011 12:22,7/13/2011 11:44,22
13263,8/11/2011 14:38,8/4/2011 12:22,7
13263,8/23/2011 17:31,8/11/2011 14:38,12
13263,9/13/2011 16:27,8/23/2011 17:31,21
13263,9/30/2011 10:45,9/13/2011 16:27,17
13263,10/4/2011 14:28,9/30/2011 10:45,4
13263,10/11/2011 13:13,10/4/2011 14:28,7
13263,10/19/2011 14:26,10/11/2011 13:13,8
13263,10/20/2011 13:46,10/19/2011 14:26,1
13263,10/25/2011 16:30,10/20/2011 13:46,5
13263,10/27/2011 13:59,10/25/2011 16:30,2
13263,11/23/2011 13:01,10/27/2011 13:59,27
13263,11/28/2011 13:20,11/23/2011 13:01,5
13263,12/1/2011 11:16,11/28/2011 13:20,3
13263,12/8/2011 13:59,12/1/2011 11:16,7
13265,3/11/2011 9:54,NULL,NULL
13265,4/8/2011 15:19,3/11/2011 9:54,28
13265,6/9/2011 9:28,4/8/2011 15:19,62
13265,9/12/2011 9:36,6/9/2011 9:28,95
13265,10/17/2011 15:02,9/12/2011 9:36,35
13266,3/28/2011 10:14,NULL,NULL
13266,4/6/2011 11:34,3/28/2011 10:14,9
13266,4/19/2011 11:52,4/6/2011 11:34,13
13266,5/5/2011 12:52,4/19/2011 11:52,16
13266,5/20/2011 9:30,5/5/2011 12:52,15
13266,6/7/2011 13:33,5/20/2011 9:30,18
13266,7/4/2011 12:47,6/7/2011 13:33,27
13266,8/19/2011 9:35,7/4/2011 12:47,46
13266,9/25/2011 11:28,8/19/2011 9:35,37
13266,10/27/2011 14:52,9/25/2011 11:28,32
13266,11/10/2011 13:44,10/27/2011 14:52,14
13266,11/28/2011 14:39,11/10/2011 13:44,18
13267,12/8/2010 9:20,NULL,NULL
13267,12/14/2010 11:42,12/8/2010 9:20,6
13267,1/12/2011 12:00,12/14/2010 11:42,29
13267,3/9/2011 9:11,1/12/2011 12:00,56
13267,3/9/2011 9:11,3/9/2011 9:11,0
13267,3/9/2011 9:12,3/9/2011 9:11,0
13267,3/23/2011 14:02,3/9/2011 9:12,14
13267,4/21/2011 13:17,3/23/2011 14:02,29
13267,5/24/2011 10:33,4/21/2011 13:17,33
13267,5/24/2011 10:34,5/24/2011 10:33,0
13267,5/24/2011 10:35,5/24/2011 10:34,0
13267,7/4/2011 15:10,5/24/2011 10:35,41
13267,7/4/2011 15:13,7/4/2011 15:10,0
13267,8/21/2011 11:43,7/4/2011 15:13,48
13267,9/8/2011 15:36,8/21/2011 11:43,18
13267,11/3/2011 17:45,9/8/2011 15:36,56
13267,11/10/2011 14:09,11/3/2011 17:45,7
13267,11/22/2011 11:04,11/10/2011 14:09,12
13267,12/7/2011 11:12,11/22/2011 11:04,15
13268,3/17/2011 13:20,NULL,NULL
13268,3/30/2011 16:52,3/17/2011 13:20,13
13268,4/12/2011 11:58,3/30/2011 16:52,13
13268,5/4/2011 11:23,4/12/2011 11:58,22
13268,5/25/2011 11:34,5/4/2011 11:23,21
13268,6/23/2011 11:38,5/25/2011 11:34,29
13268,9/16/2011 11:27,6/23/2011 11:38,85
13268,11/1/2011 11:31,9/16/2011 11:27,46
13268,11/14/2011 15:38,11/1/2011 11:31,13
13268,11/22/2011 11:34,11/14/2011 15:38,8
13268,11/22/2011 11:51,11/22/2011 11:34,0
13269,12/5/2010 11:51,NULL,NULL
13269,12/13/2010 14:52,12/5/2010 11:51,8
13269,4/3/2011 12:41,12/13/2010 14:52,111
13269,4/20/2011 13:59,4/3/2011 12:41,17
13269,5/5/2011 16:56,4/20/2011 13:59,15
13269,6/13/2011 11:36,5/5/2011 16:56,39
13269,7/12/2011 15:22,6/13/2011 11:36,29
13269,8/22/2011 12:10,7/12/2011 15:22,41
13269,9/12/2011 12:45,8/22/2011 12:10,21
13269,10/4/2011 15:44,9/12/2011 12:45,22
13269,10/4/2011 15:45,10/4/2011 15:44,0
13269,11/18/2011 9:10,10/4/2011 15:45,45
13269,11/18/2011 9:11,11/18/2011 9:10,0
13269,11/28/2011 13:11,11/18/2011 9:11,10
13269,12/8/2011 14:53,11/28/2011 13:11,10
13270,12/8/2010 14:53,NULL,NULL
13271,11/2/2011 14:31,NULL,NULL
13272,9/11/2011 12:06,NULL,NULL
13272,11/8/2011 14:00,9/11/2011 12:06,58
13273,8/18/2011 14:02,NULL,NULL
13276,9/1/2011 10:03,NULL,NULL
13276,10/7/2011 12:44,9/1/2011 10:03,36
13277,7/29/2011 10:06,NULL,NULL
13277,8/15/2011 14:50,7/29/2011 10:06,17
13277,11/14/2011 13:10,8/15/2011 14:50,91
13277,11/24/2011 9:21,11/14/2011 13:10,10
13278,10/30/2011 11:49,NULL,NULL
13279,9/22/2011 17:24,NULL,NULL
13280,1/6/2011 17:10,NULL,NULL
13280,1/27/2011 16:29,1/6/2011 17:10,21
13280,8/9/2011 13:14,1/27/2011 16:29,194
13282,5/3/2011 12:03,NULL,NULL
13282,6/30/2011 13:17,5/3/2011 12:03,58
13282,11/21/2011 15:33,6/30/2011 13:17,144
13283,6/7/2011 12:39,NULL,NULL
13283,10/11/2011 9:50,6/7/2011 12:39,126
13284,1/13/2011 9:23,NULL,NULL
13285,2/22/2011 17:13,NULL,NULL
13285,4/27/2011 13:03,2/22/2011 17:13,64
13285,7/1/2011 14:53,4/27/2011 13:03,65
13285,11/16/2011 13:19,7/1/2011 14:53,138
13291,7/7/2011 10:36,NULL,NULL
13292,2/28/2011 15:00,NULL,NULL
13292,11/1/2011 10:04,2/28/2011 15:00,246
13294,4/4/2011 12:37,NULL,NULL
13294,6/3/2011 8:54,4/4/2011 12:37,60
13295,12/15/2010 11:21,NULL,NULL
13296,7/25/2011 13:46,NULL,NULL
13297,10/3/2011 15:08,NULL,NULL
13297,11/16/2011 9:27,10/3/2011 15:08,44
13297,11/16/2011 9:28,11/16/2011 9:27,0
13297,12/2/2011 9:32,11/16/2011 9:28,16
13298,12/8/2011 13:11,NULL,NULL
13299,3/16/2011 12:55,NULL,NULL
13300,6/23/2011 13:09,NULL,NULL
13301,2/20/2011 13:13,NULL,NULL
13301,5/1/2011 11:55,2/20/2011 13:13,70
13301,7/4/2011 13:35,5/1/2011 11:55,64
13301,8/28/2011 11:25,7/4/2011 13:35,55
13302,7/7/2011 17:56,NULL,NULL
13304,12/23/2010 14:35,NULL,NULL
13305,12/2/2010 12:10,NULL,NULL
13305,2/17/2011 8:58,12/2/2010 12:10,77
13305,3/11/2011 15:22,2/17/2011 8:58,22
13305,4/8/2011 14:26,3/11/2011 15:22,28
13305,7/17/2011 10:55,4/8/2011 14:26,100
13305,8/16/2011 14:41,7/17/2011 10:55,30
13305,9/1/2011 9:15,8/16/2011 14:41,16
13305,9/8/2011 10:02,9/1/2011 9:15,7
13305,11/18/2011 11:07,9/8/2011 10:02,71
13305,12/5/2011 15:15,11/18/2011 11:07,17
13307,8/11/2011 17:14,NULL,NULL
13308,5/20/2011 13:13,NULL,NULL
13308,10/18/2011 14:44,5/20/2011 13:13,151
13308,11/17/2011 9:31,10/18/2011 14:44,30
13309,2/4/2011 12:29,NULL,NULL
13309,5/17/2011 12:44,2/4/2011 12:29,102
13309,9/12/2011 14:15,5/17/2011 12:44,118
13309,10/25/2011 13:16,9/12/2011 14:15,43
13309,12/2/2011 16:34,10/25/2011 13:16,38
13310,1/19/2011 14:50,NULL,NULL
13310,5/17/2011 13:26,1/19/2011 14:50,118
13310,11/11/2011 17:23,5/17/2011 13:26,178
13311,7/12/2011 14:26,NULL,NULL
13311,12/5/2011 12:55,7/12/2011 14:26,146
13313,1/4/2011 10:00,NULL,NULL
13313,5/8/2011 13:20,1/4/2011 10:00,124
13313,7/21/2011 18:19,5/8/2011 13:20,74
13313,11/4/2011 11:06,7/21/2011 18:19,106
13313,11/17/2011 16:48,11/4/2011 11:06,13
13314,9/27/2011 10:20,NULL,NULL
13314,10/7/2011 13:09,9/27/2011 10:20,10
13314,12/8/2011 12:29,10/7/2011 13:09,62
13316,3/30/2011 13:01,NULL,NULL
13316,7/31/2011 11:48,3/30/2011 13:01,123
13316,9/21/2011 12:14,7/31/2011 11:48,52
13316,11/2/2011 13:40,9/21/2011 12:14,42
13317,12/16/2010 9:22,NULL,NULL
13317,12/16/2010 9:23,12/16/2010 9:22,0
13317,4/14/2011 12:42,12/16/2010 9:23,119
13317,5/25/2011 10:35,4/14/2011 12:42,41
13317,5/25/2011 10:35,5/25/2011 10:35,0
13317,10/4/2011 13:35,5/25/2011 10:35,132
13318,11/2/2011 13:26,NULL,NULL
13318,12/4/2011 12:17,11/2/2011 13:26,32
13318,12/8/2011 18:51,12/4/2011 12:17,4
13319,12/9/2010 10:04,NULL,NULL
13319,12/9/2010 10:05,12/9/2010 10:04,0
13319,12/20/2010 13:27,12/9/2010 10:05,11
13319,12/20/2010 13:31,12/20/2010 13:27,0
13319,1/4/2011 11:40,12/20/2010 13:31,15
13319,2/9/2011 10:24,1/4/2011 11:40,36
13319,2/9/2011 10:25,2/9/2011 10:24,0
13319,3/14/2011 12:41,2/9/2011 10:25,33
13319,3/14/2011 12:42,3/14/2011 12:41,0
13319,4/4/2011 11:34,3/14/2011 12:42,21
13319,5/16/2011 9:57,4/4/2011 11:34,42
13319,6/6/2011 12:29,5/16/2011 9:57,21
13319,6/6/2011 12:29,6/6/2011 12:29,0
13319,6/23/2011 10:14,6/6/2011 12:29,17
13319,7/14/2011 12:21,6/23/2011 10:14,21
13319,7/14/2011 12:22,7/14/2011 12:21,0
13319,7/28/2011 12:57,7/14/2011 12:22,14
13319,8/18/2011 16:43,7/28/2011 12:57,21
13319,9/9/2011 10:24,8/18/2011 16:43,22
13319,10/4/2011 9:02,9/9/2011 10:24,25
13319,10/4/2011 9:03,10/4/2011 9:02,0
13319,11/10/2011 14:29,10/4/2011 9:03,37
13319,11/10/2011 14:30,11/10/2011 14:29,0
13319,11/10/2011 14:31,11/10/2011 14:30,0
13319,11/22/2011 16:39,11/10/2011 14:31,12
13319,12/4/2011 13:34,11/22/2011 16:39,12
13320,5/10/2011 10:29,NULL,NULL
13320,5/10/2011 10:30,5/10/2011 10:29,0
13320,8/25/2011 12:10,5/10/2011 10:30,107
13320,9/22/2011 18:07,8/25/2011 12:10,28
13321,9/14/2011 15:18,NULL,NULL
13321,9/28/2011 15:24,9/14/2011 15:18,14
13322,11/22/2011 14:21,NULL,NULL
13323,9/16/2011 13:23,NULL,NULL
13323,11/7/2011 16:00,9/16/2011 13:23,52
13323,11/18/2011 10:24,11/7/2011 16:00,11
13323,12/1/2011 14:36,11/18/2011 10:24,13
13323,12/6/2011 17:12,12/1/2011 14:36,5
13324,12/14/2010 9:50,NULL,NULL
13324,1/31/2011 10:13,12/14/2010 9:50,48
13324,4/11/2011 10:09,1/31/2011 10:13,70
13324,4/11/2011 10:59,4/11/2011 10:09,0
13324,5/20/2011 12:17,4/11/2011 10:59,39
13324,5/20/2011 13:34,5/20/2011 12:17,0
13324,5/20/2011 14:06,5/20/2011 13:34,0
13324,9/11/2011 12:23,5/20/2011 14:06,114
13324,9/11/2011 12:34,9/11/2011 12:23,0
13324,11/3/2011 16:28,9/11/2011 12:34,53
13325,9/19/2011 10:36,NULL,NULL
13327,12/9/2010 15:32,NULL,NULL
13327,12/9/2010 15:33,12/9/2010 15:32,0
13327,2/17/2011 9:47,12/9/2010 15:33,70
13327,3/25/2011 13:35,2/17/2011 9:47,36
13327,6/7/2011 8:54,3/25/2011 13:35,74
13327,7/18/2011 15:39,6/7/2011 8:54,41
13327,8/19/2011 11:55,7/18/2011 15:39,32
13327,11/1/2011 10:21,8/19/2011 11:55,74
13328,1/27/2011 15:22,NULL,NULL
13329,12/8/2010 10:11,NULL,NULL
13329,11/8/2011 10:29,12/8/2010 10:11,335
13330,1/28/2011 10:08,NULL,NULL
13330,6/7/2011 12:18,1/28/2011 10:08,130
13330,9/8/2011 12:27,6/7/2011 12:18,93
13332,11/25/2011 13:30,NULL,NULL
13334,2/7/2011 11:42,NULL,NULL
13334,6/2/2011 11:33,2/7/2011 11:42,115
13334,9/18/2011 15:21,6/2/2011 11:33,108
13336,9/23/2011 14:05,NULL,NULL
13338,7/5/2011 9:06,NULL,NULL
13339,5/23/2011 8:31,NULL,NULL
13340,3/8/2011 11:39,NULL,NULL
13340,7/17/2011 13:25,3/8/2011 11:39,131
13340,7/17/2011 13:26,7/17/2011 13:25,0
13340,7/28/2011 15:20,7/17/2011 13:26,11
13340,8/26/2011 9:55,7/28/2011 15:20,29
13340,10/25/2011 13:14,8/26/2011 9:55,60
13340,10/25/2011 13:15,10/25/2011 13:14,0
13341,3/24/2011 9:50,NULL,NULL
13343,6/15/2011 12:24,NULL,NULL
13344,3/7/2011 10:28,NULL,NULL
13344,10/3/2011 9:44,3/7/2011 10:28,210
13344,10/3/2011 9:45,10/3/2011 9:44,0
13345,2/25/2011 9:01,NULL,NULL
13347,9/30/2011 13:28,NULL,NULL
13348,10/6/2011 17:28,NULL,NULL
13349,11/29/2011 8:07,NULL,NULL
13350,9/21/2011 13:33,NULL,NULL
13350,11/23/2011 16:33,9/21/2011 13:33,63
13351,10/4/2011 12:55,NULL,NULL
13352,10/10/2011 13:55,NULL,NULL
13354,9/29/2011 13:17,NULL,NULL
13355,8/9/2011 14:48,NULL,NULL
13356,9/20/2011 14:33,NULL,NULL
13357,3/27/2011 13:56,NULL,NULL
13358,3/16/2011 11:52,NULL,NULL
13359,10/7/2011 9:30,NULL,NULL
13362,2/25/2011 11:33,NULL,NULL
13362,4/8/2011 8:21,2/25/2011 11:33,42
13362,10/18/2011 11:18,4/8/2011 8:21,193
13362,11/30/2011 14:41,10/18/2011 11:18,43
13363,10/27/2011 10:46,NULL,NULL
13363,11/22/2011 12:40,10/27/2011 10:46,26
13364,9/29/2011 18:13,NULL,NULL
13365,5/6/2011 12:00,NULL,NULL
13365,11/6/2011 12:36,5/6/2011 12:00,184
13366,10/20/2011 13:37,NULL,NULL
13368,1/6/2011 12:32,NULL,NULL
13368,3/28/2011 9:59,1/6/2011 12:32,81
13369,12/9/2010 11:30,NULL,NULL
13370,12/3/2010 10:26,NULL,NULL
13372,9/11/2011 12:46,NULL,NULL
13373,3/8/2011 14:35,NULL,NULL
13373,7/4/2011 12:19,3/8/2011 14:35,118
13373,10/10/2011 10:51,7/4/2011 12:19,98
13375,9/12/2011 10:19,NULL,NULL
13376,4/19/2011 13:03,NULL,NULL
13376,5/20/2011 9:08,4/19/2011 13:03,31
13376,9/1/2011 16:16,5/20/2011 9:08,104
13379,7/26/2011 12:26,NULL,NULL
13379,10/2/2011 15:18,7/26/2011 12:26,68
13379,11/13/2011 13:45,10/2/2011 15:18,42
13381,2/14/2011 10:10,NULL,NULL
13381,5/16/2011 16:22,2/14/2011 10:10,91
13381,7/15/2011 11:04,5/16/2011 16:22,60
13381,8/18/2011 13:47,7/15/2011 11:04,34
13381,9/11/2011 15:35,8/18/2011 13:47,24
13381,11/8/2011 11:58,9/11/2011 15:35,58
13382,3/4/2011 10:03,NULL,NULL
13384,6/14/2011 12:47,NULL,NULL
13384,8/3/2011 9:40,6/14/2011 12:47,50
13384,9/13/2011 13:49,8/3/2011 9:40,41
13384,9/27/2011 11:34,9/13/2011 13:49,14
13384,9/27/2011 11:35,9/27/2011 11:34,0
13384,10/25/2011 15:39,9/27/2011 11:35,28
13384,11/9/2011 11:04,10/25/2011 15:39,15
13385,1/14/2011 9:52,NULL,NULL
13388,7/31/2011 12:52,NULL,NULL
13388,7/31/2011 12:52,7/31/2011 12:52,0
13389,4/21/2011 12:12,NULL,NULL
13389,9/26/2011 9:52,4/21/2011 12:12,158
13389,11/28/2011 14:01,9/26/2011 9:52,63
13390,9/26/2011 8:38,NULL,NULL
13391,5/20/2011 10:50,NULL,NULL
13394,2/3/2011 10:39,NULL,NULL
13394,3/17/2011 18:18,2/3/2011 10:39,42
13394,5/9/2011 12:29,3/17/2011 18:18,53
13394,7/11/2011 13:40,5/9/2011 12:29,63
13394,8/16/2011 9:25,7/11/2011 13:40,36
13394,9/22/2011 16:20,8/16/2011 9:25,37
13394,10/17/2011 10:17,9/22/2011 16:20,25
13394,12/8/2011 11:36,10/17/2011 10:17,52
13395,6/7/2011 15:04,NULL,NULL
13396,1/24/2011 13:37,NULL,NULL
13396,11/10/2011 16:59,1/24/2011 13:37,290
13397,1/4/2011 13:50,NULL,NULL
13397,2/18/2011 12:13,1/4/2011 13:50,45
13397,6/9/2011 15:35,2/18/2011 12:13,111
13397,8/21/2011 11:29,6/9/2011 15:35,73
13397,9/28/2011 10:56,8/21/2011 11:29,38
13398,5/31/2011 13:17,NULL,NULL
13402,12/2/2010 17:12,NULL,NULL
13402,8/4/2011 15:51,12/2/2010 17:12,245
13403,11/22/2011 8:28,NULL,NULL
13404,5/11/2011 11:57,NULL,NULL
13404,12/8/2011 15:37,5/11/2011 11:57,211
13405,1/26/2011 9:27,NULL,NULL
13405,5/19/2011 16:31,1/26/2011 9:27,113
13405,9/26/2011 17:01,5/19/2011 16:31,130
13408,12/1/2010 10:39,NULL,NULL
13408,12/3/2010 9:39,12/1/2010 10:39,2
13408,12/13/2010 13:27,12/3/2010 9:39,10
13408,12/16/2010 8:10,12/13/2010 13:27,3
13408,12/16/2010 15:34,12/16/2010 8:10,0
13408,1/6/2011 15:41,12/16/2010 15:34,21
13408,1/24/2011 10:56,1/6/2011 15:41,18
13408,1/31/2011 12:34,1/24/2011 10:56,7
13408,2/15/2011 10:45,1/31/2011 12:34,15
13408,3/7/2011 12:00,2/15/2011 10:45,20
13408,3/23/2011 12:39,3/7/2011 12:00,16
13408,3/23/2011 12:41,3/23/2011 12:39,0
13408,3/27/2011 15:40,3/23/2011 12:41,4
13408,4/3/2011 11:51,3/27/2011 15:40,7
13408,4/13/2011 14:24,4/3/2011 11:51,10
13408,4/13/2011 14:25,4/13/2011 14:24,0
13408,4/13/2011 14:27,4/13/2011 14:25,0
13408,4/26/2011 9:31,4/13/2011 14:27,13
13408,4/28/2011 15:23,4/26/2011 9:31,2
13408,5/16/2011 9:49,4/28/2011 15:23,18
13408,5/16/2011 9:49,5/16/2011 9:49,0
13408,5/16/2011 9:50,5/16/2011 9:49,0
13408,5/16/2011 9:52,5/16/2011 9:50,0
13408,5/16/2011 9:52,5/16/2011 9:52,0
13408,5/16/2011 9:54,5/16/2011 9:52,0
13408,6/2/2011 12:37,5/16/2011 9:54,17
13408,6/14/2011 13:15,6/2/2011 12:37,12
13408,6/14/2011 13:17,6/14/2011 13:15,0
13408,6/14/2011 13:18,6/14/2011 13:17,0
13408,6/26/2011 10:59,6/14/2011 13:18,12
13408,6/26/2011 11:00,6/26/2011 10:59,0
13408,7/5/2011 9:10,6/26/2011 11:00,9
13408,7/12/2011 16:37,7/5/2011 9:10,7
13408,7/24/2011 15:46,7/12/2011 16:37,12
13408,8/3/2011 15:38,7/24/2011 15:46,10
13408,8/3/2011 15:38,8/3/2011 15:38,0
13408,8/3/2011 15:39,8/3/2011 15:38,0
13408,8/11/2011 12:17,8/3/2011 15:39,8
13408,8/22/2011 11:54,8/11/2011 12:17,11
13408,8/25/2011 15:21,8/22/2011 11:54,3
13408,9/1/2011 10:38,8/25/2011 15:21,7
13408,9/11/2011 10:52,9/1/2011 10:38,10
13408,9/11/2011 10:53,9/11/2011 10:52,0
13408,9/14/2011 12:51,9/11/2011 10:53,3
13408,9/25/2011 14:32,9/14/2011 12:51,11
13408,9/25/2011 14:41,9/25/2011 14:32,0
13408,10/4/2011 12:41,9/25/2011 14:41,9
13408,10/4/2011 12:42,10/4/2011 12:41,0
13408,10/26/2011 13:22,10/4/2011 12:42,22
13408,10/26/2011 13:24,10/26/2011 13:22,0
13408,10/26/2011 13:28,10/26/2011 13:24,0
13408,10/26/2011 13:34,10/26/2011 13:28,0
13408,11/3/2011 14:47,10/26/2011 13:34,8
13408,11/9/2011 11:58,11/3/2011 14:47,6
13408,11/16/2011 13:13,11/9/2011 11:58,7
13408,11/22/2011 9:24,11/16/2011 13:13,6
13408,11/23/2011 10:36,11/22/2011 9:24,1
13408,11/28/2011 13:25,11/23/2011 10:36,5
13408,11/28/2011 13:25,11/28/2011 13:25,0
13408,12/1/2011 14:55,11/28/2011 13:25,3
13408,12/6/2011 12:41,12/1/2011 14:55,5
13408,12/8/2011 9:05,12/6/2011 12:41,2
13410,2/21/2011 14:38,NULL,NULL
13410,3/21/2011 15:02,2/21/2011 14:38,28
13410,6/5/2011 15:52,3/21/2011 15:02,76
13410,9/26/2011 11:39,6/5/2011 15:52,113
13410,11/15/2011 15:33,9/26/2011 11:39,50
13411,8/24/2011 13:57,NULL,NULL
13414,2/16/2011 12:13,NULL,NULL
13414,7/5/2011 12:52,2/16/2011 12:13,139
13414,7/29/2011 11:45,7/5/2011 12:52,24
13416,9/19/2011 14:43,NULL,NULL
13416,10/27/2011 8:56,9/19/2011 14:43,38
13417,5/18/2011 16:26,NULL,NULL
13417,12/5/2011 8:49,5/18/2011 16:26,201
13418,12/2/2010 10:45,NULL,NULL
13418,12/2/2010 10:46,12/2/2010 10:45,0
13418,12/10/2010 9:53,12/2/2010 10:46,8
13418,12/15/2010 13:49,12/10/2010 9:53,5
13418,12/15/2010 13:50,12/15/2010 13:49,0
13418,4/1/2011 14:19,12/15/2010 13:50,107
13418,5/11/2011 10:29,4/1/2011 14:19,40
13418,5/11/2011 10:30,5/11/2011 10:29,0
13418,5/19/2011 14:05,5/11/2011 10:30,8
13418,6/28/2011 16:02,5/19/2011 14:05,40
13418,6/28/2011 16:03,6/28/2011 16:02,0
13418,7/6/2011 15:49,6/28/2011 16:03,8
13418,7/6/2011 15:50,7/6/2011 15:49,0
13418,8/7/2011 15:43,7/6/2011 15:50,32
13418,9/2/2011 9:43,8/7/2011 15:43,26
13418,9/16/2011 12:17,9/2/2011 9:43,14
13418,10/10/2011 11:59,9/16/2011 12:17,24
13418,11/28/2011 10:23,10/10/2011 11:59,49
13419,10/7/2011 12:49,NULL,NULL
13420,6/22/2011 11:35,NULL,NULL
13420,7/13/2011 8:48,6/22/2011 11:35,21
13421,2/22/2011 15:46,NULL,NULL
13421,10/30/2011 14:21,2/22/2011 15:46,250
13422,10/6/2011 13:42,NULL,NULL
13425,2/18/2011 8:34,NULL,NULL
13425,6/24/2011 13:28,2/18/2011 8:34,126
13425,8/23/2011 17:13,6/24/2011 13:28,60
13426,12/15/2010 12:43,NULL,NULL
13426,1/7/2011 11:54,12/15/2010 12:43,23
13426,3/30/2011 14:23,1/7/2011 11:54,82
13426,4/15/2011 12:05,3/30/2011 14:23,16
13426,6/10/2011 9:23,4/15/2011 12:05,56
13426,9/11/2011 11:59,6/10/2011 9:23,93
13426,10/6/2011 13:28,9/11/2011 11:59,25
13426,11/13/2011 12:32,10/6/2011 13:28,38
13426,11/29/2011 13:29,11/13/2011 12:32,16
13426,12/9/2011 8:59,11/29/2011 13:29,10
13427,5/8/2011 15:58,NULL,NULL
13427,8/11/2011 12:53,5/8/2011 15:58,95
13427,11/20/2011 13:02,8/11/2011 12:53,101
13428,11/29/2011 14:20,NULL,NULL
13429,9/25/2011 15:59,NULL,NULL
13429,10/10/2011 12:51,9/25/2011 15:59,15
13429,10/21/2011 12:25,10/10/2011 12:51,11
13429,11/29/2011 9:10,10/21/2011 12:25,39
13430,9/14/2011 14:26,NULL,NULL
13430,11/21/2011 8:19,9/14/2011 14:26,68
13431,9/12/2011 11:25,NULL,NULL
13431,10/3/2011 13:49,9/12/2011 11:25,21
13434,9/4/2011 10:35,NULL,NULL
13434,9/26/2011 14:30,9/4/2011 10:35,22
13435,6/3/2011 17:07,NULL,NULL
13435,8/5/2011 11:49,6/3/2011 17:07,63
13435,8/21/2011 13:43,8/5/2011 11:49,16
13435,9/25/2011 15:15,8/21/2011 13:43,35
13435,10/26/2011 14:50,9/25/2011 15:15,31
13435,11/15/2011 15:23,10/26/2011 14:50,20
13435,12/4/2011 14:45,11/15/2011 15:23,19
13436,12/8/2011 10:33,NULL,NULL
13437,6/2/2011 14:30,NULL,NULL
13437,6/23/2011 12:13,6/2/2011 14:30,21
13437,8/2/2011 14:00,6/23/2011 12:13,40
13437,9/1/2011 18:20,8/2/2011 14:00,30
13437,11/8/2011 14:02,9/1/2011 18:20,68
13437,11/15/2011 15:05,11/8/2011 14:02,7
13437,11/25/2011 14:00,11/15/2011 15:05,10
13439,3/29/2011 14:20,NULL,NULL
13441,9/9/2011 9:38,NULL,NULL
13447,11/4/2011 10:10,NULL,NULL
13447,11/6/2011 11:56,11/4/2011 10:10,2
13447,11/16/2011 13:38,11/6/2011 11:56,10
13448,12/1/2010 10:52,NULL,NULL
13448,12/1/2010 10:53,12/1/2010 10:52,0
13448,12/10/2010 14:29,12/1/2010 10:53,9
13448,5/5/2011 11:53,12/10/2010 14:29,146
13448,9/20/2011 12:53,5/5/2011 11:53,138
13448,11/23/2011 12:33,9/20/2011 12:53,64
13449,11/16/2011 8:28,NULL,NULL
13450,5/5/2011 19:48,NULL,NULL
13450,5/19/2011 12:36,5/5/2011 19:48,14
13450,7/1/2011 14:51,5/19/2011 12:36,43
13450,8/7/2011 10:24,7/1/2011 14:51,37
13450,9/11/2011 14:00,8/7/2011 10:24,35
13450,11/13/2011 11:54,9/11/2011 14:00,63
13451,1/9/2011 15:35,NULL,NULL
13451,3/15/2011 15:37,1/9/2011 15:35,65
13451,5/12/2011 18:49,3/15/2011 15:37,58
13451,8/5/2011 16:43,5/12/2011 18:49,85
13451,11/13/2011 15:58,8/5/2011 16:43,100
13452,3/14/2011 11:38,NULL,NULL
13452,3/25/2011 14:19,3/14/2011 11:38,11
13453,2/23/2011 9:44,NULL,NULL
13453,6/27/2011 9:34,2/23/2011 9:44,124
13455,12/8/2010 13:11,NULL,NULL
13455,11/15/2011 11:21,12/8/2010 13:11,342
13456,5/16/2011 15:34,NULL,NULL
13456,6/17/2011 8:52,5/16/2011 15:34,32
13456,7/7/2011 13:52,6/17/2011 8:52,20
13456,10/7/2011 15:18,7/7/2011 13:52,92
13456,11/18/2011 10:46,10/7/2011 15:18,42
13456,11/22/2011 9:18,11/18/2011 10:46,4
13458,12/15/2010 12:05,NULL,NULL
13458,1/6/2011 11:25,12/15/2010 12:05,22
13458,2/7/2011 13:50,1/6/2011 11:25,32
13458,2/25/2011 11:30,2/7/2011 13:50,18
13458,4/12/2011 13:19,2/25/2011 11:30,46
13458,5/9/2011 15:21,4/12/2011 13:19,27
13458,6/3/2011 10:29,5/9/2011 15:21,25
13458,6/23/2011 12:41,6/3/2011 10:29,20
13458,7/27/2011 10:40,6/23/2011 12:41,34
13458,9/1/2011 12:46,7/27/2011 10:40,36
13458,10/5/2011 11:44,9/1/2011 12:46,34
13458,10/27/2011 10:15,10/5/2011 11:44,22
13458,11/16/2011 15:10,10/27/2011 10:15,20
13458,12/2/2011 15:29,11/16/2011 15:10,16
13460,10/21/2011 9:50,NULL,NULL
13460,11/10/2011 17:17,10/21/2011 9:50,20
13461,6/29/2011 10:23,NULL,NULL
13461,7/24/2011 11:32,6/29/2011 10:23,25
13461,11/1/2011 9:01,7/24/2011 11:32,100
13462,4/1/2011 11:20,NULL,NULL
13464,10/12/2011 15:01,NULL,NULL
13466,6/8/2011 16:39,NULL,NULL
13467,11/3/2011 16:56,NULL,NULL
13467,11/29/2011 10:01,11/3/2011 16:56,26
13468,12/1/2010 15:08,NULL,NULL
13468,12/1/2010 15:08,12/1/2010 15:08,0
13468,12/6/2010 13:34,12/1/2010 15:08,5
13468,12/16/2010 11:15,12/6/2010 13:34,10
13468,1/11/2011 10:40,12/16/2010 11:15,26
13468,1/25/2011 15:36,1/11/2011 10:40,14
13468,2/2/2011 11:43,1/25/2011 15:36,8
13468,2/10/2011 14:49,2/2/2011 11:43,8
13468,2/24/2011 17:50,2/10/2011 14:49,14
13468,3/8/2011 8:52,2/24/2011 17:50,12
13468,3/10/2011 14:56,3/8/2011 8:52,2
13468,3/18/2011 14:51,3/10/2011 14:56,8
13468,3/25/2011 10:42,3/18/2011 14:51,7
13468,3/31/2011 11:52,3/25/2011 10:42,6
13468,4/1/2011 10:10,3/31/2011 11:52,1
13468,4/5/2011 16:13,4/1/2011 10:10,4
13468,4/15/2011 11:47,4/5/2011 16:13,10
13468,4/27/2011 14:43,4/15/2011 11:47,12
13468,5/8/2011 12:48,4/27/2011 14:43,11
13468,5/19/2011 9:59,5/8/2011 12:48,11
13468,5/22/2011 14:35,5/19/2011 9:59,3
13468,6/13/2011 7:58,5/22/2011 14:35,22
13468,7/6/2011 10:41,6/13/2011 7:58,23
13468,7/17/2011 12:35,7/6/2011 10:41,11
13468,7/28/2011 17:53,7/17/2011 12:35,11
13468,8/10/2011 12:18,7/28/2011 17:53,13
13468,8/24/2011 10:22,8/10/2011 12:18,14
13468,9/5/2011 15:56,8/24/2011 10:22,12
13468,9/8/2011 10:52,9/5/2011 15:56,3
13468,9/26/2011 9:59,9/8/2011 10:52,18
13468,10/5/2011 9:42,9/26/2011 9:59,9
13468,10/12/2011 14:10,10/5/2011 9:42,7
13468,11/1/2011 10:32,10/12/2011 14:10,20
13468,11/10/2011 15:06,11/1/2011 10:32,9
13468,11/21/2011 16:40,11/10/2011 15:06,11
13468,12/2/2011 12:07,11/21/2011 16:40,11
13468,12/8/2011 10:39,12/2/2011 12:07,6
13470,8/16/2011 17:06,NULL,NULL
13470,9/1/2011 14:57,8/16/2011 17:06,16
13471,10/23/2011 13:10,NULL,NULL
13471,11/18/2011 9:57,10/23/2011 13:10,26
13471,12/4/2011 11:45,11/18/2011 9:57,16
13471,12/8/2011 15:44,12/4/2011 11:45,4
13473,1/11/2011 8:45,NULL,NULL
13473,10/10/2011 11:20,1/11/2011 8:45,272
13474,4/17/2011 13:53,NULL,NULL
13475,2/14/2011 12:36,NULL,NULL
13475,3/23/2011 9:43,2/14/2011 12:36,37
13475,5/6/2011 12:21,3/23/2011 9:43,44
13475,6/1/2011 13:52,5/6/2011 12:21,26
13476,3/3/2011 14:43,NULL,NULL
13476,6/14/2011 12:00,3/3/2011 14:43,103
13477,2/21/2011 12:29,NULL,NULL
13477,5/12/2011 13:10,2/21/2011 12:29,80
13477,6/22/2011 12:44,5/12/2011 13:10,41
13477,7/24/2011 13:17,6/22/2011 12:44,32
13477,10/13/2011 9:55,7/24/2011 13:17,81
13477,11/2/2011 12:04,10/13/2011 9:55,20
13479,4/19/2011 11:27,NULL,NULL
13479,5/23/2011 10:45,4/19/2011 11:27,34
13481,3/28/2011 9:07,NULL,NULL
13481,5/31/2011 15:26,3/28/2011 9:07,64
13481,8/23/2011 13:27,5/31/2011 15:26,84
13481,8/23/2011 13:28,8/23/2011 13:27,0
13481,10/25/2011 9:07,8/23/2011 13:28,63
13482,4/21/2011 17:03,NULL,NULL
13483,10/5/2011 11:53,NULL,NULL
13484,4/12/2011 16:30,NULL,NULL
13485,4/20/2011 13:58,NULL,NULL
13486,7/7/2011 17:19,NULL,NULL
13486,8/3/2011 13:10,7/7/2011 17:19,27
13486,9/22/2011 13:13,8/3/2011 13:10,50
13487,12/21/2010 14:54,NULL,NULL
13487,5/10/2011 16:19,12/21/2010 14:54,140
13487,10/13/2011 12:07,5/10/2011 16:19,156
13488,12/7/2010 13:01,NULL,NULL
13488,1/12/2011 11:52,12/7/2010 13:01,36
13488,2/4/2011 8:27,1/12/2011 11:52,23
13488,3/24/2011 10:48,2/4/2011 8:27,48
13488,5/17/2011 11:02,3/24/2011 10:48,54
13488,5/27/2011 10:41,5/17/2011 11:02,10
13488,7/18/2011 11:58,5/27/2011 10:41,52
13488,7/18/2011 11:59,7/18/2011 11:58,0
13488,8/11/2011 10:29,7/18/2011 11:59,24
13488,9/13/2011 12:52,8/11/2011 10:29,33
13488,9/28/2011 13:04,9/13/2011 12:52,15
13488,10/27/2011 14:05,9/28/2011 13:04,29
13488,11/22/2011 14:41,10/27/2011 14:05,26
13489,2/18/2011 10:42,NULL,NULL
13489,2/23/2011 13:43,2/18/2011 10:42,5
13489,7/5/2011 11:30,2/23/2011 13:43,132
13489,8/26/2011 13:16,7/5/2011 11:30,52
13491,12/2/2010 14:30,NULL,NULL
13491,12/15/2010 10:48,12/2/2010 14:30,13
13491,1/11/2011 9:58,12/15/2010 10:48,27
13491,1/26/2011 10:30,1/11/2011 9:58,15
13491,2/2/2011 12:36,1/26/2011 10:30,7
13491,3/4/2011 14:52,2/2/2011 12:36,30
13491,3/21/2011 13:58,3/4/2011 14:52,17
13491,4/6/2011 12:56,3/21/2011 13:58,16
13491,7/15/2011 9:00,4/6/2011 12:56,100
13491,10/19/2011 8:32,7/15/2011 9:00,96
13492,5/9/2011 10:06,NULL,NULL
13492,7/1/2011 8:55,5/9/2011 10:06,53
13492,7/26/2011 14:25,7/1/2011 8:55,25
13493,2/25/2011 16:42,NULL,NULL
13493,3/9/2011 15:35,2/25/2011 16:42,12
13494,2/1/2011 11:58,NULL,NULL
13495,12/6/2010 15:14,NULL,NULL
13495,12/15/2010 11:32,12/6/2010 15:14,9
13495,4/21/2011 15:15,12/15/2010 11:32,127
13495,11/4/2011 10:29,4/21/2011 15:15,197
13495,12/2/2011 11:21,11/4/2011 10:29,28
13496,12/15/2010 10:17,NULL,NULL
13496,11/29/2011 10:58,12/15/2010 10:17,349
13497,12/6/2010 11:37,NULL,NULL
13497,3/2/2011 9:04,12/6/2010 11:37,86
13499,3/15/2011 8:52,NULL,NULL
13499,4/28/2011 14:59,3/15/2011 8:52,44
13499,9/27/2011 9:33,4/28/2011 14:59,152
13499,11/10/2011 15:09,9/27/2011 9:33,44
13499,11/22/2011 11:21,11/10/2011 15:09,12
13500,8/9/2011 12:20,NULL,NULL
13500,11/3/2011 17:48,8/9/2011 12:20,86
13500,11/16/2011 15:35,11/3/2011 17:48,13
13501,2/24/2011 18:59,NULL,NULL
13502,1/20/2011 9:03,NULL,NULL
13502,3/10/2011 8:40,1/20/2011 9:03,49
13502,11/23/2011 10:39,3/10/2011 8:40,258
13503,9/29/2011 13:23,NULL,NULL
13504,10/6/2011 13:20,NULL,NULL
13505,4/21/2011 12:07,NULL,NULL
13505,5/31/2011 15:41,4/21/2011 12:07,40
13505,6/26/2011 12:36,5/31/2011 15:41,26
13505,9/28/2011 11:56,6/26/2011 12:36,94
13506,12/5/2010 12:15,NULL,NULL
13506,1/27/2011 13:53,12/5/2010 12:15,53
13507,7/17/2011 11:50,NULL,NULL
13507,8/24/2011 15:12,7/17/2011 11:50,38
13507,9/2/2011 15:45,8/24/2011 15:12,9
13507,12/6/2011 13:13,9/2/2011 15:45,95
13508,4/10/2011 11:58,NULL,NULL
13509,2/28/2011 13:27,NULL,NULL
13509,3/11/2011 15:42,2/28/2011 13:27,11
13509,3/30/2011 13:01,3/11/2011 15:42,19
13509,7/13/2011 10:08,3/30/2011 13:01,105
13509,9/1/2011 8:25,7/13/2011 10:08,50
13509,10/18/2011 11:41,9/1/2011 8:25,47
13509,12/1/2011 10:10,10/18/2011 11:41,44
13510,6/9/2011 9:32,NULL,NULL
13510,9/5/2011 14:11,6/9/2011 9:32,88
13510,10/25/2011 13:51,9/5/2011 14:11,50
13510,12/8/2011 13:46,10/25/2011 13:51,44
13512,3/24/2011 10:03,NULL,NULL
13513,8/5/2011 11:50,NULL,NULL
13514,9/27/2011 9:39,NULL,NULL
13515,4/6/2011 10:33,NULL,NULL
13515,7/14/2011 15:02,4/6/2011 10:33,99
13515,8/14/2011 13:21,7/14/2011 15:02,31
13515,9/28/2011 11:26,8/14/2011 13:21,45
13516,4/15/2011 11:06,NULL,NULL
13516,9/28/2011 12:28,4/15/2011 11:06,166
13516,11/18/2011 13:15,9/28/2011 12:28,51
13517,6/13/2011 8:44,NULL,NULL
13517,8/25/2011 11:40,6/13/2011 8:44,73
13517,10/11/2011 11:43,8/25/2011 11:40,47
13518,9/15/2011 10:29,NULL,NULL
13519,9/22/2011 18:24,NULL,NULL
13520,12/3/2010 10:36,NULL,NULL
13520,1/19/2011 12:14,12/3/2010 10:36,47
13520,3/25/2011 14:19,1/19/2011 12:14,65
13520,6/8/2011 10:15,3/25/2011 14:19,75
13520,7/25/2011 12:22,6/8/2011 10:15,47
13520,10/12/2011 10:20,7/25/2011 12:22,79
13521,11/29/2011 15:09,NULL,NULL
13521,12/4/2011 14:55,11/29/2011 15:09,5
13521,12/8/2011 13:50,12/4/2011 14:55,4
13522,11/9/2011 15:11,NULL,NULL
13523,12/8/2010 14:22,NULL,NULL
13523,5/24/2011 8:49,12/8/2010 14:22,167
13523,5/24/2011 8:51,5/24/2011 8:49,0
13523,10/24/2011 10:29,5/24/2011 8:51,153
13523,11/6/2011 15:11,10/24/2011 10:29,13
13524,5/4/2011 12:26,NULL,NULL
13524,6/19/2011 15:56,5/4/2011 12:26,46
13524,8/30/2011 12:45,6/19/2011 15:56,72
13524,9/19/2011 12:29,8/30/2011 12:45,20
13524,10/30/2011 12:34,9/19/2011 12:29,41
13525,4/5/2011 15:36,NULL,NULL
13525,11/25/2011 12:01,4/5/2011 15:36,234
13527,1/17/2011 11:17,NULL,NULL
13527,5/22/2011 12:16,1/17/2011 11:17,125
13527,8/14/2011 12:23,5/22/2011 12:16,84
13527,8/26/2011 13:22,8/14/2011 12:23,12
13527,9/11/2011 12:09,8/26/2011 13:22,16
13527,9/11/2011 12:15,9/11/2011 12:09,0
13527,11/6/2011 12:04,9/11/2011 12:15,56
13529,5/19/2011 11:50,NULL,NULL
13529,9/22/2011 9:15,5/19/2011 11:50,126
13531,12/8/2010 15:03,NULL,NULL
13531,5/18/2011 16:56,12/8/2010 15:03,161
13532,11/6/2011 12:25,NULL,NULL
13533,3/17/2011 12:47,NULL,NULL
13533,3/17/2011 12:53,3/17/2011 12:47,0
13533,6/10/2011 11:54,3/17/2011 12:53,85
13534,12/16/2010 15:23,NULL,NULL
13534,12/16/2010 15:24,12/16/2010 15:23,0
13534,1/7/2011 12:14,12/16/2010 15:24,22
13534,1/26/2011 10:33,1/7/2011 12:14,19
13534,1/26/2011 10:33,1/26/2011 10:33,0
13534,1/27/2011 16:11,1/26/2011 10:33,1
13534,2/8/2011 10:17,1/27/2011 16:11,12
13534,2/8/2011 10:17,2/8/2011 10:17,0
13534,3/23/2011 15:16,2/8/2011 10:17,43
13534,3/23/2011 15:17,3/23/2011 15:16,0
13534,4/13/2011 10:40,3/23/2011 15:17,21
13534,4/21/2011 10:29,4/13/2011 10:40,8
13534,4/21/2011 10:29,4/21/2011 10:29,0
13534,5/13/2011 9:37,4/21/2011 10:29,22
13534,5/13/2011 9:38,5/13/2011 9:37,0
13534,5/24/2011 12:36,5/13/2011 9:38,11
13534,6/6/2011 9:03,5/24/2011 12:36,13
13534,7/1/2011 9:51,6/6/2011 9:03,25
13534,7/28/2011 10:38,7/1/2011 9:51,27
13534,7/29/2011 15:11,7/28/2011 10:38,1
13534,8/24/2011 10:36,7/29/2011 15:11,26
13534,10/17/2011 11:05,8/24/2011 10:36,54
13534,10/17/2011 11:07,10/17/2011 11:05,0
13534,11/7/2011 9:40,10/17/2011 11:07,21
13534,12/7/2011 14:52,11/7/2011 9:40,30
13536,9/25/2011 13:30,NULL,NULL
13536,10/18/2011 8:12,9/25/2011 13:30,23
13536,11/13/2011 13:18,10/18/2011 8:12,26
13536,11/20/2011 11:52,11/13/2011 13:18,7
13536,11/30/2011 14:42,11/20/2011 11:52,10
13536,12/4/2011 11:55,11/30/2011 14:42,4
13536,12/8/2011 16:38,12/4/2011 11:55,4
13538,1/28/2011 10:40,NULL,NULL
13538,3/10/2011 7:42,1/28/2011 10:40,41
13538,6/9/2011 14:26,3/10/2011 7:42,91
13538,7/14/2011 17:20,6/9/2011 14:26,35
13538,8/11/2011 8:50,7/14/2011 17:20,28
13538,9/6/2011 13:11,8/11/2011 8:50,26
13538,10/27/2011 16:34,9/6/2011 13:11,51
13539,2/3/2011 15:23,NULL,NULL
13539,4/13/2011 13:45,2/3/2011 15:23,69
13539,9/15/2011 10:18,4/13/2011 13:45,155
13544,4/13/2011 12:09,NULL,NULL
13544,10/31/2011 11:57,4/13/2011 12:09,201
13546,5/23/2011 12:14,NULL,NULL
13546,10/17/2011 14:51,5/23/2011 12:14,147
13546,11/27/2011 14:50,10/17/2011 14:51,41
13548,4/10/2011 11:35,NULL,NULL
13548,9/4/2011 14:50,4/10/2011 11:35,147
13549,4/11/2011 13:42,NULL,NULL
13549,5/22/2011 13:29,4/11/2011 13:42,41
13549,5/31/2011 9:37,5/22/2011 13:29,9
13549,7/12/2011 10:05,5/31/2011 9:37,42
13549,7/20/2011 13:21,7/12/2011 10:05,8
13549,10/6/2011 16:28,7/20/2011 13:21,78
13549,11/14/2011 9:20,10/6/2011 16:28,39
13551,1/24/2011 14:46,NULL,NULL
13552,1/28/2011 10:10,NULL,NULL
13552,3/28/2011 10:25,1/28/2011 10:10,59
13552,3/28/2011 10:26,3/28/2011 10:25,0
13552,5/18/2011 15:39,3/28/2011 10:26,51
13552,5/18/2011 15:41,5/18/2011 15:39,0
13552,6/13/2011 12:51,5/18/2011 15:41,26
13552,6/13/2011 12:52,6/13/2011 12:51,0
13552,8/5/2011 15:45,6/13/2011 12:52,53
13552,8/8/2011 11:28,8/5/2011 15:45,3
13552,9/14/2011 11:53,8/8/2011 11:28,37
13552,9/14/2011 11:54,9/14/2011 11:53,0
13552,10/4/2011 15:19,9/14/2011 11:54,20
13555,5/22/2011 11:06,NULL,NULL
13555,5/22/2011 11:24,5/22/2011 11:06,0
13555,9/27/2011 12:26,5/22/2011 11:24,128
13555,9/27/2011 12:36,9/27/2011 12:26,0
13557,3/4/2011 12:14,NULL,NULL
13557,11/11/2011 15:24,3/4/2011 12:14,252
13558,10/2/2011 13:01,NULL,NULL
13558,10/9/2011 11:15,10/2/2011 13:01,7
13558,11/16/2011 12:13,10/9/2011 11:15,38
13558,12/4/2011 11:24,11/16/2011 12:13,18
13560,12/2/2011 13:11,NULL,NULL
13561,5/8/2011 12:39,NULL,NULL
13562,4/8/2011 12:42,NULL,NULL
13562,7/21/2011 15:12,4/8/2011 12:42,104
13562,9/19/2011 10:51,7/21/2011 15:12,60
13563,7/22/2011 17:21,NULL,NULL
13563,9/16/2011 14:45,7/22/2011 17:21,56
13564,12/6/2010 17:26,NULL,NULL
13564,12/20/2010 16:50,12/6/2010 17:26,14
13564,7/18/2011 14:33,12/20/2010 16:50,210
13565,1/9/2011 14:28,NULL,NULL
13565,11/20/2011 14:33,1/9/2011 14:28,315
13566,9/18/2011 12:40,NULL,NULL
13566,10/30/2011 11:59,9/18/2011 12:40,42
13568,6/19/2011 14:42,NULL,NULL
13569,12/7/2010 12:29,NULL,NULL
13569,11/22/2011 13:07,12/7/2010 12:29,350
13570,4/10/2011 13:36,NULL,NULL
13571,3/31/2011 12:43,NULL,NULL
13571,4/27/2011 13:31,3/31/2011 12:43,27
13571,5/31/2011 14:55,4/27/2011 13:31,34
13571,6/8/2011 12:03,5/31/2011 14:55,8
13571,7/20/2011 14:33,6/8/2011 12:03,42
13571,8/4/2011 11:59,7/20/2011 14:33,15
13571,9/8/2011 11:27,8/4/2011 11:59,35
13571,10/2/2011 12:30,9/8/2011 11:27,24
13571,10/26/2011 12:36,10/2/2011 12:30,24
13571,11/1/2011 13:44,10/26/2011 12:36,6
13571,11/13/2011 12:47,11/1/2011 13:44,12
13571,11/27/2011 10:47,11/13/2011 12:47,14
13572,5/18/2011 11:59,NULL,NULL
13573,3/31/2011 14:47,NULL,NULL
13573,10/20/2011 14:33,3/31/2011 14:47,203
13575,6/16/2011 14:24,NULL,NULL
13575,7/29/2011 11:28,6/16/2011 14:24,43
13575,9/30/2011 9:20,7/29/2011 11:28,63
13575,10/12/2011 11:55,9/30/2011 9:20,12
13575,11/16/2011 13:14,10/12/2011 11:55,35
13576,12/1/2010 17:24,NULL,NULL
13576,1/6/2011 14:58,12/1/2010 17:24,36
13576,2/2/2011 15:13,1/6/2011 14:58,27
13576,2/22/2011 9:11,2/2/2011 15:13,20
13576,3/23/2011 11:18,2/22/2011 9:11,29
13576,4/20/2011 9:01,3/23/2011 11:18,28
13576,5/4/2011 14:55,4/20/2011 9:01,14
13576,6/5/2011 11:21,5/4/2011 14:55,32
13576,6/16/2011 15:36,6/5/2011 11:21,11
13576,7/1/2011 13:48,6/16/2011 15:36,15
13576,7/24/2011 10:30,7/1/2011 13:48,23
13576,8/18/2011 16:19,7/24/2011 10:30,25
13576,9/4/2011 12:07,8/18/2011 16:19,17
13576,9/29/2011 15:32,9/4/2011 12:07,25
13576,10/19/2011 12:50,9/29/2011 15:32,20
13576,11/10/2011 14:35,10/19/2011 12:50,22
13576,11/23/2011 11:37,11/10/2011 14:35,13
13576,11/29/2011 15:34,11/23/2011 11:37,6
13577,4/12/2011 10:33,NULL,NULL
13577,7/14/2011 10:11,4/12/2011 10:33,93
13577,9/8/2011 11:44,7/14/2011 10:11,56
13577,11/14/2011 15:19,9/8/2011 11:44,67
13579,12/5/2010 16:10,NULL,NULL
13579,11/25/2011 8:41,12/5/2010 16:10,355
13581,2/3/2011 14:41,NULL,NULL
13583,7/7/2011 10:40,NULL,NULL
13584,2/6/2011 12:49,NULL,NULL
13587,10/7/2011 12:31,NULL,NULL
13588,3/29/2011 15:53,NULL,NULL
13588,7/26/2011 9:27,3/29/2011 15:53,119
13588,8/11/2011 15:25,7/26/2011 9:27,16
13588,9/1/2011 11:15,8/11/2011 15:25,21
13588,9/14/2011 9:21,9/1/2011 11:15,13
13588,10/21/2011 10:32,9/14/2011 9:21,37
13588,11/9/2011 12:49,10/21/2011 10:32,19
13588,11/11/2011 13:29,11/9/2011 12:49,2
13588,11/24/2011 10:42,11/11/2011 13:29,13
13589,6/13/2011 12:44,NULL,NULL
13589,11/25/2011 12:10,6/13/2011 12:44,165
13590,2/9/2011 13:25,NULL,NULL
13590,4/14/2011 16:31,2/9/2011 13:25,64
13590,5/24/2011 9:56,4/14/2011 16:31,40
13590,7/12/2011 10:46,5/24/2011 9:56,49
13590,10/19/2011 12:16,7/12/2011 10:46,99
13590,11/28/2011 12:54,10/19/2011 12:16,40
13591,3/18/2011 12:18,NULL,NULL
13591,5/19/2011 13:58,3/18/2011 12:18,62
13591,10/6/2011 12:26,5/19/2011 13:58,140
13592,3/20/2011 14:01,NULL,NULL
13592,5/10/2011 15:48,3/20/2011 14:01,51
13592,5/18/2011 9:13,5/10/2011 15:48,8
13592,11/4/2011 9:49,5/18/2011 9:13,170
13593,1/7/2011 16:32,NULL,NULL
13593,3/20/2011 10:13,1/7/2011 16:32,72
13593,3/21/2011 12:10,3/20/2011 10:13,1
13593,6/30/2011 12:23,3/21/2011 12:10,101
13593,8/23/2011 13:35,6/30/2011 12:23,54
13594,10/18/2011 10:19,NULL,NULL
13596,11/27/2011 11:57,NULL,NULL
13596,12/4/2011 12:01,11/27/2011 11:57,7
13598,10/23/2011 14:28,NULL,NULL
13599,12/8/2010 10:11,NULL,NULL
13599,12/8/2010 10:13,12/8/2010 10:11,0
13599,1/6/2011 15:25,12/8/2010 10:13,29
13599,3/1/2011 14:56,1/6/2011 15:25,54
13599,4/12/2011 9:02,3/1/2011 14:56,42
13599,4/12/2011 9:03,4/12/2011 9:02,0
13599,5/25/2011 14:54,4/12/2011 9:03,43
13599,7/6/2011 12:18,5/25/2011 14:54,42
13599,9/16/2011 9:24,7/6/2011 12:18,72
13599,9/16/2011 9:24,9/16/2011 9:24,0
13599,11/3/2011 9:55,9/16/2011 9:24,48
13599,11/7/2011 13:45,11/3/2011 9:55,4
13599,11/16/2011 15:31,11/7/2011 13:45,9
13599,11/18/2011 8:21,11/16/2011 15:31,2
13599,11/22/2011 15:52,11/18/2011 8:21,4
13599,11/29/2011 9:13,11/22/2011 15:52,7
13599,11/29/2011 9:14,11/29/2011 9:13,0
13599,11/29/2011 9:15,11/29/2011 9:14,0
13599,11/29/2011 9:15,11/29/2011 9:15,0
13599,12/1/2011 12:54,11/29/2011 9:15,2
13599,12/8/2011 16:10,12/1/2011 12:54,7
13600,1/31/2011 15:27,NULL,NULL
13601,5/12/2011 16:52,NULL,NULL
13601,10/25/2011 17:31,5/12/2011 16:52,166
13602,10/6/2011 11:47,NULL,NULL
13603,11/13/2011 15:57,NULL,NULL
13606,2/1/2011 11:42,NULL,NULL
13606,4/10/2011 12:52,2/1/2011 11:42,68
13606,11/10/2011 17:46,4/10/2011 12:52,214
13607,10/30/2011 16:17,NULL,NULL
13610,2/27/2011 14:44,NULL,NULL
13610,4/10/2011 14:27,2/27/2011 14:44,42
13610,6/5/2011 13:44,4/10/2011 14:27,56
13610,7/17/2011 15:45,6/5/2011 13:44,42
13610,8/21/2011 14:42,7/17/2011 15:45,35
13610,10/16/2011 15:44,8/21/2011 14:42,56
13610,11/27/2011 15:38,10/16/2011 15:44,42
13611,12/15/2010 10:31,NULL,NULL
13611,6/22/2011 12:25,12/15/2010 10:31,189
13611,9/11/2011 14:51,6/22/2011 12:25,81
13614,1/13/2011 12:37,NULL,NULL
13614,6/28/2011 14:58,1/13/2011 12:37,166
13614,9/11/2011 14:05,6/28/2011 14:58,75
13614,11/15/2011 14:47,9/11/2011 14:05,65
13615,1/25/2011 8:21,NULL,NULL
13617,6/12/2011 12:55,NULL,NULL
13617,8/18/2011 13:17,6/12/2011 12:55,67
13617,10/30/2011 13:50,8/18/2011 13:17,73
13618,6/19/2011 11:09,NULL,NULL
13621,8/15/2011 8:26,NULL,NULL
13623,2/15/2011 13:08,NULL,NULL
13623,3/17/2011 13:13,2/15/2011 13:08,30
13623,4/3/2011 11:11,3/17/2011 13:13,17
13623,5/13/2011 16:12,4/3/2011 11:11,40
13623,11/9/2011 12:00,5/13/2011 16:12,180
13626,4/1/2011 10:05,NULL,NULL
13627,12/17/2010 9:52,NULL,NULL
13627,5/19/2011 9:47,12/17/2010 9:52,153
13627,6/16/2011 13:50,5/19/2011 9:47,28
13627,9/21/2011 12:55,6/16/2011 13:50,97
13627,10/11/2011 14:20,9/21/2011 12:55,20
13629,1/5/2011 12:09,NULL,NULL
13629,2/2/2011 7:51,1/5/2011 12:09,28
13629,4/14/2011 11:32,2/2/2011 7:51,71
13629,5/13/2011 11:25,4/14/2011 11:32,29
13629,6/19/2011 13:28,5/13/2011 11:25,37
13629,7/20/2011 8:48,6/19/2011 13:28,31
13629,7/26/2011 9:55,7/20/2011 8:48,6
13629,9/1/2011 18:54,7/26/2011 9:55,37
13629,10/7/2011 10:12,9/1/2011 18:54,36
13629,11/9/2011 9:52,10/7/2011 10:12,33
13629,11/16/2011 13:21,11/9/2011 9:52,7
13630,2/27/2011 12:49,NULL,NULL
13630,4/8/2011 15:49,2/27/2011 12:49,40
13630,6/8/2011 13:56,4/8/2011 15:49,61
13630,6/21/2011 17:51,6/8/2011 13:56,13
13630,8/26/2011 10:32,6/21/2011 17:51,66
13630,9/25/2011 10:30,8/26/2011 10:32,30
13630,12/4/2011 15:16,9/25/2011 10:30,70
13631,3/17/2011 17:13,NULL,NULL
13631,5/17/2011 16:21,3/17/2011 17:13,61
13631,5/17/2011 16:23,5/17/2011 16:21,0
13631,5/22/2011 10:27,5/17/2011 16:23,5
13631,6/15/2011 11:27,5/22/2011 10:27,24
13631,6/15/2011 11:29,6/15/2011 11:27,0
13631,6/28/2011 15:28,6/15/2011 11:29,13
13631,6/28/2011 15:30,6/28/2011 15:28,0
13631,7/19/2011 15:48,6/28/2011 15:30,21
13631,7/19/2011 15:49,7/19/2011 15:48,0
13631,9/1/2011 9:57,7/19/2011 15:49,44
13632,4/10/2011 15:07,NULL,NULL
13632,4/20/2011 11:45,4/10/2011 15:07,10
13632,6/19/2011 12:23,4/20/2011 11:45,60
13632,10/28/2011 8:34,6/19/2011 12:23,131
13632,11/15/2011 10:51,10/28/2011 8:34,18
13634,1/16/2011 15:30,NULL,NULL
13634,4/11/2011 16:17,1/16/2011 15:30,85
13634,8/25/2011 13:46,4/11/2011 16:17,136
13634,9/14/2011 12:42,8/25/2011 13:46,20
13634,11/6/2011 13:40,9/14/2011 12:42,53
13635,10/3/2011 10:55,NULL,NULL
13636,2/27/2011 14:29,NULL,NULL
13636,3/24/2011 9:50,2/27/2011 14:29,25
13636,4/1/2011 12:09,3/24/2011 9:50,8
13636,8/9/2011 14:56,4/1/2011 12:09,130
13636,11/3/2011 10:30,8/9/2011 14:56,86
13637,4/27/2011 13:06,NULL,NULL
13637,6/5/2011 13:24,4/27/2011 13:06,39
13637,10/18/2011 13:32,6/5/2011 13:24,135
13638,11/24/2011 10:38,NULL,NULL
13639,9/26/2011 13:36,NULL,NULL
13642,5/8/2011 12:34,NULL,NULL
13643,6/7/2011 11:40,NULL,NULL
13643,9/2/2011 10:42,6/7/2011 11:40,87
13643,11/8/2011 15:37,9/2/2011 10:42,67
13644,8/26/2011 11:53,NULL,NULL
13644,9/27/2011 10:27,8/26/2011 11:53,32
13644,10/26/2011 11:08,9/27/2011 10:27,29
13644,11/23/2011 14:07,10/26/2011 11:08,28
13645,8/11/2011 16:11,NULL,NULL
13647,4/19/2011 9:49,NULL,NULL
13647,6/17/2011 13:17,4/19/2011 9:49,59
13647,9/29/2011 13:21,6/17/2011 13:17,104
13647,11/30/2011 12:00,9/29/2011 13:21,62
13649,12/8/2010 14:46,NULL,NULL
13649,3/28/2011 11:51,12/8/2010 14:46,110
13650,3/17/2011 12:37,NULL,NULL
13650,5/16/2011 14:19,3/17/2011 12:37,60
13650,9/12/2011 12:45,5/16/2011 14:19,119
13650,10/4/2011 9:51,9/12/2011 12:45,22
13650,10/4/2011 9:51,10/4/2011 9:51,0
13650,11/23/2011 12:22,10/4/2011 9:51,50
13651,10/31/2011 12:11,NULL,NULL
13651,11/4/2011 14:59,10/31/2011 12:11,4
13652,12/6/2010 9:21,NULL,NULL
13652,3/28/2011 9:21,12/6/2010 9:21,112
13652,10/25/2011 8:51,3/28/2011 9:21,211
13654,3/11/2011 12:54,NULL,NULL
13654,4/11/2011 14:07,3/11/2011 12:54,31
13654,5/22/2011 10:21,4/11/2011 14:07,41
13654,7/17/2011 13:29,5/22/2011 10:21,56
13654,10/27/2011 16:23,7/17/2011 13:29,102
13654,10/27/2011 16:24,10/27/2011 16:23,0
13655,4/12/2011 9:53,NULL,NULL
13655,8/17/2011 14:25,4/12/2011 9:53,127
13656,1/6/2011 15:42,NULL,NULL
13656,6/28/2011 10:31,1/6/2011 15:42,173
13657,5/22/2011 12:35,NULL,NULL
13657,11/29/2011 12:32,5/22/2011 12:35,191
13658,5/19/2011 17:15,NULL,NULL
13658,9/15/2011 13:20,5/19/2011 17:15,119
13658,9/15/2011 13:21,9/15/2011 13:20,0
13658,11/30/2011 10:11,9/15/2011 13:21,76
13658,11/30/2011 10:13,11/30/2011 10:11,0
13659,1/23/2011 12:08,NULL,NULL
13659,5/18/2011 12:37,1/23/2011 12:08,115
13662,3/25/2011 13:23,NULL,NULL
13662,5/11/2011 13:23,3/25/2011 13:23,47
13662,9/15/2011 12:04,5/11/2011 13:23,127
13663,6/13/2011 15:44,NULL,NULL
13666,2/25/2011 13:05,NULL,NULL
13666,2/25/2011 13:08,2/25/2011 13:05,0
13666,10/10/2011 15:39,2/25/2011 13:08,227
13667,7/13/2011 15:42,NULL,NULL
13668,12/12/2010 12:35,NULL,NULL
13668,1/9/2011 11:02,12/12/2010 12:35,28
13668,2/3/2011 13:53,1/9/2011 11:02,25
13668,2/17/2011 12:27,2/3/2011 13:53,14
13668,3/16/2011 12:45,2/17/2011 12:27,27
13668,3/27/2011 14:18,3/16/2011 12:45,11
13668,4/4/2011 13:32,3/27/2011 14:18,8
13668,4/11/2011 14:00,4/4/2011 13:32,7
13668,4/26/2011 12:08,4/11/2011 14:00,15
13668,5/3/2011 12:53,4/26/2011 12:08,7
13668,5/22/2011 14:29,5/3/2011 12:53,19
13668,6/5/2011 12:48,5/22/2011 14:29,14
13668,6/26/2011 14:28,6/5/2011 12:48,21
13668,7/21/2011 13:28,6/26/2011 14:28,25
13668,7/26/2011 12:59,7/21/2011 13:28,5
13668,8/18/2011 12:53,7/26/2011 12:59,23
13668,10/13/2011 15:15,8/18/2011 12:53,56
13668,11/8/2011 12:42,10/13/2011 15:15,26
13668,11/17/2011 12:42,11/8/2011 12:42,9
13668,11/29/2011 12:50,11/17/2011 12:42,12
13668,12/7/2011 12:11,11/29/2011 12:50,8
13669,7/13/2011 11:44,NULL,NULL
13669,10/20/2011 9:32,7/13/2011 11:44,99
13670,9/25/2011 15:25,NULL,NULL
13672,1/11/2011 13:54,NULL,NULL
13672,2/11/2011 13:53,1/11/2011 13:54,31
13673,11/7/2011 15:40,NULL,NULL
13673,11/21/2011 12:11,11/7/2011 15:40,14
13675,2/28/2011 12:14,NULL,NULL
13675,7/11/2011 12:57,2/28/2011 12:14,133
13678,7/11/2011 10:14,NULL,NULL
13680,1/4/2011 14:12,NULL,NULL
13680,1/6/2011 12:11,1/4/2011 14:12,2
13680,10/31/2011 13:22,1/6/2011 12:11,298
13680,12/8/2011 13:47,10/31/2011 13:22,38
13681,7/7/2011 15:21,NULL,NULL
13681,10/2/2011 11:41,7/7/2011 15:21,87
13681,11/13/2011 15:25,10/2/2011 11:41,42
13681,11/22/2011 11:13,11/13/2011 15:25,9
13682,6/5/2011 14:06,NULL,NULL
13684,2/27/2011 10:13,NULL,NULL
13685,10/10/2011 12:59,NULL,NULL
13685,10/17/2011 10:17,10/10/2011 12:59,7
13685,10/25/2011 13:14,10/17/2011 10:17,8
13685,12/5/2011 14:23,10/25/2011 13:14,41
13685,12/6/2011 11:32,12/5/2011 14:23,1
13685,12/6/2011 13:45,12/6/2011 11:32,0
13685,12/7/2011 11:41,12/6/2011 13:45,1
13686,6/10/2011 9:10,NULL,NULL
13689,10/7/2011 13:21,NULL,NULL
13690,10/11/2011 15:03,NULL,NULL
13692,4/17/2011 12:57,NULL,NULL
13692,5/10/2011 10:11,4/17/2011 12:57,23
13692,11/15/2011 11:17,5/10/2011 10:11,189
13694,12/1/2010 12:12,NULL,NULL
13694,12/16/2010 17:43,12/1/2010 12:12,15
13694,1/5/2011 10:39,12/16/2010 17:43,20
13694,1/13/2011 10:08,1/5/2011 10:39,8
13694,1/28/2011 12:11,1/13/2011 10:08,15
13694,2/4/2011 8:58,1/28/2011 12:11,7
13694,2/4/2011 8:59,2/4/2011 8:58,0
13694,2/22/2011 12:51,2/4/2011 8:59,18
13694,2/22/2011 12:53,2/22/2011 12:51,0
13694,2/23/2011 12:41,2/22/2011 12:53,1
13694,3/4/2011 9:05,2/23/2011 12:41,9
13694,3/22/2011 12:33,3/4/2011 9:05,18
13694,3/23/2011 14:39,3/22/2011 12:33,1
13694,4/1/2011 9:19,3/23/2011 14:39,9
13694,4/1/2011 9:25,4/1/2011 9:19,0
13694,4/1/2011 11:46,4/1/2011 9:25,0
13694,4/13/2011 11:48,4/1/2011 11:46,12
13694,4/13/2011 11:53,4/13/2011 11:48,0
13694,4/27/2011 11:26,4/13/2011 11:53,14
13694,5/3/2011 13:52,4/27/2011 11:26,6
13694,5/5/2011 13:53,5/3/2011 13:52,2
13694,5/8/2011 12:13,5/5/2011 13:53,3
13694,5/10/2011 11:56,5/8/2011 12:13,2
13694,5/25/2011 9:58,5/10/2011 11:56,15
13694,5/25/2011 10:02,5/25/2011 9:58,0
13694,5/31/2011 9:52,5/25/2011 10:02,6
13694,6/9/2011 19:33,5/31/2011 9:52,9
13694,6/16/2011 9:04,6/9/2011 19:33,7
13694,6/30/2011 12:42,6/16/2011 9:04,14
13694,7/5/2011 16:08,6/30/2011 12:42,5
13694,7/21/2011 16:10,7/5/2011 16:08,16
13694,7/21/2011 16:12,7/21/2011 16:10,0
13694,8/4/2011 12:14,7/21/2011 16:12,14
13694,8/18/2011 11:00,8/4/2011 12:14,14
13694,8/18/2011 11:03,8/18/2011 11:00,0
13694,8/24/2011 13:23,8/18/2011 11:03,6
13694,8/24/2011 13:24,8/24/2011 13:23,0
13694,8/24/2011 13:26,8/24/2011 13:24,0
13694,8/24/2011 13:27,8/24/2011 13:26,0
13694,9/15/2011 12:55,8/24/2011 13:27,22
13694,9/15/2011 12:56,9/15/2011 12:55,0
13694,9/29/2011 10:22,9/15/2011 12:56,14
13694,10/25/2011 15:34,9/29/2011 10:22,26
13694,10/26/2011 13:47,10/25/2011 15:34,1
13694,10/28/2011 12:34,10/26/2011 13:47,2
13694,11/14/2011 11:09,10/28/2011 12:34,17
13694,11/14/2011 11:11,11/14/2011 11:09,0
13694,12/6/2011 9:30,11/14/2011 11:11,22
13694,12/6/2011 9:31,12/6/2011 9:30,0
13694,12/6/2011 9:32,12/6/2011 9:31,0
13695,3/25/2011 11:31,NULL,NULL
13695,4/17/2011 15:53,3/25/2011 11:31,23
13695,4/26/2011 13:36,4/17/2011 15:53,9
13695,5/10/2011 15:49,4/26/2011 13:36,14
13695,6/3/2011 14:26,5/10/2011 15:49,24
13695,6/22/2011 15:00,6/3/2011 14:26,19
13695,7/5/2011 15:12,6/22/2011 15:00,13
13695,7/25/2011 15:01,7/5/2011 15:12,20
13695,8/3/2011 10:49,7/25/2011 15:01,9
13695,8/12/2011 11:29,8/3/2011 10:49,9
13695,8/12/2011 11:41,8/12/2011 11:29,0
13695,9/2/2011 14:09,8/12/2011 11:41,21
13695,9/19/2011 11:37,9/2/2011 14:09,17
13695,10/7/2011 12:12,9/19/2011 11:37,18
13695,11/8/2011 14:26,10/7/2011 12:12,32
13697,11/1/2011 9:14,NULL,NULL
13699,7/7/2011 16:51,NULL,NULL
13700,1/16/2011 13:18,NULL,NULL
13700,1/16/2011 13:19,1/16/2011 13:18,0
13700,3/13/2011 11:21,1/16/2011 13:19,56
13700,4/12/2011 11:32,3/13/2011 11:21,30
13700,4/13/2011 13:25,4/12/2011 11:32,1
13700,6/16/2011 11:24,4/13/2011 13:25,64
13700,9/8/2011 11:53,6/16/2011 11:24,84
13700,9/8/2011 12:05,9/8/2011 11:53,0
13700,10/18/2011 13:26,9/8/2011 12:05,40
13700,11/13/2011 13:00,10/18/2011 13:26,26
13703,1/25/2011 13:10,NULL,NULL
13704,9/12/2011 14:40,NULL,NULL
13704,9/13/2011 15:41,9/12/2011 14:40,1
13704,9/19/2011 15:49,9/13/2011 15:41,6
13704,9/21/2011 16:31,9/19/2011 15:49,2
13704,9/27/2011 10:04,9/21/2011 16:31,6
13704,10/12/2011 12:44,9/27/2011 10:04,15
13704,10/24/2011 10:23,10/12/2011 12:44,12
13704,11/17/2011 14:30,10/24/2011 10:23,24
13704,12/4/2011 15:13,11/17/2011 14:30,17
13705,12/1/2010 10:29,NULL,NULL
13705,7/18/2011 9:15,12/1/2010 10:29,229
13705,12/2/2011 12:32,7/18/2011 9:15,137
13706,2/10/2011 9:21,NULL,NULL
13707,1/28/2011 13:27,NULL,NULL
13707,3/17/2011 18:03,1/28/2011 13:27,48
13708,3/13/2011 13:46,NULL,NULL
13709,1/28/2011 14:57,NULL,NULL
13709,6/24/2011 9:22,1/28/2011 14:57,147
13709,6/24/2011 9:24,6/24/2011 9:22,0
13709,8/4/2011 14:30,6/24/2011 9:24,41
13709,8/30/2011 10:20,8/4/2011 14:30,26
13709,10/5/2011 14:53,8/30/2011 10:20,36
13709,10/5/2011 14:56,10/5/2011 14:53,0
13709,10/21/2011 15:18,10/5/2011 14:56,16
13709,11/3/2011 11:29,10/21/2011 15:18,13
13709,11/3/2011 11:31,11/3/2011 11:29,0
13709,11/3/2011 11:32,11/3/2011 11:31,0
13709,12/6/2011 10:27,11/3/2011 11:32,33
13709,12/6/2011 10:28,12/6/2011 10:27,0
13710,11/8/2011 8:16,NULL,NULL
13711,5/5/2011 10:29,NULL,NULL
13711,5/5/2011 10:31,5/5/2011 10:29,0
13712,4/7/2011 12:33,NULL,NULL
13715,12/2/2010 8:52,NULL,NULL
13715,12/12/2010 12:41,12/2/2010 8:52,10
13715,12/12/2010 12:51,12/12/2010 12:41,0
13715,1/5/2011 12:15,12/12/2010 12:51,24
13715,3/3/2011 19:21,1/5/2011 12:15,57
13716,3/15/2011 13:49,NULL,NULL
13717,2/14/2011 13:21,NULL,NULL
13717,4/13/2011 9:39,2/14/2011 13:21,58
13717,6/20/2011 15:08,4/13/2011 9:39,68
13717,8/3/2011 8:21,6/20/2011 15:08,44
13717,10/14/2011 14:16,8/3/2011 8:21,72
13717,11/7/2011 14:13,10/14/2011 14:16,24
13718,2/17/2011 11:58,NULL,NULL
13718,4/7/2011 13:24,2/17/2011 11:58,49
13719,4/19/2011 13:56,NULL,NULL
13719,5/18/2011 12:52,4/19/2011 13:56,29
13719,10/13/2011 15:19,5/18/2011 12:52,148
13719,11/6/2011 15:02,10/13/2011 15:19,24
13719,11/24/2011 15:26,11/6/2011 15:02,18
13720,3/30/2011 9:17,NULL,NULL
13720,4/15/2011 15:17,3/30/2011 9:17,16
13720,6/14/2011 14:06,4/15/2011 15:17,60
13720,8/15/2011 12:46,6/14/2011 14:06,62
13721,11/3/2011 14:05,NULL,NULL
13722,3/2/2011 11:43,NULL,NULL
13722,7/31/2011 12:43,3/2/2011 11:43,151
13722,7/31/2011 12:44,7/31/2011 12:43,0
13723,5/6/2011 17:04,NULL,NULL
13725,2/4/2011 12:18,NULL,NULL
13725,2/7/2011 15:14,2/4/2011 12:18,3
13725,2/20/2011 10:43,2/7/2011 15:14,13
13725,2/24/2011 16:31,2/20/2011 10:43,4
13725,3/20/2011 11:43,2/24/2011 16:31,24
13725,4/28/2011 15:13,3/20/2011 11:43,39
13725,6/23/2011 16:02,4/28/2011 15:13,56
13725,10/21/2011 10:03,6/23/2011 16:02,120
13726,8/31/2011 11:06,NULL,NULL
13726,11/1/2011 10:49,8/31/2011 11:06,62
13727,11/6/2011 12:16,NULL,NULL
13727,11/11/2011 9:46,11/6/2011 12:16,5
13728,2/2/2011 12:09,NULL,NULL
13728,3/30/2011 12:05,2/2/2011 12:09,56
13728,5/25/2011 10:53,3/30/2011 12:05,56
13728,7/28/2011 10:46,5/25/2011 10:53,64
13728,8/24/2011 12:54,7/28/2011 10:46,27
13728,11/3/2011 10:49,8/24/2011 12:54,71
13730,7/1/2011 12:47,NULL,NULL
13730,7/27/2011 8:35,7/1/2011 12:47,26
13731,4/7/2011 10:10,NULL,NULL
13731,5/4/2011 14:33,4/7/2011 10:10,27
13732,11/11/2011 15:49,NULL,NULL
13735,4/19/2011 13:49,NULL,NULL
13735,6/17/2011 11:07,4/19/2011 13:49,59
13735,10/27/2011 14:22,6/17/2011 11:07,132
13735,11/15/2011 11:14,10/27/2011 14:22,19
13736,3/24/2011 13:04,NULL,NULL
13736,12/4/2011 15:19,3/24/2011 13:04,255
13737,5/23/2011 16:32,NULL,NULL
13739,11/21/2011 13:35,NULL,NULL
13740,4/13/2011 10:32,NULL,NULL
13741,5/6/2011 13:43,NULL,NULL
13741,6/9/2011 7:53,5/6/2011 13:43,34
13741,9/29/2011 9:19,6/9/2011 7:53,112
13742,1/23/2011 14:59,NULL,NULL
13742,2/13/2011 12:03,1/23/2011 14:59,21
13742,2/25/2011 13:40,2/13/2011 12:03,12
13742,4/15/2011 15:54,2/25/2011 13:40,49
13742,5/10/2011 9:35,4/15/2011 15:54,25
13742,6/5/2011 13:46,5/10/2011 9:35,26
13742,6/8/2011 13:09,6/5/2011 13:46,3
13742,6/8/2011 13:14,6/8/2011 13:09,0
13742,6/13/2011 17:08,6/8/2011 13:14,5
13742,6/30/2011 13:25,6/13/2011 17:08,17
13742,9/11/2011 11:24,6/30/2011 13:25,73
13742,11/23/2011 11:07,9/11/2011 11:24,73
13743,3/25/2011 14:46,NULL,NULL
13743,5/6/2011 14:32,3/25/2011 14:46,42
13743,7/7/2011 15:31,5/6/2011 14:32,62
13743,8/16/2011 12:59,7/7/2011 15:31,40
13743,8/24/2011 10:20,8/16/2011 12:59,8
13743,9/12/2011 12:19,8/24/2011 10:20,19
13743,12/7/2011 10:09,9/12/2011 12:19,86
13744,2/20/2011 14:08,NULL,NULL
13744,9/5/2011 15:19,2/20/2011 14:08,197
13745,6/30/2011 16:43,NULL,NULL
13747,12/1/2010 10:37,NULL,NULL
13748,12/1/2010 9:00,NULL,NULL
13748,4/7/2011 10:13,12/1/2010 9:00,127
13748,4/21/2011 14:30,4/7/2011 10:13,14
13748,9/5/2011 9:45,4/21/2011 14:30,137
13748,9/5/2011 9:45,9/5/2011 9:45,0
13750,1/7/2011 11:49,NULL,NULL
13750,2/16/2011 9:08,1/7/2011 11:49,40
13750,6/21/2011 15:13,2/16/2011 9:08,125
13750,7/22/2011 14:39,6/21/2011 15:13,31
13750,10/17/2011 12:16,7/22/2011 14:39,87
13751,2/24/2011 15:56,NULL,NULL
13752,4/7/2011 12:04,NULL,NULL
13752,5/9/2011 14:02,4/7/2011 12:04,32
13752,5/15/2011 14:48,5/9/2011 14:02,6
13752,6/8/2011 10:49,5/15/2011 14:48,24
13752,7/7/2011 16:49,6/8/2011 10:49,29
13752,8/7/2011 14:16,7/7/2011 16:49,31
13753,2/25/2011 12:48,NULL,NULL
13754,1/26/2011 14:58,NULL,NULL
13754,7/11/2011 11:51,1/26/2011 14:58,166
13755,10/7/2011 15:45,NULL,NULL
13755,10/20/2011 10:15,10/7/2011 15:45,13
13755,10/21/2011 12:12,10/20/2011 10:15,1
13755,11/1/2011 14:03,10/21/2011 12:12,11
13755,11/14/2011 13:31,11/1/2011 14:03,13
13755,11/21/2011 13:41,11/14/2011 13:31,7
13755,11/21/2011 15:10,11/21/2011 13:41,0
13755,11/30/2011 13:29,11/21/2011 15:10,9
13755,12/6/2011 12:26,11/30/2011 13:29,6
13756,12/7/2010 11:41,NULL,NULL
13756,12/14/2010 15:18,12/7/2010 11:41,7
13756,12/16/2010 9:52,12/14/2010 15:18,2
13756,5/18/2011 9:23,12/16/2010 9:52,153
13756,6/9/2011 11:27,5/18/2011 9:23,22
13756,7/19/2011 9:24,6/9/2011 11:27,40
13756,8/2/2011 17:04,7/19/2011 9:24,14
13756,9/7/2011 13:19,8/2/2011 17:04,36
13756,10/10/2011 10:29,9/7/2011 13:19,33
13756,11/4/2011 10:28,10/10/2011 10:29,25
13756,11/17/2011 10:01,11/4/2011 10:28,13
13756,11/17/2011 10:02,11/17/2011 10:01,0
13756,12/7/2011 16:39,11/17/2011 10:02,20
13756,12/7/2011 16:44,12/7/2011 16:39,0
13758,12/1/2010 12:08,NULL,NULL
13758,12/8/2010 15:39,12/1/2010 12:08,7
13758,1/9/2011 11:41,12/8/2010 15:39,32
13758,4/1/2011 9:21,1/9/2011 11:41,82
13758,5/22/2011 15:12,4/1/2011 9:21,51
13758,11/1/2011 9:56,5/22/2011 15:12,163
13758,11/28/2011 11:11,11/1/2011 9:56,27
13759,9/29/2011 15:40,NULL,NULL
13759,11/6/2011 14:47,9/29/2011 15:40,38
13760,3/28/2011 12:52,NULL,NULL
13760,10/16/2011 16:13,3/28/2011 12:52,202
13761,6/13/2011 8:43,NULL,NULL
13761,10/20/2011 14:01,6/13/2011 8:43,129
13762,5/5/2011 9:15,NULL,NULL
13763,10/7/2011 15:13,NULL,NULL
13764,1/6/2011 14:53,NULL,NULL
13764,7/18/2011 17:15,1/6/2011 14:53,193
13764,9/30/2011 12:03,7/18/2011 17:15,74
13767,12/1/2010 10:47,NULL,NULL
13767,12/2/2010 15:40,12/1/2010 10:47,1
13767,12/5/2010 13:29,12/2/2010 15:40,3
13767,12/10/2010 11:21,12/5/2010 13:29,5
13767,12/14/2010 15:43,12/10/2010 11:21,4
13767,12/16/2010 16:54,12/14/2010 15:43,2
13767,1/5/2011 12:21,12/16/2010 16:54,20
13767,1/10/2011 15:16,1/5/2011 12:21,5
13767,2/17/2011 14:42,1/10/2011 15:16,38
13767,2/22/2011 9:01,2/17/2011 14:42,5
13767,2/27/2011 13:03,2/22/2011 9:01,5
13767,4/1/2011 16:18,2/27/2011 13:03,33
13767,4/4/2011 9:38,4/1/2011 16:18,3
13767,4/4/2011 16:21,4/4/2011 9:38,0
13767,4/8/2011 9:13,4/4/2011 16:21,4
13767,4/27/2011 14:16,4/8/2011 9:13,19
13767,4/27/2011 14:17,4/27/2011 14:16,0
13767,5/10/2011 9:41,4/27/2011 14:17,13
13767,5/18/2011 10:39,5/10/2011 9:41,8
13767,5/18/2011 10:39,5/18/2011 10:39,0
13767,5/18/2011 15:29,5/18/2011 10:39,0
13767,5/20/2011 14:11,5/18/2011 15:29,2
13767,6/26/2011 14:08,5/20/2011 14:11,37
13767,6/28/2011 14:52,6/26/2011 14:08,2
13767,7/11/2011 12:23,6/28/2011 14:52,13
13767,8/4/2011 17:23,7/11/2011 12:23,24
13767,8/8/2011 13:59,8/4/2011 17:23,4
13767,8/23/2011 10:24,8/8/2011 13:59,15
13767,9/13/2011 11:34,8/23/2011 10:24,21
13767,9/19/2011 15:53,9/13/2011 11:34,6
13767,9/20/2011 9:54,9/19/2011 15:53,1
13767,9/20/2011 11:32,9/20/2011 9:54,0
13767,9/20/2011 11:33,9/20/2011 11:32,0
13767,10/10/2011 9:56,9/20/2011 11:33,20
13767,11/10/2011 16:59,10/10/2011 9:56,31
13767,11/14/2011 12:22,11/10/2011 16:59,4
13767,12/7/2011 15:00,11/14/2011 12:22,23
13769,12/7/2010 13:28,NULL,NULL
13769,1/17/2011 14:18,12/7/2010 13:28,41
13769,3/29/2011 10:51,1/17/2011 14:18,71
13769,4/18/2011 15:00,3/29/2011 10:51,20
13769,5/16/2011 9:57,4/18/2011 15:00,28
13769,8/9/2011 10:47,5/16/2011 9:57,85
13769,9/8/2011 13:54,8/9/2011 10:47,30
13769,9/8/2011 13:55,9/8/2011 13:54,0
13769,11/2/2011 13:37,9/8/2011 13:55,55
13769,12/7/2011 15:08,11/2/2011 13:37,35
13771,4/6/2011 15:47,NULL,NULL
13771,5/24/2011 12:57,4/6/2011 15:47,48
13771,10/6/2011 14:17,5/24/2011 12:57,135
13771,10/6/2011 14:18,10/6/2011 14:17,0
13772,4/14/2011 12:31,NULL,NULL
13772,9/4/2011 11:22,4/14/2011 12:31,143
13772,11/6/2011 11:43,9/4/2011 11:22,63
13774,9/19/2011 12:06,NULL,NULL
13777,12/1/2010 16:01,NULL,NULL
13777,12/1/2010 16:11,12/1/2010 16:01,0
13777,12/1/2010 16:13,12/1/2010 16:11,0
13777,12/1/2010 16:16,12/1/2010 16:13,0
13777,12/1/2010 16:19,12/1/2010 16:16,0
13777,12/1/2010 16:21,12/1/2010 16:19,0
13777,12/1/2010 16:22,12/1/2010 16:21,0
13777,12/8/2010 15:35,12/1/2010 16:22,7
13777,12/8/2010 15:35,12/8/2010 15:35,0
13777,12/23/2010 12:04,12/8/2010 15:35,15
13777,1/14/2011 10:39,12/23/2010 12:04,22
13777,2/2/2011 14:39,1/14/2011 10:39,19
13777,2/17/2011 10:04,2/2/2011 14:39,15
13777,2/24/2011 15:41,2/17/2011 10:04,7
13777,3/8/2011 13:23,2/24/2011 15:41,12
13777,3/20/2011 10:56,3/8/2011 13:23,12
13777,3/29/2011 15:02,3/20/2011 10:56,9
13777,4/7/2011 10:54,3/29/2011 15:02,9
13777,5/16/2011 9:23,4/7/2011 10:54,39
13777,6/3/2011 12:28,5/16/2011 9:23,18
13777,6/8/2011 14:20,6/3/2011 12:28,5
13777,6/27/2011 10:42,6/8/2011 14:20,19
13777,7/13/2011 14:39,6/27/2011 10:42,16
13777,8/2/2011 12:59,7/13/2011 14:39,20
13777,9/19/2011 13:45,8/2/2011 12:59,48
13777,9/22/2011 15:57,9/19/2011 13:45,3
13777,9/23/2011 9:14,9/22/2011 15:57,1
13777,10/13/2011 10:23,9/23/2011 9:14,20
13777,11/15/2011 8:50,10/13/2011 10:23,33
13777,11/15/2011 9:42,11/15/2011 8:50,0
13777,12/1/2011 11:18,11/15/2011 9:42,16
13777,12/9/2011 12:23,12/1/2011 11:18,8
13777,12/9/2011 12:25,12/9/2011 12:23,0
13778,8/28/2011 15:25,NULL,NULL
13780,6/22/2011 11:43,NULL,NULL
13780,12/2/2011 13:49,6/22/2011 11:43,163
13781,4/3/2011 12:08,NULL,NULL
13782,1/16/2011 11:08,NULL,NULL
13782,4/19/2011 14:48,1/16/2011 11:08,93
13782,8/7/2011 12:21,4/19/2011 14:48,110
13782,10/2/2011 12:11,8/7/2011 12:21,56
13782,10/23/2011 12:37,10/2/2011 12:11,21
13782,11/27/2011 11:54,10/23/2011 12:37,35
13784,1/11/2011 14:38,NULL,NULL
13784,1/31/2011 10:08,1/11/2011 14:38,20
13784,2/1/2011 13:28,1/31/2011 10:08,1
13784,3/3/2011 8:36,2/1/2011 13:28,30
13784,5/5/2011 9:11,3/3/2011 8:36,63
13784,6/7/2011 11:59,5/5/2011 9:11,33
13784,6/24/2011 15:17,6/7/2011 11:59,17
13784,8/18/2011 18:21,6/24/2011 15:17,55
13784,9/6/2011 12:27,8/18/2011 18:21,19
13784,10/13/2011 11:37,9/6/2011 12:27,37
13784,11/30/2011 9:33,10/13/2011 11:37,48
13786,12/7/2010 13:53,NULL,NULL
13787,12/10/2010 14:45,NULL,NULL
13787,9/25/2011 12:06,12/10/2010 14:45,289
13790,12/5/2011 15:48,NULL,NULL
13791,6/24/2011 16:38,NULL,NULL
13791,8/4/2011 11:44,6/24/2011 16:38,41
13792,2/25/2011 14:03,NULL,NULL
13792,10/4/2011 14:31,2/25/2011 14:03,221
13798,12/2/2010 17:24,NULL,NULL
13798,12/10/2010 15:31,12/2/2010 17:24,8
13798,1/5/2011 10:45,12/10/2010 15:31,26
13798,1/5/2011 10:46,1/5/2011 10:45,0
13798,1/7/2011 9:53,1/5/2011 10:46,2
13798,1/11/2011 12:20,1/7/2011 9:53,4
13798,1/23/2011 16:17,1/11/2011 12:20,12
13798,2/8/2011 15:38,1/23/2011 16:17,16
13798,2/16/2011 13:16,2/8/2011 15:38,8
13798,2/20/2011 10:16,2/16/2011 13:16,4
13798,2/25/2011 15:32,2/20/2011 10:16,5
13798,3/7/2011 16:14,2/25/2011 15:32,10
13798,3/11/2011 10:15,3/7/2011 16:14,4
13798,3/20/2011 10:24,3/11/2011 10:15,9
13798,3/22/2011 13:52,3/20/2011 10:24,2
13798,3/29/2011 12:29,3/22/2011 13:52,7
13798,3/30/2011 11:51,3/29/2011 12:29,1
13798,4/5/2011 12:12,3/30/2011 11:51,6
13798,4/11/2011 11:40,4/5/2011 12:12,6
13798,4/11/2011 11:43,4/11/2011 11:40,0
13798,4/18/2011 13:12,4/11/2011 11:43,7
13798,4/21/2011 12:35,4/18/2011 13:12,3
13798,4/26/2011 11:25,4/21/2011 12:35,5
13798,5/4/2011 8:15,4/26/2011 11:25,8
13798,5/4/2011 8:17,5/4/2011 8:15,0
13798,5/9/2011 13:51,5/4/2011 8:17,5
13798,5/13/2011 11:54,5/9/2011 13:51,4
13798,5/13/2011 11:56,5/13/2011 11:54,0
13798,5/18/2011 15:47,5/13/2011 11:56,5
13798,5/23/2011 11:28,5/18/2011 15:47,5
13798,5/26/2011 13:46,5/23/2011 11:28,3
13798,5/27/2011 14:10,5/26/2011 13:46,1
13798,6/6/2011 12:16,5/27/2011 14:10,10
13798,6/12/2011 10:15,6/6/2011 12:16,6
13798,6/20/2011 13:21,6/12/2011 10:15,8
13798,6/27/2011 16:48,6/20/2011 13:21,7
13798,7/7/2011 11:02,6/27/2011 16:48,10
13798,7/19/2011 16:54,7/7/2011 11:02,12
13798,8/2/2011 15:42,7/19/2011 16:54,14
13798,8/8/2011 16:43,8/2/2011 15:42,6
13798,8/24/2011 10:37,8/8/2011 16:43,16
13798,9/7/2011 15:34,8/24/2011 10:37,14
13798,9/12/2011 12:24,9/7/2011 15:34,5
13798,9/14/2011 9:16,9/12/2011 12:24,2
13798,9/28/2011 12:16,9/14/2011 9:16,14
13798,10/5/2011 16:31,9/28/2011 12:16,7
13798,10/7/2011 12:37,10/5/2011 16:31,2
13798,10/17/2011 8:30,10/7/2011 12:37,10
13798,10/28/2011 9:39,10/17/2011 8:30,11
13798,11/4/2011 12:56,10/28/2011 9:39,7
13798,11/9/2011 8:11,11/4/2011 12:56,5
13798,11/13/2011 13:42,11/9/2011 8:11,4
13798,11/22/2011 12:13,11/13/2011 13:42,9
13798,11/28/2011 12:19,11/22/2011 12:13,6
13798,12/2/2011 12:28,11/28/2011 12:19,4
13798,12/7/2011 13:21,12/2/2011 12:28,5
13798,12/8/2011 15:51,12/7/2011 13:21,1
13799,2/18/2011 14:18,NULL,NULL
13799,8/15/2011 12:07,2/18/2011 14:18,178
13800,2/3/2011 12:27,NULL,NULL
13801,10/4/2011 10:15,NULL,NULL
13802,2/1/2011 12:03,NULL,NULL
13802,3/30/2011 10:54,2/1/2011 12:03,57
13802,7/24/2011 10:54,3/30/2011 10:54,116
13803,3/29/2011 12:57,NULL,NULL
13804,2/23/2011 9:09,NULL,NULL
13804,7/6/2011 15:10,2/23/2011 9:09,133
13804,7/21/2011 17:08,7/6/2011 15:10,15
13804,9/4/2011 10:59,7/21/2011 17:08,45
13804,9/22/2011 12:29,9/4/2011 10:59,18
13804,11/9/2011 12:30,9/22/2011 12:29,48
13804,11/9/2011 12:32,11/9/2011 12:30,0
13805,8/2/2011 15:29,NULL,NULL
13805,10/18/2011 14:50,8/2/2011 15:29,77
13806,10/7/2011 11:43,NULL,NULL
13807,12/7/2010 15:48,NULL,NULL
13808,9/4/2011 12:07,NULL,NULL
13808,9/7/2011 12:10,9/4/2011 12:07,3
13808,10/5/2011 11:57,9/7/2011 12:10,28
13808,10/24/2011 12:38,10/5/2011 11:57,19
13808,12/4/2011 12:18,10/24/2011 12:38,41
13809,2/7/2011 13:15,NULL,NULL
13810,10/14/2011 12:57,NULL,NULL
13810,10/14/2011 13:36,10/14/2011 12:57,0
13810,11/11/2011 8:33,10/14/2011 13:36,28
13811,4/14/2011 18:40,NULL,NULL
13811,4/18/2011 10:28,4/14/2011 18:40,4
13811,6/9/2011 9:54,4/18/2011 10:28,52
13812,8/26/2011 12:54,NULL,NULL
13812,10/6/2011 14:37,8/26/2011 12:54,41
13812,10/28/2011 14:27,10/6/2011 14:37,22
13813,7/28/2011 10:33,NULL,NULL
13813,9/11/2011 13:38,7/28/2011 10:33,45
13813,9/30/2011 9:22,9/11/2011 13:38,19
13813,10/31/2011 10:38,9/30/2011 9:22,31
13814,7/25/2011 13:54,NULL,NULL
13814,9/8/2011 13:48,7/25/2011 13:54,45
13815,1/25/2011 12:16,NULL,NULL
13815,6/20/2011 13:08,1/25/2011 12:16,146
13815,11/16/2011 13:54,6/20/2011 13:08,149
13815,11/17/2011 14:19,11/16/2011 13:54,1
13816,10/6/2011 14:37,NULL,NULL
13816,11/16/2011 8:38,10/6/2011 14:37,41
13817,12/23/2010 11:46,NULL,NULL
13817,11/10/2011 17:49,12/23/2010 11:46,322
13819,1/24/2011 10:38,NULL,NULL
13819,2/3/2011 14:01,1/24/2011 10:38,10
13819,2/11/2011 10:38,2/3/2011 14:01,8
13821,3/23/2011 11:30,NULL,NULL
13821,7/18/2011 9:49,3/23/2011 11:30,117
13822,10/30/2011 15:55,NULL,NULL
13822,12/4/2011 12:13,10/30/2011 15:55,35
13823,9/9/2011 10:42,NULL,NULL
13823,11/21/2011 10:22,9/9/2011 10:42,73
13824,2/2/2011 13:07,NULL,NULL
13824,4/12/2011 8:42,2/2/2011 13:07,69
13824,5/20/2011 14:04,4/12/2011 8:42,38
13824,7/27/2011 9:22,5/20/2011 14:04,68
13824,11/7/2011 12:41,7/27/2011 9:22,103
13826,6/16/2011 13:48,NULL,NULL
13827,7/19/2011 15:38,NULL,NULL
13827,7/29/2011 11:45,7/19/2011 15:38,10
13827,10/13/2011 12:38,7/29/2011 11:45,76
13828,11/17/2011 16:02,NULL,NULL
13831,12/5/2010 12:13,NULL,NULL
13831,5/5/2011 8:33,12/5/2010 12:13,151
13831,5/23/2011 13:25,5/5/2011 8:33,18
13831,7/24/2011 12:26,5/23/2011 13:25,62
13831,9/13/2011 9:07,7/24/2011 12:26,51
13831,11/23/2011 15:41,9/13/2011 9:07,71
13832,11/20/2011 15:36,NULL,NULL
13833,7/3/2011 13:27,NULL,NULL
13835,5/8/2011 15:22,NULL,NULL
13835,7/7/2011 15:16,5/8/2011 15:22,60
13835,10/18/2011 12:44,7/7/2011 15:16,103
13835,11/14/2011 15:37,10/18/2011 12:44,27
13837,1/26/2011 12:15,NULL,NULL
13837,5/12/2011 12:10,1/26/2011 12:15,106
13838,12/5/2010 10:45,NULL,NULL
13838,8/14/2011 10:49,12/5/2010 10:45,252
13838,8/14/2011 10:52,8/14/2011 10:49,0
13838,12/4/2011 11:00,8/14/2011 10:52,112
13841,4/1/2011 12:10,NULL,NULL
13842,12/8/2010 10:39,NULL,NULL
13842,1/7/2011 10:27,12/8/2010 10:39,30
13842,2/3/2011 13:31,1/7/2011 10:27,27
13842,3/11/2011 12:11,2/3/2011 13:31,36
13842,4/26/2011 11:30,3/11/2011 12:11,46
13842,5/24/2011 10:50,4/26/2011 11:30,28
13842,7/7/2011 12:41,5/24/2011 10:50,44
13842,9/28/2011 14:56,7/7/2011 12:41,83
13842,10/12/2011 10:51,9/28/2011 14:56,14
13844,11/28/2011 13:21,NULL,NULL
13845,10/6/2011 8:25,NULL,NULL
13846,12/14/2010 16:07,NULL,NULL
13846,4/11/2011 15:03,12/14/2010 16:07,118
13846,11/15/2011 12:07,4/11/2011 15:03,218
13848,12/8/2010 15:10,NULL,NULL
13848,2/15/2011 10:17,12/8/2010 15:10,69
13848,9/8/2011 12:58,2/15/2011 10:17,205
13849,6/22/2011 10:11,NULL,NULL
13849,10/19/2011 10:59,6/22/2011 10:11,119
13850,8/2/2011 14:04,NULL,NULL
13851,2/24/2011 17:18,NULL,NULL
13851,8/3/2011 14:07,2/24/2011 17:18,160
13851,9/5/2011 12:36,8/3/2011 14:07,33
13853,10/13/2011 14:18,NULL,NULL
13854,12/9/2010 10:48,NULL,NULL
13854,12/17/2010 9:37,12/9/2010 10:48,8
13854,1/14/2011 11:47,12/17/2010 9:37,28
13854,1/24/2011 13:35,1/14/2011 11:47,10
13854,2/1/2011 15:15,1/24/2011 13:35,8
13854,2/10/2011 11:46,2/1/2011 15:15,9
13854,2/23/2011 12:50,2/10/2011 11:46,13
13854,3/8/2011 15:03,2/23/2011 12:50,13
13854,3/15/2011 12:37,3/8/2011 15:03,7
13854,3/21/2011 11:20,3/15/2011 12:37,6
13854,4/7/2011 13:18,3/21/2011 11:20,17
13854,4/17/2011 10:56,4/7/2011 13:18,10
13854,4/27/2011 14:25,4/17/2011 10:56,10
13854,5/18/2011 15:23,4/27/2011 14:25,21
13854,5/24/2011 13:02,5/18/2011 15:23,6
13854,5/27/2011 12:44,5/24/2011 13:02,3
13854,7/5/2011 11:58,5/27/2011 12:44,39
13854,7/20/2011 10:59,7/5/2011 11:58,15
13854,8/25/2011 12:59,7/20/2011 10:59,36
13854,9/8/2011 14:35,8/25/2011 12:59,14
13854,9/12/2011 15:04,9/8/2011 14:35,4
13854,10/5/2011 12:56,9/12/2011 15:04,23
13854,11/2/2011 13:18,10/5/2011 12:56,28
13854,11/15/2011 16:34,11/2/2011 13:18,13
13854,12/1/2011 9:06,11/15/2011 16:34,16
13856,5/20/2011 13:13,NULL,NULL
13856,6/9/2011 8:45,5/20/2011 13:13,20
13856,6/24/2011 10:03,6/9/2011 8:45,15
13858,10/13/2011 16:17,NULL,NULL
13859,1/17/2011 16:14,NULL,NULL
13860,9/14/2011 9:27,NULL,NULL
13860,10/18/2011 14:34,9/14/2011 9:27,34
13860,10/18/2011 14:34,10/18/2011 14:34,0
13860,11/25/2011 13:42,10/18/2011 14:34,38
13860,12/8/2011 12:57,11/25/2011 13:42,13
13862,1/11/2011 15:13,NULL,NULL
13862,2/22/2011 10:00,1/11/2011 15:13,42
13862,4/21/2011 17:10,2/22/2011 10:00,58
13862,6/5/2011 14:18,4/21/2011 17:10,45
13862,7/8/2011 13:00,6/5/2011 14:18,33
13862,8/23/2011 14:53,7/8/2011 13:00,46
13862,9/28/2011 9:15,8/23/2011 14:53,36
13862,11/21/2011 16:24,9/28/2011 9:15,54
13863,4/6/2011 10:20,NULL,NULL
13865,2/23/2011 12:04,NULL,NULL
13865,6/6/2011 8:04,2/23/2011 12:04,103
13865,7/26/2011 11:24,6/6/2011 8:04,50
13865,10/12/2011 13:31,7/26/2011 11:24,78
13866,9/26/2011 14:54,NULL,NULL
13867,5/5/2011 17:28,NULL,NULL
13867,9/26/2011 12:23,5/5/2011 17:28,144
13867,11/8/2011 15:48,9/26/2011 12:23,43
13868,11/1/2011 12:45,NULL,NULL
13868,12/2/2011 16:32,11/1/2011 12:45,31
13869,12/17/2010 15:14,NULL,NULL
13869,1/30/2011 15:54,12/17/2010 15:14,44
13869,3/22/2011 10:44,1/30/2011 15:54,51
13869,8/8/2011 13:53,3/22/2011 10:44,139
13870,2/25/2011 9:09,NULL,NULL
13870,6/24/2011 13:26,2/25/2011 9:09,119
13870,6/24/2011 13:29,6/24/2011 13:26,0
13870,7/28/2011 9:58,6/24/2011 13:29,34
13870,8/30/2011 11:32,7/28/2011 9:58,33
13870,10/30/2011 16:10,8/30/2011 11:32,61
13870,10/30/2011 16:11,10/30/2011 16:10,0
13870,12/7/2011 13:23,10/30/2011 16:11,38
13871,2/4/2011 9:30,NULL,NULL
13871,3/10/2011 12:26,2/4/2011 9:30,34
13871,3/24/2011 12:58,3/10/2011 12:26,14
13871,4/18/2011 12:36,3/24/2011 12:58,25
13871,5/17/2011 10:08,4/18/2011 12:36,29
13871,6/30/2011 10:19,5/17/2011 10:08,44
13871,7/28/2011 12:50,6/30/2011 10:19,28
13871,8/19/2011 13:54,7/28/2011 12:50,22
13871,9/8/2011 12:51,8/19/2011 13:54,20
13871,10/17/2011 12:12,9/8/2011 12:51,39
13871,10/17/2011 12:12,10/17/2011 12:12,0
13871,10/25/2011 15:03,10/17/2011 12:12,8
13871,11/17/2011 10:49,10/25/2011 15:03,23
13873,2/3/2011 9:37,NULL,NULL
13873,5/5/2011 9:13,2/3/2011 9:37,91
13873,8/12/2011 10:08,5/5/2011 9:13,99
13874,12/16/2010 18:20,NULL,NULL
13875,2/11/2011 15:39,NULL,NULL
13875,3/27/2011 11:14,2/11/2011 15:39,44
13875,6/8/2011 16:34,3/27/2011 11:14,73
13875,7/29/2011 9:11,6/8/2011 16:34,51
13875,10/17/2011 9:36,7/29/2011 9:11,80
13876,10/7/2011 10:22,NULL,NULL
13877,9/14/2011 15:49,NULL,NULL
13878,10/16/2011 12:19,NULL,NULL
13880,12/7/2010 14:00,NULL,NULL
13880,2/16/2011 8:15,12/7/2010 14:00,71
13880,3/1/2011 8:49,2/16/2011 8:15,13
13880,4/15/2011 14:32,3/1/2011 8:49,45
13880,5/6/2011 12:28,4/15/2011 14:32,21
13880,6/6/2011 10:09,5/6/2011 12:28,31
13880,7/17/2011 14:05,6/6/2011 10:09,41
13880,7/17/2011 14:07,7/17/2011 14:05,0
13880,9/13/2011 9:47,7/17/2011 14:07,58
13880,9/13/2011 9:48,9/13/2011 9:47,0
13880,9/13/2011 9:49,9/13/2011 9:48,0
13880,10/18/2011 13:15,9/13/2011 9:49,35
13880,11/18/2011 13:44,10/18/2011 13:15,31
13881,2/1/2011 10:14,NULL,NULL
13881,3/7/2011 9:35,2/1/2011 10:14,34
13881,4/11/2011 13:19,3/7/2011 9:35,35
13881,5/10/2011 10:43,4/11/2011 13:19,29
13881,6/23/2011 9:14,5/10/2011 10:43,44
13881,6/23/2011 9:15,6/23/2011 9:14,0
13881,6/23/2011 14:25,6/23/2011 9:15,0
13881,7/21/2011 14:52,6/23/2011 14:25,28
13881,8/24/2011 14:59,7/21/2011 14:52,34
13881,9/5/2011 11:41,8/24/2011 14:59,12
13881,9/5/2011 11:43,9/5/2011 11:41,0
13881,9/29/2011 12:24,9/5/2011 11:43,24
13881,10/4/2011 9:26,9/29/2011 12:24,5
13881,10/17/2011 12:52,10/4/2011 9:26,13
13881,11/1/2011 10:30,10/17/2011 12:52,15
13881,11/14/2011 16:17,11/1/2011 10:30,13
13881,11/22/2011 8:19,11/14/2011 16:17,8
13881,11/28/2011 15:09,11/22/2011 8:19,6
13881,11/28/2011 15:10,11/28/2011 15:09,0
13881,12/6/2011 12:50,11/28/2011 15:10,8
13882,10/6/2011 15:28,NULL,NULL
13882,10/27/2011 12:53,10/6/2011 15:28,21
13882,11/9/2011 14:58,10/27/2011 12:53,13
13882,11/28/2011 13:08,11/9/2011 14:58,19
13882,12/7/2011 11:16,11/28/2011 13:08,9
13883,3/31/2011 17:17,NULL,NULL
13883,5/5/2011 12:37,3/31/2011 17:17,35
13883,5/5/2011 12:38,5/5/2011 12:37,0
13883,5/5/2011 12:39,5/5/2011 12:38,0
13883,11/29/2011 10:45,5/5/2011 12:39,208
13884,3/1/2011 13:40,NULL,NULL
13884,3/7/2011 12:46,3/1/2011 13:40,6
13884,3/7/2011 12:53,3/7/2011 12:46,0
13884,9/11/2011 13:58,3/7/2011 12:53,188
13884,12/2/2011 16:30,9/11/2011 13:58,82
13885,5/23/2011 8:52,NULL,NULL
13885,6/3/2011 15:07,5/23/2011 8:52,11
13886,9/29/2011 13:17,NULL,NULL
13887,5/19/2011 17:22,NULL,NULL
13888,5/5/2011 14:41,NULL,NULL
13888,8/12/2011 10:13,5/5/2011 14:41,99
13889,9/8/2011 9:13,NULL,NULL
13890,12/16/2010 9:31,NULL,NULL
13890,8/24/2011 13:12,12/16/2010 9:31,251
13890,10/20/2011 8:41,8/24/2011 13:12,57
13890,11/2/2011 9:59,10/20/2011 8:41,13
13890,11/7/2011 11:55,11/2/2011 9:59,5
13890,11/16/2011 9:35,11/7/2011 11:55,9
13890,11/17/2011 14:46,11/16/2011 9:35,1
13890,12/1/2011 12:11,11/17/2011 14:46,14
13890,12/8/2011 15:29,12/1/2011 12:11,7
13890,12/8/2011 15:36,12/8/2011 15:29,0
13892,4/7/2011 12:04,NULL,NULL
13892,10/6/2011 16:25,4/7/2011 12:04,182
13892,10/18/2011 8:15,10/6/2011 16:25,12
13892,11/13/2011 11:50,10/18/2011 8:15,26
13893,2/15/2011 11:30,NULL,NULL
13894,2/2/2011 12:54,NULL,NULL
13894,11/16/2011 9:43,2/2/2011 12:54,287
13894,11/16/2011 9:44,11/16/2011 9:43,0
13895,6/28/2011 10:17,NULL,NULL
13895,7/19/2011 14:03,6/28/2011 10:17,21
13895,10/4/2011 11:33,7/19/2011 14:03,77
13895,11/11/2011 16:57,10/4/2011 11:33,38
13897,10/20/2011 14:30,NULL,NULL
13898,1/18/2011 10:28,NULL,NULL
13899,3/10/2011 9:30,NULL,NULL
13899,11/23/2011 13:40,3/10/2011 9:30,258
13900,3/22/2011 10:13,NULL,NULL
13900,5/31/2011 12:11,3/22/2011 10:13,70
13900,6/9/2011 19:26,5/31/2011 12:11,9
13901,1/25/2011 9:01,NULL,NULL
13901,3/28/2011 14:33,1/25/2011 9:01,62
13901,7/4/2011 12:25,3/28/2011 14:33,98
13901,8/24/2011 12:36,7/4/2011 12:25,51
13901,9/28/2011 14:48,8/24/2011 12:36,35
13904,2/18/2011 11:18,NULL,NULL
13904,11/2/2011 13:41,2/18/2011 11:18,257
13908,3/8/2011 12:04,NULL,NULL
13908,5/9/2011 10:24,3/8/2011 12:04,62
13908,8/5/2011 11:46,5/9/2011 10:24,88
13908,9/21/2011 11:49,8/5/2011 11:46,47
13911,2/4/2011 14:46,NULL,NULL
13911,2/14/2011 14:13,2/4/2011 14:46,10
13911,3/20/2011 10:33,2/14/2011 14:13,34
13911,4/8/2011 10:01,3/20/2011 10:33,19
13911,5/8/2011 15:20,4/8/2011 10:01,30
13911,5/26/2011 19:13,5/8/2011 15:20,18
13911,7/13/2011 10:09,5/26/2011 19:13,48
13911,7/18/2011 13:30,7/13/2011 10:09,5
13911,10/13/2011 15:43,7/18/2011 13:30,87
13914,11/3/2011 16:28,NULL,NULL
13914,11/28/2011 10:35,11/3/2011 16:28,25
13917,6/1/2011 12:46,NULL,NULL
13917,10/21/2011 9:56,6/1/2011 12:46,142
13918,3/31/2011 18:05,NULL,NULL
13918,10/21/2011 12:25,3/31/2011 18:05,204
13919,8/10/2011 10:15,NULL,NULL
13919,10/11/2011 14:24,8/10/2011 10:15,62
13922,12/23/2010 10:38,NULL,NULL
13923,10/17/2011 12:33,NULL,NULL
13924,9/28/2011 15:07,NULL,NULL
13924,10/26/2011 13:44,9/28/2011 15:07,28
13924,11/8/2011 9:47,10/26/2011 13:44,13
13924,11/16/2011 15:39,11/8/2011 9:47,8
13924,11/22/2011 11:28,11/16/2011 15:39,6
13924,12/8/2011 9:39,11/22/2011 11:28,16
13925,7/28/2011 12:09,NULL,NULL
13925,8/10/2011 12:41,7/28/2011 12:09,13
13925,9/8/2011 12:47,8/10/2011 12:41,29
13925,9/8/2011 12:47,9/8/2011 12:47,0
13926,11/16/2011 13:16,NULL,NULL
13927,9/26/2011 12:00,NULL,NULL
13928,7/29/2011 15:59,NULL,NULL
13928,8/25/2011 12:13,7/29/2011 15:59,27
13928,11/8/2011 14:49,8/25/2011 12:13,75
13928,11/29/2011 10:33,11/8/2011 14:49,21
13929,1/17/2011 15:11,NULL,NULL
13929,6/23/2011 15:26,1/17/2011 15:11,157
13930,7/26/2011 11:00,NULL,NULL
13930,10/13/2011 9:45,7/26/2011 11:00,79
13931,3/4/2011 8:43,NULL,NULL
13931,9/5/2011 10:12,3/4/2011 8:43,185
13932,2/18/2011 12:02,NULL,NULL
13933,7/14/2011 13:35,NULL,NULL
13933,8/22/2011 14:03,7/14/2011 13:35,39
13934,3/21/2011 8:39,NULL,NULL
13936,6/13/2011 8:47,NULL,NULL
13937,6/23/2011 16:35,NULL,NULL
13938,11/4/2011 14:37,NULL,NULL
13939,2/1/2011 11:30,NULL,NULL
13939,8/23/2011 11:53,2/1/2011 11:30,203
13939,11/16/2011 13:33,8/23/2011 11:53,85
13940,7/18/2011 16:05,NULL,NULL
13940,8/15/2011 12:47,7/18/2011 16:05,28
13940,10/6/2011 16:15,8/15/2011 12:47,52
13940,11/22/2011 15:15,10/6/2011 16:15,47
13941,12/2/2010 10:17,NULL,NULL
13941,2/15/2011 12:12,12/2/2010 10:17,75
13941,6/21/2011 9:44,2/15/2011 12:12,126
13941,9/11/2011 12:00,6/21/2011 9:44,82
13941,11/18/2011 9:43,9/11/2011 12:00,68
13946,3/17/2011 10:02,NULL,NULL
13946,5/22/2011 12:03,3/17/2011 10:02,66
13946,9/21/2011 13:33,5/22/2011 12:03,122
13947,10/5/2011 14:42,NULL,NULL
13948,12/14/2010 10:18,NULL,NULL
13949,9/6/2011 11:55,NULL,NULL
13949,9/23/2011 10:14,9/6/2011 11:55,17
13949,10/5/2011 11:25,9/23/2011 10:14,12
13949,10/30/2011 15:35,10/5/2011 11:25,25
13949,11/15/2011 11:30,10/30/2011 15:35,16
13949,12/7/2011 9:35,11/15/2011 11:30,22
13950,4/7/2011 11:29,NULL,NULL
13950,9/27/2011 14:52,4/7/2011 11:29,173
13950,11/15/2011 12:13,9/27/2011 14:52,49
13950,11/28/2011 14:44,11/15/2011 12:13,13
13951,2/18/2011 15:21,NULL,NULL
13951,4/17/2011 13:20,2/18/2011 15:21,58
13951,6/16/2011 16:43,4/17/2011 13:20,60
13952,4/15/2011 9:27,NULL,NULL
13952,5/6/2011 9:00,4/15/2011 9:27,21
13953,12/22/2010 10:29,NULL,NULL
13953,3/10/2011 7:43,12/22/2010 10:29,78
13953,5/13/2011 9:21,3/10/2011 7:43,64
13953,6/28/2011 13:10,5/13/2011 9:21,46
13953,8/16/2011 10:03,6/28/2011 13:10,49
13953,10/18/2011 10:55,8/16/2011 10:03,63
13953,12/2/2011 16:04,10/18/2011 10:55,45
13954,9/30/2011 10:52,NULL,NULL
13954,12/8/2011 12:50,9/30/2011 10:52,69
13955,2/7/2011 12:24,NULL,NULL
13955,7/8/2011 17:19,2/7/2011 12:24,151
13956,3/13/2011 12:51,NULL,NULL
13956,4/10/2011 16:04,3/13/2011 12:51,28
13956,7/24/2011 16:12,4/10/2011 16:04,105
13956,10/16/2011 15:56,7/24/2011 16:12,84
13956,12/4/2011 13:20,10/16/2011 15:56,49
13959,12/12/2010 13:56,NULL,NULL
13959,3/3/2011 18:16,12/12/2010 13:56,81
13959,9/21/2011 15:06,3/3/2011 18:16,202
13960,9/29/2011 12:39,NULL,NULL
13960,11/18/2011 15:27,9/29/2011 12:39,50
13962,4/8/2011 11:21,NULL,NULL
13962,11/18/2011 8:47,4/8/2011 11:21,224
13963,12/7/2010 9:21,NULL,NULL
13963,1/4/2011 11:48,12/7/2010 9:21,28
13963,1/23/2011 15:45,1/4/2011 11:48,19
13963,2/4/2011 14:43,1/23/2011 15:45,12
13967,7/17/2011 12:02,NULL,NULL
13969,12/9/2010 19:32,NULL,NULL
13969,1/21/2011 13:13,12/9/2010 19:32,43
13969,3/17/2011 19:46,1/21/2011 13:13,55
13969,4/21/2011 18:22,3/17/2011 19:46,35
13969,5/5/2011 18:04,4/21/2011 18:22,14
13969,5/5/2011 18:09,5/5/2011 18:04,0
13969,6/9/2011 18:41,5/5/2011 18:09,35
13969,6/23/2011 19:20,6/9/2011 18:41,14
13969,7/21/2011 9:43,6/23/2011 19:20,28
13969,8/4/2011 16:31,7/21/2011 9:43,14
13969,8/24/2011 15:47,8/4/2011 16:31,20
13969,10/11/2011 15:36,8/24/2011 15:47,48
13969,10/27/2011 16:41,10/11/2011 15:36,16
13969,11/1/2011 15:34,10/27/2011 16:41,5
13969,11/17/2011 14:56,11/1/2011 15:34,16
13969,11/23/2011 8:43,11/17/2011 14:56,6
13969,12/1/2011 14:38,11/23/2011 8:43,8
13969,12/2/2011 15:11,12/1/2011 14:38,1
13971,2/27/2011 12:27,NULL,NULL
13971,3/15/2011 12:54,2/27/2011 12:27,16
13971,5/9/2011 12:42,3/15/2011 12:54,55
13971,6/14/2011 8:03,5/9/2011 12:42,36
13971,8/22/2011 11:57,6/14/2011 8:03,69
13971,8/25/2011 14:23,8/22/2011 11:57,3
13971,10/11/2011 10:41,8/25/2011 14:23,47
13971,11/21/2011 12:06,10/11/2011 10:41,41
13972,5/22/2011 11:34,NULL,NULL
13972,9/30/2011 11:54,5/22/2011 11:34,131
13973,2/25/2011 15:21,NULL,NULL
13974,10/21/2011 14:41,NULL,NULL
13975,3/8/2011 12:19,NULL,NULL
13975,5/8/2011 11:41,3/8/2011 12:19,61
13975,7/29/2011 14:13,5/8/2011 11:41,82
13975,8/3/2011 13:39,7/29/2011 14:13,5
13975,11/8/2011 13:10,8/3/2011 13:39,97
13975,11/8/2011 13:19,11/8/2011 13:10,0
13976,5/17/2011 9:13,NULL,NULL
13978,10/25/2011 15:04,NULL,NULL
13978,11/25/2011 11:36,10/25/2011 15:04,31
13979,9/27/2011 13:32,NULL,NULL
13980,10/10/2011 13:34,NULL,NULL
13982,12/9/2010 13:57,NULL,NULL
13982,1/17/2011 13:08,12/9/2010 13:57,39
13982,6/29/2011 15:11,1/17/2011 13:08,163
13982,10/31/2011 16:24,6/29/2011 15:11,124
13983,12/8/2010 10:38,NULL,NULL
13983,1/17/2011 14:51,12/8/2010 10:38,40
13983,1/17/2011 15:05,1/17/2011 14:51,0
13983,2/7/2011 12:46,1/17/2011 15:05,21
13983,3/16/2011 11:09,2/7/2011 12:46,37
13983,4/21/2011 17:31,3/16/2011 11:09,36
13983,6/5/2011 16:02,4/21/2011 17:31,45
13983,6/5/2011 16:05,6/5/2011 16:02,0
13983,9/12/2011 11:41,6/5/2011 16:05,99
13983,10/12/2011 14:33,9/12/2011 11:41,30
13983,10/31/2011 12:05,10/12/2011 14:33,19
13983,11/10/2011 11:06,10/31/2011 12:05,10
13984,12/8/2010 15:58,NULL,NULL
13984,1/18/2011 13:40,12/8/2010 15:58,41
13984,4/4/2011 11:01,1/18/2011 13:40,76
13984,8/5/2011 14:30,4/4/2011 11:01,123
13984,11/13/2011 12:38,8/5/2011 14:30,100
13985,3/20/2011 13:48,NULL,NULL
13985,5/9/2011 8:26,3/20/2011 13:48,50
13985,6/8/2011 13:54,5/9/2011 8:26,30
13985,7/6/2011 12:32,6/8/2011 13:54,28
13985,8/4/2011 12:05,7/6/2011 12:32,29
13985,8/11/2011 9:34,8/4/2011 12:05,7
13985,8/24/2011 13:11,8/11/2011 9:34,13
13985,9/29/2011 8:53,8/24/2011 13:11,36
13985,10/12/2011 11:45,9/29/2011 8:53,13
13985,10/28/2011 13:14,10/12/2011 11:45,16
13985,11/7/2011 16:34,10/28/2011 13:14,10
13985,11/18/2011 9:19,11/7/2011 16:34,11
13985,11/22/2011 16:26,11/18/2011 9:19,4
13985,11/25/2011 10:02,11/22/2011 16:26,3
13985,12/5/2011 17:06,11/25/2011 10:02,10
13986,11/22/2011 15:00,NULL,NULL
13988,3/30/2011 11:48,NULL,NULL
13988,5/23/2011 9:43,3/30/2011 11:48,54
13988,6/30/2011 11:54,5/23/2011 9:43,38
13988,9/28/2011 10:54,6/30/2011 11:54,90
13988,10/27/2011 10:36,9/28/2011 10:54,29
13988,11/20/2011 10:15,10/27/2011 10:36,24
13989,4/14/2011 15:39,NULL,NULL
13989,10/5/2011 9:47,4/14/2011 15:39,174
13990,5/10/2011 15:19,NULL,NULL
13991,7/19/2011 12:58,NULL,NULL
13991,9/25/2011 13:47,7/19/2011 12:58,68
13991,10/18/2011 13:19,9/25/2011 13:47,23
13991,11/23/2011 12:38,10/18/2011 13:19,36
13991,11/27/2011 16:02,11/23/2011 12:38,4
13991,11/27/2011 16:18,11/27/2011 16:02,0
13992,11/9/2011 15:23,NULL,NULL
13993,1/13/2011 10:43,NULL,NULL
13993,2/23/2011 12:25,1/13/2011 10:43,41
13993,4/15/2011 12:35,2/23/2011 12:25,51
13993,5/18/2011 12:21,4/15/2011 12:35,33
13993,7/17/2011 12:52,5/18/2011 12:21,60
13993,8/31/2011 12:31,7/17/2011 12:52,45
13993,9/11/2011 12:16,8/31/2011 12:31,11
13993,10/6/2011 18:45,9/11/2011 12:16,25
13993,10/28/2011 9:06,10/6/2011 18:45,22
13994,7/14/2011 18:28,NULL,NULL
13994,8/26/2011 11:35,7/14/2011 18:28,43
13994,9/23/2011 10:17,8/26/2011 11:35,28
13994,10/3/2011 15:28,9/23/2011 10:17,10
13994,10/31/2011 11:10,10/3/2011 15:28,28
13994,12/6/2011 11:05,10/31/2011 11:10,36
13995,4/8/2011 8:20,NULL,NULL
13995,7/21/2011 8:44,4/8/2011 8:20,104
13995,8/16/2011 9:00,7/21/2011 8:44,26
13995,10/14/2011 12:55,8/16/2011 9:00,59
13995,11/24/2011 14:22,10/14/2011 12:55,41
13999,12/13/2010 11:23,NULL,NULL
13999,1/21/2011 13:05,12/13/2010 11:23,39
13999,3/30/2011 9:36,1/21/2011 13:05,68
13999,5/9/2011 14:40,3/30/2011 9:36,40
13999,6/13/2011 14:59,5/9/2011 14:40,35
13999,7/6/2011 15:53,6/13/2011 14:59,23
13999,7/27/2011 10:29,7/6/2011 15:53,21
13999,8/16/2011 11:48,7/27/2011 10:29,20
13999,9/5/2011 11:19,8/16/2011 11:48,20
13999,10/6/2011 9:48,9/5/2011 11:19,31
13999,11/11/2011 11:38,10/6/2011 9:48,36
13999,11/29/2011 13:40,11/11/2011 11:38,18
14000,5/12/2011 16:50,NULL,NULL
14001,12/1/2010 12:58,NULL,NULL
14001,4/21/2011 9:26,12/1/2010 12:58,141
14001,10/25/2011 10:31,4/21/2011 9:26,187
14002,7/6/2011 14:59,NULL,NULL
14002,7/28/2011 15:55,7/6/2011 14:59,22
14004,2/24/2011 9:28,NULL,NULL
14004,6/19/2011 11:44,2/24/2011 9:28,115
14004,8/4/2011 17:38,6/19/2011 11:44,46
14004,8/23/2011 12:21,8/4/2011 17:38,19
14004,9/2/2011 13:50,8/23/2011 12:21,10
14004,9/22/2011 12:42,9/2/2011 13:50,20
14004,10/27/2011 14:40,9/22/2011 12:42,35
14005,5/8/2011 10:33,NULL,NULL
14005,6/17/2011 8:09,5/8/2011 10:33,40
14005,7/29/2011 10:00,6/17/2011 8:09,42
14005,9/25/2011 11:29,7/29/2011 10:00,58
14005,11/30/2011 12:41,9/25/2011 11:29,66
14006,1/31/2011 15:11,NULL,NULL
14006,4/12/2011 16:17,1/31/2011 15:11,71
14006,8/16/2011 9:39,4/12/2011 16:17,126
14009,5/18/2011 13:00,NULL,NULL
14009,5/25/2011 15:47,5/18/2011 13:00,7
14012,3/7/2011 12:26,NULL,NULL
14013,3/9/2011 8:59,NULL,NULL
14013,7/17/2011 10:39,3/9/2011 8:59,130
14013,8/21/2011 15:01,7/17/2011 10:39,35
14014,9/23/2011 13:18,NULL,NULL
14015,10/18/2011 10:02,NULL,NULL
14016,12/17/2010 14:21,NULL,NULL
14016,3/15/2011 10:53,12/17/2010 14:21,88
14016,5/16/2011 9:40,3/15/2011 10:53,62
14016,7/1/2011 11:29,5/16/2011 9:40,46
14019,7/24/2011 15:39,NULL,NULL
14019,9/2/2011 12:51,7/24/2011 15:39,40
14019,10/24/2011 10:13,9/2/2011 12:51,52
14020,9/12/2011 15:32,NULL,NULL
14020,11/23/2011 9:22,9/12/2011 15:32,72
14021,3/28/2011 15:10,NULL,NULL
14021,5/12/2011 13:37,3/28/2011 15:10,45
14021,7/7/2011 15:46,5/12/2011 13:37,56
14022,4/28/2011 14:39,NULL,NULL
14023,4/3/2011 15:50,NULL,NULL
14023,12/2/2011 13:58,4/3/2011 15:50,243
14024,8/7/2011 13:31,NULL,NULL
14024,8/10/2011 11:30,8/7/2011 13:31,3
14027,10/10/2011 9:01,NULL,NULL
14029,7/18/2011 16:57,NULL,NULL
14029,10/7/2011 14:46,7/18/2011 16:57,81
14030,12/8/2010 16:11,NULL,NULL
14030,12/8/2010 16:29,12/8/2010 16:11,0
14030,2/7/2011 16:21,12/8/2010 16:29,61
14030,4/8/2011 11:54,2/7/2011 16:21,60
14030,4/10/2011 14:02,4/8/2011 11:54,2
14030,8/10/2011 16:19,4/10/2011 14:02,122
14030,9/11/2011 15:52,8/10/2011 16:19,32
14030,11/21/2011 16:48,9/11/2011 15:52,71
14031,12/2/2010 16:34,NULL,NULL
14031,12/9/2010 17:34,12/2/2010 16:34,7
14031,12/17/2010 15:52,12/9/2010 17:34,8
14031,1/6/2011 18:33,12/17/2010 15:52,20
14031,1/19/2011 16:19,1/6/2011 18:33,13
14031,3/4/2011 17:02,1/19/2011 16:19,44
14031,3/31/2011 17:12,3/4/2011 17:02,27
14031,4/21/2011 17:05,3/31/2011 17:12,21
14031,4/21/2011 17:06,4/21/2011 17:05,0
14031,5/13/2011 17:15,4/21/2011 17:06,22
14031,5/27/2011 17:14,5/13/2011 17:15,14
14031,6/24/2011 17:35,5/27/2011 17:14,28
14031,8/5/2011 14:49,6/24/2011 17:35,42
14031,9/26/2011 17:20,8/5/2011 14:49,52
14031,10/3/2011 16:48,9/26/2011 17:20,7
14031,10/3/2011 16:50,10/3/2011 16:48,0
14031,10/21/2011 16:48,10/3/2011 16:50,18
14031,11/18/2011 17:06,10/21/2011 16:48,28
14031,12/2/2011 17:13,11/18/2011 17:06,14
14032,12/8/2010 10:53,NULL,NULL
14032,12/19/2010 11:19,12/8/2010 10:53,11
14032,3/9/2011 9:44,12/19/2010 11:19,80
14032,4/12/2011 15:30,3/9/2011 9:44,34
14032,5/17/2011 15:25,4/12/2011 15:30,35
14032,6/24/2011 11:08,5/17/2011 15:25,38
14032,9/13/2011 14:51,6/24/2011 11:08,81
14032,11/2/2011 9:22,9/13/2011 14:51,50
14032,11/17/2011 11:51,11/2/2011 9:22,15
14032,11/23/2011 16:24,11/17/2011 11:51,6
14032,12/7/2011 15:23,11/23/2011 16:24,14
14034,7/5/2011 13:06,NULL,NULL
14034,7/5/2011 13:15,7/5/2011 13:06,0
14034,11/17/2011 14:02,7/5/2011 13:15,135
14035,2/15/2011 12:48,NULL,NULL
14035,3/17/2011 10:01,2/15/2011 12:48,30
14035,8/24/2011 13:15,3/17/2011 10:01,160
14035,10/23/2011 15:45,8/24/2011 13:15,60
14035,11/11/2011 10:03,10/23/2011 15:45,19
14036,2/28/2011 9:26,NULL,NULL
14037,12/10/2010 11:39,NULL,NULL
14037,6/16/2011 13:57,12/10/2010 11:39,188
14038,5/16/2011 14:05,NULL,NULL
14038,7/18/2011 15:15,5/16/2011 14:05,63
14038,9/22/2011 13:37,7/18/2011 15:15,66
14039,11/6/2011 13:48,NULL,NULL
14040,1/12/2011 14:57,NULL,NULL
14040,1/27/2011 11:15,1/12/2011 14:57,15
14040,1/30/2011 10:19,1/27/2011 11:15,3
14040,4/14/2011 12:00,1/30/2011 10:19,74
14040,5/8/2011 12:44,4/14/2011 12:00,24
14040,6/9/2011 13:51,5/8/2011 12:44,32
14040,7/27/2011 12:58,6/9/2011 13:51,48
14040,8/14/2011 12:03,7/27/2011 12:58,18
14040,8/14/2011 12:12,8/14/2011 12:03,0
14040,9/6/2011 14:29,8/14/2011 12:12,23
14040,10/9/2011 13:58,9/6/2011 14:29,33
14040,10/30/2011 12:42,10/9/2011 13:58,21
14041,3/18/2011 13:25,NULL,NULL
14044,2/3/2011 11:39,NULL,NULL
14044,7/17/2011 13:32,2/3/2011 11:39,164
14044,8/28/2011 14:39,7/17/2011 13:32,42
14044,11/13/2011 12:05,8/28/2011 14:39,77
14045,12/1/2010 11:32,NULL,NULL
14045,1/6/2011 8:52,12/1/2010 11:32,36
14045,1/6/2011 10:01,1/6/2011 8:52,0
14045,8/22/2011 15:27,1/6/2011 10:01,228
14046,2/28/2011 14:48,NULL,NULL
14047,12/2/2010 10:09,NULL,NULL
14047,1/7/2011 9:23,12/2/2010 10:09,36
14047,5/24/2011 11:35,1/7/2011 9:23,137
14047,9/27/2011 14:08,5/24/2011 11:35,126
14047,12/1/2011 11:43,9/27/2011 14:08,65
14048,2/7/2011 14:53,NULL,NULL
14049,1/26/2011 11:27,NULL,NULL
14049,5/23/2011 11:07,1/26/2011 11:27,117
14049,7/4/2011 11:47,5/23/2011 11:07,42
14049,11/23/2011 12:20,7/4/2011 11:47,142
14050,8/25/2011 13:46,NULL,NULL
14050,11/8/2011 10:00,8/25/2011 13:46,75
14051,12/8/2010 12:49,NULL,NULL
14051,12/14/2010 15:02,12/8/2010 12:49,6
14051,12/20/2010 15:14,12/14/2010 15:02,6
14051,1/28/2011 15:09,12/20/2010 15:14,39
14051,2/16/2011 13:14,1/28/2011 15:09,19
14051,2/25/2011 15:37,2/16/2011 13:14,9
14051,3/22/2011 14:56,2/25/2011 15:37,25
14051,4/14/2011 18:28,3/22/2011 14:56,23
14051,4/27/2011 12:50,4/14/2011 18:28,13
14051,5/10/2011 15:04,4/27/2011 12:50,13
14051,5/10/2011 15:05,5/10/2011 15:04,0
14051,6/19/2011 10:34,5/10/2011 15:05,40
14051,7/5/2011 13:01,6/19/2011 10:34,16
14051,7/21/2011 10:29,7/5/2011 13:01,16
14051,8/18/2011 17:39,7/21/2011 10:29,28
14051,9/9/2011 10:16,8/18/2011 17:39,22
14051,10/2/2011 14:37,9/9/2011 10:16,23
14051,10/11/2011 8:30,10/2/2011 14:37,9
14051,10/26/2011 10:15,10/11/2011 8:30,15
14051,11/9/2011 8:50,10/26/2011 10:15,14
14051,11/22/2011 16:31,11/9/2011 8:50,13
14051,12/1/2011 13:27,11/22/2011 16:31,9
14051,12/9/2011 10:20,12/1/2011 13:27,8
14052,11/20/2011 12:30,NULL,NULL
14053,7/3/2011 12:21,NULL,NULL
14053,8/7/2011 14:27,7/3/2011 12:21,35
14054,10/5/2011 15:49,NULL,NULL
14055,8/25/2011 15:04,NULL,NULL
14056,2/28/2011 15:19,NULL,NULL
14056,3/10/2011 16:16,2/28/2011 15:19,10
14056,3/17/2011 19:01,3/10/2011 16:16,7
14056,3/24/2011 18:20,3/17/2011 19:01,7
14056,3/31/2011 15:43,3/24/2011 18:20,7
14056,4/15/2011 15:58,3/31/2011 15:43,15
14056,5/6/2011 16:54,4/15/2011 15:58,21
14056,5/11/2011 13:16,5/6/2011 16:54,5
14056,5/20/2011 10:33,5/11/2011 13:16,9
14056,5/26/2011 17:15,5/20/2011 10:33,6
14056,6/8/2011 16:54,5/26/2011 17:15,13
14056,7/4/2011 15:29,6/8/2011 16:54,26
14056,7/20/2011 14:55,7/4/2011 15:29,16
14056,8/3/2011 16:35,7/20/2011 14:55,14
14056,8/9/2011 16:17,8/3/2011 16:35,6
14056,8/10/2011 11:24,8/9/2011 16:17,1
14056,8/24/2011 16:02,8/10/2011 11:24,14
14056,9/16/2011 16:25,8/24/2011 16:02,23
14056,10/4/2011 13:25,9/16/2011 16:25,18
14056,10/18/2011 16:46,10/4/2011 13:25,14
14056,11/4/2011 15:50,10/18/2011 16:46,17
14056,11/24/2011 13:25,11/4/2011 15:50,20
14056,12/8/2011 13:36,11/24/2011 13:25,14
14057,12/14/2010 12:11,NULL,NULL
14057,12/14/2010 13:51,12/14/2010 12:11,0
14057,2/18/2011 11:27,12/14/2010 13:51,66
14057,3/3/2011 14:56,2/18/2011 11:27,13
14057,3/4/2011 13:58,3/3/2011 14:56,1
14057,4/14/2011 8:26,3/4/2011 13:58,41
14057,4/14/2011 8:27,4/14/2011 8:26,0
14057,5/24/2011 15:56,4/14/2011 8:27,40
14057,6/30/2011 13:45,5/24/2011 15:56,37
14057,7/24/2011 15:39,6/30/2011 13:45,24
14057,8/16/2011 12:21,7/24/2011 15:39,23
14057,8/22/2011 11:44,8/16/2011 12:21,6
14057,8/31/2011 9:55,8/22/2011 11:44,9
14057,9/11/2011 14:58,8/31/2011 9:55,11
14057,10/4/2011 12:45,9/11/2011 14:58,23
14057,10/4/2011 12:46,10/4/2011 12:45,0
14057,11/16/2011 10:32,10/4/2011 12:46,43
14059,3/18/2011 10:06,NULL,NULL
14060,12/2/2010 12:11,NULL,NULL
14060,12/8/2010 12:40,12/2/2010 12:11,6
14060,12/15/2010 11:15,12/8/2010 12:40,7
14060,1/10/2011 14:20,12/15/2010 11:15,26
14060,1/26/2011 10:10,1/10/2011 14:20,16
14060,2/22/2011 12:13,1/26/2011 10:10,27
14060,3/14/2011 13:36,2/22/2011 12:13,20
14060,4/13/2011 8:26,3/14/2011 13:36,30
14060,4/21/2011 18:59,4/13/2011 8:26,8
14060,5/18/2011 13:50,4/21/2011 18:59,27
14060,6/9/2011 10:46,5/18/2011 13:50,22
14060,7/17/2011 11:26,6/9/2011 10:46,38
14060,8/1/2011 10:08,7/17/2011 11:26,15
14060,8/23/2011 16:49,8/1/2011 10:08,22
14060,9/13/2011 10:25,8/23/2011 16:49,21
14060,9/21/2011 13:01,9/13/2011 10:25,8
14060,10/14/2011 12:25,9/21/2011 13:01,23
14060,11/17/2011 12:59,10/14/2011 12:25,34
14060,12/5/2011 12:29,11/17/2011 12:59,18
14062,12/10/2010 15:56,NULL,NULL
14062,12/20/2010 13:24,12/10/2010 15:56,10
14062,12/20/2010 14:51,12/20/2010 13:24,0
14062,1/20/2011 14:18,12/20/2010 14:51,31
14062,4/13/2011 15:36,1/20/2011 14:18,83
14062,4/14/2011 15:46,4/13/2011 15:36,1
14062,6/16/2011 17:35,4/14/2011 15:46,63
14062,7/18/2011 9:38,6/16/2011 17:35,32
14062,8/19/2011 11:56,7/18/2011 9:38,32
14062,9/9/2011 10:31,8/19/2011 11:56,21
14062,9/29/2011 9:44,9/9/2011 10:31,20
14062,11/30/2011 10:04,9/29/2011 9:44,62
14064,3/10/2011 12:59,NULL,NULL
14064,3/31/2011 13:14,3/10/2011 12:59,21
14064,5/12/2011 12:30,3/31/2011 13:14,42
14064,8/18/2011 18:11,5/12/2011 12:30,98
14064,11/10/2011 13:14,8/18/2011 18:11,84
14066,3/18/2011 12:21,NULL,NULL
14067,9/4/2011 12:00,NULL,NULL
14067,10/7/2011 10:21,9/4/2011 12:00,33
14068,1/23/2011 16:02,NULL,NULL
14071,3/20/2011 11:33,NULL,NULL
14071,3/24/2011 13:28,3/20/2011 11:33,4
14071,10/23/2011 14:33,3/24/2011 13:28,213
14071,10/28/2011 16:45,10/23/2011 14:33,5
14071,11/8/2011 12:25,10/28/2011 16:45,11
14071,11/20/2011 14:07,11/8/2011 12:25,12
14071,12/6/2011 12:12,11/20/2011 14:07,16
14071,12/6/2011 12:27,12/6/2011 12:12,0
14073,11/7/2011 15:49,NULL,NULL
14075,3/23/2011 16:35,NULL,NULL
14075,11/20/2011 12:32,3/23/2011 16:35,242
14075,12/5/2011 8:38,11/20/2011 12:32,15
14076,8/2/2011 15:19,NULL,NULL
14077,3/10/2011 15:52,NULL,NULL
14077,4/28/2011 14:04,3/10/2011 15:52,49
14077,6/10/2011 14:31,4/28/2011 14:04,43
14077,9/22/2011 13:44,6/10/2011 14:31,104
14077,10/30/2011 12:35,9/22/2011 13:44,38
14078,12/1/2010 12:54,NULL,NULL
14078,2/28/2011 14:15,12/1/2010 12:54,89
14078,4/27/2011 11:26,2/28/2011 14:15,58
14078,5/10/2011 13:26,4/27/2011 11:26,13
14078,6/8/2011 12:49,5/10/2011 13:26,29
14078,8/30/2011 12:16,6/8/2011 12:49,83
14079,8/7/2011 12:10,NULL,NULL
14080,11/7/2011 11:09,NULL,NULL
14081,12/5/2010 15:47,NULL,NULL
14081,2/10/2011 16:17,12/5/2010 15:47,67
14082,12/10/2010 11:02,NULL,NULL
14083,12/3/2010 12:24,NULL,NULL
14083,12/20/2010 15:22,12/3/2010 12:24,17
14083,12/20/2010 15:26,12/20/2010 15:22,0
14083,3/11/2011 14:03,12/20/2010 15:26,81
14083,5/24/2011 15:22,3/11/2011 14:03,74
14083,7/29/2011 15:42,5/24/2011 15:22,66
14083,8/5/2011 14:31,7/29/2011 15:42,7
14083,12/2/2011 10:35,8/5/2011 14:31,119
14083,12/5/2011 13:14,12/2/2011 10:35,3
14085,12/6/2010 12:39,NULL,NULL
14085,12/13/2010 13:28,12/6/2010 12:39,7
14085,12/23/2010 11:06,12/13/2010 13:28,10
14085,1/13/2011 11:54,12/23/2010 11:06,21
14085,1/20/2011 15:01,1/13/2011 11:54,7
14085,2/3/2011 12:37,1/20/2011 15:01,14
14085,3/9/2011 14:30,2/3/2011 12:37,34
14085,3/24/2011 13:12,3/9/2011 14:30,15
14085,3/25/2011 12:13,3/24/2011 13:12,1
14085,5/25/2011 16:08,3/25/2011 12:13,61
14085,6/17/2011 16:07,5/25/2011 16:08,23
14085,7/21/2011 13:48,6/17/2011 16:07,34
14085,10/25/2011 16:14,7/21/2011 13:48,96
14085,10/25/2011 16:20,10/25/2011 16:14,0
14085,11/30/2011 16:54,10/25/2011 16:20,36
14085,12/2/2011 12:36,11/30/2011 16:54,2
14085,12/2/2011 14:02,12/2/2011 12:36,0
14085,12/7/2011 13:46,12/2/2011 14:02,5
14087,12/7/2011 12:41,NULL,NULL
14088,1/21/2011 13:07,NULL,NULL
14088,6/2/2011 17:50,1/21/2011 13:07,132
14088,6/2/2011 17:51,6/2/2011 17:50,0
14088,6/22/2011 16:32,6/2/2011 17:51,20
14088,7/19/2011 15:23,6/22/2011 16:32,27
14088,7/27/2011 12:19,7/19/2011 15:23,8
14088,8/3/2011 11:21,7/27/2011 12:19,7
14088,10/16/2011 13:23,8/3/2011 11:21,74
14088,11/2/2011 14:50,10/16/2011 13:23,17
14088,11/18/2011 14:14,11/2/2011 14:50,16
14088,11/23/2011 15:44,11/18/2011 14:14,5
14088,11/24/2011 18:05,11/23/2011 15:44,1
14088,11/29/2011 16:16,11/24/2011 18:05,5
14089,10/14/2011 10:38,NULL,NULL
14090,1/19/2011 10:51,NULL,NULL
14092,12/16/2010 15:47,NULL,NULL
14092,12/22/2010 11:11,12/16/2010 15:47,6
14092,1/21/2011 13:55,12/22/2010 11:11,30
14092,3/15/2011 12:56,1/21/2011 13:55,53
14092,4/17/2011 10:27,3/15/2011 12:56,33
14092,5/27/2011 14:44,4/17/2011 10:27,40
14092,6/22/2011 12:56,5/27/2011 14:44,26
14092,6/22/2011 12:57,6/22/2011 12:56,0
14092,7/31/2011 13:36,6/22/2011 12:57,39
14092,9/1/2011 10:36,7/31/2011 13:36,32
14092,10/3/2011 10:15,9/1/2011 10:36,32
14092,11/16/2011 12:08,10/3/2011 10:15,44
14092,12/2/2011 12:10,11/16/2011 12:08,16
14092,12/2/2011 12:13,12/2/2011 12:10,0
14093,11/27/2011 16:27,NULL,NULL
14096,8/30/2011 10:49,NULL,NULL
14096,9/2/2011 15:45,8/30/2011 10:49,3
14096,9/9/2011 15:17,9/2/2011 15:45,7
14096,9/13/2011 12:32,9/9/2011 15:17,4
14096,9/21/2011 14:40,9/13/2011 12:32,8
14096,9/26/2011 15:28,9/21/2011 14:40,5
14096,10/3/2011 9:57,9/26/2011 15:28,7
14096,10/10/2011 17:12,10/3/2011 9:57,7
14096,10/17/2011 13:31,10/10/2011 17:12,7
14096,10/24/2011 17:07,10/17/2011 13:31,7
14096,10/26/2011 12:28,10/24/2011 17:07,2
14096,10/31/2011 14:09,10/26/2011 12:28,5
14096,11/10/2011 12:37,10/31/2011 14:09,10
14096,11/14/2011 15:27,11/10/2011 12:37,4
14096,11/23/2011 13:39,11/14/2011 15:27,9
14096,11/28/2011 15:54,11/23/2011 13:39,5
14096,12/5/2011 17:17,11/28/2011 15:54,7
14098,11/3/2011 10:13,NULL,NULL
14099,12/20/2010 11:14,NULL,NULL
14099,1/14/2011 14:47,12/20/2010 11:14,25
14099,2/17/2011 14:36,1/14/2011 14:47,34
14099,3/30/2011 11:12,2/17/2011 14:36,41
14099,5/5/2011 15:48,3/30/2011 11:12,36
14099,6/22/2011 16:33,5/5/2011 15:48,48
14099,7/5/2011 12:15,6/22/2011 16:33,13
14099,8/11/2011 15:34,7/5/2011 12:15,37
14099,10/5/2011 13:04,8/11/2011 15:34,55
14099,10/27/2011 13:41,10/5/2011 13:04,22
14099,11/23/2011 13:53,10/27/2011 13:41,27
14100,7/25/2011 11:01,NULL,NULL
14101,1/17/2011 13:09,NULL,NULL
14101,2/18/2011 12:31,1/17/2011 13:09,32
14101,3/20/2011 10:37,2/18/2011 12:31,30
14101,5/26/2011 10:15,3/20/2011 10:37,67
14101,7/20/2011 12:08,5/26/2011 10:15,55
14101,9/27/2011 12:28,7/20/2011 12:08,69
14102,10/26/2011 12:46,NULL,NULL
14102,11/2/2011 13:46,10/26/2011 12:46,7
14102,11/17/2011 11:04,11/2/2011 13:46,15
14102,11/28/2011 10:20,11/17/2011 11:04,11
14102,12/4/2011 15:38,11/28/2011 10:20,6
14104,6/27/2011 12:49,NULL,NULL
14104,7/8/2011 12:50,6/27/2011 12:49,11
14105,4/14/2011 17:58,NULL,NULL
14107,12/10/2010 13:29,NULL,NULL
14107,2/16/2011 16:31,12/10/2010 13:29,68
14107,3/25/2011 12:57,2/16/2011 16:31,37
14107,5/3/2011 13:31,3/25/2011 12:57,39
14107,6/16/2011 16:47,5/3/2011 13:31,44
14107,9/4/2011 15:20,6/16/2011 16:47,80
14107,10/19/2011 12:12,9/4/2011 15:20,45
14108,8/30/2011 11:32,NULL,NULL
14108,11/9/2011 10:41,8/30/2011 11:32,71
14109,9/28/2011 10:18,NULL,NULL
14110,3/18/2011 9:59,NULL,NULL
14110,5/3/2011 13:39,3/18/2011 9:59,46
14110,6/21/2011 11:57,5/3/2011 13:39,49
14110,7/13/2011 12:06,6/21/2011 11:57,22
14110,8/12/2011 14:47,7/13/2011 12:06,30
14110,9/12/2011 9:26,8/12/2011 14:47,31
14110,9/14/2011 14:28,9/12/2011 9:26,2
14110,10/4/2011 9:38,9/14/2011 14:28,20
14110,10/28/2011 11:33,10/4/2011 9:38,24
14110,11/3/2011 11:47,10/28/2011 11:33,6
14110,11/18/2011 8:59,11/3/2011 11:47,15
14110,12/6/2011 12:26,11/18/2011 8:59,18
14111,4/12/2011 11:36,NULL,NULL
14111,8/25/2011 14:51,4/12/2011 11:36,135
14111,9/5/2011 12:21,8/25/2011 14:51,11
14111,11/25/2011 13:44,9/5/2011 12:21,81
14112,3/9/2011 11:28,NULL,NULL
14112,5/20/2011 10:35,3/9/2011 11:28,72
14112,5/20/2011 10:36,5/20/2011 10:35,0
14112,8/1/2011 12:16,5/20/2011 10:36,73
14112,10/30/2011 15:57,8/1/2011 12:16,90
14112,10/30/2011 16:00,10/30/2011 15:57,0
14112,11/17/2011 12:30,10/30/2011 16:00,18
14113,12/20/2010 12:14,NULL,NULL
14113,9/22/2011 16:46,12/20/2010 12:14,276
14113,11/17/2011 10:59,9/22/2011 16:46,56
14113,12/6/2011 12:18,11/17/2011 10:59,19
14114,1/13/2011 11:05,NULL,NULL
14114,3/11/2011 9:42,1/13/2011 11:05,57
14116,8/10/2011 12:44,NULL,NULL
14116,9/8/2011 9:51,8/10/2011 12:44,29
14116,10/6/2011 13:45,9/8/2011 9:51,28
14116,11/8/2011 15:40,10/6/2011 13:45,33
14116,11/20/2011 10:29,11/8/2011 15:40,12
14117,7/19/2011 9:49,NULL,NULL
14121,10/11/2011 10:39,NULL,NULL
14121,11/10/2011 10:36,10/11/2011 10:39,30
14121,11/29/2011 13:43,11/10/2011 10:36,19
14121,12/6/2011 12:19,11/29/2011 13:43,7
14124,9/16/2011 13:32,NULL,NULL
14125,9/22/2011 15:40,NULL,NULL
14125,11/11/2011 12:20,9/22/2011 15:40,50
14125,11/29/2011 12:47,11/11/2011 12:20,18
14126,11/29/2011 12:21,NULL,NULL
14126,11/29/2011 12:22,11/29/2011 12:21,0
14126,12/2/2011 11:45,11/29/2011 12:22,3
14127,2/2/2011 12:26,NULL,NULL
14127,3/28/2011 12:25,2/2/2011 12:26,54
14127,8/9/2011 10:49,3/28/2011 12:25,134
14128,3/29/2011 10:49,NULL,NULL
14128,10/10/2011 12:00,3/29/2011 10:49,195
14129,3/24/2011 8:44,NULL,NULL
14129,9/5/2011 9:49,3/24/2011 8:44,165
14129,9/5/2011 9:49,9/5/2011 9:49,0
14129,11/22/2011 12:09,9/5/2011 9:49,78
14129,12/8/2011 11:02,11/22/2011 12:09,16
14130,1/24/2011 16:05,NULL,NULL
14132,6/9/2011 12:04,NULL,NULL
14132,6/30/2011 17:29,6/9/2011 12:04,21
14132,7/12/2011 10:47,6/30/2011 17:29,12
14132,8/3/2011 10:49,7/12/2011 10:47,22
14132,8/18/2011 11:59,8/3/2011 10:49,15
14132,9/13/2011 14:30,8/18/2011 11:59,26
14132,10/10/2011 13:37,9/13/2011 14:30,27
14132,11/4/2011 12:18,10/10/2011 13:37,25
14132,11/9/2011 15:11,11/4/2011 12:18,5
14132,11/25/2011 10:03,11/9/2011 15:11,16
14132,12/7/2011 13:35,11/25/2011 10:03,12
14133,1/28/2011 11:27,NULL,NULL
14133,8/2/2011 11:33,1/28/2011 11:27,186
14133,8/2/2011 11:34,8/2/2011 11:33,0
14135,12/2/2010 10:27,NULL,NULL
14135,12/7/2010 12:37,12/2/2010 10:27,5
14135,12/21/2010 10:18,12/7/2010 12:37,14
14135,12/21/2010 10:30,12/21/2010 10:18,0
14135,1/6/2011 11:39,12/21/2010 10:30,16
14135,1/11/2011 9:58,1/6/2011 11:39,5
14135,1/17/2011 11:53,1/11/2011 9:58,6
14135,5/3/2011 13:22,1/17/2011 11:53,106
14135,6/6/2011 13:32,5/3/2011 13:22,34
14135,8/26/2011 14:44,6/6/2011 13:32,81
14135,9/25/2011 11:36,8/26/2011 14:44,30
14135,11/6/2011 14:33,9/25/2011 11:36,42
14135,11/7/2011 16:30,11/6/2011 14:33,1
14135,12/1/2011 14:54,11/7/2011 16:30,24
14135,12/8/2011 11:38,12/1/2011 14:54,7
14138,10/7/2011 9:38,NULL,NULL
14138,12/8/2011 12:44,10/7/2011 9:38,62
14139,10/24/2011 13:34,NULL,NULL
14140,11/8/2011 11:20,NULL,NULL
14140,12/6/2011 9:05,11/8/2011 11:20,28
14141,8/26/2011 14:40,NULL,NULL
14141,9/27/2011 11:38,8/26/2011 14:40,32
14141,10/11/2011 12:17,9/27/2011 11:38,14
14141,12/7/2011 9:53,10/11/2011 12:17,57
14142,12/1/2010 16:33,NULL,NULL
14143,7/29/2011 9:48,NULL,NULL
14145,5/6/2011 13:01,NULL,NULL
14145,7/4/2011 12:58,5/6/2011 13:01,59
14145,7/6/2011 11:52,7/4/2011 12:58,2
14145,10/24/2011 12:10,7/6/2011 11:52,110
14146,12/17/2010 15:52,NULL,NULL
14146,3/30/2011 11:04,12/17/2010 15:52,103
14146,9/19/2011 15:00,3/30/2011 11:04,173
14146,9/19/2011 15:01,9/19/2011 15:00,0
14146,12/1/2011 10:18,9/19/2011 15:01,73
14147,2/27/2011 11:42,NULL,NULL
14147,9/22/2011 18:10,2/27/2011 11:42,207
14148,4/20/2011 12:02,NULL,NULL
14149,5/3/2011 9:44,NULL,NULL
14150,12/15/2010 10:04,NULL,NULL
14150,11/4/2011 10:05,12/15/2010 10:04,324
14152,4/19/2011 15:46,NULL,NULL
14152,9/25/2011 12:54,4/19/2011 15:46,159
14154,4/14/2011 15:58,NULL,NULL
14154,4/14/2011 16:26,4/14/2011 15:58,0
14155,3/18/2011 14:13,NULL,NULL
14156,12/3/2010 11:48,NULL,NULL
14156,1/14/2011 14:11,12/3/2010 11:48,42
14156,2/3/2011 13:26,1/14/2011 14:11,20
14156,2/14/2011 9:45,2/3/2011 13:26,11
14156,2/15/2011 14:49,2/14/2011 9:45,1
14156,2/15/2011 14:50,2/15/2011 14:49,0
14156,2/23/2011 8:48,2/15/2011 14:50,8
14156,3/1/2011 14:47,2/23/2011 8:48,6
14156,3/10/2011 10:32,3/1/2011 14:47,9
14156,3/10/2011 11:33,3/10/2011 10:32,0
14156,3/10/2011 11:37,3/10/2011 11:33,0
14156,3/10/2011 15:01,3/10/2011 11:37,0
14156,3/15/2011 14:32,3/10/2011 15:01,5
14156,4/4/2011 8:50,3/15/2011 14:32,20
14156,4/17/2011 10:17,4/4/2011 8:50,13
14156,4/19/2011 13:09,4/17/2011 10:17,2
14156,5/6/2011 8:08,4/19/2011 13:09,17
14156,5/16/2011 8:16,5/6/2011 8:08,10
14156,6/6/2011 13:48,5/16/2011 8:16,21
14156,6/15/2011 14:47,6/6/2011 13:48,9
14156,6/15/2011 14:48,6/15/2011 14:47,0
14156,6/22/2011 13:52,6/15/2011 14:48,7
14156,6/24/2011 15:51,6/22/2011 13:52,2
14156,6/24/2011 15:51,6/24/2011 15:51,0
14156,6/29/2011 10:50,6/24/2011 15:51,5
14156,7/1/2011 10:16,6/29/2011 10:50,2
14156,7/14/2011 14:46,7/1/2011 10:16,13
14156,7/19/2011 9:08,7/14/2011 14:46,5
14156,7/19/2011 9:10,7/19/2011 9:08,0
14156,7/31/2011 15:42,7/19/2011 9:10,12
14156,8/5/2011 17:12,7/31/2011 15:42,5
14156,8/10/2011 17:11,8/5/2011 17:12,5
14156,8/15/2011 14:39,8/10/2011 17:11,5
14156,8/17/2011 13:40,8/15/2011 14:39,2
14156,8/17/2011 13:45,8/17/2011 13:40,0
14156,9/4/2011 11:36,8/17/2011 13:45,18
14156,9/5/2011 10:34,9/4/2011 11:36,1
14156,9/5/2011 10:47,9/5/2011 10:34,0
14156,9/5/2011 10:48,9/5/2011 10:47,0
14156,9/6/2011 12:38,9/5/2011 10:48,1
14156,9/6/2011 12:44,9/6/2011 12:38,0
14156,9/7/2011 16:00,9/6/2011 12:44,1
14156,9/30/2011 7:36,9/7/2011 16:00,23
14156,10/10/2011 9:18,9/30/2011 7:36,10
14156,10/12/2011 9:29,10/10/2011 9:18,2
14156,10/14/2011 10:03,10/12/2011 9:29,2
14156,10/17/2011 10:42,10/14/2011 10:03,3
14156,10/17/2011 10:43,10/17/2011 10:42,0
14156,10/18/2011 10:04,10/17/2011 10:43,1
14156,10/21/2011 8:47,10/18/2011 10:04,3
14156,11/7/2011 11:42,10/21/2011 8:47,17
14156,11/11/2011 8:46,11/7/2011 11:42,4
14156,11/15/2011 15:20,11/11/2011 8:46,4
14156,11/16/2011 10:45,11/15/2011 15:20,1
14156,11/30/2011 10:54,11/16/2011 10:45,14
14157,2/27/2011 13:04,NULL,NULL
14157,11/20/2011 11:32,2/27/2011 13:04,266
14158,10/30/2011 15:08,NULL,NULL
14159,12/12/2010 11:17,NULL,NULL
14159,3/28/2011 12:23,12/12/2010 11:17,106
14159,6/5/2011 14:06,3/28/2011 12:23,69
14159,6/23/2011 11:51,6/5/2011 14:06,18
14159,7/13/2011 12:06,6/23/2011 11:51,20
14159,7/18/2011 11:47,7/13/2011 12:06,5
14159,9/5/2011 12:00,7/18/2011 11:47,49
14159,9/19/2011 11:02,9/5/2011 12:00,14
14159,10/18/2011 13:41,9/19/2011 11:02,29
14159,10/30/2011 11:55,10/18/2011 13:41,12
14159,11/20/2011 12:36,10/30/2011 11:55,21
14161,12/5/2010 13:18,NULL,NULL
14161,3/6/2011 12:52,12/5/2010 13:18,91
14161,5/8/2011 11:41,3/6/2011 12:52,63
14162,2/20/2011 12:32,NULL,NULL
14162,6/19/2011 11:36,2/20/2011 12:32,119
14163,4/14/2011 17:33,NULL,NULL
14163,5/24/2011 15:06,4/14/2011 17:33,40
14163,7/10/2011 14:49,5/24/2011 15:06,47
14163,9/13/2011 15:18,7/10/2011 14:49,65
14164,9/20/2011 12:18,NULL,NULL
14164,9/30/2011 12:24,9/20/2011 12:18,10
14165,3/9/2011 12:39,NULL,NULL
14167,1/12/2011 15:44,NULL,NULL
14167,3/21/2011 15:33,1/12/2011 15:44,68
14167,6/27/2011 16:46,3/21/2011 15:33,98
14167,10/31/2011 14:29,6/27/2011 16:46,126
14171,9/2/2011 16:43,NULL,NULL
14173,5/4/2011 14:03,NULL,NULL
14173,10/25/2011 13:17,5/4/2011 14:03,174
14173,11/29/2011 11:52,10/25/2011 13:17,35
14173,11/29/2011 11:54,11/29/2011 11:52,0
14174,11/6/2011 13:17,NULL,NULL
14175,1/14/2011 12:22,NULL,NULL
14175,6/21/2011 14:29,1/14/2011 12:22,158
14175,10/11/2011 11:55,6/21/2011 14:29,112
14176,12/7/2010 11:45,NULL,NULL
14176,1/17/2011 11:28,12/7/2010 11:45,41
14176,2/15/2011 12:56,1/17/2011 11:28,29
14176,2/15/2011 13:12,2/15/2011 12:56,0
14177,6/13/2011 11:10,NULL,NULL
14177,9/5/2011 12:18,6/13/2011 11:10,84
14177,9/5/2011 12:24,9/5/2011 12:18,0
14177,9/14/2011 15:11,9/5/2011 12:24,9
14178,6/10/2011 12:51,NULL,NULL
14178,7/19/2011 13:01,6/10/2011 12:51,39
14178,9/2/2011 14:42,7/19/2011 13:01,45
14178,10/4/2011 12:39,9/2/2011 14:42,32
14178,10/30/2011 12:48,10/4/2011 12:39,26
14178,11/11/2011 12:10,10/30/2011 12:48,12
14178,12/1/2011 12:01,11/11/2011 12:10,20
14179,10/18/2011 14:00,NULL,NULL
14179,10/30/2011 12:07,10/18/2011 14:00,12
14180,12/2/2010 13:08,NULL,NULL
14180,12/13/2010 9:02,12/2/2010 13:08,11
14180,12/16/2010 17:29,12/13/2010 9:02,3
14180,12/16/2010 17:30,12/16/2010 17:29,0
14180,1/4/2011 13:38,12/16/2010 17:30,19
14180,1/19/2011 14:22,1/4/2011 13:38,15
14180,2/1/2011 14:24,1/19/2011 14:22,13
14180,2/7/2011 10:50,2/1/2011 14:24,6
14180,2/16/2011 11:59,2/7/2011 10:50,9
14180,3/2/2011 9:33,2/16/2011 11:59,14
14180,3/14/2011 8:21,3/2/2011 9:33,12
14180,3/30/2011 12:48,3/14/2011 8:21,16
14180,4/18/2011 14:44,3/30/2011 12:48,19
14180,5/6/2011 13:38,4/18/2011 14:44,18
14180,5/18/2011 10:56,5/6/2011 13:38,12
14180,6/7/2011 13:21,5/18/2011 10:56,20
14180,6/24/2011 12:14,6/7/2011 13:21,17
14180,7/7/2011 13:43,6/24/2011 12:14,13
14180,7/24/2011 14:18,7/7/2011 13:43,17
14180,8/9/2011 12:23,7/24/2011 14:18,16
14180,8/25/2011 12:46,8/9/2011 12:23,16
14180,9/9/2011 13:47,8/25/2011 12:46,15
14180,10/13/2011 11:53,9/9/2011 13:47,34
14180,11/10/2011 16:21,10/13/2011 11:53,28
14180,11/29/2011 10:56,11/10/2011 16:21,19
14184,10/4/2011 12:43,NULL,NULL
14185,1/12/2011 13:52,NULL,NULL
14188,2/2/2011 13:46,NULL,NULL
14188,5/9/2011 10:03,2/2/2011 13:46,96
14188,7/8/2011 15:54,5/9/2011 10:03,60
14188,8/22/2011 13:42,7/8/2011 15:54,45
14188,9/29/2011 12:15,8/22/2011 13:42,38
14188,11/9/2011 12:45,9/29/2011 12:15,41
14189,12/6/2010 11:42,NULL,NULL
14189,1/5/2011 10:58,12/6/2010 11:42,30
14189,1/25/2011 13:46,1/5/2011 10:58,20
14189,2/24/2011 12:22,1/25/2011 13:46,30
14189,3/29/2011 17:12,2/24/2011 12:22,33
14189,4/21/2011 16:26,3/29/2011 17:12,23
14189,5/23/2011 9:39,4/21/2011 16:26,32
14189,5/23/2011 10:34,5/23/2011 9:39,0
14189,7/5/2011 9:23,5/23/2011 10:34,43
14189,8/18/2011 14:48,7/5/2011 9:23,44
14189,9/4/2011 13:45,8/18/2011 14:48,17
14189,10/27/2011 10:26,9/4/2011 13:45,53
14189,11/10/2011 16:20,10/27/2011 10:26,14
14189,11/23/2011 16:43,11/10/2011 16:20,13
14189,12/7/2011 15:55,11/23/2011 16:43,14
14191,5/3/2011 10:30,NULL,NULL
14191,5/24/2011 8:49,5/3/2011 10:30,21
14191,6/8/2011 10:10,5/24/2011 8:49,15
14191,6/30/2011 14:37,6/8/2011 10:10,22
14191,7/29/2011 14:40,6/30/2011 14:37,29
14191,8/10/2011 12:11,7/29/2011 14:40,12
14191,8/23/2011 14:25,8/10/2011 12:11,13
14191,9/20/2011 9:24,8/23/2011 14:25,28
14191,10/18/2011 14:32,9/20/2011 9:24,28
14191,11/1/2011 14:49,10/18/2011 14:32,14
14191,11/17/2011 13:59,11/1/2011 14:49,16
14191,11/29/2011 17:23,11/17/2011 13:59,12
14191,12/8/2011 9:23,11/29/2011 17:23,9
14193,3/15/2011 11:38,NULL,NULL
14193,10/3/2011 9:34,3/15/2011 11:38,202
14194,2/4/2011 14:51,NULL,NULL
14194,3/18/2011 12:55,2/4/2011 14:51,42
14194,3/18/2011 12:57,3/18/2011 12:55,0
14194,5/13/2011 15:24,3/18/2011 12:57,56
14194,5/13/2011 15:25,5/13/2011 15:24,0
14194,5/13/2011 15:26,5/13/2011 15:25,0
14194,5/27/2011 11:41,5/13/2011 15:26,14
14194,6/20/2011 9:50,5/27/2011 11:41,24
14194,6/20/2011 9:50,6/20/2011 9:50,0
14194,7/25/2011 10:56,6/20/2011 9:50,35
14194,8/17/2011 12:50,7/25/2011 10:56,23
14194,8/25/2011 14:42,8/17/2011 12:50,8
14194,9/13/2011 15:23,8/25/2011 14:42,19
14194,9/25/2011 12:32,9/13/2011 15:23,12
14194,10/11/2011 8:23,9/25/2011 12:32,16
14194,10/11/2011 8:24,10/11/2011 8:23,0
14194,10/28/2011 14:42,10/11/2011 8:24,17
14194,10/28/2011 14:42,10/28/2011 14:42,0
14194,11/15/2011 14:57,10/28/2011 14:42,18
14194,11/21/2011 10:35,11/15/2011 14:57,6
14194,12/5/2011 10:38,11/21/2011 10:35,14
14195,4/1/2011 16:50,NULL,NULL
14195,5/22/2011 10:29,4/1/2011 16:50,51
14196,8/25/2011 10:25,NULL,NULL
14198,4/14/2011 14:54,NULL,NULL
14198,7/17/2011 15:47,4/14/2011 14:54,94
14198,9/14/2011 11:25,7/17/2011 15:47,59
14198,11/21/2011 16:35,9/14/2011 11:25,68
14199,5/5/2011 13:44,NULL,NULL
14201,12/15/2010 13:25,NULL,NULL
14201,4/19/2011 13:57,12/15/2010 13:25,125
14201,5/8/2011 10:20,4/19/2011 13:57,19
14201,6/6/2011 14:35,5/8/2011 10:20,29
14201,7/13/2011 15:18,6/6/2011 14:35,37
14201,9/20/2011 10:47,7/13/2011 15:18,69
14201,10/10/2011 13:27,9/20/2011 10:47,20
14204,12/7/2011 13:38,NULL,NULL
14205,3/20/2011 15:07,NULL,NULL
14205,11/23/2011 10:55,3/20/2011 15:07,248
14206,4/14/2011 16:38,NULL,NULL
14208,9/6/2011 12:48,NULL,NULL
14209,1/11/2011 12:56,NULL,NULL
14209,3/25/2011 10:08,1/11/2011 12:56,73
14209,5/10/2011 10:00,3/25/2011 10:08,46
14209,7/22/2011 11:44,5/10/2011 10:00,73
14209,8/10/2011 16:01,7/22/2011 11:44,19
14209,11/29/2011 10:18,8/10/2011 16:01,111
14210,12/3/2010 12:43,NULL,NULL
14210,1/4/2011 13:30,12/3/2010 12:43,32
14210,2/16/2011 13:11,1/4/2011 13:30,43
14210,4/26/2011 14:07,2/16/2011 13:11,69
14210,5/26/2011 12:46,4/26/2011 14:07,30
14210,8/26/2011 12:36,5/26/2011 12:46,92
14211,2/17/2011 15:50,NULL,NULL
14211,2/28/2011 9:33,2/17/2011 15:50,11
14211,4/15/2011 14:15,2/28/2011 9:33,46
14211,4/19/2011 11:19,4/15/2011 14:15,4
14211,5/16/2011 10:46,4/19/2011 11:19,27
14211,9/4/2011 10:51,5/16/2011 10:46,111
14211,9/20/2011 15:49,9/4/2011 10:51,16
14211,10/13/2011 10:20,9/20/2011 15:49,23
14211,10/17/2011 13:23,10/13/2011 10:20,4
14212,9/11/2011 12:45,NULL,NULL
14214,3/7/2011 12:26,NULL,NULL
14214,6/22/2011 13:59,3/7/2011 12:26,107
14214,7/6/2011 15:02,6/22/2011 13:59,14
14214,10/20/2011 11:54,7/6/2011 15:02,106
14214,11/9/2011 10:31,10/20/2011 11:54,20
14215,12/6/2010 15:34,NULL,NULL
14215,1/13/2011 14:24,12/6/2010 15:34,38
14215,1/28/2011 14:53,1/13/2011 14:24,15
14215,6/6/2011 10:04,1/28/2011 14:53,129
14215,9/23/2011 10:44,6/6/2011 10:04,109
14215,11/28/2011 12:19,9/23/2011 10:44,66
14216,11/2/2011 10:51,NULL,NULL
14216,11/23/2011 13:24,11/2/2011 10:51,21
14216,12/1/2011 14:58,11/23/2011 13:24,8
14216,12/6/2011 14:56,12/1/2011 14:58,5
14217,12/8/2010 13:28,NULL,NULL
14217,1/7/2011 12:26,12/8/2010 13:28,30
14217,1/11/2011 10:31,1/7/2011 12:26,4
14217,2/1/2011 14:29,1/11/2011 10:31,21
14217,3/20/2011 12:28,2/1/2011 14:29,47
14217,4/8/2011 9:26,3/20/2011 12:28,19
14217,5/16/2011 15:47,4/8/2011 9:26,38
14217,6/8/2011 8:46,5/16/2011 15:47,23
14217,7/7/2011 10:39,6/8/2011 8:46,29
14217,9/1/2011 12:16,7/7/2011 10:39,56
14217,9/26/2011 12:12,9/1/2011 12:16,25
14217,9/26/2011 15:47,9/26/2011 12:12,0
14217,10/13/2011 10:52,9/26/2011 15:47,17
14217,10/30/2011 13:53,10/13/2011 10:52,17
14217,11/15/2011 17:11,10/30/2011 13:53,16
14217,11/28/2011 12:08,11/15/2011 17:11,13
14217,12/8/2011 11:53,11/28/2011 12:08,10
14218,10/28/2011 10:00,NULL,NULL
14219,12/5/2011 16:23,NULL,NULL
14220,12/16/2010 18:18,NULL,NULL
14220,4/6/2011 13:23,12/16/2010 18:18,111
14221,1/4/2011 15:33,NULL,NULL
14221,5/17/2011 11:41,1/4/2011 15:33,133
14221,6/2/2011 16:59,5/17/2011 11:41,16
14221,6/2/2011 17:00,6/2/2011 16:59,0
14221,7/13/2011 15:04,6/2/2011 17:00,41
14221,7/13/2011 15:05,7/13/2011 15:04,0
14221,8/18/2011 17:43,7/13/2011 15:05,36
14221,9/20/2011 12:21,8/18/2011 17:43,33
14221,10/28/2011 13:42,9/20/2011 12:21,38
14222,6/15/2011 16:42,NULL,NULL
14223,3/20/2011 16:02,NULL,NULL
14223,7/5/2011 11:36,3/20/2011 16:02,107
14223,9/8/2011 13:38,7/5/2011 11:36,65
14224,1/23/2011 13:58,NULL,NULL
14224,5/8/2011 14:08,1/23/2011 13:58,105
14224,7/17/2011 13:40,5/8/2011 14:08,70
14224,8/21/2011 13:24,7/17/2011 13:40,35
14226,3/15/2011 15:36,NULL,NULL
14226,5/13/2011 14:16,3/15/2011 15:36,59
14226,9/30/2011 11:45,5/13/2011 14:16,140
14226,11/10/2011 12:12,9/30/2011 11:45,41
14226,11/11/2011 11:34,11/10/2011 12:12,1
14227,2/28/2011 12:27,NULL,NULL
14227,4/8/2011 14:12,2/28/2011 12:27,39
14227,4/18/2011 9:33,4/8/2011 14:12,10
14227,5/27/2011 14:48,4/18/2011 9:33,39
14227,5/27/2011 14:48,5/27/2011 14:48,0
14227,5/27/2011 14:49,5/27/2011 14:48,0
14227,5/27/2011 14:50,5/27/2011 14:49,0
14227,9/15/2011 11:33,5/27/2011 14:50,111
14227,9/15/2011 11:33,9/15/2011 11:33,0
14227,11/13/2011 15:48,9/15/2011 11:33,59
14229,1/10/2011 12:03,NULL,NULL
14229,2/21/2011 9:45,1/10/2011 12:03,42
14229,10/19/2011 10:03,2/21/2011 9:45,240
14231,2/24/2011 11:55,NULL,NULL
14231,4/21/2011 18:10,2/24/2011 11:55,56
14231,6/9/2011 11:05,4/21/2011 18:10,49
14232,3/20/2011 12:44,NULL,NULL
14232,6/6/2011 9:12,3/20/2011 12:44,78
14232,7/25/2011 15:17,6/6/2011 9:12,49
14232,8/16/2011 12:52,7/25/2011 15:17,22
14232,10/28/2011 11:09,8/16/2011 12:52,73
14233,1/26/2011 12:43,NULL,NULL
14233,2/2/2011 10:41,1/26/2011 12:43,7
14233,5/12/2011 10:45,2/2/2011 10:41,99
14233,10/21/2011 15:54,5/12/2011 10:45,162
14234,10/13/2011 13:58,NULL,NULL
14234,10/25/2011 15:39,10/13/2011 13:58,12
14234,11/9/2011 15:42,10/25/2011 15:39,15
14234,11/17/2011 17:53,11/9/2011 15:42,8
14235,3/24/2011 13:23,NULL,NULL
14235,4/27/2011 12:57,3/24/2011 13:23,34
14235,7/5/2011 10:57,4/27/2011 12:57,69
14235,7/5/2011 10:58,7/5/2011 10:57,0
14235,9/25/2011 14:37,7/5/2011 10:58,82
14236,12/2/2010 18:49,NULL,NULL
14236,9/20/2011 9:13,12/2/2010 18:49,292
14237,12/1/2010 13:20,NULL,NULL
14238,1/17/2011 14:40,NULL,NULL
14239,1/27/2011 14:45,NULL,NULL
14239,2/28/2011 13:27,1/27/2011 14:45,32
14239,3/2/2011 14:43,2/28/2011 13:27,2
14239,4/7/2011 9:16,3/2/2011 14:43,36
14239,5/17/2011 11:46,4/7/2011 9:16,40
14239,5/23/2011 10:21,5/17/2011 11:46,6
14239,8/1/2011 10:09,5/23/2011 10:21,70
14239,9/1/2011 11:43,8/1/2011 10:09,31
14239,9/6/2011 12:38,9/1/2011 11:43,5
14239,9/29/2011 14:52,9/6/2011 12:38,23
14239,10/27/2011 14:40,9/29/2011 14:52,28
14240,4/28/2011 11:40,NULL,NULL
14240,11/9/2011 13:45,4/28/2011 11:40,195
14241,6/9/2011 11:46,NULL,NULL
14242,1/18/2011 8:53,NULL,NULL
14242,4/19/2011 11:46,1/18/2011 8:53,91
14243,12/9/2010 8:34,NULL,NULL
14243,12/17/2010 13:29,12/9/2010 8:34,8
14243,1/26/2011 13:33,12/17/2010 13:29,40
14243,2/24/2011 11:38,1/26/2011 13:33,29
14243,4/8/2011 10:19,2/24/2011 11:38,43
14243,6/16/2011 14:22,4/8/2011 10:19,69
14243,7/22/2011 14:07,6/16/2011 14:22,36
14243,9/5/2011 13:10,7/22/2011 14:07,45
14243,11/1/2011 13:20,9/5/2011 13:10,57
14243,12/1/2011 11:12,11/1/2011 13:20,30
14245,3/21/2011 10:41,NULL,NULL
14245,5/4/2011 8:40,3/21/2011 10:41,44
14246,4/8/2011 8:25,NULL,NULL
14246,7/25/2011 11:37,4/8/2011 8:25,108
14246,8/21/2011 11:50,7/25/2011 11:37,27
14247,3/6/2011 15:21,NULL,NULL
14248,1/25/2011 14:45,NULL,NULL
14250,9/11/2011 13:44,NULL,NULL
14250,12/2/2011 14:29,9/11/2011 13:44,82
14250,12/2/2011 14:30,12/2/2011 14:29,0
14251,10/13/2011 12:46,NULL,NULL
14251,11/22/2011 14:10,10/13/2011 12:46,40
14251,11/24/2011 14:37,11/22/2011 14:10,2
14251,11/29/2011 12:07,11/24/2011 14:37,5
14251,12/8/2011 8:32,11/29/2011 12:07,9
14256,12/10/2010 11:44,NULL,NULL
14256,3/24/2011 13:17,12/10/2010 11:44,104
14257,1/25/2011 10:49,NULL,NULL
14257,6/8/2011 9:58,1/25/2011 10:49,134
14257,7/3/2011 13:24,6/8/2011 9:58,25
14257,8/8/2011 15:35,7/3/2011 13:24,36
14257,10/6/2011 16:54,8/8/2011 15:35,59
14258,1/6/2011 12:18,NULL,NULL
14258,2/14/2011 11:57,1/6/2011 12:18,39
14258,3/20/2011 11:46,2/14/2011 11:57,34
14258,4/8/2011 11:43,3/20/2011 11:46,19
14258,4/8/2011 11:44,4/8/2011 11:43,0
14258,5/24/2011 9:10,4/8/2011 11:44,46
14258,7/11/2011 10:12,5/24/2011 9:10,48
14258,9/11/2011 10:42,7/11/2011 10:12,62
14258,11/30/2011 15:27,9/11/2011 10:42,80
14259,7/21/2011 10:44,NULL,NULL
14261,9/22/2011 10:47,NULL,NULL
14261,10/20/2011 10:04,9/22/2011 10:47,28
14262,4/13/2011 12:23,NULL,NULL
14262,7/5/2011 12:53,4/13/2011 12:23,83
14262,8/24/2011 15:04,7/5/2011 12:53,50
14262,9/16/2011 14:55,8/24/2011 15:04,23
14262,10/17/2011 8:56,9/16/2011 14:55,31
14262,11/10/2011 12:05,10/17/2011 8:56,24
14262,11/22/2011 10:35,11/10/2011 12:05,12
14262,12/1/2011 14:17,11/22/2011 10:35,9
14264,4/8/2011 12:20,NULL,NULL
14264,7/8/2011 10:20,4/8/2011 12:20,91
14265,7/14/2011 9:10,NULL,NULL
14265,8/22/2011 13:32,7/14/2011 9:10,39
14267,3/24/2011 11:38,NULL,NULL
14267,3/24/2011 12:52,3/24/2011 11:38,0
14267,6/30/2011 10:09,3/24/2011 12:52,98
14270,1/12/2011 9:33,NULL,NULL
14271,4/28/2011 12:47,NULL,NULL
14272,3/30/2011 13:57,NULL,NULL
14272,9/27/2011 10:08,3/30/2011 13:57,181
14273,4/11/2011 13:24,NULL,NULL
14273,5/6/2011 8:25,4/11/2011 13:24,25
14273,7/26/2011 14:56,5/6/2011 8:25,81
14273,10/19/2011 13:20,7/26/2011 14:56,85
14276,2/23/2011 9:38,NULL,NULL
14276,6/12/2011 9:56,2/23/2011 9:38,109
14276,9/2/2011 9:45,6/12/2011 9:56,82
14277,5/11/2011 13:20,NULL,NULL
14277,11/18/2011 9:53,5/11/2011 13:20,191
14277,11/24/2011 15:01,11/18/2011 9:53,6
14280,5/27/2011 10:37,NULL,NULL
14282,12/7/2010 12:21,NULL,NULL
14282,3/18/2011 13:51,12/7/2010 12:21,101
14282,4/27/2011 8:43,3/18/2011 13:51,40
14282,5/18/2011 10:29,4/27/2011 8:43,21
14282,5/20/2011 15:08,5/18/2011 10:29,2
14282,6/16/2011 11:29,5/20/2011 15:08,27
14282,6/30/2011 14:47,6/16/2011 11:29,14
14282,8/15/2011 13:37,6/30/2011 14:47,46
14282,8/22/2011 11:03,8/15/2011 13:37,7
14282,9/19/2011 14:55,8/22/2011 11:03,28
14282,11/8/2011 12:46,9/19/2011 14:55,50
14282,11/17/2011 13:38,11/8/2011 12:46,9
14282,11/20/2011 15:27,11/17/2011 13:38,3
14282,12/1/2011 12:18,11/20/2011 15:27,11
14282,12/6/2011 17:04,12/1/2011 12:18,5
14284,9/14/2011 13:04,NULL,NULL
14284,11/9/2011 8:11,9/14/2011 13:04,56
14285,6/16/2011 12:36,NULL,NULL
14285,9/25/2011 11:38,6/16/2011 12:36,101
14285,11/2/2011 11:59,9/25/2011 11:38,38
14285,11/18/2011 14:50,11/2/2011 11:59,16
14286,4/11/2011 8:16,NULL,NULL
14286,10/25/2011 8:26,4/11/2011 8:16,197
14286,11/16/2011 10:34,10/25/2011 8:26,22
14287,5/25/2011 11:41,NULL,NULL
14287,5/25/2011 11:44,5/25/2011 11:41,0
14287,12/1/2011 13:25,5/25/2011 11:44,190
14288,5/10/2011 13:22,NULL,NULL
14289,2/23/2011 12:33,NULL,NULL
14289,4/12/2011 15:08,2/23/2011 12:33,48
14289,5/24/2011 14:47,4/12/2011 15:08,42
14289,6/16/2011 11:48,5/24/2011 14:47,23
14289,7/28/2011 10:24,6/16/2011 11:48,42
14289,12/1/2011 11:44,7/28/2011 10:24,126
14290,12/13/2010 10:24,NULL,NULL
14290,9/19/2011 14:38,12/13/2010 10:24,280
14290,10/3/2011 12:17,9/19/2011 14:38,14
14290,10/14/2011 14:44,10/3/2011 12:17,11
14290,11/28/2011 14:02,10/14/2011 14:44,45
14291,3/9/2011 15:20,NULL,NULL
14291,5/13/2011 10:02,3/9/2011 15:20,65
14291,5/13/2011 10:03,5/13/2011 10:02,0
14291,6/20/2011 10:20,5/13/2011 10:03,38
14291,6/20/2011 10:21,6/20/2011 10:20,0
14291,6/20/2011 10:21,6/20/2011 10:21,0
14291,8/11/2011 10:55,6/20/2011 10:21,52
14291,10/4/2011 11:44,8/11/2011 10:55,54
14291,10/13/2011 9:16,10/4/2011 11:44,9
14291,12/8/2011 10:24,10/13/2011 9:16,56
14291,12/8/2011 10:26,12/8/2011 10:24,0
14292,3/2/2011 8:26,NULL,NULL
14292,5/19/2011 17:25,3/2/2011 8:26,78
14292,7/17/2011 12:17,5/19/2011 17:25,59
14292,7/17/2011 12:18,7/17/2011 12:17,0
14292,9/12/2011 12:51,7/17/2011 12:18,57
14292,10/31/2011 9:50,9/12/2011 12:51,49
14292,10/31/2011 9:51,10/31/2011 9:50,0
14292,12/2/2011 11:49,10/31/2011 9:51,32
14292,12/2/2011 11:50,12/2/2011 11:49,0
14293,12/6/2010 10:18,NULL,NULL
14293,2/7/2011 15:47,12/6/2010 10:18,63
14293,7/15/2011 15:28,2/7/2011 15:47,158
14293,12/6/2011 15:17,7/15/2011 15:28,144
14295,10/30/2011 15:50,NULL,NULL
14297,3/10/2011 8:31,NULL,NULL
14297,10/10/2011 10:45,3/10/2011 8:31,214
14297,10/19/2011 14:55,10/10/2011 10:45,9
14297,11/22/2011 9:06,10/19/2011 14:55,34
14298,12/14/2010 12:59,NULL,NULL
14298,12/14/2010 13:00,12/14/2010 12:59,0
14298,12/14/2010 13:01,12/14/2010 13:00,0
14298,12/20/2010 13:08,12/14/2010 13:01,6
14298,12/20/2010 13:10,12/20/2010 13:08,0
14298,1/7/2011 13:17,12/20/2010 13:10,18
14298,1/25/2011 10:56,1/7/2011 13:17,18
14298,1/25/2011 10:57,1/25/2011 10:56,0
14298,1/31/2011 12:33,1/25/2011 10:57,6
14298,2/17/2011 12:43,1/31/2011 12:33,17
14298,2/17/2011 12:47,2/17/2011 12:43,0
14298,2/17/2011 12:48,2/17/2011 12:47,0
14298,2/17/2011 12:51,2/17/2011 12:48,0
14298,2/24/2011 14:32,2/17/2011 12:51,7
14298,3/17/2011 18:27,2/24/2011 14:32,21
14298,3/17/2011 18:28,3/17/2011 18:27,0
14298,3/17/2011 18:30,3/17/2011 18:28,0
14298,3/29/2011 13:27,3/17/2011 18:30,12
14298,4/19/2011 14:49,3/29/2011 13:27,21
14298,4/19/2011 15:02,4/19/2011 14:49,0
14298,4/21/2011 12:34,4/19/2011 15:02,2
14298,4/27/2011 14:26,4/21/2011 12:34,6
14298,4/27/2011 14:27,4/27/2011 14:26,0
14298,4/27/2011 14:28,4/27/2011 14:27,0
14298,4/28/2011 10:20,4/27/2011 14:28,1
14298,5/4/2011 11:00,4/28/2011 10:20,6
14298,6/2/2011 9:37,5/4/2011 11:00,29
14298,6/2/2011 9:38,6/2/2011 9:37,0
14298,6/2/2011 9:40,6/2/2011 9:38,0
14298,6/2/2011 9:42,6/2/2011 9:40,0
14298,6/27/2011 12:45,6/2/2011 9:42,25
14298,7/21/2011 11:55,6/27/2011 12:45,24
14298,7/21/2011 12:25,7/21/2011 11:55,0
14298,7/21/2011 12:27,7/21/2011 12:25,0
14298,7/21/2011 12:28,7/21/2011 12:27,0
14298,8/8/2011 14:37,7/21/2011 12:28,18
14298,9/1/2011 14:26,8/8/2011 14:37,24
14298,9/20/2011 14:51,9/1/2011 14:26,19
14298,9/20/2011 14:52,9/20/2011 14:51,0
14298,9/22/2011 17:19,9/20/2011 14:52,2
14298,9/28/2011 13:32,9/22/2011 17:19,6
14298,10/18/2011 12:17,9/28/2011 13:32,20
14298,11/9/2011 10:26,10/18/2011 12:17,22
14298,12/1/2011 13:12,11/9/2011 10:26,22
14299,12/9/2010 10:30,NULL,NULL
14299,1/6/2011 13:19,12/9/2010 10:30,28
14299,1/13/2011 15:19,1/6/2011 13:19,7
14299,1/25/2011 14:44,1/13/2011 15:19,12
14299,8/24/2011 11:54,1/25/2011 14:44,211
14299,9/22/2011 12:06,8/24/2011 11:54,29
14299,10/12/2011 12:58,9/22/2011 12:06,20
14299,11/18/2011 12:49,10/12/2011 12:58,37
14299,12/1/2011 16:05,11/18/2011 12:49,13
14300,11/21/2011 8:57,NULL,NULL
14301,8/14/2011 15:33,NULL,NULL
14304,5/1/2011 11:50,NULL,NULL
14305,7/27/2011 14:14,NULL,NULL
14305,8/18/2011 6:20,7/27/2011 14:14,22
14305,9/29/2011 15:29,8/18/2011 6:20,42
14306,9/15/2011 10:31,NULL,NULL
14306,10/19/2011 13:23,9/15/2011 10:31,34
14307,12/1/2010 11:41,NULL,NULL
14307,1/19/2011 14:43,12/1/2010 11:41,49
14307,5/4/2011 9:57,1/19/2011 14:43,105
14307,7/28/2011 9:45,5/4/2011 9:57,85
14307,9/12/2011 9:37,7/28/2011 9:45,46
14307,9/12/2011 9:38,9/12/2011 9:37,0
14309,12/16/2010 13:05,NULL,NULL
14309,2/3/2011 9:04,12/16/2010 13:05,49
14309,2/16/2011 14:48,2/3/2011 9:04,13
14309,4/19/2011 10:40,2/16/2011 14:48,62
14309,6/9/2011 17:37,4/19/2011 10:40,51
14309,6/24/2011 12:51,6/9/2011 17:37,15
14309,9/7/2011 12:50,6/24/2011 12:51,75
14309,11/11/2011 9:46,9/7/2011 12:50,65
14309,12/1/2011 13:33,11/11/2011 9:46,20
14311,4/11/2011 10:14,NULL,NULL
14312,1/6/2011 16:35,NULL,NULL
14312,2/2/2011 12:38,1/6/2011 16:35,27
14312,3/11/2011 13:31,2/2/2011 12:38,37
14312,6/6/2011 9:01,3/11/2011 13:31,87
14312,9/9/2011 13:14,6/6/2011 9:01,95
14312,10/24/2011 9:46,9/9/2011 13:14,45
14314,8/25/2011 10:39,NULL,NULL
14315,3/18/2011 12:59,NULL,NULL
14315,6/1/2011 14:42,3/18/2011 12:59,75
14315,7/8/2011 13:44,6/1/2011 14:42,37
14315,7/28/2011 19:46,7/8/2011 13:44,20
14315,8/2/2011 13:31,7/28/2011 19:46,5
14315,10/26/2011 12:06,8/2/2011 13:31,85
14317,10/6/2011 10:44,NULL,NULL
14320,1/11/2011 9:12,NULL,NULL
14320,5/17/2011 9:24,1/11/2011 9:12,126
14321,1/10/2011 11:35,NULL,NULL
14321,6/16/2011 11:38,1/10/2011 11:35,157
14321,8/15/2011 9:57,6/16/2011 11:38,60
14321,9/27/2011 9:24,8/15/2011 9:57,43
14321,11/29/2011 9:47,9/27/2011 9:24,63
14323,4/15/2011 11:44,NULL,NULL
14323,8/17/2011 11:37,4/15/2011 11:44,124
14326,4/11/2011 15:04,NULL,NULL
14327,6/29/2011 13:58,NULL,NULL
14329,1/14/2011 13:42,NULL,NULL
14329,3/11/2011 12:17,1/14/2011 13:42,56
14329,6/28/2011 15:36,3/11/2011 12:17,109
14329,8/23/2011 12:18,6/28/2011 15:36,56
14329,10/21/2011 14:23,8/23/2011 12:18,59
14329,11/22/2011 15:49,10/21/2011 14:23,32
14329,11/22/2011 15:50,11/22/2011 15:49,0
14331,7/27/2011 15:14,NULL,NULL
14331,8/7/2011 13:17,7/27/2011 15:14,11
14332,7/15/2011 10:33,NULL,NULL
14332,10/4/2011 13:55,7/15/2011 10:33,81
14332,11/17/2011 11:54,10/4/2011 13:55,44
14333,10/3/2011 10:38,NULL,NULL
14334,12/16/2010 17:37,NULL,NULL
14334,1/24/2011 11:35,12/16/2010 17:37,39
14334,3/10/2011 10:53,1/24/2011 11:35,45
14334,4/20/2011 15:44,3/10/2011 10:53,41
14334,5/20/2011 10:37,4/20/2011 15:44,30
14334,8/9/2011 13:10,5/20/2011 10:37,81
14334,9/7/2011 10:55,8/9/2011 13:10,29
14334,11/23/2011 10:01,9/7/2011 10:55,77
14335,9/4/2011 13:07,NULL,NULL
14335,11/23/2011 13:41,9/4/2011 13:07,80
14336,3/8/2011 16:48,NULL,NULL
14336,5/4/2011 15:37,3/8/2011 16:48,57
14336,5/25/2011 14:44,5/4/2011 15:37,21
14336,11/23/2011 11:40,5/25/2011 14:44,182
14338,5/27/2011 13:30,NULL,NULL
14338,7/1/2011 14:08,5/27/2011 13:30,35
14339,4/11/2011 11:06,NULL,NULL
14340,5/5/2011 9:44,NULL,NULL
14341,1/25/2011 13:55,NULL,NULL
14341,1/25/2011 13:55,1/25/2011 13:55,0
14341,5/8/2011 15:15,1/25/2011 13:55,103
14341,5/8/2011 15:16,5/8/2011 15:15,0
14341,7/31/2011 10:48,5/8/2011 15:16,84
14341,8/1/2011 14:05,7/31/2011 10:48,1
14341,10/25/2011 15:47,8/1/2011 14:05,85
14341,10/25/2011 15:48,10/25/2011 15:47,0
14342,5/13/2011 13:50,NULL,NULL
14342,7/25/2011 14:35,5/13/2011 13:50,73
14342,11/8/2011 17:05,7/25/2011 14:35,106
14342,11/18/2011 13:21,11/8/2011 17:05,10
14344,12/6/2010 11:58,NULL,NULL
14344,12/7/2010 10:51,12/6/2010 11:58,1
14344,12/16/2010 17:51,12/7/2010 10:51,9
14344,3/9/2011 13:18,12/16/2010 17:51,83
14344,3/28/2011 13:35,3/9/2011 13:18,19
14344,5/17/2011 9:40,3/28/2011 13:35,50
14344,7/25/2011 13:00,5/17/2011 9:40,69
14344,8/4/2011 13:51,7/25/2011 13:00,10
14345,11/1/2011 9:51,NULL,NULL
14346,2/15/2011 13:52,NULL,NULL
14346,8/11/2011 9:47,2/15/2011 13:52,177
14348,3/24/2011 16:23,NULL,NULL
14349,11/29/2011 15:39,NULL,NULL
14350,3/10/2011 14:14,NULL,NULL
14351,6/28/2011 11:56,NULL,NULL
14352,3/11/2011 14:58,NULL,NULL
14352,4/19/2011 8:17,3/11/2011 14:58,39
14352,7/5/2011 15:40,4/19/2011 8:17,77
14352,7/5/2011 15:41,7/5/2011 15:40,0
14353,5/8/2011 16:06,NULL,NULL
14354,11/9/2011 15:36,NULL,NULL
14354,12/4/2011 11:32,11/9/2011 15:36,25
14355,12/9/2010 12:16,NULL,NULL
14356,9/19/2011 14:43,NULL,NULL
14356,9/21/2011 9:18,9/19/2011 14:43,2
14357,10/27/2011 16:23,NULL,NULL
14359,9/13/2011 9:03,NULL,NULL
14359,10/28/2011 8:58,9/13/2011 9:03,45
14359,11/20/2011 13:17,10/28/2011 8:58,23
14360,9/6/2011 11:58,NULL,NULL
14360,10/3/2011 12:47,9/6/2011 11:58,27
14360,10/3/2011 12:48,10/3/2011 12:47,0
14360,11/8/2011 9:12,10/3/2011 12:48,36
14362,11/17/2011 15:08,NULL,NULL
14364,5/12/2011 12:56,NULL,NULL
14364,5/23/2011 11:58,5/12/2011 12:56,11
14364,6/5/2011 11:42,5/23/2011 11:58,13
14364,6/5/2011 11:44,6/5/2011 11:42,0
14364,6/22/2011 15:50,6/5/2011 11:44,17
14364,6/28/2011 13:17,6/22/2011 15:50,6
14364,7/28/2011 9:27,6/28/2011 13:17,30
14364,8/23/2011 11:01,7/28/2011 9:27,26
14367,3/8/2011 14:12,NULL,NULL
14367,3/29/2011 14:35,3/8/2011 14:12,21
14367,4/13/2011 16:43,3/29/2011 14:35,15
14367,5/11/2011 14:25,4/13/2011 16:43,28
14367,5/11/2011 14:49,5/11/2011 14:25,0
14367,5/11/2011 14:54,5/11/2011 14:49,0
14367,6/8/2011 12:44,5/11/2011 14:54,28
14367,6/8/2011 13:04,6/8/2011 12:44,0
14367,7/11/2011 15:05,6/8/2011 13:04,33
14367,7/25/2011 9:26,7/11/2011 15:05,14
14367,9/15/2011 14:05,7/25/2011 9:26,52
14367,9/25/2011 12:16,9/15/2011 14:05,10
14367,10/19/2011 10:31,9/25/2011 12:16,24
14367,11/8/2011 17:21,10/19/2011 10:31,20
14367,11/18/2011 12:09,11/8/2011 17:21,10
14367,12/1/2011 13:19,11/18/2011 12:09,13
14368,1/24/2011 9:52,NULL,NULL
14371,2/17/2011 16:35,NULL,NULL
14373,12/16/2010 15:40,NULL,NULL
14375,6/7/2011 13:44,NULL,NULL
14377,3/22/2011 13:38,NULL,NULL
14377,6/1/2011 13:32,3/22/2011 13:38,71
14379,2/17/2011 15:03,NULL,NULL
14379,10/26/2011 16:43,2/17/2011 15:03,251
14381,10/18/2011 17:10,NULL,NULL
14382,11/13/2011 16:18,NULL,NULL
14383,6/29/2011 10:18,NULL,NULL
14383,10/6/2011 13:00,6/29/2011 10:18,99
14383,11/1/2011 15:53,10/6/2011 13:00,26
14385,11/16/2011 11:55,NULL,NULL
14385,11/23/2011 13:56,11/16/2011 11:55,7
14385,11/30/2011 15:36,11/23/2011 13:56,7
14386,2/16/2011 9:45,NULL,NULL
14387,8/22/2011 14:13,NULL,NULL
14387,9/26/2011 12:58,8/22/2011 14:13,35
14387,11/7/2011 12:29,9/26/2011 12:58,42
14388,12/2/2010 11:02,NULL,NULL
14388,3/3/2011 8:24,12/2/2010 11:02,91
14388,5/20/2011 16:25,3/3/2011 8:24,78
14388,7/8/2011 10:00,5/20/2011 16:25,49
14388,8/10/2011 11:58,7/8/2011 10:00,33
14388,9/9/2011 13:26,8/10/2011 11:58,30
14388,11/4/2011 12:50,9/9/2011 13:26,56
14388,11/29/2011 13:32,11/4/2011 12:50,25
14389,6/2/2011 12:04,NULL,NULL
14389,10/5/2011 15:17,6/2/2011 12:04,125
14390,12/2/2010 11:57,NULL,NULL
14390,4/14/2011 13:17,12/2/2010 11:57,133
14390,5/12/2011 17:03,4/14/2011 13:17,28
14390,7/18/2011 13:35,5/12/2011 17:03,67
14390,10/14/2011 12:56,7/18/2011 13:35,88
14390,11/2/2011 12:20,10/14/2011 12:56,19
14390,11/18/2011 13:02,11/2/2011 12:20,16
14390,11/29/2011 13:46,11/18/2011 13:02,11
14390,11/29/2011 13:49,11/29/2011 13:46,0
14393,5/5/2011 18:16,NULL,NULL
14395,12/2/2010 18:15,NULL,NULL
14395,1/9/2011 15:23,12/2/2010 18:15,38
14395,3/14/2011 10:57,1/9/2011 15:23,64
14395,4/7/2011 18:09,3/14/2011 10:57,24
14395,5/1/2011 12:41,4/7/2011 18:09,24
14395,6/15/2011 12:21,5/1/2011 12:41,45
14395,9/22/2011 12:41,6/15/2011 12:21,99
14395,10/10/2011 17:26,9/22/2011 12:41,18
14395,12/7/2011 14:34,10/10/2011 17:26,58
14396,12/3/2010 15:19,NULL,NULL
14396,10/5/2011 16:09,12/3/2010 15:19,306
14397,5/10/2011 12:25,NULL,NULL
14397,5/25/2011 14:40,5/10/2011 12:25,15
14397,6/12/2011 15:20,5/25/2011 14:40,18
14397,6/21/2011 9:30,6/12/2011 15:20,9
14397,7/13/2011 11:34,6/21/2011 9:30,22
14397,7/18/2011 10:43,7/13/2011 11:34,5
14397,7/24/2011 14:26,7/18/2011 10:43,6
14397,8/4/2011 18:31,7/24/2011 14:26,11
14397,8/22/2011 11:17,8/4/2011 18:31,18
14397,9/7/2011 9:37,8/22/2011 11:17,16
14397,9/21/2011 9:37,9/7/2011 9:37,14
14397,10/11/2011 10:24,9/21/2011 9:37,20
14397,10/14/2011 13:41,10/11/2011 10:24,3
14397,10/28/2011 15:32,10/14/2011 13:41,14
14397,11/10/2011 15:57,10/28/2011 15:32,13
14397,11/17/2011 14:36,11/10/2011 15:57,7
14397,11/28/2011 12:30,11/17/2011 14:36,11
14397,12/4/2011 10:53,11/28/2011 12:30,6
14397,12/7/2011 9:22,12/4/2011 10:53,3
14400,7/13/2011 15:50,NULL,NULL
14401,12/15/2010 9:07,NULL,NULL
14401,1/28/2011 15:53,12/15/2010 9:07,44
14401,6/10/2011 14:51,1/28/2011 15:53,133
14401,6/23/2011 13:22,6/10/2011 14:51,13
14401,6/30/2011 16:28,6/23/2011 13:22,7
14401,7/20/2011 12:16,6/30/2011 16:28,20
14401,8/3/2011 11:35,7/20/2011 12:16,14
14401,8/19/2011 12:50,8/3/2011 11:35,16
14401,8/24/2011 14:57,8/19/2011 12:50,5
14401,9/5/2011 11:51,8/24/2011 14:57,12
14401,9/20/2011 15:05,9/5/2011 11:51,15
14401,11/1/2011 13:37,9/20/2011 15:05,42
14401,12/5/2011 13:30,11/1/2011 13:37,34
14403,4/6/2011 14:23,NULL,NULL
14403,5/6/2011 16:48,4/6/2011 14:23,30
14403,7/21/2011 13:25,5/6/2011 16:48,76
14403,8/1/2011 12:57,7/21/2011 13:25,11
14404,12/5/2010 16:00,NULL,NULL
14404,1/16/2011 15:38,12/5/2010 16:00,42
14404,3/25/2011 10:05,1/16/2011 15:38,68
14404,6/23/2011 12:36,3/25/2011 10:05,90
14404,8/23/2011 11:16,6/23/2011 12:36,61
14404,11/6/2011 12:30,8/23/2011 11:16,75
14406,8/12/2011 16:54,NULL,NULL
14407,3/8/2011 11:59,NULL,NULL
14407,5/18/2011 12:28,3/8/2011 11:59,71
14407,7/21/2011 13:54,5/18/2011 12:28,64
14407,7/29/2011 8:48,7/21/2011 13:54,8
14407,8/16/2011 10:52,7/29/2011 8:48,18
14407,8/24/2011 14:02,8/16/2011 10:52,8
14408,3/20/2011 14:41,NULL,NULL
14408,4/15/2011 11:15,3/20/2011 14:41,26
14408,6/3/2011 10:15,4/15/2011 11:15,49
14408,6/21/2011 13:58,6/3/2011 10:15,18
14408,8/1/2011 11:23,6/21/2011 13:58,41
14408,9/6/2011 11:29,8/1/2011 11:23,36
14408,11/29/2011 11:41,9/6/2011 11:29,84
14409,12/6/2010 15:03,NULL,NULL
14409,12/6/2010 15:06,12/6/2010 15:03,0
14409,1/25/2011 11:18,12/6/2010 15:06,50
14409,7/13/2011 10:39,1/25/2011 11:18,169
14409,8/9/2011 10:52,7/13/2011 10:39,27
14409,9/29/2011 18:18,8/9/2011 10:52,51
14410,2/7/2011 9:36,NULL,NULL
14410,3/28/2011 12:13,2/7/2011 9:36,49
14410,3/31/2011 15:54,3/28/2011 12:13,3
14410,4/4/2011 14:42,3/31/2011 15:54,4
14410,5/17/2011 12:47,4/4/2011 14:42,43
14410,5/17/2011 12:49,5/17/2011 12:47,0
14410,7/21/2011 15:16,5/17/2011 12:49,65
14410,9/8/2011 14:57,7/21/2011 15:16,49
14410,9/8/2011 15:08,9/8/2011 14:57,0
14411,2/2/2011 10:56,NULL,NULL
14412,9/28/2011 8:48,NULL,NULL
14412,10/28/2011 10:45,9/28/2011 8:48,30
14413,12/12/2010 13:37,NULL,NULL
14414,12/16/2010 11:11,NULL,NULL
14414,7/26/2011 13:45,12/16/2010 11:11,222
14414,7/31/2011 13:33,7/26/2011 13:45,5
14414,8/17/2011 10:08,7/31/2011 13:33,17
14414,8/22/2011 12:55,8/17/2011 10:08,5
14414,9/1/2011 14:13,8/22/2011 12:55,10
14414,9/9/2011 12:09,9/1/2011 14:13,8
14415,12/14/2010 13:31,NULL,NULL
14415,1/18/2011 15:37,12/14/2010 13:31,35
14415,2/8/2011 15:09,1/18/2011 15:37,21
14415,4/19/2011 15:39,2/8/2011 15:09,70
14415,5/25/2011 15:54,4/19/2011 15:39,36
14415,6/10/2011 15:07,5/25/2011 15:54,16
14415,7/1/2011 17:23,6/10/2011 15:07,21
14415,8/8/2011 12:36,7/1/2011 17:23,38
14415,9/2/2011 15:56,8/8/2011 12:36,25
14415,10/9/2011 16:11,9/2/2011 15:56,37
14415,10/28/2011 12:36,10/9/2011 16:11,19
14415,11/20/2011 15:52,10/28/2011 12:36,23
14415,12/8/2011 14:38,11/20/2011 15:52,18
14416,10/28/2011 15:10,NULL,NULL
14416,11/17/2011 15:22,10/28/2011 15:10,20
14418,8/23/2011 17:18,NULL,NULL
14418,11/14/2011 13:55,8/23/2011 17:18,83
14418,12/6/2011 11:39,11/14/2011 13:55,22
14419,12/10/2010 10:56,NULL,NULL
14419,4/1/2011 11:47,12/10/2010 10:56,112
14419,9/27/2011 11:27,4/1/2011 11:47,179
14419,10/10/2011 11:30,9/27/2011 11:27,13
14419,11/1/2011 11:29,10/10/2011 11:30,22
14419,11/29/2011 11:22,11/1/2011 11:29,28
14420,9/1/2011 18:07,NULL,NULL
14421,5/12/2011 10:49,NULL,NULL
14421,10/13/2011 13:24,5/12/2011 10:49,154
14422,3/17/2011 17:26,NULL,NULL
14422,6/22/2011 15:07,3/17/2011 17:26,97
14422,9/30/2011 10:48,6/22/2011 15:07,100
14422,10/17/2011 15:18,9/30/2011 10:48,17
14422,11/22/2011 14:59,10/17/2011 15:18,36
14422,12/9/2011 11:26,11/22/2011 14:59,17
14423,5/5/2011 15:12,NULL,NULL
14424,11/22/2011 11:48,NULL,NULL
14426,1/31/2011 9:51,NULL,NULL
14426,1/31/2011 9:55,1/31/2011 9:51,0
14426,3/8/2011 15:17,1/31/2011 9:55,36
14426,6/14/2011 12:31,3/8/2011 15:17,98
14426,7/22/2011 11:55,6/14/2011 12:31,38
14426,7/22/2011 11:56,7/22/2011 11:55,0
14426,11/1/2011 12:34,7/22/2011 11:56,102
14426,11/7/2011 15:10,11/1/2011 12:34,6
14426,11/16/2011 8:25,11/7/2011 15:10,9
14426,11/16/2011 12:25,11/16/2011 8:25,0
14427,10/7/2011 9:10,NULL,NULL
14427,10/20/2011 14:23,10/7/2011 9:10,13
14428,1/18/2011 16:39,NULL,NULL
14428,4/14/2011 9:43,1/18/2011 16:39,86
14428,9/21/2011 14:50,4/14/2011 9:43,160
14428,11/3/2011 16:30,9/21/2011 14:50,43
14428,12/2/2011 13:17,11/3/2011 16:30,29
14431,2/10/2011 10:40,NULL,NULL
14432,9/11/2011 14:09,NULL,NULL
14432,10/2/2011 15:49,9/11/2011 14:09,21
14432,10/23/2011 15:29,10/2/2011 15:49,21
14432,11/1/2011 13:04,10/23/2011 15:29,9
14432,11/13/2011 16:22,11/1/2011 13:04,12
14432,11/30/2011 8:04,11/13/2011 16:22,17
14434,9/28/2011 15:31,NULL,NULL
14434,10/5/2011 12:59,9/28/2011 15:31,7
14434,10/10/2011 15:45,10/5/2011 12:59,5
14434,10/19/2011 10:43,10/10/2011 15:45,9
14434,11/2/2011 12:18,10/19/2011 10:43,14
14434,11/18/2011 8:56,11/2/2011 12:18,16
14436,9/2/2011 10:13,NULL,NULL
14437,12/9/2010 9:27,NULL,NULL
14438,2/6/2011 14:56,NULL,NULL
14439,1/24/2011 11:39,NULL,NULL
14440,12/9/2010 12:49,NULL,NULL
14440,1/27/2011 10:30,12/9/2010 12:49,49
14440,9/28/2011 12:46,1/27/2011 10:30,244
14440,10/28/2011 15:54,9/28/2011 12:46,30
14440,12/1/2011 15:42,10/28/2011 15:54,34
14441,3/29/2011 12:01,NULL,NULL
14441,9/6/2011 9:45,3/29/2011 12:01,161
14441,10/27/2011 14:27,9/6/2011 9:45,51
14441,12/9/2011 9:07,10/27/2011 14:27,43
14442,1/27/2011 9:33,NULL,NULL
14442,5/19/2011 11:36,1/27/2011 9:33,112
14443,12/6/2010 11:03,NULL,NULL
14443,2/2/2011 15:09,12/6/2010 11:03,58
14443,7/24/2011 11:40,2/2/2011 15:09,172
14443,10/17/2011 10:10,7/24/2011 11:40,85
14446,4/7/2011 12:10,NULL,NULL
14446,9/20/2011 12:35,4/7/2011 12:10,166
14446,11/11/2011 12:02,9/20/2011 12:35,52
14446,12/9/2011 11:34,11/11/2011 12:02,28
14447,3/4/2011 10:49,NULL,NULL
14447,5/27/2011 14:29,3/4/2011 10:49,84
14447,10/20/2011 11:58,5/27/2011 14:29,146
14447,10/20/2011 12:00,10/20/2011 11:58,0
14447,11/21/2011 8:28,10/20/2011 12:00,32
14448,12/10/2010 17:26,NULL,NULL
14448,11/30/2011 13:50,12/10/2010 17:26,355
14449,12/2/2010 14:09,NULL,NULL
14449,4/7/2011 12:16,12/2/2010 14:09,126
14449,10/6/2011 13:29,4/7/2011 12:16,182
14449,11/21/2011 12:06,10/6/2011 13:29,46
14450,1/23/2011 11:53,NULL,NULL
14450,4/10/2011 12:59,1/23/2011 11:53,77
14450,6/12/2011 10:46,4/10/2011 12:59,63
14451,5/29/2011 12:35,NULL,NULL
14451,10/10/2011 13:38,5/29/2011 12:35,134
14452,9/7/2011 11:32,NULL,NULL
14452,11/29/2011 12:06,9/7/2011 11:32,83
14453,6/2/2011 14:15,NULL,NULL
14456,7/20/2011 13:06,NULL,NULL
14456,7/20/2011 13:10,7/20/2011 13:06,0
14456,7/31/2011 15:00,7/20/2011 13:10,11
14456,9/11/2011 15:24,7/31/2011 15:00,42
14456,9/27/2011 12:52,9/11/2011 15:24,16
14456,10/30/2011 12:53,9/27/2011 12:52,33
14456,11/10/2011 11:55,10/30/2011 12:53,11
14456,11/17/2011 17:18,11/10/2011 11:55,7
14456,12/4/2011 13:59,11/17/2011 17:18,17
14457,2/2/2011 9:39,NULL,NULL
14459,7/7/2011 13:35,NULL,NULL
14460,2/2/2011 11:55,NULL,NULL
14460,6/21/2011 12:40,2/2/2011 11:55,139
14460,8/21/2011 14:19,6/21/2011 12:40,61
14461,3/23/2011 12:15,NULL,NULL
14461,6/14/2011 13:15,3/23/2011 12:15,83
14461,7/14/2011 17:11,6/14/2011 13:15,30
14462,1/4/2011 12:45,NULL,NULL
14462,2/4/2011 13:30,1/4/2011 12:45,31
14462,2/4/2011 13:47,2/4/2011 13:30,0
14462,3/17/2011 15:47,2/4/2011 13:47,41
14462,3/17/2011 16:11,3/17/2011 15:47,0
14462,5/10/2011 16:00,3/17/2011 16:11,54
14462,6/7/2011 10:46,5/10/2011 16:00,28
14462,7/17/2011 13:24,6/7/2011 10:46,40
14462,8/11/2011 9:57,7/17/2011 13:24,25
14462,9/16/2011 17:05,8/11/2011 9:57,36
14462,10/4/2011 15:55,9/16/2011 17:05,18
14463,5/18/2011 14:42,NULL,NULL
14463,6/22/2011 10:31,5/18/2011 14:42,35
14463,9/2/2011 15:20,6/22/2011 10:31,72
14465,2/10/2011 12:13,NULL,NULL
14465,4/7/2011 12:29,2/10/2011 12:13,56
14465,4/7/2011 12:38,4/7/2011 12:29,0
14466,12/2/2010 13:36,NULL,NULL
14466,2/4/2011 9:56,12/2/2010 13:36,64
14466,3/4/2011 12:06,2/4/2011 9:56,28
14466,6/5/2011 15:47,3/4/2011 12:06,93
14466,8/16/2011 8:39,6/5/2011 15:47,72
14466,9/27/2011 12:44,8/16/2011 8:39,42
14466,11/10/2011 14:07,9/27/2011 12:44,44
14467,1/31/2011 12:35,NULL,NULL
14467,10/24/2011 13:59,1/31/2011 12:35,266
14467,11/15/2011 12:33,10/24/2011 13:59,22
14467,11/22/2011 12:48,11/15/2011 12:33,7
14470,2/25/2011 11:56,NULL,NULL
14470,11/28/2011 10:31,2/25/2011 11:56,276
14472,12/19/2010 14:03,NULL,NULL
14472,1/9/2011 11:34,12/19/2010 14:03,21
14472,2/27/2011 12:41,1/9/2011 11:34,49
14472,3/27/2011 12:06,2/27/2011 12:41,28
14472,6/5/2011 12:44,3/27/2011 12:06,70
14472,7/10/2011 12:23,6/5/2011 12:44,35
14472,7/31/2011 12:08,7/10/2011 12:23,21
14472,8/28/2011 11:01,7/31/2011 12:08,28
14473,3/2/2011 13:56,NULL,NULL
14473,9/26/2011 15:10,3/2/2011 13:56,208
14474,10/24/2011 13:26,NULL,NULL
14475,2/8/2011 10:12,NULL,NULL
14475,6/6/2011 13:06,2/8/2011 10:12,118
14475,9/29/2011 10:46,6/6/2011 13:06,115
14476,3/27/2011 15:39,NULL,NULL
14477,2/15/2011 15:44,NULL,NULL
14477,6/8/2011 13:33,2/15/2011 15:44,113
14477,10/20/2011 12:21,6/8/2011 13:33,134
14477,11/20/2011 11:11,10/20/2011 12:21,31
14479,12/9/2010 12:59,NULL,NULL
14479,3/31/2011 9:07,12/9/2010 12:59,112
14480,11/28/2011 16:35,NULL,NULL
14481,2/25/2011 13:53,NULL,NULL
14481,6/28/2011 10:38,2/25/2011 13:53,123
14482,4/14/2011 16:41,NULL,NULL
14482,9/1/2011 16:44,4/14/2011 16:41,140
14482,10/25/2011 16:13,9/1/2011 16:44,54
14482,11/6/2011 12:07,10/25/2011 16:13,12
14482,11/9/2011 15:07,11/6/2011 12:07,3
14482,11/21/2011 13:14,11/9/2011 15:07,12
14483,3/3/2011 10:26,NULL,NULL
14484,10/20/2011 14:11,NULL,NULL
14485,11/1/2011 12:25,NULL,NULL
14487,12/6/2010 13:22,NULL,NULL
14487,9/11/2011 13:51,12/6/2010 13:22,279
14487,9/18/2011 11:51,9/11/2011 13:51,7
14487,9/18/2011 12:40,9/18/2011 11:51,0
14487,10/30/2011 12:27,9/18/2011 12:40,42
14487,11/13/2011 12:17,10/30/2011 12:27,14
14488,10/3/2011 9:30,NULL,NULL
14489,5/16/2011 14:51,NULL,NULL
14491,12/2/2010 12:10,NULL,NULL
14491,6/17/2011 15:22,12/2/2010 12:10,197
14493,7/7/2011 16:59,NULL,NULL
14493,10/24/2011 10:27,7/7/2011 16:59,109
14493,11/9/2011 13:54,10/24/2011 10:27,16
14493,11/23/2011 10:21,11/9/2011 13:54,14
14493,12/2/2011 16:14,11/23/2011 10:21,9
14494,11/14/2011 9:21,NULL,NULL
14495,8/10/2011 14:13,NULL,NULL
14495,10/20/2011 12:28,8/10/2011 14:13,71
14496,12/1/2010 15:35,NULL,NULL
14496,2/1/2011 9:01,12/1/2010 15:35,62
14497,2/3/2011 17:01,NULL,NULL
14498,12/13/2010 11:29,NULL,NULL
14498,6/6/2011 14:34,12/13/2010 11:29,175
14498,7/13/2011 12:06,6/6/2011 14:34,37
14498,8/15/2011 14:10,7/13/2011 12:06,33
14498,10/28/2011 12:09,8/15/2011 14:10,74
14499,3/6/2011 11:55,NULL,NULL
14499,7/29/2011 11:49,3/6/2011 11:55,145
14499,11/13/2011 13:01,7/29/2011 11:49,107
14500,6/3/2011 10:08,NULL,NULL
14500,8/19/2011 17:02,6/3/2011 10:08,77
14500,9/12/2011 16:45,8/19/2011 17:02,24
14501,1/24/2011 10:43,NULL,NULL
14501,6/9/2011 12:02,1/24/2011 10:43,136
14502,1/30/2011 15:52,NULL,NULL
14502,2/20/2011 15:51,1/30/2011 15:52,21
14502,3/13/2011 12:39,2/20/2011 15:51,21
14502,4/18/2011 17:29,3/13/2011 12:39,36
14502,4/18/2011 17:32,4/18/2011 17:29,0
14502,4/19/2011 12:22,4/18/2011 17:32,1
14502,7/13/2011 13:14,4/19/2011 12:22,85
14502,10/2/2011 14:56,7/13/2011 13:14,81
14502,11/6/2011 14:33,10/2/2011 14:56,35
14502,11/6/2011 14:45,11/6/2011 14:33,0
14502,11/20/2011 11:50,11/6/2011 14:45,14
14503,6/14/2011 10:00,NULL,NULL
14503,9/30/2011 14:59,6/14/2011 10:00,108
14503,11/20/2011 11:28,9/30/2011 14:59,51
14503,11/29/2011 12:15,11/20/2011 11:28,9
14503,12/2/2011 14:46,11/29/2011 12:15,3
14503,12/6/2011 13:30,12/2/2011 14:46,4
14504,3/6/2011 14:38,NULL,NULL
14504,3/25/2011 12:55,3/6/2011 14:38,19
14504,4/10/2011 16:01,3/25/2011 12:55,16
14504,10/23/2011 16:00,4/10/2011 16:01,196
14505,12/12/2010 16:14,NULL,NULL
14505,1/6/2011 16:03,12/12/2010 16:14,25
14505,3/16/2011 15:45,1/6/2011 16:03,69
14505,5/10/2011 12:53,3/16/2011 15:45,55
14505,5/19/2011 13:35,5/10/2011 12:53,9
14505,8/22/2011 14:38,5/19/2011 13:35,95
14505,11/1/2011 14:54,8/22/2011 14:38,71
14505,11/22/2011 15:45,11/1/2011 14:54,21
14506,12/5/2010 14:25,NULL,NULL
14506,3/1/2011 12:46,12/5/2010 14:25,86
14506,6/30/2011 19:27,3/1/2011 12:46,121
14506,10/4/2011 14:42,6/30/2011 19:27,96
14506,11/22/2011 13:02,10/4/2011 14:42,49
14507,3/8/2011 17:23,NULL,NULL
14507,3/8/2011 17:25,3/8/2011 17:23,0
14507,5/8/2011 14:18,3/8/2011 17:25,61
14507,8/30/2011 15:16,5/8/2011 14:18,114
14507,10/30/2011 13:18,8/30/2011 15:16,61
14507,11/16/2011 12:21,10/30/2011 13:18,17
14508,9/11/2011 11:29,NULL,NULL
14508,11/17/2011 19:48,9/11/2011 11:29,67
14511,7/29/2011 12:13,NULL,NULL
14511,9/8/2011 13:26,7/29/2011 12:13,41
14511,10/5/2011 9:42,9/8/2011 13:26,27
14511,11/6/2011 14:38,10/5/2011 9:42,32
14511,11/28/2011 17:05,11/6/2011 14:38,22
14512,4/21/2011 19:05,NULL,NULL
14512,6/5/2011 12:39,4/21/2011 19:05,45
14513,2/24/2011 9:36,NULL,NULL
14513,5/17/2011 12:21,2/24/2011 9:36,82
14513,8/31/2011 11:25,5/17/2011 12:21,106
14514,1/12/2011 15:22,NULL,NULL
14514,5/22/2011 15:11,1/12/2011 15:22,130
14514,10/9/2011 16:05,5/22/2011 15:11,140
14515,5/5/2011 12:13,NULL,NULL
14515,6/1/2011 12:54,5/5/2011 12:13,27
14515,10/4/2011 12:38,6/1/2011 12:54,125
14515,11/17/2011 11:45,10/4/2011 12:38,44
14515,11/17/2011 11:48,11/17/2011 11:45,0
14515,11/22/2011 11:37,11/17/2011 11:48,5
14517,7/21/2011 11:42,NULL,NULL
14517,11/6/2011 14:20,7/21/2011 11:42,108
14518,10/6/2011 14:43,NULL,NULL
14520,2/22/2011 9:15,NULL,NULL
14520,12/8/2011 9:46,2/22/2011 9:15,289
14522,5/25/2011 16:01,NULL,NULL
14522,9/8/2011 15:39,5/25/2011 16:01,106
14522,9/29/2011 9:37,9/8/2011 15:39,21
14522,11/15/2011 13:24,9/29/2011 9:37,47
14523,8/23/2011 13:13,NULL,NULL
14524,12/14/2010 11:01,NULL,NULL
14524,3/3/2011 12:41,12/14/2010 11:01,79
14524,4/17/2011 12:37,3/3/2011 12:41,45
14524,4/17/2011 12:53,4/17/2011 12:37,0
14524,6/14/2011 12:46,4/17/2011 12:53,58
14524,9/29/2011 12:16,6/14/2011 12:46,107
14524,9/29/2011 12:34,9/29/2011 12:16,0
14524,9/29/2011 12:39,9/29/2011 12:34,0
14524,11/8/2011 12:29,9/29/2011 12:39,40
14525,12/13/2010 17:40,NULL,NULL
14525,1/17/2011 13:21,12/13/2010 17:40,35
14525,3/31/2011 18:49,1/17/2011 13:21,73
14525,4/18/2011 12:56,3/31/2011 18:49,18
14525,6/7/2011 12:34,4/18/2011 12:56,50
14525,8/11/2011 17:35,6/7/2011 12:34,65
14525,8/31/2011 14:28,8/11/2011 17:35,20
14525,10/27/2011 15:49,8/31/2011 14:28,57
14525,11/20/2011 11:37,10/27/2011 15:49,24
14527,12/5/2010 13:17,NULL,NULL
14527,12/9/2010 12:32,12/5/2010 13:17,4
14527,12/15/2010 12:30,12/9/2010 12:32,6
14527,12/20/2010 13:11,12/15/2010 12:30,5
14527,1/5/2011 12:20,12/20/2010 13:11,16
14527,1/10/2011 12:36,1/5/2011 12:20,5
14527,1/19/2011 11:48,1/10/2011 12:36,9
14527,1/25/2011 12:03,1/19/2011 11:48,6
14527,1/31/2011 12:18,1/25/2011 12:03,6
14527,2/8/2011 12:20,1/31/2011 12:18,8
14527,2/15/2011 11:52,2/8/2011 12:20,7
14527,2/15/2011 11:58,2/15/2011 11:52,0
14527,2/24/2011 12:00,2/15/2011 11:58,9
14527,2/28/2011 13:25,2/24/2011 12:00,4
14527,3/9/2011 12:19,2/28/2011 13:25,9
14527,3/15/2011 12:10,3/9/2011 12:19,6
14527,3/24/2011 12:32,3/15/2011 12:10,9
14527,3/31/2011 12:08,3/24/2011 12:32,7
14527,4/7/2011 18:05,3/31/2011 12:08,7
14527,4/15/2011 15:31,4/7/2011 18:05,8
14527,4/20/2011 12:26,4/15/2011 15:31,5
14527,4/27/2011 12:05,4/20/2011 12:26,7
14527,5/9/2011 12:40,4/27/2011 12:05,12
14527,5/13/2011 13:05,5/9/2011 12:40,4
14527,5/18/2011 12:13,5/13/2011 13:05,5
14527,5/24/2011 12:14,5/18/2011 12:13,6
14527,6/8/2011 12:21,5/24/2011 12:14,15
14527,6/15/2011 12:55,6/8/2011 12:21,7
14527,6/22/2011 12:32,6/15/2011 12:55,7
14527,6/29/2011 14:17,6/22/2011 12:32,7
14527,7/7/2011 12:47,6/29/2011 14:17,8
14527,7/14/2011 12:29,7/7/2011 12:47,7
14527,7/21/2011 12:23,7/14/2011 12:29,7
14527,7/27/2011 12:38,7/21/2011 12:23,6
14527,7/28/2011 14:16,7/27/2011 12:38,1
14527,8/3/2011 12:31,7/28/2011 14:16,6
14527,8/9/2011 16:27,8/3/2011 12:31,6
14527,8/15/2011 12:07,8/9/2011 16:27,6
14527,8/24/2011 12:11,8/15/2011 12:07,9
14527,9/2/2011 12:37,8/24/2011 12:11,9
14527,9/12/2011 12:20,9/2/2011 12:37,10
14527,9/21/2011 12:46,9/12/2011 12:20,9
14527,9/29/2011 12:23,9/21/2011 12:46,8
14527,10/6/2011 12:35,9/29/2011 12:23,7
14527,10/13/2011 13:00,10/6/2011 12:35,7
14527,10/20/2011 12:11,10/13/2011 13:00,7
14527,10/25/2011 12:30,10/20/2011 12:11,5
14527,10/31/2011 14:03,10/25/2011 12:30,6
14527,11/7/2011 12:56,10/31/2011 14:03,7
14527,11/11/2011 12:24,11/7/2011 12:56,4
14527,11/16/2011 12:29,11/11/2011 12:24,5
14527,11/23/2011 12:05,11/16/2011 12:29,7
14527,11/27/2011 12:01,11/23/2011 12:05,4
14527,12/1/2011 12:25,11/27/2011 12:01,4
14527,12/7/2011 12:19,12/1/2011 12:25,6
14528,11/2/2011 17:09,NULL,NULL
14529,8/21/2011 14:10,NULL,NULL
14529,9/23/2011 13:48,8/21/2011 14:10,33
14529,10/10/2011 15:27,9/23/2011 13:48,17
14530,2/16/2011 10:47,NULL,NULL
14530,3/22/2011 11:05,2/16/2011 10:47,34
14530,6/7/2011 14:30,3/22/2011 11:05,77
14530,8/3/2011 12:12,6/7/2011 14:30,57
14530,9/7/2011 12:55,8/3/2011 12:12,35
14530,11/14/2011 10:38,9/7/2011 12:55,68
14532,12/22/2010 13:48,NULL,NULL
14532,1/30/2011 10:27,12/22/2010 13:48,39
14532,2/27/2011 10:02,1/30/2011 10:27,28
14532,4/17/2011 13:05,2/27/2011 10:02,49
14533,12/22/2010 11:07,NULL,NULL
14533,8/19/2011 12:06,12/22/2010 11:07,240
14533,9/11/2011 15:35,8/19/2011 12:06,23
14533,10/2/2011 12:22,9/11/2011 15:35,21
14533,10/6/2011 14:45,10/2/2011 12:22,4
14533,10/10/2011 17:13,10/6/2011 14:45,4
14533,11/15/2011 12:05,10/10/2011 17:13,36
14534,1/25/2011 12:33,NULL,NULL
14534,2/7/2011 11:15,1/25/2011 12:33,13
14534,2/15/2011 13:00,2/7/2011 11:15,8
14534,3/9/2011 11:05,2/15/2011 13:00,22
14534,3/15/2011 12:19,3/9/2011 11:05,6
14534,4/6/2011 15:31,3/15/2011 12:19,22
14534,5/10/2011 14:57,4/6/2011 15:31,34
14534,5/24/2011 12:04,5/10/2011 14:57,14
14534,6/6/2011 12:22,5/24/2011 12:04,13
14534,6/23/2011 14:11,6/6/2011 12:22,17
14534,7/8/2011 15:56,6/23/2011 14:11,15
14534,7/27/2011 15:09,7/8/2011 15:56,19
14534,8/12/2011 11:22,7/27/2011 15:09,16
14534,9/5/2011 12:20,8/12/2011 11:22,24
14534,10/5/2011 12:49,9/5/2011 12:20,30
14534,11/16/2011 11:05,10/5/2011 12:49,42
14534,11/22/2011 11:24,11/16/2011 11:05,6
14534,12/7/2011 12:19,11/22/2011 11:24,15
14535,4/5/2011 12:50,NULL,NULL
14535,8/4/2011 15:04,4/5/2011 12:50,121
14535,10/10/2011 15:39,8/4/2011 15:04,67
14536,3/25/2011 12:21,NULL,NULL
14537,10/13/2011 10:54,NULL,NULL
14538,3/28/2011 14:57,NULL,NULL
14538,10/6/2011 10:31,3/28/2011 14:57,192
14539,10/26/2011 12:03,NULL,NULL
14539,11/24/2011 9:50,10/26/2011 12:03,29
14540,2/3/2011 15:02,NULL,NULL
14540,9/25/2011 12:34,2/3/2011 15:02,234
14540,11/30/2011 10:15,9/25/2011 12:34,66
14541,1/24/2011 14:16,NULL,NULL
14541,1/27/2011 15:51,1/24/2011 14:16,3
14541,2/25/2011 10:46,1/27/2011 15:51,29
14541,2/25/2011 15:27,2/25/2011 10:46,0
14541,4/11/2011 12:17,2/25/2011 15:27,45
14541,5/9/2011 17:24,4/11/2011 12:17,28
14541,6/24/2011 10:31,5/9/2011 17:24,46
14541,10/12/2011 10:08,6/24/2011 10:31,110
14542,6/7/2011 8:19,NULL,NULL
14543,12/10/2010 11:51,NULL,NULL
14543,1/25/2011 11:41,12/10/2010 11:51,46
14543,2/16/2011 14:40,1/25/2011 11:41,22
14543,3/16/2011 12:43,2/16/2011 14:40,28
14543,3/16/2011 12:44,3/16/2011 12:43,0
14543,3/31/2011 15:00,3/16/2011 12:44,15
14543,4/1/2011 10:43,3/31/2011 15:00,1
14543,5/9/2011 13:59,4/1/2011 10:43,38
14543,6/2/2011 16:26,5/9/2011 13:59,24
14543,6/10/2011 12:24,6/2/2011 16:26,8
14543,6/21/2011 13:37,6/10/2011 12:24,11
14543,8/4/2011 18:18,6/21/2011 13:37,44
14543,8/23/2011 12:26,8/4/2011 18:18,19
14543,9/27/2011 10:26,8/23/2011 12:26,35
14543,11/9/2011 13:36,9/27/2011 10:26,43
14543,11/11/2011 12:45,11/9/2011 13:36,2
14544,12/13/2010 12:50,NULL,NULL
14544,11/15/2011 15:06,12/13/2010 12:50,337
14546,4/5/2011 12:37,NULL,NULL
14546,5/22/2011 11:41,4/5/2011 12:37,47
14546,9/23/2011 13:11,5/22/2011 11:41,124
14546,10/30/2011 11:47,9/23/2011 13:11,37
14546,12/4/2011 13:00,10/30/2011 11:47,35
14547,10/16/2011 14:35,NULL,NULL
14547,11/6/2011 14:39,10/16/2011 14:35,21
14547,11/13/2011 12:27,11/6/2011 14:39,7
14547,11/20/2011 14:24,11/13/2011 12:27,7
14547,11/23/2011 10:23,11/20/2011 14:24,3
14547,11/27/2011 13:49,11/23/2011 10:23,4
14547,12/5/2011 12:59,11/27/2011 13:49,8
14547,12/6/2011 11:06,12/5/2011 12:59,1
14548,1/26/2011 8:38,NULL,NULL
14548,7/12/2011 12:19,1/26/2011 8:38,167
14549,2/1/2011 13:47,NULL,NULL
14550,10/26/2011 12:14,NULL,NULL
14550,11/29/2011 12:12,10/26/2011 12:14,34
14551,5/19/2011 18:21,NULL,NULL
14551,11/21/2011 13:36,5/19/2011 18:21,186
14552,7/11/2011 12:49,NULL,NULL
14553,1/4/2011 15:40,NULL,NULL
14553,5/5/2011 11:08,1/4/2011 15:40,121
14553,11/6/2011 13:32,5/5/2011 11:08,185
14553,11/6/2011 14:06,11/6/2011 13:32,0
14553,11/20/2011 13:20,11/6/2011 14:06,14
14554,10/18/2011 13:04,NULL,NULL
14554,11/16/2011 13:25,10/18/2011 13:04,29
14554,11/22/2011 17:15,11/16/2011 13:25,6
14554,11/29/2011 16:44,11/22/2011 17:15,7
14555,2/10/2011 17:19,NULL,NULL
14555,10/13/2011 16:24,2/10/2011 17:19,245
14557,9/15/2011 15:48,NULL,NULL
14560,12/17/2010 9:22,NULL,NULL
14560,1/27/2011 12:13,12/17/2010 9:22,41
14560,2/4/2011 11:13,1/27/2011 12:13,8
14560,2/10/2011 13:27,2/4/2011 11:13,6
14560,3/1/2011 15:12,2/10/2011 13:27,19
14560,3/8/2011 12:57,3/1/2011 15:12,7
14560,3/20/2011 10:51,3/8/2011 12:57,12
14560,3/24/2011 13:45,3/20/2011 10:51,4
14560,5/27/2011 16:00,3/24/2011 13:45,64
14560,6/30/2011 17:16,5/27/2011 16:00,34
14560,7/28/2011 11:18,6/30/2011 17:16,28
14560,8/22/2011 12:45,7/28/2011 11:18,25
14560,8/22/2011 12:46,8/22/2011 12:45,0
14560,9/2/2011 15:50,8/22/2011 12:46,11
14560,9/6/2011 10:27,9/2/2011 15:50,4
14560,10/7/2011 12:14,9/6/2011 10:27,31
14560,10/27/2011 11:42,10/7/2011 12:14,20
14560,10/27/2011 11:47,10/27/2011 11:42,0
14560,11/8/2011 13:10,10/27/2011 11:47,12
14560,11/10/2011 17:45,11/8/2011 13:10,2
14560,11/23/2011 9:35,11/10/2011 17:45,13
14560,12/2/2011 15:22,11/23/2011 9:35,9
14561,6/8/2011 13:26,NULL,NULL
14561,6/30/2011 13:43,6/8/2011 13:26,22
14561,9/25/2011 12:39,6/30/2011 13:43,87
14562,2/8/2011 14:45,NULL,NULL
14562,2/23/2011 15:11,2/8/2011 14:45,15
14562,4/21/2011 19:55,2/23/2011 15:11,57
14562,6/9/2011 19:55,4/21/2011 19:55,49
14562,7/14/2011 11:30,6/9/2011 19:55,35
14562,8/4/2011 20:01,7/14/2011 11:30,21
14562,9/8/2011 19:58,8/4/2011 20:01,35
14562,9/14/2011 13:23,9/8/2011 19:58,6
14562,9/18/2011 10:35,9/14/2011 13:23,4
14562,9/22/2011 19:54,9/18/2011 10:35,4
14562,10/16/2011 14:07,9/22/2011 19:54,24
14562,10/21/2011 11:49,10/16/2011 14:07,5
14562,11/1/2011 14:35,10/21/2011 11:49,11
14562,11/10/2011 10:49,11/1/2011 14:35,9
14562,11/15/2011 15:33,11/10/2011 10:49,5
14562,11/28/2011 14:39,11/15/2011 15:33,13
14562,12/6/2011 10:41,11/28/2011 14:39,8
14562,12/6/2011 11:05,12/6/2011 10:41,0
14565,12/13/2010 13:25,NULL,NULL
14565,5/18/2011 13:09,12/13/2010 13:25,156
14565,8/18/2011 15:51,5/18/2011 13:09,92
14565,9/5/2011 9:07,8/18/2011 15:51,18
14566,8/21/2011 11:05,NULL,NULL
14567,8/1/2011 13:48,NULL,NULL
14567,10/14/2011 10:21,8/1/2011 13:48,74
14569,12/8/2011 14:58,NULL,NULL
14570,3/4/2011 10:39,NULL,NULL
14570,3/4/2011 10:58,3/4/2011 10:39,0
14572,1/19/2011 17:23,NULL,NULL
14572,3/16/2011 16:38,1/19/2011 17:23,56
14572,3/30/2011 16:34,3/16/2011 16:38,14
14572,7/15/2011 16:06,3/30/2011 16:34,107
14572,8/21/2011 13:46,7/15/2011 16:06,37
14572,10/30/2011 14:04,8/21/2011 13:46,70
14572,12/6/2011 14:40,10/30/2011 14:04,37
14573,12/2/2010 19:59,NULL,NULL
14573,2/25/2011 17:25,12/2/2010 19:59,85
14573,3/3/2011 11:07,2/25/2011 17:25,6
14573,3/27/2011 15:46,3/3/2011 11:07,24
14573,5/11/2011 12:32,3/27/2011 15:46,45
14573,5/23/2011 11:52,5/11/2011 12:32,12
14573,5/23/2011 12:15,5/23/2011 11:52,0
14573,6/10/2011 11:28,5/23/2011 12:15,18
14573,6/13/2011 11:15,6/10/2011 11:28,3
14576,12/2/2010 17:51,NULL,NULL
14577,12/12/2010 11:26,NULL,NULL
14577,4/21/2011 11:31,12/12/2010 11:26,130
14577,6/29/2011 11:46,4/21/2011 11:31,69
14577,11/27/2011 12:47,6/29/2011 11:46,151
14578,12/6/2011 17:18,NULL,NULL
14581,11/23/2011 12:39,NULL,NULL
14582,10/30/2011 11:56,NULL,NULL
14583,5/18/2011 11:28,NULL,NULL
14583,6/7/2011 12:47,5/18/2011 11:28,20
14583,6/27/2011 12:28,6/7/2011 12:47,20
14583,7/18/2011 12:53,6/27/2011 12:28,21
14583,12/4/2011 12:32,7/18/2011 12:53,139
14584,5/25/2011 17:31,NULL,NULL
14584,5/26/2011 16:30,5/25/2011 17:31,1
14584,6/9/2011 20:03,5/26/2011 16:30,14
14584,6/23/2011 18:33,6/9/2011 20:03,14
14585,10/20/2011 14:33,NULL,NULL
14586,3/8/2011 10:04,NULL,NULL
14587,1/12/2011 13:16,NULL,NULL
14587,2/1/2011 12:54,1/12/2011 13:16,20
14587,2/8/2011 13:28,2/1/2011 12:54,7
14587,3/11/2011 14:15,2/8/2011 13:28,31
14587,3/25/2011 11:44,3/11/2011 14:15,14
14587,4/6/2011 13:28,3/25/2011 11:44,12
14587,5/10/2011 14:22,4/6/2011 13:28,34
14587,6/8/2011 14:09,5/10/2011 14:22,29
14587,11/21/2011 11:34,6/8/2011 14:09,166
14589,12/3/2010 11:42,NULL,NULL
14591,5/10/2011 14:09,NULL,NULL
14591,11/24/2011 13:53,5/10/2011 14:09,198
14591,11/24/2011 13:56,11/24/2011 13:53,0
14591,11/24/2011 13:57,11/24/2011 13:56,0
14592,10/6/2011 18:08,NULL,NULL
14592,10/14/2011 14:58,10/6/2011 18:08,8
14592,11/4/2011 16:35,10/14/2011 14:58,21
14593,5/25/2011 11:14,NULL,NULL
14593,5/25/2011 11:21,5/25/2011 11:14,0
14593,11/18/2011 12:48,5/25/2011 11:21,177
14594,12/1/2010 13:54,NULL,NULL
14594,12/2/2011 13:28,12/1/2010 13:54,366
14595,1/30/2011 13:36,NULL,NULL
14595,9/15/2011 13:13,1/30/2011 13:36,228
14595,10/9/2011 12:04,9/15/2011 13:13,24
14595,10/14/2011 15:26,10/9/2011 12:04,5
14595,11/15/2011 15:10,10/14/2011 15:26,32
14595,11/20/2011 12:12,11/15/2011 15:10,5
14597,6/1/2011 12:33,NULL,NULL
14597,11/28/2011 13:13,6/1/2011 12:33,180
14598,10/26/2011 13:19,NULL,NULL
14600,2/7/2011 9:48,NULL,NULL
14601,11/29/2011 9:48,NULL,NULL
14603,3/10/2011 10:27,NULL,NULL
14606,12/1/2010 16:57,NULL,NULL
14606,12/5/2010 15:12,12/1/2010 16:57,4
14606,12/8/2010 12:08,12/5/2010 15:12,3
14606,12/14/2010 13:10,12/8/2010 12:08,6
14606,12/14/2010 13:22,12/14/2010 13:10,0
14606,12/16/2010 13:33,12/14/2010 13:22,2
14606,12/20/2010 14:33,12/16/2010 13:33,4
14606,12/22/2010 13:17,12/20/2010 14:33,2
14606,1/4/2011 11:34,12/22/2010 13:17,13
14606,1/9/2011 13:41,1/4/2011 11:34,5
14606,1/12/2011 13:19,1/9/2011 13:41,3
14606,1/17/2011 13:23,1/12/2011 13:19,5
14606,1/19/2011 16:08,1/17/2011 13:23,2
14606,1/23/2011 15:34,1/19/2011 16:08,4
14606,1/26/2011 12:35,1/23/2011 15:34,3
14606,2/1/2011 11:16,1/26/2011 12:35,6
14606,2/1/2011 11:51,2/1/2011 11:16,0
14606,2/3/2011 13:27,2/1/2011 11:51,2
14606,2/6/2011 15:34,2/3/2011 13:27,3
14606,2/8/2011 16:25,2/6/2011 15:34,2
14606,2/14/2011 15:43,2/8/2011 16:25,6
14606,2/17/2011 12:59,2/14/2011 15:43,3
14606,2/18/2011 13:26,2/17/2011 12:59,1
14606,2/20/2011 15:43,2/18/2011 13:26,2
14606,2/23/2011 14:29,2/20/2011 15:43,3
14606,2/27/2011 14:26,2/23/2011 14:29,4
14606,3/2/2011 11:32,2/27/2011 14:26,3
14606,3/7/2011 13:33,3/2/2011 11:32,5
14606,3/10/2011 13:58,3/7/2011 13:33,3
14606,3/13/2011 14:29,3/10/2011 13:58,3
14606,3/16/2011 11:41,3/13/2011 14:29,3
14606,3/21/2011 12:53,3/16/2011 11:41,5
14606,3/24/2011 12:15,3/21/2011 12:53,3
14606,3/29/2011 17:23,3/24/2011 12:15,5
14606,4/4/2011 14:41,3/29/2011 17:23,6
14606,4/6/2011 11:34,4/4/2011 14:41,2
14606,4/11/2011 14:56,4/6/2011 11:34,5
14606,4/11/2011 15:25,4/11/2011 14:56,0
14606,4/14/2011 12:01,4/11/2011 15:25,3
14606,4/19/2011 11:02,4/14/2011 12:01,5
14606,4/26/2011 12:07,4/19/2011 11:02,7
14606,4/27/2011 11:12,4/26/2011 12:07,1
14606,5/4/2011 11:12,4/27/2011 11:12,7
14606,5/8/2011 14:59,5/4/2011 11:12,4
14606,5/12/2011 10:53,5/8/2011 14:59,4
14606,5/17/2011 13:20,5/12/2011 10:53,5
14606,5/24/2011 13:50,5/17/2011 13:20,7
14606,5/29/2011 14:18,5/24/2011 13:50,5
14606,6/1/2011 12:05,5/29/2011 14:18,3
14606,6/7/2011 10:55,6/1/2011 12:05,6
14606,6/9/2011 13:08,6/7/2011 10:55,2
14606,6/13/2011 13:55,6/9/2011 13:08,4
14606,6/15/2011 12:36,6/13/2011 13:55,2
14606,6/21/2011 11:02,6/15/2011 12:36,6
14606,6/22/2011 13:28,6/21/2011 11:02,1
14606,6/29/2011 12:59,6/22/2011 13:28,7
14606,7/5/2011 11:32,6/29/2011 12:59,6
14606,7/11/2011 11:38,7/5/2011 11:32,6
14606,7/17/2011 15:11,7/11/2011 11:38,6
14606,7/20/2011 12:14,7/17/2011 15:11,3
14606,7/25/2011 11:53,7/20/2011 12:14,5
14606,7/25/2011 17:04,7/25/2011 11:53,0
14606,7/29/2011 11:07,7/25/2011 17:04,4
14606,8/2/2011 12:31,7/29/2011 11:07,4
14606,8/8/2011 13:11,8/2/2011 12:31,6
14606,8/15/2011 13:07,8/8/2011 13:11,7
14606,8/19/2011 11:15,8/15/2011 13:07,4
14606,8/26/2011 11:19,8/19/2011 11:15,7
14606,8/28/2011 15:17,8/26/2011 11:19,2
14606,9/2/2011 13:54,8/28/2011 15:17,5
14606,9/7/2011 12:41,9/2/2011 13:54,5
14606,9/11/2011 13:07,9/7/2011 12:41,4
14606,9/14/2011 13:31,9/11/2011 13:07,3
14606,9/19/2011 11:59,9/14/2011 13:31,5
14606,9/21/2011 16:15,9/19/2011 11:59,2
14606,9/28/2011 13:00,9/21/2011 16:15,7
14606,10/4/2011 11:29,9/28/2011 13:00,6
14606,10/10/2011 12:35,10/4/2011 11:29,6
14606,10/14/2011 10:25,10/10/2011 12:35,4
14606,10/20/2011 12:57,10/14/2011 10:25,6
14606,10/26/2011 12:15,10/20/2011 12:57,6
14606,10/28/2011 13:18,10/26/2011 12:15,2
14606,11/2/2011 12:45,10/28/2011 13:18,5
14606,11/7/2011 14:28,11/2/2011 12:45,5
14606,11/10/2011 11:37,11/7/2011 14:28,3
14606,11/14/2011 12:18,11/10/2011 11:37,4
14606,11/18/2011 12:39,11/14/2011 12:18,4
14606,11/21/2011 13:20,11/18/2011 12:39,3
14606,11/24/2011 13:54,11/21/2011 13:20,3
14606,11/28/2011 11:18,11/24/2011 13:54,4
14606,11/30/2011 14:00,11/28/2011 11:18,2
14606,12/6/2011 12:56,11/30/2011 14:00,6
14606,12/8/2011 19:28,12/6/2011 12:56,2
14607,3/23/2011 15:22,NULL,NULL
14607,10/24/2011 9:52,3/23/2011 15:22,215
14607,10/24/2011 9:54,10/24/2011 9:52,0
14607,10/24/2011 9:55,10/24/2011 9:54,0
14607,10/24/2011 10:30,10/24/2011 9:55,0
14607,10/24/2011 10:32,10/24/2011 10:30,0
14607,10/24/2011 10:36,10/24/2011 10:32,0
14607,10/24/2011 10:38,10/24/2011 10:36,0
14607,10/24/2011 10:43,10/24/2011 10:38,0
14607,10/25/2011 12:22,10/24/2011 10:43,1
14607,11/3/2011 14:32,10/25/2011 12:22,9
14607,11/21/2011 12:38,11/3/2011 14:32,18
14607,11/22/2011 9:34,11/21/2011 12:38,1
14607,11/24/2011 10:35,11/22/2011 9:34,2
14608,12/12/2010 14:49,NULL,NULL
14608,9/15/2011 11:46,12/12/2010 14:49,277
14608,11/10/2011 18:37,9/15/2011 11:46,56
14608,12/5/2011 16:52,11/10/2011 18:37,25
14609,2/16/2011 12:10,NULL,NULL
14609,6/15/2011 9:33,2/16/2011 12:10,119
14609,7/19/2011 17:04,6/15/2011 9:33,34
14609,9/28/2011 12:54,7/19/2011 17:04,71
14616,1/26/2011 12:42,NULL,NULL
14616,2/28/2011 10:07,1/26/2011 12:42,33
14616,4/11/2011 9:54,2/28/2011 10:07,42
14618,1/6/2011 11:59,NULL,NULL
14618,11/29/2011 8:41,1/6/2011 11:59,327
14618,11/30/2011 13:45,11/29/2011 8:41,1
14619,4/8/2011 7:37,NULL,NULL
14620,3/1/2011 8:30,NULL,NULL
14620,5/18/2011 11:58,3/1/2011 8:30,78
14621,12/16/2010 13:00,NULL,NULL
14621,6/5/2011 13:05,12/16/2010 13:00,171
14621,7/6/2011 12:31,6/5/2011 13:05,31
14621,11/9/2011 15:02,7/6/2011 12:31,126
14621,12/8/2011 16:22,11/9/2011 15:02,29
14622,6/8/2011 12:42,NULL,NULL
14623,4/18/2011 13:54,NULL,NULL
14623,6/6/2011 13:46,4/18/2011 13:54,49
14623,8/15/2011 13:51,6/6/2011 13:46,70
14623,10/27/2011 9:27,8/15/2011 13:51,73
14623,11/7/2011 13:56,10/27/2011 9:27,11
14624,10/11/2011 14:39,NULL,NULL
14624,10/13/2011 13:44,10/11/2011 14:39,2
14625,12/13/2010 15:36,NULL,NULL
14625,5/27/2011 15:32,12/13/2010 15:36,165
14626,4/20/2011 13:18,NULL,NULL
14626,8/9/2011 10:20,4/20/2011 13:18,111
14626,10/6/2011 10:52,8/9/2011 10:20,58
14626,11/16/2011 10:37,10/6/2011 10:52,41
14628,4/11/2011 14:43,NULL,NULL
14628,9/9/2011 14:58,4/11/2011 14:43,151
14629,10/23/2011 16:13,NULL,NULL
14629,12/5/2011 16:55,10/23/2011 16:13,43
14631,2/14/2011 9:31,NULL,NULL
14631,4/18/2011 16:49,2/14/2011 9:31,63
14631,10/20/2011 11:17,4/18/2011 16:49,185
14632,3/22/2011 8:49,NULL,NULL
14633,3/18/2011 17:07,NULL,NULL
14636,3/16/2011 9:52,NULL,NULL
14636,11/3/2011 16:12,3/16/2011 9:52,232
14638,10/20/2011 10:10,NULL,NULL
14639,12/13/2010 13:50,NULL,NULL
14639,2/21/2011 13:21,12/13/2010 13:50,70
14639,8/11/2011 13:39,2/21/2011 13:21,171
14639,8/11/2011 13:41,8/11/2011 13:39,0
14639,10/18/2011 15:05,8/11/2011 13:41,68
14639,10/18/2011 15:06,10/18/2011 15:05,0
14640,4/26/2011 12:31,NULL,NULL
14640,6/22/2011 15:41,4/26/2011 12:31,57
14640,7/15/2011 11:38,6/22/2011 15:41,23
14640,8/4/2011 11:38,7/15/2011 11:38,20
14640,10/11/2011 15:10,8/4/2011 11:38,68
14640,11/15/2011 13:07,10/11/2011 15:10,35
14641,11/18/2011 10:42,NULL,NULL
14642,10/12/2011 11:08,NULL,NULL
14643,12/16/2010 17:53,NULL,NULL
14643,6/22/2011 14:41,12/16/2010 17:53,188
14644,2/14/2011 14:14,NULL,NULL
14644,10/3/2011 8:30,2/14/2011 14:14,231
14645,3/9/2011 9:52,NULL,NULL
14645,7/6/2011 9:15,3/9/2011 9:52,119
14646,12/20/2010 10:09,NULL,NULL
14646,12/21/2010 15:05,12/20/2010 10:09,1
14646,1/14/2011 12:24,12/21/2010 15:05,24
14646,1/19/2011 12:34,1/14/2011 12:24,5
14646,1/20/2011 9:54,1/19/2011 12:34,1
14646,1/21/2011 11:18,1/20/2011 9:54,1
14646,2/8/2011 9:41,1/21/2011 11:18,18
14646,2/21/2011 10:28,2/8/2011 9:41,13
14646,2/21/2011 10:32,2/21/2011 10:28,0
14646,2/22/2011 15:45,2/21/2011 10:32,1
14646,3/25/2011 12:34,2/22/2011 15:45,31
14646,3/29/2011 11:04,3/25/2011 12:34,4
14646,3/29/2011 11:14,3/29/2011 11:04,0
14646,3/30/2011 9:06,3/29/2011 11:14,1
14646,4/5/2011 11:01,3/30/2011 9:06,6
14646,4/5/2011 11:03,4/5/2011 11:01,0
14646,4/28/2011 9:03,4/5/2011 11:03,23
14646,5/11/2011 14:37,4/28/2011 9:03,13
14646,5/11/2011 14:38,5/11/2011 14:37,0
14646,5/12/2011 10:10,5/11/2011 14:38,1
14646,5/12/2011 10:13,5/12/2011 10:10,0
14646,5/12/2011 10:15,5/12/2011 10:13,0
14646,5/18/2011 13:20,5/12/2011 10:15,6
14646,5/25/2011 12:19,5/18/2011 13:20,7
14646,5/26/2011 15:19,5/25/2011 12:19,1
14646,6/1/2011 9:18,5/26/2011 15:19,6
14646,6/1/2011 10:24,6/1/2011 9:18,0
14646,6/19/2011 11:08,6/1/2011 10:24,18
14646,6/20/2011 9:53,6/19/2011 11:08,1
14646,6/28/2011 8:45,6/20/2011 9:53,8
14646,6/28/2011 8:50,6/28/2011 8:45,0
14646,6/28/2011 11:22,6/28/2011 8:50,0
14646,7/20/2011 12:51,6/28/2011 11:22,22
14646,8/9/2011 13:50,7/20/2011 12:51,20
14646,8/9/2011 13:51,8/9/2011 13:50,0
14646,8/11/2011 16:12,8/9/2011 13:51,2
14646,8/12/2011 12:36,8/11/2011 16:12,1
14646,8/23/2011 13:55,8/12/2011 12:36,11
14646,8/26/2011 14:17,8/23/2011 13:55,3
14646,8/26/2011 14:20,8/26/2011 14:17,0
14646,9/8/2011 11:27,8/26/2011 14:20,13
14646,9/8/2011 11:28,9/8/2011 11:27,0
14646,9/13/2011 11:47,9/8/2011 11:28,5
14646,9/19/2011 11:46,9/13/2011 11:47,6
14646,9/19/2011 11:54,9/19/2011 11:46,0
14646,9/22/2011 11:44,9/19/2011 11:54,3
14646,10/6/2011 9:10,9/22/2011 11:44,14
14646,10/6/2011 9:11,10/6/2011 9:10,0
14646,10/6/2011 10:34,10/6/2011 9:11,0
14646,10/20/2011 12:03,10/6/2011 10:34,14
14646,10/20/2011 12:24,10/20/2011 12:03,0
14646,10/20/2011 12:26,10/20/2011 12:24,0
14646,10/21/2011 8:40,10/20/2011 12:26,1
14646,10/21/2011 14:41,10/21/2011 8:40,0
14646,10/21/2011 14:42,10/21/2011 14:41,0
14646,10/27/2011 12:09,10/21/2011 14:42,6
14646,10/27/2011 12:11,10/27/2011 12:09,0
14646,10/27/2011 12:12,10/27/2011 12:11,0
14646,11/2/2011 14:09,10/27/2011 12:12,6
14646,11/2/2011 14:10,11/2/2011 14:09,0
14646,11/2/2011 14:13,11/2/2011 14:10,0
14646,11/10/2011 10:32,11/2/2011 14:13,8
14646,11/10/2011 10:33,11/10/2011 10:32,0
14646,11/10/2011 17:27,11/10/2011 10:33,0
14646,11/16/2011 11:41,11/10/2011 17:27,6
14646,11/18/2011 14:08,11/16/2011 11:41,2
14646,11/22/2011 13:47,11/18/2011 14:08,4
14646,11/23/2011 10:58,11/22/2011 13:47,1
14646,11/23/2011 11:04,11/23/2011 10:58,0
14646,11/23/2011 11:06,11/23/2011 11:04,0
14646,12/7/2011 15:16,11/23/2011 11:06,14
14646,12/7/2011 15:19,12/7/2011 15:16,0
14646,12/8/2011 12:12,12/7/2011 15:19,1
14647,5/22/2011 13:40,NULL,NULL
14649,5/11/2011 14:37,NULL,NULL
14649,5/11/2011 14:42,5/11/2011 14:37,0
14649,9/28/2011 15:42,5/11/2011 14:42,140
14649,12/5/2011 12:30,9/28/2011 15:42,68
14651,5/12/2011 16:29,NULL,NULL
14651,10/3/2011 15:52,5/12/2011 16:29,144
14652,9/23/2011 14:21,NULL,NULL
14653,1/5/2011 13:40,NULL,NULL
14653,10/3/2011 14:59,1/5/2011 13:40,271
14653,10/30/2011 13:51,10/3/2011 14:59,27
14653,11/7/2011 13:18,10/30/2011 13:51,8
14653,11/30/2011 10:12,11/7/2011 13:18,23
14653,11/30/2011 10:14,11/30/2011 10:12,0
14653,12/8/2011 13:45,11/30/2011 10:14,8
14655,5/1/2011 14:59,NULL,NULL
14655,9/30/2011 8:14,5/1/2011 14:59,152
14655,11/17/2011 10:24,9/30/2011 8:14,48
14655,12/1/2011 16:28,11/17/2011 10:24,14
14656,3/1/2011 13:19,NULL,NULL
14656,6/23/2011 13:51,3/1/2011 13:19,114
14657,1/17/2011 15:19,NULL,NULL
14657,3/2/2011 16:17,1/17/2011 15:19,44
14657,7/7/2011 19:54,3/2/2011 16:17,127
14657,11/22/2011 12:47,7/7/2011 19:54,138
14658,8/14/2011 15:42,NULL,NULL
14658,12/4/2011 15:35,8/14/2011 15:42,112
14659,1/28/2011 12:43,NULL,NULL
14659,2/15/2011 12:05,1/28/2011 12:43,18
14659,3/21/2011 11:36,2/15/2011 12:05,34
14659,5/6/2011 11:55,3/21/2011 11:36,46
14659,6/5/2011 15:19,5/6/2011 11:55,30
14659,7/17/2011 12:31,6/5/2011 15:19,42
14659,9/22/2011 12:45,7/17/2011 12:31,67
14659,11/4/2011 10:46,9/22/2011 12:45,43
14659,12/1/2011 12:17,11/4/2011 10:46,27
14660,8/31/2011 10:40,NULL,NULL
14660,9/14/2011 11:34,8/31/2011 10:40,14
14661,11/13/2011 11:51,NULL,NULL
14662,1/27/2011 17:41,NULL,NULL
14662,3/9/2011 12:21,1/27/2011 17:41,41
14662,4/19/2011 12:26,3/9/2011 12:21,41
14662,11/11/2011 12:13,4/19/2011 12:26,206
14664,11/6/2011 14:56,NULL,NULL
14664,11/20/2011 10:59,11/6/2011 14:56,14
14665,2/2/2011 9:08,NULL,NULL
14665,2/16/2011 10:32,2/2/2011 9:08,14
14665,2/16/2011 10:34,2/16/2011 10:32,0
14665,9/11/2011 11:26,2/16/2011 10:34,207
14665,10/10/2011 9:14,9/11/2011 11:26,29
14666,11/15/2011 12:57,NULL,NULL
14667,12/6/2010 13:13,NULL,NULL
14667,12/9/2010 14:19,12/6/2010 13:13,3
14667,12/10/2010 11:19,12/9/2010 14:19,1
14667,12/10/2010 13:27,12/10/2010 11:19,0
14667,12/14/2010 10:34,12/10/2010 13:27,4
14667,1/17/2011 13:25,12/14/2010 10:34,34
14667,2/20/2011 13:46,1/17/2011 13:25,34
14667,3/10/2011 12:11,2/20/2011 13:46,18
14667,4/7/2011 11:30,3/10/2011 12:11,28
14667,5/1/2011 12:37,4/7/2011 11:30,24
14667,5/9/2011 13:03,5/1/2011 12:37,8
14667,6/13/2011 13:32,5/9/2011 13:03,35
14667,6/20/2011 16:58,6/13/2011 13:32,7
14667,6/21/2011 11:33,6/20/2011 16:58,1
14667,7/18/2011 13:00,6/21/2011 11:33,27
14667,8/4/2011 16:36,7/18/2011 13:00,17
14667,8/18/2011 13:46,8/4/2011 16:36,14
14667,9/6/2011 12:30,8/18/2011 13:46,19
14667,9/26/2011 13:57,9/6/2011 12:30,20
14667,11/1/2011 14:51,9/26/2011 13:57,36
14667,11/8/2011 14:48,11/1/2011 14:51,7
14667,11/8/2011 14:49,11/8/2011 14:48,0
14667,11/14/2011 14:40,11/8/2011 14:49,6
14667,11/18/2011 14:23,11/14/2011 14:40,4
14667,11/29/2011 11:30,11/18/2011 14:23,11
14669,1/11/2011 12:30,NULL,NULL
14669,1/11/2011 12:41,1/11/2011 12:30,0
14669,4/12/2011 11:43,1/11/2011 12:41,91
14670,3/4/2011 13:58,NULL,NULL
14670,3/4/2011 14:13,3/4/2011 13:58,0
14672,1/7/2011 15:48,NULL,NULL
14672,4/19/2011 10:19,1/7/2011 15:48,102
14673,12/7/2010 12:49,NULL,NULL
14673,11/2/2011 12:15,12/7/2010 12:49,330
14673,11/16/2011 17:10,11/2/2011 12:15,14
14673,11/30/2011 12:36,11/16/2011 17:10,14
14673,12/6/2011 14:31,11/30/2011 12:36,6
14675,11/23/2011 12:58,NULL,NULL
14676,3/1/2011 14:26,NULL,NULL
14676,5/13/2011 16:57,3/1/2011 14:26,73
14676,5/16/2011 15:28,5/13/2011 16:57,3
14676,7/15/2011 11:50,5/16/2011 15:28,60
14676,9/22/2011 9:52,7/15/2011 11:50,69
14676,11/8/2011 13:29,9/22/2011 9:52,47
14680,12/3/2010 12:05,NULL,NULL
14680,12/14/2010 13:19,12/3/2010 12:05,11
14680,1/6/2011 12:16,12/14/2010 13:19,23
14680,1/25/2011 12:31,1/6/2011 12:16,19
14680,2/18/2011 11:54,1/25/2011 12:31,24
14680,3/29/2011 13:48,2/18/2011 11:54,39
14680,4/1/2011 13:01,3/29/2011 13:48,3
14680,5/10/2011 12:11,4/1/2011 13:01,39
14680,5/25/2011 12:06,5/10/2011 12:11,15
14680,6/14/2011 10:49,5/25/2011 12:06,20
14680,7/8/2011 13:26,6/14/2011 10:49,24
14680,7/27/2011 13:18,7/8/2011 13:26,19
14680,8/10/2011 10:08,7/27/2011 13:18,14
14680,9/5/2011 15:49,8/10/2011 10:08,26
14680,9/29/2011 12:31,9/5/2011 15:49,24
14680,11/14/2011 16:59,9/29/2011 12:31,46
14681,5/12/2011 10:45,NULL,NULL
14681,9/29/2011 13:31,5/12/2011 10:45,140
14681,9/29/2011 15:52,9/29/2011 13:31,0
14682,5/22/2011 12:51,NULL,NULL
14682,6/5/2011 12:12,5/22/2011 12:51,14
14684,12/12/2010 12:44,NULL,NULL
14684,5/8/2011 12:58,12/12/2010 12:44,147
14684,9/19/2011 11:04,5/8/2011 12:58,134
14684,10/30/2011 13:37,9/19/2011 11:04,41
14684,11/14/2011 11:33,10/30/2011 13:37,15
14687,8/25/2011 11:59,NULL,NULL
14688,12/1/2010 9:37,NULL,NULL
14688,1/18/2011 9:44,12/1/2010 9:37,48
14688,1/31/2011 12:21,1/18/2011 9:44,13
14688,2/8/2011 11:27,1/31/2011 12:21,8
14688,2/22/2011 11:33,2/8/2011 11:27,14
14688,3/1/2011 12:01,2/22/2011 11:33,7
14688,3/21/2011 11:49,3/1/2011 12:01,20
14688,4/4/2011 12:00,3/21/2011 11:49,14
14688,5/10/2011 12:08,4/4/2011 12:00,36
14688,5/25/2011 11:58,5/10/2011 12:08,15
14688,6/13/2011 10:44,5/25/2011 11:58,19
14688,6/28/2011 11:46,6/13/2011 10:44,15
14688,7/12/2011 11:28,6/28/2011 11:46,14
14688,7/21/2011 10:30,7/12/2011 11:28,9
14688,8/2/2011 13:46,7/21/2011 10:30,12
14688,9/8/2011 12:16,8/2/2011 13:46,37
14688,9/30/2011 11:41,9/8/2011 12:16,22
14688,10/18/2011 12:18,9/30/2011 11:41,18
14688,10/31/2011 8:29,10/18/2011 12:18,13
14688,12/2/2011 12:24,10/31/2011 8:29,32
14688,12/2/2011 12:26,12/2/2011 12:24,0
14689,5/15/2011 11:22,NULL,NULL
14690,7/11/2011 11:58,NULL,NULL
14690,10/26/2011 15:39,7/11/2011 11:58,107
14691,5/11/2011 9:55,NULL,NULL
14691,9/4/2011 11:17,5/11/2011 9:55,116
14691,9/29/2011 13:29,9/4/2011 11:17,25
14691,9/29/2011 13:30,9/29/2011 13:29,0
14691,11/9/2011 12:30,9/29/2011 13:30,41
14692,1/21/2011 13:47,NULL,NULL
14692,2/13/2011 13:15,1/21/2011 13:47,23
14692,4/18/2011 15:14,2/13/2011 13:15,64
14692,7/25/2011 15:08,4/18/2011 15:14,98
14693,3/20/2011 12:50,NULL,NULL
14696,12/1/2010 15:37,NULL,NULL
14696,1/18/2011 12:09,12/1/2010 15:37,48
14696,4/11/2011 13:43,1/18/2011 12:09,83
14696,6/5/2011 13:32,4/11/2011 13:43,55
14696,8/12/2011 12:37,6/5/2011 13:32,68
14696,9/29/2011 15:04,8/12/2011 12:37,48
14696,12/5/2011 13:43,9/29/2011 15:04,67
14697,5/5/2011 15:29,NULL,NULL
14697,5/5/2011 15:39,5/5/2011 15:29,0
14698,10/19/2011 12:54,NULL,NULL
14698,10/23/2011 12:16,10/19/2011 12:54,4
14698,11/13/2011 14:20,10/23/2011 12:16,21
14698,11/24/2011 11:10,11/13/2011 14:20,11
14698,12/8/2011 12:26,11/24/2011 11:10,14
14699,5/9/2011 14:54,NULL,NULL
14700,4/15/2011 13:16,NULL,NULL
14700,6/3/2011 11:59,4/15/2011 13:16,49
14700,11/7/2011 14:40,6/3/2011 11:59,157
14701,1/27/2011 12:40,NULL,NULL
14701,2/15/2011 11:40,1/27/2011 12:40,19
14701,3/6/2011 11:39,2/15/2011 11:40,19
14701,3/18/2011 11:13,3/6/2011 11:39,12
14701,4/6/2011 15:02,3/18/2011 11:13,19
14701,6/20/2011 11:33,4/6/2011 15:02,75
14701,6/20/2011 11:36,6/20/2011 11:33,0
14701,11/29/2011 12:34,6/20/2011 11:36,162
14701,11/29/2011 12:38,11/29/2011 12:34,0
14702,12/9/2010 19:23,NULL,NULL
14702,1/6/2011 18:24,12/9/2010 19:23,28
14702,1/9/2011 14:11,1/6/2011 18:24,3
14702,1/27/2011 19:33,1/9/2011 14:11,18
14702,2/17/2011 19:21,1/27/2011 19:33,21
14702,3/3/2011 19:18,2/17/2011 19:21,14
14702,6/30/2011 19:58,3/3/2011 19:18,119
14702,7/7/2011 19:18,6/30/2011 19:58,7
14702,8/15/2011 11:30,7/7/2011 19:18,39
14702,9/22/2011 19:33,8/15/2011 11:30,38
14702,10/6/2011 19:27,9/22/2011 19:33,14
14702,10/16/2011 12:30,10/6/2011 19:27,10
14702,10/31/2011 13:03,10/16/2011 12:30,15
14702,11/7/2011 11:59,10/31/2011 13:03,7
14702,11/21/2011 11:50,11/7/2011 11:59,14
14702,12/1/2011 19:33,11/21/2011 11:50,10
14702,12/8/2011 19:29,12/1/2011 19:33,7
14703,11/25/2011 9:23,NULL,NULL
14704,6/12/2011 13:59,NULL,NULL
14704,7/20/2011 12:01,6/12/2011 13:59,38
14704,9/19/2011 13:27,7/20/2011 12:01,61
14704,10/19/2011 13:58,9/19/2011 13:27,30
14704,10/23/2011 16:19,10/19/2011 13:58,4
14704,10/31/2011 14:48,10/23/2011 16:19,8
14704,11/17/2011 12:47,10/31/2011 14:48,17
14704,11/20/2011 12:20,11/17/2011 12:47,3
14704,11/28/2011 12:51,11/20/2011 12:20,8
14705,5/25/2011 12:39,NULL,NULL
14708,12/6/2010 12:23,NULL,NULL
14708,7/8/2011 16:08,12/6/2010 12:23,214
14708,12/7/2011 8:21,7/8/2011 16:08,152
14709,12/16/2010 13:43,NULL,NULL
14709,1/27/2011 12:19,12/16/2010 13:43,42
14709,3/8/2011 9:26,1/27/2011 12:19,40
14709,5/8/2011 11:49,3/8/2011 9:26,61
14709,6/5/2011 11:40,5/8/2011 11:49,28
14709,7/13/2011 9:58,6/5/2011 11:40,38
14709,8/1/2011 14:57,7/13/2011 9:58,19
14709,8/19/2011 15:29,8/1/2011 14:57,18
14709,9/7/2011 12:21,8/19/2011 15:29,19
14709,9/29/2011 16:41,9/7/2011 12:21,22
14709,11/9/2011 8:21,9/29/2011 16:41,41
14709,11/9/2011 8:24,11/9/2011 8:21,0
14709,11/24/2011 15:41,11/9/2011 8:24,15
14710,10/11/2011 13:49,NULL,NULL
14710,10/30/2011 13:09,10/11/2011 13:49,19
14710,11/20/2011 12:42,10/30/2011 13:09,21
14710,11/25/2011 14:53,11/20/2011 12:42,5
14711,3/22/2011 13:32,NULL,NULL
14711,4/4/2011 12:42,3/22/2011 13:32,13
14711,4/21/2011 12:00,4/4/2011 12:42,17
14711,5/3/2011 16:49,4/21/2011 12:00,12
14711,5/22/2011 14:04,5/3/2011 16:49,19
14711,6/7/2011 13:10,5/22/2011 14:04,16
14711,6/30/2011 17:40,6/7/2011 13:10,23
14711,8/22/2011 15:42,6/30/2011 17:40,53
14711,9/9/2011 13:42,8/22/2011 15:42,18
14711,11/15/2011 13:19,9/9/2011 13:42,67
14711,11/29/2011 14:58,11/15/2011 13:19,14
14712,8/19/2011 13:33,NULL,NULL
14712,9/25/2011 14:58,8/19/2011 13:33,37
14712,11/10/2011 12:59,9/25/2011 14:58,46
14713,12/9/2010 18:58,NULL,NULL
14713,12/16/2010 19:22,12/9/2010 18:58,7
14713,1/20/2011 19:16,12/16/2010 19:22,35
14713,3/10/2011 11:52,1/20/2011 19:16,49
14713,3/17/2011 10:26,3/10/2011 11:52,7
14713,5/5/2011 17:26,3/17/2011 10:26,49
14713,6/6/2011 15:24,5/5/2011 17:26,32
14713,8/4/2011 18:44,6/6/2011 15:24,59
14713,9/1/2011 19:11,8/4/2011 18:44,28
14713,11/10/2011 17:13,9/1/2011 19:11,70
14713,11/30/2011 16:26,11/10/2011 17:13,20
14714,11/15/2011 13:07,NULL,NULL
14715,1/12/2011 13:27,NULL,NULL
14715,2/14/2011 13:19,1/12/2011 13:27,33
14715,9/6/2011 12:02,2/14/2011 13:19,204
14715,11/15/2011 12:10,9/6/2011 12:02,70
14716,7/14/2011 12:42,NULL,NULL
14716,10/27/2011 17:29,7/14/2011 12:42,105
14719,4/4/2011 14:17,NULL,NULL
14719,6/13/2011 12:52,4/4/2011 14:17,70
14719,10/10/2011 12:34,6/13/2011 12:52,119
14719,11/29/2011 12:52,10/10/2011 12:34,50
14719,12/8/2011 12:43,11/29/2011 12:52,9
14720,8/5/2011 12:06,NULL,NULL
14720,9/11/2011 13:56,8/5/2011 12:06,37
14720,12/4/2011 12:02,9/11/2011 13:56,84
14722,7/15/2011 14:58,NULL,NULL
14723,12/3/2010 14:18,NULL,NULL
14723,12/3/2010 14:26,12/3/2010 14:18,0
14723,12/16/2010 19:19,12/3/2010 14:26,13
14723,10/30/2011 15:13,12/16/2010 19:19,318
14723,11/3/2011 15:09,10/30/2011 15:13,4
14723,11/29/2011 15:23,11/3/2011 15:09,26
14725,11/15/2011 12:42,NULL,NULL
14727,3/10/2011 14:45,NULL,NULL
14729,12/1/2010 12:43,NULL,NULL
14730,3/8/2011 12:49,NULL,NULL
14730,3/28/2011 12:52,3/8/2011 12:49,20
14730,4/21/2011 10:51,3/28/2011 12:52,24
14730,6/14/2011 12:24,4/21/2011 10:51,54
14730,8/24/2011 13:07,6/14/2011 12:24,71
14730,10/5/2011 13:47,8/24/2011 13:07,42
14730,10/5/2011 13:47,10/5/2011 13:47,0
14730,12/8/2011 14:39,10/5/2011 13:47,64
14731,5/11/2011 13:06,NULL,NULL
14731,5/18/2011 11:02,5/11/2011 13:06,7
14731,10/23/2011 15:54,5/18/2011 11:02,158
14732,1/4/2011 14:40,NULL,NULL
14732,3/1/2011 11:55,1/4/2011 14:40,56
14732,5/3/2011 9:05,3/1/2011 11:55,63
14732,6/6/2011 12:04,5/3/2011 9:05,34
14732,7/19/2011 9:31,6/6/2011 12:04,43
14732,9/12/2011 15:29,7/19/2011 9:31,55
14732,11/9/2011 10:32,9/12/2011 15:29,58
14732,12/1/2011 14:34,11/9/2011 10:32,22
14733,12/7/2010 11:30,NULL,NULL
14733,12/13/2010 15:46,12/7/2010 11:30,6
14733,12/20/2010 13:21,12/13/2010 15:46,7
14733,1/11/2011 14:50,12/20/2010 13:21,22
14733,1/26/2011 16:41,1/11/2011 14:50,15
14733,2/10/2011 10:17,1/26/2011 16:41,15
14733,3/14/2011 12:58,2/10/2011 10:17,32
14733,5/19/2011 14:56,3/14/2011 12:58,66
14733,6/22/2011 13:14,5/19/2011 14:56,34
14733,7/18/2011 12:42,6/22/2011 13:14,26
14733,8/21/2011 11:57,7/18/2011 12:42,34
14733,11/23/2011 15:39,8/21/2011 11:57,94
14735,12/16/2010 16:05,NULL,NULL
14735,1/20/2011 13:01,12/16/2010 16:05,35
14735,1/20/2011 13:02,1/20/2011 13:01,0
14735,1/20/2011 13:02,1/20/2011 13:02,0
14735,2/2/2011 16:15,1/20/2011 13:02,13
14735,3/15/2011 15:31,2/2/2011 16:15,41
14735,3/15/2011 15:33,3/15/2011 15:31,0
14735,3/22/2011 16:32,3/15/2011 15:33,7
14735,4/21/2011 14:06,3/22/2011 16:32,30
14735,4/21/2011 14:07,4/21/2011 14:06,0
14735,4/28/2011 14:56,4/21/2011 14:07,7
14735,5/19/2011 8:29,4/28/2011 14:56,21
14735,5/19/2011 8:31,5/19/2011 8:29,0
14735,5/19/2011 8:32,5/19/2011 8:31,0
14735,5/19/2011 8:33,5/19/2011 8:32,0
14735,5/27/2011 12:47,5/19/2011 8:33,8
14735,5/27/2011 12:48,5/27/2011 12:47,0
14735,6/16/2011 12:11,5/27/2011 12:48,20
14735,7/29/2011 11:23,6/16/2011 12:11,43
14735,7/29/2011 11:25,7/29/2011 11:23,0
14735,7/29/2011 11:27,7/29/2011 11:25,0
14735,8/21/2011 13:48,7/29/2011 11:27,23
14735,9/1/2011 16:45,8/21/2011 13:48,11
14735,9/15/2011 12:53,9/1/2011 16:45,14
14735,9/19/2011 11:33,9/15/2011 12:53,4
14735,9/19/2011 11:33,9/19/2011 11:33,0
14735,11/14/2011 11:24,9/19/2011 11:33,56
14735,11/14/2011 11:25,11/14/2011 11:24,0
14735,11/17/2011 8:41,11/14/2011 11:25,3
14735,11/23/2011 13:53,11/17/2011 8:41,6
14735,11/28/2011 12:32,11/23/2011 13:53,5
14735,12/6/2011 12:09,11/28/2011 12:32,8
14737,12/21/2010 13:49,NULL,NULL
14737,8/3/2011 10:04,12/21/2010 13:49,225
14737,12/6/2011 10:16,8/3/2011 10:04,125
14738,1/27/2011 14:10,NULL,NULL
14738,4/12/2011 13:55,1/27/2011 14:10,75
14738,5/12/2011 13:41,4/12/2011 13:55,30
14738,5/24/2011 17:18,5/12/2011 13:41,12
14738,7/29/2011 10:34,5/24/2011 17:18,66
14738,10/6/2011 15:46,7/29/2011 10:34,69
14738,10/28/2011 8:56,10/6/2011 15:46,22
14739,12/7/2010 14:58,NULL,NULL
14739,1/5/2011 13:29,12/7/2010 14:58,29
14739,5/4/2011 11:58,1/5/2011 13:29,119
14739,9/6/2011 14:09,5/4/2011 11:58,125
14739,10/5/2011 9:55,9/6/2011 14:09,29
14739,11/20/2011 10:37,10/5/2011 9:55,46
14739,12/5/2011 16:54,11/20/2011 10:37,15
14740,3/1/2011 8:35,NULL,NULL
14740,4/28/2011 10:03,3/1/2011 8:35,58
14740,5/26/2011 18:17,4/28/2011 10:03,28
14741,12/2/2010 8:43,NULL,NULL
14741,12/13/2010 11:44,12/2/2010 8:43,11
14741,6/28/2011 14:20,12/13/2010 11:44,197
14741,8/18/2011 13:16,6/28/2011 14:20,51
14741,10/16/2011 16:12,8/18/2011 13:16,59
14741,11/28/2011 8:48,10/16/2011 16:12,43
14744,12/8/2010 10:21,NULL,NULL
14744,1/24/2011 9:28,12/8/2010 10:21,47
14744,1/31/2011 13:27,1/24/2011 9:28,7
14744,1/31/2011 15:37,1/31/2011 13:27,0
14744,2/15/2011 11:33,1/31/2011 15:37,15
14744,10/11/2011 9:24,2/15/2011 11:33,238
14744,11/23/2011 12:51,10/11/2011 9:24,43
14745,2/27/2011 15:25,NULL,NULL
14745,6/8/2011 8:26,2/27/2011 15:25,101
14745,7/21/2011 14:40,6/8/2011 8:26,43
14745,7/21/2011 14:41,7/21/2011 14:40,0
14745,8/19/2011 10:05,7/21/2011 14:41,29
14747,4/4/2011 14:09,NULL,NULL
14748,12/6/2010 10:19,NULL,NULL
14748,12/6/2010 10:24,12/6/2010 10:19,0
14748,5/11/2011 15:16,12/6/2010 10:24,156
14748,8/8/2011 12:28,5/11/2011 15:16,89
14748,11/10/2011 18:33,8/8/2011 12:28,94
14752,10/27/2011 11:55,NULL,NULL
14753,9/13/2011 14:50,NULL,NULL
14754,2/17/2011 12:21,NULL,NULL
14754,10/26/2011 12:01,2/17/2011 12:21,251
14755,1/9/2011 14:02,NULL,NULL
14755,2/16/2011 13:14,1/9/2011 14:02,38
14755,3/28/2011 8:40,2/16/2011 13:14,40
14755,5/16/2011 12:59,3/28/2011 8:40,49
14755,6/16/2011 15:28,5/16/2011 12:59,31
14755,7/20/2011 15:44,6/16/2011 15:28,34
14755,8/19/2011 12:49,7/20/2011 15:44,30
14755,9/27/2011 12:08,8/19/2011 12:49,39
14755,10/30/2011 13:39,9/27/2011 12:08,33
14755,11/14/2011 17:11,10/30/2011 13:39,15
14755,11/30/2011 11:24,11/14/2011 17:11,16
14756,11/24/2011 18:13,NULL,NULL
14757,9/25/2011 14:36,NULL,NULL
14758,3/25/2011 12:10,NULL,NULL
14758,4/28/2011 15:26,3/25/2011 12:10,34
14758,5/18/2011 12:07,4/28/2011 15:26,20
14758,7/18/2011 8:21,5/18/2011 12:07,61
14759,4/21/2011 10:55,NULL,NULL
14759,8/19/2011 8:57,4/21/2011 10:55,120
14759,12/5/2011 12:03,8/19/2011 8:57,108
14760,2/15/2011 16:27,NULL,NULL
14761,1/9/2011 12:03,NULL,NULL
14761,10/12/2011 12:10,1/9/2011 12:03,276
14762,3/21/2011 8:20,NULL,NULL
14764,10/24/2011 11:54,NULL,NULL
14765,6/16/2011 19:49,NULL,NULL
14765,8/19/2011 15:06,6/16/2011 19:49,64
14765,11/10/2011 19:53,8/19/2011 15:06,83
14766,12/8/2010 15:33,NULL,NULL
14766,3/28/2011 13:28,12/8/2010 15:33,110
14766,5/10/2011 11:33,3/28/2011 13:28,43
14766,6/24/2011 15:00,5/10/2011 11:33,45
14766,9/20/2011 9:45,6/24/2011 15:00,88
14766,12/1/2011 16:05,9/20/2011 9:45,72
14768,8/4/2011 13:25,NULL,NULL
14768,11/22/2011 12:54,8/4/2011 13:25,110
14769,12/17/2010 11:40,NULL,NULL
14769,1/19/2011 10:56,12/17/2010 11:40,33
14769,3/20/2011 13:33,1/19/2011 10:56,60
14769,5/22/2011 13:01,3/20/2011 13:33,63
14769,7/21/2011 10:10,5/22/2011 13:01,60
14769,8/23/2011 15:34,7/21/2011 10:10,33
14769,9/18/2011 15:32,8/23/2011 15:34,26
14769,12/7/2011 10:24,9/18/2011 15:32,80
14770,1/20/2011 15:00,NULL,NULL
14770,4/21/2011 14:21,1/20/2011 15:00,91
14772,8/19/2011 15:04,NULL,NULL
14775,12/2/2010 16:38,NULL,NULL
14775,7/25/2011 12:12,12/2/2010 16:38,235
14775,10/12/2011 15:27,7/25/2011 12:12,79
14776,1/31/2011 13:17,NULL,NULL
14776,4/20/2011 12:32,1/31/2011 13:17,79
14776,5/5/2011 18:36,4/20/2011 12:32,15
14776,6/17/2011 12:39,5/5/2011 18:36,43
14776,6/17/2011 12:40,6/17/2011 12:39,0
14776,6/21/2011 11:07,6/17/2011 12:40,4
14776,7/18/2011 17:10,6/21/2011 11:07,27
14776,8/26/2011 14:23,7/18/2011 17:10,39
14776,10/18/2011 14:44,8/26/2011 14:23,53
14776,10/19/2011 15:33,10/18/2011 14:44,1
14776,10/19/2011 15:34,10/19/2011 15:33,0
14778,2/4/2011 11:43,NULL,NULL
14778,8/4/2011 15:23,2/4/2011 11:43,181
14779,1/20/2011 12:04,NULL,NULL
14779,1/21/2011 12:40,1/20/2011 12:04,1
14779,3/4/2011 12:42,1/21/2011 12:40,42
14780,9/21/2011 15:15,NULL,NULL
14780,10/16/2011 12:46,9/21/2011 15:15,25
14782,1/24/2011 11:12,NULL,NULL
14784,1/20/2011 9:25,NULL,NULL
14784,11/13/2011 13:30,1/20/2011 9:25,297
14785,11/24/2011 13:40,NULL,NULL
14785,11/29/2011 13:21,11/24/2011 13:40,5
14788,11/13/2011 15:52,NULL,NULL
14788,12/2/2011 17:06,11/13/2011 15:52,19
14789,11/11/2011 8:59,NULL,NULL
14790,3/31/2011 11:49,NULL,NULL
14790,8/12/2011 12:15,3/31/2011 11:49,134
14790,11/11/2011 12:11,8/12/2011 12:15,91
14790,11/23/2011 9:28,11/11/2011 12:11,12
14792,10/7/2011 9:19,NULL,NULL
14793,11/18/2011 14:50,NULL,NULL
14794,1/9/2011 16:11,NULL,NULL
14794,3/23/2011 15:40,1/9/2011 16:11,73
14794,3/31/2011 9:36,3/23/2011 15:40,8
14794,5/20/2011 11:53,3/31/2011 9:36,50
14794,11/9/2011 11:10,5/20/2011 11:53,173
14794,11/30/2011 9:00,11/9/2011 11:10,21
14794,12/7/2011 10:11,11/30/2011 9:00,7
14795,6/26/2011 13:04,NULL,NULL
14796,12/8/2010 10:40,NULL,NULL
14796,12/13/2010 10:31,12/8/2010 10:40,5
14796,1/24/2011 9:52,12/13/2010 10:31,42
14796,2/11/2011 10:26,1/24/2011 9:52,18
14796,2/21/2011 9:58,2/11/2011 10:26,10
14796,3/4/2011 9:46,2/21/2011 9:58,11
14796,3/25/2011 11:01,3/4/2011 9:46,21
14796,4/15/2011 10:09,3/25/2011 11:01,21
14796,5/6/2011 10:10,4/15/2011 10:09,21
14796,6/20/2011 14:36,5/6/2011 10:10,45
14796,7/11/2011 14:04,6/20/2011 14:36,21
14796,7/25/2011 13:57,7/11/2011 14:04,14
14796,8/24/2011 10:45,7/25/2011 13:57,30
14796,9/6/2011 10:42,8/24/2011 10:45,13
14796,10/14/2011 11:08,9/6/2011 10:42,38
14796,11/17/2011 13:30,10/14/2011 11:08,34
14796,12/8/2011 15:31,11/17/2011 13:30,21
14798,2/2/2011 15:26,NULL,NULL
14798,7/18/2011 14:40,2/2/2011 15:26,166
14798,10/18/2011 10:58,7/18/2011 14:40,92
14799,10/19/2011 16:16,NULL,NULL
14800,12/5/2010 11:10,NULL,NULL
14800,12/12/2010 10:48,12/5/2010 11:10,7
14800,1/9/2011 11:27,12/12/2010 10:48,28
14800,3/13/2011 10:48,1/9/2011 11:27,63
14800,5/1/2011 11:10,3/13/2011 10:48,49
14800,5/3/2011 12:03,5/1/2011 11:10,2
14800,6/1/2011 14:12,5/3/2011 12:03,29
14800,7/24/2011 10:24,6/1/2011 14:12,53
14800,8/22/2011 12:26,7/24/2011 10:24,29
14800,9/25/2011 12:45,8/22/2011 12:26,34
14800,10/11/2011 11:02,9/25/2011 12:45,16
14800,10/23/2011 12:46,10/11/2011 11:02,12
14801,10/9/2011 15:24,NULL,NULL
14803,2/20/2011 13:21,NULL,NULL
14803,3/9/2011 12:12,2/20/2011 13:21,17
14803,6/30/2011 13:58,3/9/2011 12:12,113
14804,12/1/2011 11:20,NULL,NULL
14805,1/30/2011 10:43,NULL,NULL
14805,10/17/2011 14:28,1/30/2011 10:43,260
14805,11/20/2011 10:51,10/17/2011 14:28,34
14805,11/24/2011 16:20,11/20/2011 10:51,4
14806,9/25/2011 15:32,NULL,NULL
14808,6/20/2011 12:53,NULL,NULL
14808,6/26/2011 12:51,6/20/2011 12:53,6
14808,6/26/2011 12:54,6/26/2011 12:51,0
14808,7/10/2011 12:03,6/26/2011 12:54,14
14808,7/10/2011 12:07,7/10/2011 12:03,0
14808,7/18/2011 13:33,7/10/2011 12:07,8
14808,9/26/2011 11:19,7/18/2011 13:33,70
14808,10/31/2011 12:21,9/26/2011 11:19,35
14810,12/5/2010 12:08,NULL,NULL
14810,1/9/2011 11:20,12/5/2010 12:08,35
14810,2/6/2011 11:11,1/9/2011 11:20,28
14810,2/27/2011 11:48,2/6/2011 11:11,21
14810,3/13/2011 11:18,2/27/2011 11:48,14
14810,3/30/2011 13:26,3/13/2011 11:18,17
14810,4/13/2011 14:54,3/30/2011 13:26,14
14810,5/25/2011 11:59,4/13/2011 14:54,42
14810,7/17/2011 11:08,5/25/2011 11:59,53
14810,8/28/2011 11:02,7/17/2011 11:08,42
14810,10/30/2011 11:19,8/28/2011 11:02,63
14813,12/5/2010 11:54,NULL,NULL
14813,12/5/2010 11:57,12/5/2010 11:54,0
14815,10/3/2011 11:36,NULL,NULL
14815,11/3/2011 11:36,10/3/2011 11:36,31
14816,5/26/2011 13:16,NULL,NULL
14817,3/7/2011 13:51,NULL,NULL
14817,5/23/2011 13:35,3/7/2011 13:51,77
14818,3/31/2011 12:28,NULL,NULL
14818,6/23/2011 14:13,3/31/2011 12:28,84
14818,9/27/2011 11:01,6/23/2011 14:13,96
14819,5/31/2011 13:50,NULL,NULL
14819,10/6/2011 13:41,5/31/2011 13:50,128
14820,6/19/2011 14:56,NULL,NULL
14820,9/25/2011 13:24,6/19/2011 14:56,98
14820,11/6/2011 10:49,9/25/2011 13:24,42
14820,11/18/2011 15:41,11/6/2011 10:49,12
14821,12/8/2010 8:43,NULL,NULL
14823,5/29/2011 12:48,NULL,NULL
14823,5/29/2011 14:03,5/29/2011 12:48,0
14823,6/12/2011 13:12,5/29/2011 14:03,14
14824,9/9/2011 14:12,NULL,NULL
14824,9/27/2011 15:16,9/9/2011 14:12,18
14824,11/6/2011 15:08,9/27/2011 15:16,40
14824,11/29/2011 14:20,11/6/2011 15:08,23
14825,12/6/2010 12:30,NULL,NULL
14825,12/16/2010 10:43,12/6/2010 12:30,10
14825,2/15/2011 15:04,12/16/2010 10:43,61
14825,3/9/2011 10:00,2/15/2011 15:04,22
14825,5/19/2011 16:56,3/9/2011 10:00,71
14825,6/23/2011 17:53,5/19/2011 16:56,35
14825,8/4/2011 11:16,6/23/2011 17:53,42
14825,9/11/2011 14:49,8/4/2011 11:16,38
14825,10/7/2011 15:38,9/11/2011 14:49,26
14825,11/16/2011 16:06,10/7/2011 15:38,40
14825,11/24/2011 10:07,11/16/2011 16:06,8
14825,12/6/2011 11:38,11/24/2011 10:07,12
14828,1/7/2011 9:50,NULL,NULL
14828,3/30/2011 15:31,1/7/2011 9:50,82
14828,5/27/2011 10:16,3/30/2011 15:31,58
14829,12/2/2010 16:12,NULL,NULL
14829,12/14/2010 9:50,12/2/2010 16:12,12
14829,6/8/2011 14:29,12/14/2010 9:50,176
14829,11/10/2011 16:16,6/8/2011 14:29,155
14830,10/17/2011 14:29,NULL,NULL
14834,4/13/2011 15:00,NULL,NULL
14834,8/11/2011 14:36,4/13/2011 15:00,120
14834,9/29/2011 10:49,8/11/2011 14:36,49
14834,10/12/2011 13:30,9/29/2011 10:49,13
14834,11/17/2011 11:09,10/12/2011 13:30,36
14834,11/22/2011 10:30,11/17/2011 11:09,5
14836,11/9/2011 13:26,NULL,NULL
14836,11/11/2011 16:05,11/9/2011 13:26,2
14836,11/29/2011 16:45,11/11/2011 16:05,18
14837,5/22/2011 12:49,NULL,NULL
14837,6/26/2011 11:47,5/22/2011 12:49,35
14837,8/26/2011 13:00,6/26/2011 11:47,61
14837,9/11/2011 10:58,8/26/2011 13:00,16
14840,3/17/2011 12:00,NULL,NULL
14841,12/16/2010 10:28,NULL,NULL
14841,2/24/2011 10:50,12/16/2010 10:28,70
14841,3/10/2011 13:28,2/24/2011 10:50,14
14841,6/13/2011 14:55,3/10/2011 13:28,95
14841,10/11/2011 9:41,6/13/2011 14:55,120
14841,10/17/2011 15:03,10/11/2011 9:41,6
14842,2/4/2011 15:32,NULL,NULL
14842,6/1/2011 8:38,2/4/2011 15:32,117
14842,9/5/2011 14:30,6/1/2011 8:38,96
14842,10/27/2011 12:37,9/5/2011 14:30,52
14844,4/12/2011 13:10,NULL,NULL
14844,6/16/2011 9:28,4/12/2011 13:10,65
14844,8/8/2011 13:34,6/16/2011 9:28,53
14844,10/7/2011 10:41,8/8/2011 13:34,60
14847,7/14/2011 10:52,NULL,NULL
14849,12/1/2010 12:22,NULL,NULL
14849,12/1/2010 12:22,12/1/2010 12:22,0
14849,12/1/2010 12:23,12/1/2010 12:22,0
14849,12/16/2010 11:35,12/1/2010 12:23,15
14849,12/16/2010 11:35,12/16/2010 11:35,0
14849,1/25/2011 12:35,12/16/2010 11:35,40
14849,2/15/2011 9:49,1/25/2011 12:35,21
14849,2/15/2011 9:50,2/15/2011 9:49,0
14849,4/5/2011 10:07,2/15/2011 9:50,49
14849,5/10/2011 12:51,4/5/2011 10:07,35
14849,6/16/2011 17:04,5/10/2011 12:51,37
14849,6/16/2011 17:05,6/16/2011 17:04,0
14849,7/21/2011 18:27,6/16/2011 17:05,35
14849,8/12/2011 11:07,7/21/2011 18:27,22
14849,8/12/2011 11:09,8/12/2011 11:07,0
14849,9/5/2011 14:56,8/12/2011 11:09,24
14849,9/5/2011 14:57,9/5/2011 14:56,0
14849,10/6/2011 11:24,9/5/2011 14:57,31
14849,10/6/2011 11:24,10/6/2011 11:24,0
14849,11/3/2011 12:43,10/6/2011 11:24,28
14849,11/3/2011 12:46,11/3/2011 12:43,0
14849,11/3/2011 12:47,11/3/2011 12:46,0
14849,11/3/2011 12:49,11/3/2011 12:47,0
14849,11/18/2011 10:57,11/3/2011 12:49,15
14849,11/18/2011 10:58,11/18/2011 10:57,0
14850,2/1/2011 11:21,NULL,NULL
14851,3/28/2011 14:59,NULL,NULL
14851,11/16/2011 14:20,3/28/2011 14:59,233
14852,4/1/2011 13:22,NULL,NULL
14852,6/15/2011 8:34,4/1/2011 13:22,75
14852,6/15/2011 8:36,6/15/2011 8:34,0
14852,7/22/2011 10:00,6/15/2011 8:36,37
14852,9/4/2011 13:56,7/22/2011 10:00,44
14852,10/12/2011 13:20,9/4/2011 13:56,38
14853,5/12/2011 15:17,NULL,NULL
14853,11/15/2011 16:56,5/12/2011 15:17,187
14854,3/10/2011 12:22,NULL,NULL
14854,4/1/2011 14:53,3/10/2011 12:22,22
14854,4/26/2011 12:29,4/1/2011 14:53,25
14854,6/23/2011 9:53,4/26/2011 12:29,58
14854,6/28/2011 14:58,6/23/2011 9:53,5
14854,7/29/2011 15:40,6/28/2011 14:58,31
14854,9/22/2011 17:00,7/29/2011 15:40,55
14855,7/28/2011 12:06,NULL,NULL
14855,8/12/2011 14:02,7/28/2011 12:06,15
14856,10/14/2011 9:35,NULL,NULL
14856,11/3/2011 14:47,10/14/2011 9:35,20
14856,11/3/2011 14:53,11/3/2011 14:47,0
14857,7/14/2011 15:03,NULL,NULL
14857,10/11/2011 9:23,7/14/2011 15:03,89
14859,5/19/2011 14:42,NULL,NULL
14859,9/20/2011 13:19,5/19/2011 14:42,124
14859,11/27/2011 11:15,9/20/2011 13:19,68
14859,11/27/2011 11:18,11/27/2011 11:15,0
14860,11/20/2011 14:17,NULL,NULL
14861,10/18/2011 12:54,NULL,NULL
14862,7/14/2011 11:20,NULL,NULL
14862,11/14/2011 10:01,7/14/2011 11:20,123
14863,11/10/2011 15:04,NULL,NULL
14865,12/2/2010 18:23,NULL,NULL
14865,12/2/2011 16:25,12/2/2010 18:23,365
14866,12/8/2010 14:58,NULL,NULL
14866,7/21/2011 14:14,12/8/2010 14:58,225
14866,7/26/2011 16:00,7/21/2011 14:14,5
14866,8/26/2011 11:48,7/26/2011 16:00,31
14866,9/20/2011 10:27,8/26/2011 11:48,25
14866,10/11/2011 14:18,9/20/2011 10:27,21
14866,10/20/2011 11:53,10/11/2011 14:18,9
14866,10/26/2011 15:01,10/20/2011 11:53,6
14866,11/1/2011 11:38,10/26/2011 15:01,6
14866,11/1/2011 11:39,11/1/2011 11:38,0
14866,11/24/2011 10:14,11/1/2011 11:39,23
14866,11/29/2011 11:45,11/24/2011 10:14,5
14867,1/7/2011 16:34,NULL,NULL
14867,5/5/2011 8:18,1/7/2011 16:34,118
14867,6/7/2011 11:39,5/5/2011 8:18,33
14868,4/20/2011 13:36,NULL,NULL
14868,7/1/2011 10:39,4/20/2011 13:36,72
14868,7/1/2011 10:40,7/1/2011 10:39,0
14868,8/11/2011 14:55,7/1/2011 10:40,41
14868,9/29/2011 10:45,8/11/2011 14:55,49
14868,11/6/2011 15:53,9/29/2011 10:45,38
14868,11/18/2011 14:40,11/6/2011 15:53,12
14868,12/6/2011 14:49,11/18/2011 14:40,18
14869,8/28/2011 16:09,NULL,NULL
14869,12/1/2011 12:36,8/28/2011 16:09,95
14870,3/23/2011 10:51,NULL,NULL
14871,12/14/2010 12:18,NULL,NULL
14871,3/29/2011 13:22,12/14/2010 12:18,105
14871,6/14/2011 13:04,3/29/2011 13:22,77
14871,12/6/2011 13:42,6/14/2011 13:04,175
14873,5/13/2011 13:52,NULL,NULL
14875,3/22/2011 11:53,NULL,NULL
14875,8/24/2011 12:20,3/22/2011 11:53,155
14878,12/16/2010 12:11,NULL,NULL
14878,2/20/2011 12:01,12/16/2010 12:11,66
14878,3/27/2011 13:21,2/20/2011 12:01,35
14878,5/22/2011 11:49,3/27/2011 13:21,56
14878,6/12/2011 11:26,5/22/2011 11:49,21
14878,6/19/2011 11:14,6/12/2011 11:26,7
14878,9/18/2011 12:24,6/19/2011 11:14,91
14878,11/3/2011 14:47,9/18/2011 12:24,46
14878,11/27/2011 11:15,11/3/2011 14:47,24
14880,2/24/2011 12:27,NULL,NULL
14880,6/7/2011 13:27,2/24/2011 12:27,103
14880,9/23/2011 13:42,6/7/2011 13:27,108
14881,11/20/2011 11:06,NULL,NULL
14882,11/6/2011 10:15,NULL,NULL
14882,11/13/2011 12:47,11/6/2011 10:15,7
14883,5/12/2011 9:49,NULL,NULL
14883,6/29/2011 9:32,5/12/2011 9:49,48
14883,9/27/2011 14:58,6/29/2011 9:32,90
14883,9/27/2011 14:58,9/27/2011 14:58,0
14883,10/31/2011 11:33,9/27/2011 14:58,34
14883,11/21/2011 10:23,10/31/2011 11:33,21
14885,7/31/2011 12:05,NULL,NULL
14886,4/1/2011 8:56,NULL,NULL
14887,9/21/2011 15:32,NULL,NULL
14888,5/16/2011 14:58,NULL,NULL
14889,1/7/2011 15:19,NULL,NULL
14890,3/31/2011 11:57,NULL,NULL
14891,6/5/2011 10:58,NULL,NULL
14891,7/14/2011 18:08,6/5/2011 10:58,39
14893,11/28/2011 10:49,NULL,NULL
14893,11/30/2011 12:31,11/28/2011 10:49,2
14894,9/15/2011 13:51,NULL,NULL
14895,2/22/2011 13:08,NULL,NULL
14895,4/4/2011 12:05,2/22/2011 13:08,41
14895,5/19/2011 9:23,4/4/2011 12:05,45
14895,6/10/2011 14:06,5/19/2011 9:23,22
14895,6/10/2011 14:08,6/10/2011 14:06,0
14895,7/17/2011 14:59,6/10/2011 14:08,37
14895,7/17/2011 15:00,7/17/2011 14:59,0
14895,7/17/2011 15:08,7/17/2011 15:00,0
14895,8/21/2011 15:49,7/17/2011 15:08,35
14895,8/21/2011 15:50,8/21/2011 15:49,0
14895,9/9/2011 15:09,8/21/2011 15:50,19
14895,9/9/2011 15:10,9/9/2011 15:09,0
14895,9/9/2011 15:11,9/9/2011 15:10,0
14895,10/24/2011 14:29,9/9/2011 15:11,45
14895,10/30/2011 14:44,10/24/2011 14:29,6
14895,10/30/2011 14:45,10/30/2011 14:44,0
14895,11/10/2011 10:29,10/30/2011 14:45,11
14895,12/2/2011 9:19,11/10/2011 10:29,22
14895,12/2/2011 9:22,12/2/2011 9:19,0
14895,12/2/2011 9:23,12/2/2011 9:22,0
14896,12/9/2010 12:24,NULL,NULL
14896,5/19/2011 10:20,12/9/2010 12:24,161
14897,2/16/2011 8:37,NULL,NULL
14897,9/12/2011 16:06,2/16/2011 8:37,208
14897,10/18/2011 9:54,9/12/2011 16:06,36
14897,12/2/2011 10:32,10/18/2011 9:54,45
14898,12/3/2010 15:25,NULL,NULL
14898,1/17/2011 13:59,12/3/2010 15:25,45
14898,2/10/2011 12:21,1/17/2011 13:59,24
14898,4/13/2011 13:42,2/10/2011 12:21,62
14898,7/28/2011 14:03,4/13/2011 13:42,106
14898,11/16/2011 14:54,7/28/2011 14:03,111
14901,12/2/2010 11:20,NULL,NULL
14901,12/8/2010 10:46,12/2/2010 11:20,6
14901,12/14/2010 11:29,12/8/2010 10:46,6
14901,8/9/2011 13:03,12/14/2010 11:29,238
14901,8/30/2011 12:00,8/9/2011 13:03,21
14901,9/12/2011 16:14,8/30/2011 12:00,13
14901,9/27/2011 11:05,9/12/2011 16:14,15
14901,11/8/2011 10:50,9/27/2011 11:05,42
14901,11/28/2011 17:09,11/8/2011 10:50,20
14902,11/14/2011 10:34,NULL,NULL
14903,3/6/2011 11:50,NULL,NULL
14903,4/7/2011 12:35,3/6/2011 11:50,32
14903,5/23/2011 13:17,4/7/2011 12:35,46
14903,8/7/2011 12:42,5/23/2011 13:17,76
14903,11/18/2011 16:07,8/7/2011 12:42,103
14904,11/14/2011 9:13,NULL,NULL
14904,12/7/2011 12:55,11/14/2011 9:13,23
14905,4/20/2011 10:48,NULL,NULL
14905,7/5/2011 12:41,4/20/2011 10:48,76
14907,12/7/2010 10:14,NULL,NULL
14907,12/14/2010 11:03,12/7/2010 10:14,7
14907,12/14/2010 11:04,12/14/2010 11:03,0
14907,7/15/2011 10:27,12/14/2010 11:04,213
14907,9/1/2011 16:41,7/15/2011 10:27,48
14907,11/11/2011 13:25,9/1/2011 16:41,71
14907,12/6/2011 14:14,11/11/2011 13:25,25
14908,9/26/2011 12:56,NULL,NULL
14910,10/16/2011 11:06,NULL,NULL
14910,11/8/2011 12:09,10/16/2011 11:06,23
14910,11/14/2011 17:10,11/8/2011 12:09,6
14910,12/7/2011 10:06,11/14/2011 17:10,23
14911,12/1/2010 14:05,NULL,NULL
14911,12/1/2010 14:05,12/1/2010 14:05,0
14911,12/2/2010 16:33,12/1/2010 14:05,1
14911,12/3/2010 14:04,12/2/2010 16:33,1
14911,12/6/2010 12:40,12/3/2010 14:04,3
14911,12/6/2010 13:06,12/6/2010 12:40,0
14911,12/6/2010 13:32,12/6/2010 13:06,0
14911,12/9/2010 12:17,12/6/2010 13:32,3
14911,12/10/2010 12:33,12/9/2010 12:17,1
14911,12/16/2010 19:16,12/10/2010 12:33,6
14911,12/19/2010 14:24,12/16/2010 19:16,3
14911,12/21/2010 13:45,12/19/2010 14:24,2
14911,12/23/2010 14:58,12/21/2010 13:45,2
14911,1/9/2011 16:07,12/23/2010 14:58,17
14911,1/18/2011 10:22,1/9/2011 16:07,9
14911,1/20/2011 12:34,1/18/2011 10:22,2
14911,1/24/2011 14:54,1/20/2011 12:34,4
14911,1/26/2011 12:29,1/24/2011 14:54,2
14911,1/27/2011 10:43,1/26/2011 12:29,1
14911,2/1/2011 8:31,1/27/2011 10:43,5
14911,2/4/2011 10:31,2/1/2011 8:31,3
14911,2/17/2011 11:01,2/4/2011 10:31,13
14911,2/18/2011 11:36,2/17/2011 11:01,1
14911,3/4/2011 12:12,2/18/2011 11:36,14
14911,3/4/2011 14:02,3/4/2011 12:12,0
14911,3/11/2011 10:19,3/4/2011 14:02,7
14911,3/11/2011 10:22,3/11/2011 10:19,0
14911,3/14/2011 12:15,3/11/2011 10:22,3
14911,3/14/2011 12:28,3/14/2011 12:15,0
14911,3/14/2011 15:11,3/14/2011 12:28,0
14911,3/15/2011 11:09,3/14/2011 15:11,1
14911,3/17/2011 15:03,3/15/2011 11:09,2
14911,3/18/2011 9:17,3/17/2011 15:03,1
14911,3/20/2011 11:52,3/18/2011 9:17,2
14911,3/24/2011 16:45,3/20/2011 11:52,4
14911,3/25/2011 12:04,3/24/2011 16:45,1
14911,3/28/2011 7:53,3/25/2011 12:04,3
14911,3/31/2011 11:08,3/28/2011 7:53,3
14911,4/1/2011 14:45,3/31/2011 11:08,1
14911,4/4/2011 13:29,4/1/2011 14:45,3
14911,4/6/2011 13:18,4/4/2011 13:29,2
14911,4/7/2011 10:33,4/6/2011 13:18,1
14911,4/7/2011 11:41,4/7/2011 10:33,0
14911,4/11/2011 12:20,4/7/2011 11:41,4
14911,4/11/2011 15:35,4/11/2011 12:20,0
14911,4/27/2011 10:02,4/11/2011 15:35,16
14911,5/3/2011 12:10,4/27/2011 10:02,6
14911,5/3/2011 12:12,5/3/2011 12:10,0
14911,5/5/2011 11:38,5/3/2011 12:12,2
14911,5/8/2011 11:37,5/5/2011 11:38,3
14911,5/15/2011 16:10,5/8/2011 11:37,7
14911,5/16/2011 13:20,5/15/2011 16:10,1
14911,5/16/2011 14:52,5/16/2011 13:20,0
14911,5/18/2011 13:58,5/16/2011 14:52,2
14911,5/19/2011 17:23,5/18/2011 13:58,1
14911,5/19/2011 17:48,5/19/2011 17:23,0
14911,5/20/2011 10:27,5/19/2011 17:48,1
14911,5/23/2011 10:34,5/20/2011 10:27,3
14911,5/26/2011 11:40,5/23/2011 10:34,3
14911,5/26/2011 11:43,5/26/2011 11:40,0
14911,5/26/2011 12:12,5/26/2011 11:43,0
14911,6/7/2011 14:12,5/26/2011 12:12,12
14911,6/8/2011 10:45,6/7/2011 14:12,1
14911,6/8/2011 14:03,6/8/2011 10:45,0
14911,6/9/2011 10:23,6/8/2011 14:03,1
14911,6/9/2011 13:46,6/9/2011 10:23,0
14911,6/13/2011 10:36,6/9/2011 13:46,4
14911,6/16/2011 8:16,6/13/2011 10:36,3
14911,6/17/2011 9:23,6/16/2011 8:16,1
14911,6/19/2011 16:11,6/17/2011 9:23,2
14911,6/21/2011 12:06,6/19/2011 16:11,2
14911,6/22/2011 11:46,6/21/2011 12:06,1
14911,6/23/2011 12:42,6/22/2011 11:46,1
14911,6/23/2011 13:16,6/23/2011 12:42,0
14911,6/27/2011 8:48,6/23/2011 13:16,4
14911,6/27/2011 8:49,6/27/2011 8:48,0
14911,6/29/2011 12:15,6/27/2011 8:49,2
14911,6/30/2011 15:46,6/29/2011 12:15,1
14911,7/1/2011 8:58,6/30/2011 15:46,1
14911,7/5/2011 12:50,7/1/2011 8:58,4
14911,7/14/2011 13:51,7/5/2011 12:50,9
14911,7/18/2011 10:29,7/14/2011 13:51,4
14911,7/19/2011 9:50,7/18/2011 10:29,1
14911,7/19/2011 12:10,7/19/2011 9:50,0
14911,7/21/2011 17:09,7/19/2011 12:10,2
14911,7/21/2011 18:19,7/21/2011 17:09,0
14911,7/21/2011 19:34,7/21/2011 18:19,0
14911,7/26/2011 12:00,7/21/2011 19:34,5
14911,7/27/2011 13:14,7/26/2011 12:00,1
14911,7/27/2011 13:15,7/27/2011 13:14,0
14911,7/28/2011 14:27,7/27/2011 13:15,1
14911,7/28/2011 15:16,7/28/2011 14:27,0
14911,7/29/2011 13:39,7/28/2011 15:16,1
14911,7/31/2011 11:45,7/29/2011 13:39,2
14911,8/4/2011 14:40,7/31/2011 11:45,4
14911,8/8/2011 13:42,8/4/2011 14:40,4
14911,8/11/2011 10:22,8/8/2011 13:42,3
14911,8/11/2011 11:42,8/11/2011 10:22,0
14911,8/12/2011 9:14,8/11/2011 11:42,1
14911,8/12/2011 12:42,8/12/2011 9:14,0
14911,8/18/2011 12:26,8/12/2011 12:42,6
14911,8/19/2011 14:57,8/18/2011 12:26,1
14911,8/21/2011 13:11,8/19/2011 14:57,2
14911,8/23/2011 9:17,8/21/2011 13:11,2
14911,8/26/2011 10:50,8/23/2011 9:17,3
14911,8/26/2011 14:29,8/26/2011 10:50,0
14911,9/1/2011 17:19,8/26/2011 14:29,6
14911,9/1/2011 17:20,9/1/2011 17:19,0
14911,9/2/2011 11:43,9/1/2011 17:20,1
14911,9/7/2011 10:23,9/2/2011 11:43,5
14911,9/7/2011 13:06,9/7/2011 10:23,0
14911,9/7/2011 14:13,9/7/2011 13:06,0
14911,9/14/2011 9:38,9/7/2011 14:13,7
14911,9/15/2011 9:53,9/14/2011 9:38,1
14911,9/15/2011 11:54,9/15/2011 9:53,0
14911,9/19/2011 14:55,9/15/2011 11:54,4
14911,9/20/2011 10:01,9/19/2011 14:55,1
14911,9/20/2011 11:35,9/20/2011 10:01,0
14911,9/21/2011 12:23,9/20/2011 11:35,1
14911,9/22/2011 10:37,9/21/2011 12:23,1
14911,9/22/2011 16:26,9/22/2011 10:37,0
14911,9/22/2011 16:27,9/22/2011 16:26,0
14911,9/23/2011 12:36,9/22/2011 16:27,1
14911,9/23/2011 14:49,9/23/2011 12:36,0
14911,9/26/2011 10:05,9/23/2011 14:49,3
14911,9/26/2011 12:48,9/26/2011 10:05,0
14911,9/27/2011 11:10,9/26/2011 12:48,1
14911,9/28/2011 12:20,9/27/2011 11:10,1
14911,9/28/2011 12:21,9/28/2011 12:20,0
14911,9/28/2011 14:57,9/28/2011 12:21,0
14911,9/28/2011 15:32,9/28/2011 14:57,0
14911,9/28/2011 15:33,9/28/2011 15:32,0
14911,9/30/2011 10:20,9/28/2011 15:33,2
14911,9/30/2011 13:46,9/30/2011 10:20,0
14911,10/6/2011 10:48,9/30/2011 13:46,6
14911,10/7/2011 10:06,10/6/2011 10:48,1
14911,10/10/2011 12:37,10/7/2011 10:06,3
14911,10/10/2011 17:09,10/10/2011 12:37,0
14911,10/11/2011 13:34,10/10/2011 17:09,1
14911,10/11/2011 14:10,10/11/2011 13:34,0
14911,10/11/2011 14:59,10/11/2011 14:10,0
14911,10/12/2011 8:10,10/11/2011 14:59,1
14911,10/12/2011 9:50,10/12/2011 8:10,0
14911,10/12/2011 10:04,10/12/2011 9:50,0
14911,10/12/2011 14:08,10/12/2011 10:04,0
14911,10/17/2011 11:56,10/12/2011 14:08,5
14911,10/17/2011 12:25,10/17/2011 11:56,0
14911,10/17/2011 12:41,10/17/2011 12:25,0
14911,10/17/2011 13:46,10/17/2011 12:41,0
14911,10/17/2011 13:47,10/17/2011 13:46,0
14911,10/18/2011 9:32,10/17/2011 13:47,1
14911,10/19/2011 10:48,10/18/2011 9:32,1
14911,10/20/2011 9:28,10/19/2011 10:48,1
14911,10/20/2011 13:24,10/20/2011 9:28,0
14911,10/21/2011 9:20,10/20/2011 13:24,1
14911,10/24/2011 12:53,10/21/2011 9:20,3
14911,10/30/2011 14:57,10/24/2011 12:53,6
14911,10/31/2011 14:22,10/30/2011 14:57,1
14911,11/1/2011 9:24,10/31/2011 14:22,1
14911,11/1/2011 13:57,11/1/2011 9:24,0
14911,11/7/2011 8:26,11/1/2011 13:57,6
14911,11/7/2011 13:06,11/7/2011 8:26,0
14911,11/7/2011 17:15,11/7/2011 13:06,0
14911,11/9/2011 17:07,11/7/2011 17:15,2
14911,11/10/2011 19:40,11/9/2011 17:07,1
14911,11/11/2011 10:32,11/10/2011 19:40,1
14911,11/11/2011 12:52,11/11/2011 10:32,0
14911,11/13/2011 10:41,11/11/2011 12:52,2
14911,11/13/2011 14:45,11/13/2011 10:41,0
14911,11/14/2011 10:47,11/13/2011 14:45,1
14911,11/15/2011 8:07,11/14/2011 10:47,1
14911,11/15/2011 14:56,11/15/2011 8:07,0
14911,11/15/2011 14:57,11/15/2011 14:56,0
14911,11/15/2011 15:22,11/15/2011 14:57,0
14911,11/16/2011 17:03,11/15/2011 15:22,1
14911,11/17/2011 8:49,11/16/2011 17:03,1
14911,11/17/2011 14:40,11/17/2011 8:49,0
14911,11/18/2011 15:53,11/17/2011 14:40,1
14911,11/20/2011 11:34,11/18/2011 15:53,2
14911,11/21/2011 9:21,11/20/2011 11:34,1
14911,11/21/2011 10:02,11/21/2011 9:21,0
14911,11/22/2011 11:04,11/21/2011 10:02,1
14911,11/22/2011 14:59,11/22/2011 11:04,0
14911,11/22/2011 17:21,11/22/2011 14:59,0
14911,11/23/2011 8:47,11/22/2011 17:21,1
14911,11/24/2011 8:44,11/23/2011 8:47,1
14911,11/25/2011 12:20,11/24/2011 8:44,1
14911,11/27/2011 15:44,11/25/2011 12:20,2
14911,11/28/2011 10:31,11/27/2011 15:44,1
14911,11/28/2011 11:33,11/28/2011 10:31,0
14911,11/30/2011 10:06,11/28/2011 11:33,2
14911,11/30/2011 15:08,11/30/2011 10:06,0
14911,12/1/2011 8:52,11/30/2011 15:08,1
14911,12/1/2011 17:51,12/1/2011 8:52,0
14911,12/4/2011 15:28,12/1/2011 17:51,3
14911,12/5/2011 10:18,12/4/2011 15:28,1
14911,12/5/2011 10:19,12/5/2011 10:18,0
14911,12/7/2011 8:38,12/5/2011 10:19,2
14911,12/7/2011 8:45,12/7/2011 8:38,0
14911,12/7/2011 11:42,12/7/2011 8:45,0
14911,12/8/2011 15:54,12/7/2011 11:42,1
14912,4/7/2011 11:06,NULL,NULL
14912,11/23/2011 9:20,4/7/2011 11:06,230
14913,12/15/2010 14:35,NULL,NULL
14913,3/11/2011 9:07,12/15/2010 14:35,86
14913,6/9/2011 14:14,3/11/2011 9:07,90
14913,11/4/2011 8:29,6/9/2011 14:14,148
14915,3/7/2011 9:39,NULL,NULL
14915,9/9/2011 13:34,3/7/2011 9:39,186
14916,1/19/2011 15:30,NULL,NULL
14916,7/13/2011 10:38,1/19/2011 15:30,175
14916,9/7/2011 10:07,7/13/2011 10:38,56
14916,9/30/2011 9:20,9/7/2011 10:07,23
14918,7/8/2011 12:50,NULL,NULL
14918,8/16/2011 11:50,7/8/2011 12:50,39
14920,5/11/2011 10:31,NULL,NULL
14920,5/11/2011 10:32,5/11/2011 10:31,0
14921,5/22/2011 12:51,NULL,NULL
14921,11/9/2011 13:17,5/22/2011 12:51,171
14923,10/20/2011 11:51,NULL,NULL
14924,4/8/2011 9:25,NULL,NULL
14929,11/7/2011 17:21,NULL,NULL
14930,3/10/2011 14:42,NULL,NULL
14930,8/23/2011 10:29,3/10/2011 14:42,166
14930,8/23/2011 10:31,8/23/2011 10:29,0
14931,4/13/2011 9:32,NULL,NULL
14931,5/17/2011 17:12,4/13/2011 9:32,34
14931,9/26/2011 12:11,5/17/2011 17:12,132
14931,11/17/2011 9:25,9/26/2011 12:11,52
14931,12/5/2011 10:19,11/17/2011 9:25,18
14932,12/9/2010 11:48,NULL,NULL
14934,3/2/2011 11:48,NULL,NULL
14934,9/19/2011 10:10,3/2/2011 11:48,201
14935,2/15/2011 14:44,NULL,NULL
14936,3/9/2011 11:53,NULL,NULL
14936,6/17/2011 13:14,3/9/2011 11:53,100
14936,8/23/2011 12:30,6/17/2011 13:14,67
14936,10/5/2011 8:50,8/23/2011 12:30,43
14936,10/5/2011 8:52,10/5/2011 8:50,0
14936,10/5/2011 8:53,10/5/2011 8:52,0
14936,11/6/2011 10:29,10/5/2011 8:53,32
14936,11/6/2011 10:30,11/6/2011 10:29,0
14937,8/1/2011 14:16,NULL,NULL
14937,10/14/2011 12:28,8/1/2011 14:16,74
14937,10/14/2011 12:29,10/14/2011 12:28,0
14944,2/16/2011 12:47,NULL,NULL
14944,2/16/2011 12:48,2/16/2011 12:47,0
14944,5/6/2011 11:50,2/16/2011 12:48,79
14944,5/6/2011 11:51,5/6/2011 11:50,0
14944,6/6/2011 15:06,5/6/2011 11:51,31
14944,7/18/2011 9:21,6/6/2011 15:06,42
14944,9/6/2011 9:23,7/18/2011 9:21,50
14944,9/23/2011 14:38,9/6/2011 9:23,17
14944,9/23/2011 14:39,9/23/2011 14:38,0
14944,11/10/2011 9:09,9/23/2011 14:39,48
14944,11/10/2011 9:09,11/10/2011 9:09,0
14944,11/10/2011 9:10,11/10/2011 9:09,0
14946,11/25/2011 13:33,NULL,NULL
14947,8/1/2011 9:31,NULL,NULL
14947,9/28/2011 15:48,8/1/2011 9:31,58
14948,5/4/2011 14:52,NULL,NULL
14948,7/25/2011 8:50,5/4/2011 14:52,82
14948,8/22/2011 11:13,7/25/2011 8:50,28
14948,9/2/2011 14:39,8/22/2011 11:13,11
14948,9/29/2011 13:56,9/2/2011 14:39,27
14948,11/16/2011 17:16,9/29/2011 13:56,48
14950,11/20/2011 13:48,NULL,NULL
14951,9/21/2011 15:15,NULL,NULL
14952,12/10/2010 12:48,NULL,NULL
14952,2/7/2011 9:50,12/10/2010 12:48,59
14952,2/27/2011 10:30,2/7/2011 9:50,20
14952,5/16/2011 12:45,2/27/2011 10:30,78
14952,5/17/2011 8:34,5/16/2011 12:45,1
14952,5/17/2011 8:37,5/17/2011 8:34,0
14952,5/17/2011 8:38,5/17/2011 8:37,0
14952,9/12/2011 12:48,5/17/2011 8:38,118
14952,9/29/2011 8:28,9/12/2011 12:48,17
14952,10/11/2011 10:31,9/29/2011 8:28,12
14952,10/11/2011 10:33,10/11/2011 10:31,0
14953,11/14/2011 14:59,NULL,NULL
14954,11/27/2011 14:30,NULL,NULL
14957,3/31/2011 17:59,NULL,NULL
14958,4/8/2011 11:28,NULL,NULL
14958,6/7/2011 16:16,4/8/2011 11:28,60
14958,7/15/2011 14:20,6/7/2011 16:16,38
14959,2/16/2011 13:00,NULL,NULL
14959,5/8/2011 11:38,2/16/2011 13:00,81
14959,8/22/2011 9:28,5/8/2011 11:38,106
14959,10/6/2011 18:23,8/22/2011 9:28,45
14960,6/21/2011 13:38,NULL,NULL
14960,12/1/2011 12:54,6/21/2011 13:38,163
14961,12/14/2010 11:38,NULL,NULL
14961,12/14/2010 11:39,12/14/2010 11:38,0
14961,2/15/2011 11:31,12/14/2010 11:39,63
14961,4/7/2011 10:20,2/15/2011 11:31,51
14961,4/21/2011 16:59,4/7/2011 10:20,14
14961,7/8/2011 15:29,4/21/2011 16:59,78
14961,9/9/2011 13:37,7/8/2011 15:29,63
14961,9/19/2011 15:04,9/9/2011 13:37,10
14961,11/29/2011 9:42,9/19/2011 15:04,71
14962,3/14/2011 9:42,NULL,NULL
14963,6/9/2011 12:30,NULL,NULL
14963,10/13/2011 11:57,6/9/2011 12:30,126
14963,11/6/2011 12:44,10/13/2011 11:57,24
14963,11/21/2011 12:05,11/6/2011 12:44,15
14963,11/30/2011 12:16,11/21/2011 12:05,9
14964,4/6/2011 14:13,NULL,NULL
14965,9/4/2011 13:15,NULL,NULL
14965,9/4/2011 13:20,9/4/2011 13:15,0
14966,11/25/2011 12:20,NULL,NULL
14967,10/21/2011 11:06,NULL,NULL
14968,11/9/2011 13:58,NULL,NULL
14970,1/27/2011 12:23,NULL,NULL
14970,4/1/2011 13:33,1/27/2011 12:23,64
14970,7/25/2011 14:45,4/1/2011 13:33,115
14970,10/2/2011 13:44,7/25/2011 14:45,69
14971,10/27/2011 13:33,NULL,NULL
14971,11/4/2011 17:03,10/27/2011 13:33,8
14971,11/4/2011 17:07,11/4/2011 17:03,0
14972,8/3/2011 14:54,NULL,NULL
14973,4/28/2011 12:22,NULL,NULL
14973,7/28/2011 15:58,4/28/2011 12:22,91
14973,8/24/2011 15:51,7/28/2011 15:58,27
14974,11/2/2011 13:01,NULL,NULL
14975,10/13/2011 14:08,NULL,NULL
14976,1/17/2011 11:09,NULL,NULL
14976,3/10/2011 12:42,1/17/2011 11:09,52
14976,5/27/2011 16:30,3/10/2011 12:42,78
14976,8/30/2011 17:23,5/27/2011 16:30,95
14976,10/13/2011 16:14,8/30/2011 17:23,44
14976,10/13/2011 16:33,10/13/2011 16:14,0
14976,10/13/2011 16:37,10/13/2011 16:33,0
14978,1/13/2011 12:03,NULL,NULL
14978,1/26/2011 12:40,1/13/2011 12:03,13
14978,2/23/2011 12:03,1/26/2011 12:40,28
14978,4/18/2011 10:55,2/23/2011 12:03,54
14978,9/28/2011 13:07,4/18/2011 10:55,163
14981,4/7/2011 13:45,NULL,NULL
14984,6/12/2011 11:04,NULL,NULL
14984,11/20/2011 14:28,6/12/2011 11:04,161
14985,12/16/2010 19:51,NULL,NULL
14985,5/25/2011 14:29,12/16/2010 19:51,160
14987,12/9/2010 12:13,NULL,NULL
14987,11/24/2011 9:59,12/9/2010 12:13,350
14988,5/12/2011 12:05,NULL,NULL
14995,3/4/2011 13:14,NULL,NULL
14995,11/1/2011 11:39,3/4/2011 13:14,242
14997,6/14/2011 16:52,NULL,NULL
14997,9/12/2011 13:34,6/14/2011 16:52,90
14997,10/24/2011 13:28,9/12/2011 13:34,42
14998,4/12/2011 16:28,NULL,NULL
14998,6/22/2011 17:30,4/12/2011 16:28,71
15000,10/23/2011 11:42,NULL,NULL
15002,12/7/2010 13:16,NULL,NULL
15002,1/5/2011 10:51,12/7/2010 13:16,29
15002,2/16/2011 10:25,1/5/2011 10:51,42
15002,8/16/2011 10:44,2/16/2011 10:25,181
15004,7/15/2011 14:05,NULL,NULL
15005,12/8/2010 14:36,NULL,NULL
15005,12/15/2010 13:24,12/8/2010 14:36,7
15005,1/9/2011 14:12,12/15/2010 13:24,25
15005,2/2/2011 14:29,1/9/2011 14:12,24
15005,3/3/2011 15:31,2/2/2011 14:29,29
15005,3/14/2011 14:32,3/3/2011 15:31,11
15005,4/7/2011 11:59,3/14/2011 14:32,24
15005,4/14/2011 11:45,4/7/2011 11:59,7
15005,4/27/2011 14:05,4/14/2011 11:45,13
15005,5/5/2011 14:55,4/27/2011 14:05,8
15005,5/17/2011 14:43,5/5/2011 14:55,12
15005,5/26/2011 13:21,5/17/2011 14:43,9
15005,6/5/2011 15:01,5/26/2011 13:21,10
15005,6/15/2011 13:26,6/5/2011 15:01,10
15005,6/30/2011 12:12,6/15/2011 13:26,15
15005,7/14/2011 13:00,6/30/2011 12:12,14
15005,7/22/2011 11:31,7/14/2011 13:00,8
15005,8/4/2011 12:13,7/22/2011 11:31,13
15005,8/23/2011 15:24,8/4/2011 12:13,19
15005,9/5/2011 11:18,8/23/2011 15:24,13
15005,9/15/2011 11:57,9/5/2011 11:18,10
15005,9/22/2011 12:41,9/15/2011 11:57,7
15005,10/7/2011 12:28,9/22/2011 12:41,15
15005,10/13/2011 12:30,10/7/2011 12:28,6
15005,10/26/2011 13:07,10/13/2011 12:30,13
15005,11/8/2011 11:53,10/26/2011 13:07,13
15005,11/13/2011 15:42,11/8/2011 11:53,5
15005,11/24/2011 12:25,11/13/2011 15:42,11
15006,10/19/2011 15:08,NULL,NULL
15007,7/3/2011 16:00,NULL,NULL
15009,11/14/2011 17:40,NULL,NULL
15009,11/20/2011 11:25,11/14/2011 17:40,6
15009,11/27/2011 13:35,11/20/2011 11:25,7
15010,11/4/2011 12:42,NULL,NULL
15012,12/1/2010 12:49,NULL,NULL
15012,10/17/2011 12:22,12/1/2010 12:49,320
15014,6/16/2011 19:40,NULL,NULL
15014,10/27/2011 20:07,6/16/2011 19:40,133
15016,6/20/2011 12:06,NULL,NULL
15017,11/6/2011 10:33,NULL,NULL
15018,12/7/2010 10:47,NULL,NULL
15018,4/1/2011 9:56,12/7/2010 10:47,115
15018,11/1/2011 12:47,4/1/2011 9:56,214
15019,3/18/2011 12:35,NULL,NULL
15021,12/8/2010 12:17,NULL,NULL
15021,3/23/2011 12:24,12/8/2010 12:17,105
15021,5/5/2011 12:22,3/23/2011 12:24,43
15021,6/17/2011 12:16,5/5/2011 12:22,43
15021,7/6/2011 11:52,6/17/2011 12:16,19
15021,9/14/2011 13:12,7/6/2011 11:52,70
15021,11/13/2011 12:23,9/14/2011 13:12,60
15021,11/13/2011 12:31,11/13/2011 12:23,0
15021,12/1/2011 11:53,11/13/2011 12:31,18
15022,10/23/2011 15:47,NULL,NULL
15022,11/13/2011 14:42,10/23/2011 15:47,21
15022,11/13/2011 14:44,11/13/2011 14:42,0
15022,11/28/2011 12:35,11/13/2011 14:44,15
15023,12/5/2010 13:49,NULL,NULL
15023,1/18/2011 13:38,12/5/2010 13:49,44
15023,3/8/2011 13:54,1/18/2011 13:38,49
15023,5/5/2011 13:56,3/8/2011 13:54,58
15023,6/23/2011 18:44,5/5/2011 13:56,49
15023,7/3/2011 13:05,6/23/2011 18:44,10
15023,7/28/2011 13:02,7/3/2011 13:05,25
15023,8/15/2011 15:06,7/28/2011 13:02,18
15023,10/27/2011 17:22,8/15/2011 15:06,73
15023,10/31/2011 17:13,10/27/2011 17:22,4
15023,12/6/2011 17:23,10/31/2011 17:13,36
15024,12/7/2010 13:20,NULL,NULL
15024,12/7/2010 17:05,12/7/2010 13:20,0
15024,2/16/2011 12:02,12/7/2010 17:05,71
15024,8/2/2011 13:09,2/16/2011 12:02,167
15024,8/18/2011 19:13,8/2/2011 13:09,16
15024,10/11/2011 12:27,8/18/2011 19:13,54
15024,10/11/2011 12:41,10/11/2011 12:27,0
15024,11/11/2011 12:01,10/11/2011 12:41,31
15024,11/30/2011 12:01,11/11/2011 12:01,19
15024,11/30/2011 12:06,11/30/2011 12:01,0
15025,11/6/2011 15:20,NULL,NULL
15026,3/7/2011 13:45,NULL,NULL
15026,4/13/2011 14:25,3/7/2011 13:45,37
15026,9/20/2011 13:52,4/13/2011 14:25,160
15027,4/15/2011 14:14,NULL,NULL
15027,5/4/2011 15:25,4/15/2011 14:14,19
15027,6/24/2011 14:33,5/4/2011 15:25,51
15027,11/9/2011 10:16,6/24/2011 14:33,138
15028,12/6/2010 12:47,NULL,NULL
15028,10/28/2011 11:33,12/6/2010 12:47,326
15028,10/28/2011 11:41,10/28/2011 11:33,0
15028,12/1/2011 14:06,10/28/2011 11:41,34
15030,3/16/2011 15:34,NULL,NULL
15030,9/29/2011 10:50,3/16/2011 15:34,197
15031,3/2/2011 14:46,NULL,NULL
15031,8/21/2011 15:35,3/2/2011 14:46,172
15031,11/9/2011 17:44,8/21/2011 15:35,80
15031,12/5/2011 14:19,11/9/2011 17:44,26
15032,12/8/2010 12:57,NULL,NULL
15032,12/8/2010 13:30,12/8/2010 12:57,0
15032,3/28/2011 15:03,12/8/2010 13:30,110
15033,1/14/2011 13:28,NULL,NULL
15033,3/28/2011 12:22,1/14/2011 13:28,73
15033,5/15/2011 13:14,3/28/2011 12:22,48
15033,7/3/2011 12:52,5/15/2011 13:14,49
15033,8/8/2011 16:18,7/3/2011 12:52,36
15033,8/22/2011 13:40,8/8/2011 16:18,14
15033,10/17/2011 14:42,8/22/2011 13:40,56
15033,10/31/2011 14:19,10/17/2011 14:42,14
15033,11/14/2011 13:12,10/31/2011 14:19,14
15033,12/5/2011 12:40,11/14/2011 13:12,21
15034,12/21/2010 9:47,NULL,NULL
15034,1/5/2011 15:57,12/21/2010 9:47,15
15034,3/6/2011 10:26,1/5/2011 15:57,60
15034,4/21/2011 10:52,3/6/2011 10:26,46
15034,4/21/2011 11:03,4/21/2011 10:52,0
15034,9/30/2011 13:40,4/21/2011 11:03,162
15034,11/11/2011 12:44,9/30/2011 13:40,42
15034,11/24/2011 12:11,11/11/2011 12:44,13
15035,9/11/2011 11:08,NULL,NULL
15036,6/13/2011 12:19,NULL,NULL
15036,6/15/2011 13:35,6/13/2011 12:19,2
15036,9/28/2011 15:42,6/15/2011 13:35,105
15038,12/5/2010 10:54,NULL,NULL
15038,4/10/2011 11:45,12/5/2010 10:54,126
15038,5/8/2011 11:49,4/10/2011 11:45,28
15038,6/5/2011 11:14,5/8/2011 11:49,28
15038,10/2/2011 10:58,6/5/2011 11:14,119
15038,10/12/2011 11:33,10/2/2011 10:58,10
15039,12/6/2010 11:26,NULL,NULL
15039,12/14/2010 11:48,12/6/2010 11:26,8
15039,1/4/2011 12:58,12/14/2010 11:48,21
15039,1/4/2011 13:03,1/4/2011 12:58,0
15039,1/10/2011 11:22,1/4/2011 13:03,6
15039,1/19/2011 11:15,1/10/2011 11:22,9
15039,1/24/2011 11:21,1/19/2011 11:15,5
15039,1/24/2011 11:31,1/24/2011 11:21,0
15039,2/1/2011 10:47,1/24/2011 11:31,8
15039,2/9/2011 10:49,2/1/2011 10:47,8
15039,2/16/2011 11:37,2/9/2011 10:49,7
15039,2/28/2011 11:19,2/16/2011 11:37,12
15039,2/28/2011 11:57,2/28/2011 11:19,0
15039,3/7/2011 10:52,2/28/2011 11:57,7
15039,3/14/2011 11:41,3/7/2011 10:52,7
15039,3/21/2011 11:24,3/14/2011 11:41,7
15039,3/28/2011 11:59,3/21/2011 11:24,7
15039,4/4/2011 10:52,3/28/2011 11:59,7
15039,4/14/2011 11:48,4/4/2011 10:52,10
15039,4/20/2011 12:44,4/14/2011 11:48,6
15039,4/26/2011 11:32,4/20/2011 12:44,6
15039,5/4/2011 11:37,4/26/2011 11:32,8
15039,5/9/2011 10:38,5/4/2011 11:37,5
15039,5/16/2011 10:50,5/9/2011 10:38,7
15039,5/25/2011 11:26,5/16/2011 10:50,9
15039,6/1/2011 13:07,5/25/2011 11:26,7
15039,6/8/2011 11:18,6/1/2011 13:07,7
15039,6/14/2011 11:47,6/8/2011 11:18,6
15039,6/21/2011 12:03,6/14/2011 11:47,7
15039,6/30/2011 11:32,6/21/2011 12:03,9
15039,7/8/2011 10:49,6/30/2011 11:32,8
15039,7/13/2011 10:33,7/8/2011 10:49,5
15039,7/20/2011 11:55,7/13/2011 10:33,7
15039,8/3/2011 11:45,7/20/2011 11:55,14
15039,8/17/2011 12:06,8/3/2011 11:45,14
15039,8/17/2011 12:20,8/17/2011 12:06,0
15039,9/1/2011 11:33,8/17/2011 12:20,15
15039,9/9/2011 11:15,9/1/2011 11:33,8
15039,9/20/2011 12:47,9/9/2011 11:15,11
15039,10/5/2011 11:16,9/20/2011 12:47,15
15039,10/5/2011 11:17,10/5/2011 11:16,0
15039,10/19/2011 11:44,10/5/2011 11:17,14
15039,11/1/2011 13:21,10/19/2011 11:44,13
15039,11/8/2011 12:09,11/1/2011 13:21,7
15039,11/14/2011 11:46,11/8/2011 12:09,6
15039,11/22/2011 16:11,11/14/2011 11:46,8
15039,11/30/2011 11:31,11/22/2011 16:11,8
15041,6/22/2011 16:16,NULL,NULL
15042,5/24/2011 16:25,NULL,NULL
15043,11/8/2011 14:26,NULL,NULL
15044,12/12/2010 14:27,NULL,NULL
15044,12/19/2010 13:31,12/12/2010 14:27,7
15044,12/22/2010 12:39,12/19/2010 13:31,3
15044,12/22/2010 12:44,12/22/2010 12:39,0
15044,1/10/2011 15:18,12/22/2010 12:44,19
15044,2/11/2011 12:36,1/10/2011 15:18,32
15044,2/17/2011 13:54,2/11/2011 12:36,6
15044,3/22/2011 11:43,2/17/2011 13:54,33
15044,4/12/2011 12:53,3/22/2011 11:43,21
15044,4/12/2011 12:56,4/12/2011 12:53,0
15044,5/16/2011 14:30,4/12/2011 12:56,34
15044,6/16/2011 12:05,5/16/2011 14:30,31
15044,7/26/2011 13:57,6/16/2011 12:05,40
15044,9/25/2011 11:34,7/26/2011 13:57,61
15044,10/4/2011 15:41,9/25/2011 11:34,9
15044,10/31/2011 13:35,10/4/2011 15:41,27
15044,11/20/2011 13:20,10/31/2011 13:35,20
15045,3/27/2011 11:44,NULL,NULL
15045,7/11/2011 11:33,3/27/2011 11:44,106
15046,1/5/2011 15:30,NULL,NULL
15046,1/16/2011 13:25,1/5/2011 15:30,11
15046,2/2/2011 12:10,1/16/2011 13:25,17
15046,2/10/2011 16:01,2/2/2011 12:10,8
15046,2/27/2011 11:53,2/10/2011 16:01,17
15046,4/13/2011 11:40,2/27/2011 11:53,45
15046,5/23/2011 13:05,4/13/2011 11:40,40
15046,5/29/2011 10:57,5/23/2011 13:05,6
15046,6/19/2011 12:31,5/29/2011 10:57,21
15046,8/4/2011 15:07,6/19/2011 12:31,46
15046,9/4/2011 11:54,8/4/2011 15:07,31
15046,10/4/2011 12:38,9/4/2011 11:54,30
15046,10/24/2011 14:56,10/4/2011 12:38,20
15046,11/9/2011 16:10,10/24/2011 14:56,16
15046,11/30/2011 15:50,11/9/2011 16:10,21
15047,3/15/2011 10:49,NULL,NULL
15048,12/6/2010 12:15,NULL,NULL
15048,5/3/2011 11:40,12/6/2010 12:15,148
15048,8/15/2011 10:02,5/3/2011 11:40,104
15048,10/5/2011 14:55,8/15/2011 10:02,51
15049,3/11/2011 12:13,NULL,NULL
15050,9/29/2011 13:22,NULL,NULL
15050,9/29/2011 13:45,9/29/2011 13:22,0
15050,11/14/2011 16:17,9/29/2011 13:45,46
15051,7/12/2011 15:29,NULL,NULL
15051,10/21/2011 14:01,7/12/2011 15:29,101
15051,11/16/2011 15:38,10/21/2011 14:01,26
15052,1/24/2011 15:52,NULL,NULL
15053,3/3/2011 12:06,NULL,NULL
15053,7/6/2011 13:06,3/3/2011 12:06,125
15053,12/5/2011 12:08,7/6/2011 13:06,152
15054,10/30/2011 14:33,NULL,NULL
15054,11/27/2011 15:02,10/30/2011 14:33,28
15057,1/28/2011 9:09,NULL,NULL
15057,3/9/2011 15:17,1/28/2011 9:09,40
15058,1/31/2011 15:35,NULL,NULL
15058,1/31/2011 15:52,1/31/2011 15:35,0
15058,2/13/2011 11:13,1/31/2011 15:52,13
15058,4/10/2011 13:21,2/13/2011 11:13,56
15058,4/10/2011 13:26,4/10/2011 13:21,0
15058,6/9/2011 16:16,4/10/2011 13:26,60
15058,8/7/2011 10:43,6/9/2011 16:16,59
15058,9/19/2011 13:02,8/7/2011 10:43,43
15058,10/20/2011 17:04,9/19/2011 13:02,31
15058,11/14/2011 14:39,10/20/2011 17:04,25
15058,11/14/2011 14:57,11/14/2011 14:39,0
15059,1/9/2011 11:54,NULL,NULL
15059,1/23/2011 11:48,1/9/2011 11:54,14
15059,2/16/2011 11:03,1/23/2011 11:48,24
15059,5/8/2011 12:36,2/16/2011 11:03,81
15059,6/22/2011 12:24,5/8/2011 12:36,45
15059,8/24/2011 13:18,6/22/2011 12:24,63
15059,8/24/2011 13:22,8/24/2011 13:18,0
15059,10/30/2011 11:28,8/24/2011 13:22,67
15059,10/30/2011 11:35,10/30/2011 11:28,0
15060,11/30/2011 14:03,NULL,NULL
15060,11/30/2011 14:17,11/30/2011 14:03,0
15060,11/30/2011 14:21,11/30/2011 14:17,0
15060,12/1/2011 13:47,11/30/2011 14:21,1
15061,12/2/2010 15:19,NULL,NULL
15061,12/2/2010 15:20,12/2/2010 15:19,0
15061,12/2/2010 15:22,12/2/2010 15:20,0
15061,12/2/2010 15:23,12/2/2010 15:22,0
15061,12/2/2010 15:25,12/2/2010 15:23,0
15061,12/2/2010 15:28,12/2/2010 15:25,0
15061,12/7/2010 13:50,12/2/2010 15:28,5
15061,12/10/2010 10:49,12/7/2010 13:50,3
15061,12/10/2010 10:50,12/10/2010 10:49,0
15061,12/10/2010 10:51,12/10/2010 10:50,0
15061,12/10/2010 10:52,12/10/2010 10:51,0
15061,12/15/2010 12:08,12/10/2010 10:52,5
15061,1/10/2011 14:58,12/15/2010 12:08,26
15061,1/10/2011 14:59,1/10/2011 14:58,0
15061,1/12/2011 12:10,1/10/2011 14:59,2
15061,1/18/2011 13:34,1/12/2011 12:10,6
15061,1/26/2011 9:23,1/18/2011 13:34,8
15061,2/11/2011 17:06,1/26/2011 9:23,16
15061,3/2/2011 12:24,2/11/2011 17:06,19
15061,3/2/2011 12:24,3/2/2011 12:24,0
15061,3/14/2011 12:59,3/2/2011 12:24,12
15061,3/14/2011 13:00,3/14/2011 12:59,0
15061,3/14/2011 15:05,3/14/2011 13:00,0
15061,3/23/2011 10:27,3/14/2011 15:05,9
15061,3/31/2011 9:57,3/23/2011 10:27,8
15061,4/5/2011 10:31,3/31/2011 9:57,5
15061,5/5/2011 13:29,4/5/2011 10:31,30
15061,5/5/2011 13:34,5/5/2011 13:29,0
15061,5/12/2011 10:23,5/5/2011 13:34,7
15061,6/8/2011 8:51,5/12/2011 10:23,27
15061,6/21/2011 10:55,6/8/2011 8:51,13
15061,6/21/2011 10:56,6/21/2011 10:55,0
15061,7/6/2011 13:41,6/21/2011 10:56,15
15061,7/22/2011 9:01,7/6/2011 13:41,16
15061,7/22/2011 9:02,7/22/2011 9:01,0
15061,7/28/2011 9:30,7/22/2011 9:02,6
15061,8/4/2011 10:45,7/28/2011 9:30,7
15061,9/27/2011 13:56,8/4/2011 10:45,54
15061,9/27/2011 14:01,9/27/2011 13:56,0
15061,9/27/2011 14:04,9/27/2011 14:01,0
15061,9/27/2011 14:07,9/27/2011 14:04,0
15061,10/6/2011 9:35,9/27/2011 14:07,9
15061,10/6/2011 9:35,10/6/2011 9:35,0
15061,10/21/2011 11:33,10/6/2011 9:35,15
15061,11/4/2011 14:26,10/21/2011 11:33,14
15061,11/20/2011 12:00,11/4/2011 14:26,16
15061,11/29/2011 10:52,11/20/2011 12:00,9
15061,12/6/2011 12:06,11/29/2011 10:52,7
15062,12/15/2010 15:37,NULL,NULL
15062,2/28/2011 12:19,12/15/2010 15:37,75
15062,5/6/2011 10:19,2/28/2011 12:19,67
15062,9/29/2011 16:51,5/6/2011 10:19,146
15063,5/10/2011 13:25,NULL,NULL
15065,2/21/2011 12:54,NULL,NULL
15065,4/26/2011 11:34,2/21/2011 12:54,64
15065,6/28/2011 11:44,4/26/2011 11:34,63
15065,11/2/2011 9:45,6/28/2011 11:44,127
15066,10/17/2011 13:25,NULL,NULL
15067,3/2/2011 12:10,NULL,NULL
15067,9/22/2011 13:18,3/2/2011 12:10,204
15067,9/22/2011 13:20,9/22/2011 13:18,0
15068,3/28/2011 14:27,NULL,NULL
15068,10/24/2011 14:47,3/28/2011 14:27,210
15069,6/13/2011 14:16,NULL,NULL
15070,12/2/2010 11:23,NULL,NULL
15071,3/9/2011 10:19,NULL,NULL
15071,9/7/2011 11:43,3/9/2011 10:19,182
15073,6/6/2011 9:59,NULL,NULL
15073,6/7/2011 12:00,6/6/2011 9:59,1
15073,11/30/2011 10:44,6/7/2011 12:00,176
15074,8/26/2011 14:45,NULL,NULL
15075,9/23/2011 12:27,NULL,NULL
15076,6/20/2011 8:23,NULL,NULL
15078,12/6/2010 12:38,NULL,NULL
15078,12/6/2010 12:39,12/6/2010 12:38,0
15078,12/20/2010 12:05,12/6/2010 12:39,14
15078,12/20/2010 12:06,12/20/2010 12:05,0
15078,1/24/2011 14:44,12/20/2010 12:06,35
15078,2/22/2011 13:47,1/24/2011 14:44,29
15078,2/25/2011 17:03,2/22/2011 13:47,3
15078,3/24/2011 14:52,2/25/2011 17:03,27
15078,4/20/2011 9:29,3/24/2011 14:52,27
15078,4/20/2011 9:30,4/20/2011 9:29,0
15078,5/20/2011 10:30,4/20/2011 9:30,30
15078,5/20/2011 10:31,5/20/2011 10:30,0
15078,5/20/2011 10:32,5/20/2011 10:31,0
15078,6/2/2011 10:00,5/20/2011 10:32,13
15078,7/5/2011 9:56,6/2/2011 10:00,33
15078,7/5/2011 9:57,7/5/2011 9:56,0
15078,7/5/2011 9:57,7/5/2011 9:57,0
15078,7/27/2011 13:17,7/5/2011 9:57,22
15078,8/9/2011 12:21,7/27/2011 13:17,13
15078,8/19/2011 13:03,8/9/2011 12:21,10
15078,8/26/2011 11:18,8/19/2011 13:03,7
15078,8/26/2011 11:19,8/26/2011 11:18,0
15078,9/19/2011 13:35,8/26/2011 11:19,24
15078,9/26/2011 13:45,9/19/2011 13:35,7
15078,10/14/2011 14:37,9/26/2011 13:45,18
15078,10/14/2011 14:38,10/14/2011 14:37,0
15078,10/14/2011 14:38,10/14/2011 14:38,0
15078,11/6/2011 12:40,10/14/2011 14:38,23
15078,11/28/2011 9:40,11/6/2011 12:40,22
15078,12/2/2011 15:39,11/28/2011 9:40,4
15078,12/2/2011 15:40,12/2/2011 15:39,0
15078,12/2/2011 15:41,12/2/2011 15:40,0
15079,12/9/2010 9:25,NULL,NULL
15079,1/28/2011 13:54,12/9/2010 9:25,50
15079,5/11/2011 12:44,1/28/2011 13:54,103
15079,5/11/2011 12:45,5/11/2011 12:44,0
15081,12/7/2010 16:20,NULL,NULL
15081,5/15/2011 13:31,12/7/2010 16:20,159
15081,9/14/2011 12:29,5/15/2011 13:31,122
15081,10/5/2011 11:16,9/14/2011 12:29,21
15081,11/17/2011 17:08,10/5/2011 11:16,43
15083,3/28/2011 12:18,NULL,NULL
15087,3/3/2011 10:34,NULL,NULL
15088,10/3/2011 14:05,NULL,NULL
15088,11/18/2011 13:14,10/3/2011 14:05,46
15089,8/3/2011 14:14,NULL,NULL
15089,8/23/2011 13:40,8/3/2011 14:14,20
15089,9/6/2011 16:02,8/23/2011 13:40,14
15089,10/26/2011 11:19,9/6/2011 16:02,50
15089,11/17/2011 15:02,10/26/2011 11:19,22
15089,11/29/2011 16:31,11/17/2011 15:02,12
15090,2/4/2011 14:03,NULL,NULL
15091,10/3/2011 12:47,NULL,NULL
15092,3/1/2011 12:24,NULL,NULL
15092,5/8/2011 14:10,3/1/2011 12:24,68
15093,12/2/2010 18:25,NULL,NULL
15093,1/5/2011 13:37,12/2/2010 18:25,34
15093,2/25/2011 13:56,1/5/2011 13:37,51
15093,5/17/2011 11:28,2/25/2011 13:56,81
15093,8/15/2011 9:59,5/17/2011 11:28,90
15093,11/21/2011 13:09,8/15/2011 9:59,98
15095,5/20/2011 14:27,NULL,NULL
15095,7/27/2011 11:58,5/20/2011 14:27,68
15095,8/28/2011 12:00,7/27/2011 11:58,32
15095,8/28/2011 12:01,8/28/2011 12:00,0
15096,10/28/2011 10:27,NULL,NULL
15097,12/5/2011 14:03,NULL,NULL
15098,6/10/2011 15:22,NULL,NULL
15098,6/10/2011 15:28,6/10/2011 15:22,0
15098,6/10/2011 15:33,6/10/2011 15:28,0
15099,9/16/2011 13:13,NULL,NULL
15100,12/1/2010 9:09,NULL,NULL
15100,12/8/2010 12:09,12/1/2010 9:09,7
15100,1/10/2011 10:35,12/8/2010 12:09,33
15101,12/15/2010 12:54,NULL,NULL
15101,12/1/2011 10:18,12/15/2010 12:54,351
15103,9/14/2011 13:54,NULL,NULL
15103,11/8/2011 14:53,9/14/2011 13:54,55
15104,3/2/2011 14:16,NULL,NULL
15104,5/27/2011 12:29,3/2/2011 14:16,86
15105,7/28/2011 10:09,NULL,NULL
15105,9/14/2011 11:41,7/28/2011 10:09,48
15105,9/14/2011 11:42,9/14/2011 11:41,0
15105,10/3/2011 15:32,9/14/2011 11:42,19
15105,11/15/2011 10:17,10/3/2011 15:32,43
15105,11/21/2011 16:53,11/15/2011 10:17,6
15105,11/21/2011 16:54,11/21/2011 16:53,0
15106,3/15/2011 12:52,NULL,NULL
15106,5/12/2011 8:41,3/15/2011 12:52,58
15106,7/21/2011 17:02,5/12/2011 8:41,70
15106,10/5/2011 14:14,7/21/2011 17:02,76
15106,11/22/2011 9:16,10/5/2011 14:14,48
15107,12/2/2010 13:45,NULL,NULL
15107,12/14/2010 14:50,12/2/2010 13:45,12
15107,1/9/2011 15:18,12/14/2010 14:50,26
15107,1/11/2011 12:05,1/9/2011 15:18,2
15107,1/13/2011 15:10,1/11/2011 12:05,2
15107,2/1/2011 14:46,1/13/2011 15:10,19
15108,4/26/2011 10:54,NULL,NULL
15108,6/5/2011 12:51,4/26/2011 10:54,40
15108,6/6/2011 16:01,6/5/2011 12:51,1
15108,7/21/2011 10:24,6/6/2011 16:01,45
15109,4/8/2011 9:58,NULL,NULL
15110,1/25/2011 11:41,NULL,NULL
15110,8/5/2011 9:25,1/25/2011 11:41,192
15110,10/26/2011 9:58,8/5/2011 9:25,82
15110,11/16/2011 11:16,10/26/2011 9:58,21
15111,12/2/2010 11:45,NULL,NULL
15111,10/4/2011 8:56,12/2/2010 11:45,306
15111,11/10/2011 16:58,10/4/2011 8:56,37
15113,10/16/2011 15:27,NULL,NULL
15113,11/14/2011 10:33,10/16/2011 15:27,29
15113,11/30/2011 8:23,11/14/2011 10:33,16
15114,2/11/2011 8:45,NULL,NULL
15114,4/8/2011 9:15,2/11/2011 8:45,56
15114,5/6/2011 14:22,4/8/2011 9:15,28
15114,6/10/2011 9:44,5/6/2011 14:22,35
15114,7/14/2011 16:42,6/10/2011 9:44,34
15114,8/15/2011 16:13,7/14/2011 16:42,32
15114,9/7/2011 13:30,8/15/2011 16:13,23
15114,9/21/2011 15:54,9/7/2011 13:30,14
15114,9/29/2011 18:53,9/21/2011 15:54,8
15114,11/9/2011 15:05,9/29/2011 18:53,41
15115,11/21/2011 14:59,NULL,NULL
15116,5/19/2011 8:50,NULL,NULL
15116,7/28/2011 9:48,5/19/2011 8:50,70
15116,10/13/2011 12:17,7/28/2011 9:48,77
15116,11/22/2011 12:25,10/13/2011 12:17,40
15117,5/8/2011 12:38,NULL,NULL
15117,8/11/2011 11:51,5/8/2011 12:38,95
15117,10/20/2011 15:38,8/11/2011 11:51,70
15117,11/23/2011 11:30,10/20/2011 15:38,34
15117,11/25/2011 8:12,11/23/2011 11:30,2
15118,7/28/2011 14:54,NULL,NULL
15119,4/8/2011 9:08,NULL,NULL
15120,7/29/2011 9:48,NULL,NULL
15121,2/24/2011 12:41,NULL,NULL
15121,10/20/2011 14:51,2/24/2011 12:41,238
15122,2/15/2011 9:59,NULL,NULL
15122,5/19/2011 19:32,2/15/2011 9:59,93
15122,8/17/2011 16:48,5/19/2011 19:32,90
15123,5/17/2011 14:57,NULL,NULL
15123,12/2/2011 13:12,5/17/2011 14:57,199
15124,6/1/2011 9:06,NULL,NULL
15124,11/17/2011 10:09,6/1/2011 9:06,169
15125,3/14/2011 9:59,NULL,NULL
15125,4/14/2011 10:13,3/14/2011 9:59,31
15125,5/16/2011 12:19,4/14/2011 10:13,32
15125,5/16/2011 12:20,5/16/2011 12:19,0
15125,6/14/2011 15:14,5/16/2011 12:20,29
15125,6/14/2011 15:15,6/14/2011 15:14,0
15125,6/14/2011 15:16,6/14/2011 15:15,0
15125,6/20/2011 17:09,6/14/2011 15:16,6
15125,7/14/2011 10:08,6/20/2011 17:09,24
15125,7/14/2011 10:09,7/14/2011 10:08,0
15125,7/27/2011 10:53,7/14/2011 10:09,13
15125,8/18/2011 17:50,7/27/2011 10:53,22
15125,10/10/2011 10:07,8/18/2011 17:50,53
15125,10/10/2011 10:10,10/10/2011 10:07,0
15125,11/14/2011 13:57,10/10/2011 10:10,35
15127,10/5/2011 10:30,NULL,NULL
15128,5/4/2011 12:32,NULL,NULL
15128,6/24/2011 11:39,5/4/2011 12:32,51
15128,8/5/2011 10:31,6/24/2011 11:39,42
15128,10/10/2011 13:54,8/5/2011 10:31,66
15129,2/21/2011 9:09,NULL,NULL
15129,3/29/2011 13:05,2/21/2011 9:09,36
15129,5/5/2011 8:32,3/29/2011 13:05,37
15129,5/13/2011 8:09,5/5/2011 8:32,8
15129,6/14/2011 13:40,5/13/2011 8:09,32
15129,6/14/2011 13:40,6/14/2011 13:40,0
15129,6/16/2011 9:49,6/14/2011 13:40,2
15129,7/25/2011 13:42,6/16/2011 9:49,39
15129,8/5/2011 12:25,7/25/2011 13:42,11
15129,8/25/2011 10:45,8/5/2011 12:25,20
15129,10/20/2011 14:40,8/25/2011 10:45,56
15130,6/23/2011 10:15,NULL,NULL
15132,3/22/2011 12:02,NULL,NULL
15132,5/24/2011 8:53,3/22/2011 12:02,63
15132,8/26/2011 11:47,5/24/2011 8:53,94
15132,10/14/2011 14:00,8/26/2011 11:47,49
15132,11/21/2011 17:10,10/14/2011 14:00,38
15133,2/11/2011 10:38,NULL,NULL
15133,3/27/2011 10:56,2/11/2011 10:38,44
15133,8/4/2011 10:44,3/27/2011 10:56,130
15134,4/13/2011 11:05,NULL,NULL
15134,5/10/2011 13:18,4/13/2011 11:05,27
15134,6/15/2011 10:29,5/10/2011 13:18,36
15134,8/4/2011 15:17,6/15/2011 10:29,50
15134,9/28/2011 12:33,8/4/2011 15:17,55
15134,10/25/2011 13:03,9/28/2011 12:33,27
15134,11/9/2011 12:26,10/25/2011 13:03,15
15134,11/25/2011 8:55,11/9/2011 12:26,16
15135,4/14/2011 19:16,NULL,NULL
15136,9/4/2011 16:05,NULL,NULL
15136,11/17/2011 16:35,9/4/2011 16:05,74
15136,12/7/2011 12:26,11/17/2011 16:35,20
15136,12/7/2011 12:26,12/7/2011 12:26,0
15139,1/7/2011 12:44,NULL,NULL
15139,4/14/2011 11:39,1/7/2011 12:44,97
15140,3/20/2011 14:37,NULL,NULL
15140,4/19/2011 12:59,3/20/2011 14:37,30
15140,5/25/2011 11:01,4/19/2011 12:59,36
15140,8/16/2011 11:37,5/25/2011 11:01,83
15140,8/16/2011 11:38,8/16/2011 11:37,0
15140,9/21/2011 12:25,8/16/2011 11:38,36
15140,10/18/2011 14:07,9/21/2011 12:25,27
15142,10/24/2011 12:51,NULL,NULL
15143,4/28/2011 12:03,NULL,NULL
15144,1/31/2011 13:17,NULL,NULL
15144,3/24/2011 11:43,1/31/2011 13:17,52
15144,3/24/2011 11:44,3/24/2011 11:43,0
15144,5/4/2011 13:36,3/24/2011 11:44,41
15144,5/6/2011 13:07,5/4/2011 13:36,2
15144,7/7/2011 16:56,5/6/2011 13:07,62
15144,7/25/2011 9:48,7/7/2011 16:56,18
15144,7/25/2011 9:50,7/25/2011 9:48,0
15144,8/18/2011 16:18,7/25/2011 9:50,24
15144,9/8/2011 12:20,8/18/2011 16:18,21
15144,9/29/2011 9:15,9/8/2011 12:20,21
15144,9/29/2011 9:16,9/29/2011 9:15,0
15144,10/12/2011 15:39,9/29/2011 9:16,13
15144,10/18/2011 15:26,10/12/2011 15:39,6
15144,10/27/2011 15:19,10/18/2011 15:26,9
15144,11/15/2011 8:32,10/27/2011 15:19,19
15144,12/1/2011 15:12,11/15/2011 8:32,16
15145,4/5/2011 15:20,NULL,NULL
15145,4/26/2011 16:40,4/5/2011 15:20,21
15145,10/27/2011 12:33,4/26/2011 16:40,184
15145,12/5/2011 17:21,10/27/2011 12:33,39
15146,2/21/2011 13:07,NULL,NULL
15146,6/28/2011 12:09,2/21/2011 13:07,127
15147,4/13/2011 15:57,NULL,NULL
15148,11/29/2011 8:21,NULL,NULL
15149,7/29/2011 10:58,NULL,NULL
15150,3/15/2011 14:21,NULL,NULL
15150,6/6/2011 12:51,3/15/2011 14:21,83
15150,7/7/2011 17:33,6/6/2011 12:51,31
15150,8/3/2011 14:19,7/7/2011 17:33,27
15150,8/22/2011 15:05,8/3/2011 14:19,19
15150,9/25/2011 15:34,8/22/2011 15:05,34
15150,9/27/2011 11:06,9/25/2011 15:34,2
15150,11/6/2011 14:45,9/27/2011 11:06,40
15150,11/7/2011 8:54,11/6/2011 14:45,1
15150,11/22/2011 12:52,11/7/2011 8:54,15
15152,6/5/2011 15:36,NULL,NULL
15152,7/18/2011 14:36,6/5/2011 15:36,43
15152,7/26/2011 15:45,7/18/2011 14:36,8
15152,8/3/2011 15:14,7/26/2011 15:45,8
15152,8/8/2011 10:00,8/3/2011 15:14,5
15152,8/18/2011 12:53,8/8/2011 10:00,10
15152,9/16/2011 9:21,8/18/2011 12:53,29
15152,10/10/2011 9:53,9/16/2011 9:21,24
15152,10/21/2011 14:49,10/10/2011 9:53,11
15152,11/9/2011 13:50,10/21/2011 14:49,19
15152,11/20/2011 11:30,11/9/2011 13:50,11
15152,11/29/2011 13:37,11/20/2011 11:30,9
15152,11/30/2011 12:32,11/29/2011 13:37,1
15153,11/8/2011 17:09,NULL,NULL
15154,9/25/2011 16:05,NULL,NULL
15156,11/6/2011 12:41,NULL,NULL
15156,12/5/2011 9:15,11/6/2011 12:41,29
15156,12/8/2011 18:22,12/5/2011 9:15,3
15157,12/16/2010 13:44,NULL,NULL
15157,7/8/2011 13:26,12/16/2010 13:44,204
15157,12/6/2011 11:28,7/8/2011 13:26,151
15158,10/25/2011 13:53,NULL,NULL
15159,12/13/2010 15:44,NULL,NULL
15159,12/13/2010 15:45,12/13/2010 15:44,0
15159,1/14/2011 12:29,12/13/2010 15:45,32
15159,1/28/2011 12:19,1/14/2011 12:29,14
15159,3/14/2011 10:36,1/28/2011 12:19,45
15159,3/14/2011 10:38,3/14/2011 10:36,0
15159,4/20/2011 11:06,3/14/2011 10:38,37
15159,4/20/2011 11:11,4/20/2011 11:06,0
15159,5/9/2011 11:26,4/20/2011 11:11,19
15159,5/13/2011 16:24,5/9/2011 11:26,4
15159,5/13/2011 16:26,5/13/2011 16:24,0
15159,6/8/2011 12:35,5/13/2011 16:26,26
15159,6/8/2011 12:36,6/8/2011 12:35,0
15159,6/8/2011 12:37,6/8/2011 12:36,0
15159,6/21/2011 14:23,6/8/2011 12:37,13
15159,7/6/2011 12:22,6/21/2011 14:23,15
15159,7/26/2011 10:27,7/6/2011 12:22,20
15159,8/19/2011 9:38,7/26/2011 10:27,24
15159,9/11/2011 10:57,8/19/2011 9:38,23
15159,9/11/2011 10:58,9/11/2011 10:57,0
15159,10/3/2011 16:46,9/11/2011 10:58,22
15159,10/3/2011 16:47,10/3/2011 16:46,0
15159,10/3/2011 16:48,10/3/2011 16:47,0
15159,10/20/2011 13:06,10/3/2011 16:48,17
15159,10/20/2011 13:07,10/20/2011 13:06,0
15159,11/10/2011 17:06,10/20/2011 13:07,21
15159,11/21/2011 14:24,11/10/2011 17:06,11
15159,12/5/2011 14:25,11/21/2011 14:24,14
15159,12/5/2011 14:26,12/5/2011 14:25,0
15159,12/8/2011 12:05,12/5/2011 14:26,3
15160,12/17/2010 14:15,NULL,NULL
15163,5/31/2011 15:22,NULL,NULL
15163,11/21/2011 13:10,5/31/2011 15:22,174
15164,1/4/2011 14:21,NULL,NULL
15164,5/15/2011 13:14,1/4/2011 14:21,131
15164,10/2/2011 12:05,5/15/2011 13:14,140
15165,12/1/2010 14:03,NULL,NULL
15167,1/23/2011 12:41,NULL,NULL
15168,11/14/2011 11:26,NULL,NULL
15171,1/12/2011 15:36,NULL,NULL
15172,4/17/2011 11:56,NULL,NULL
15172,5/27/2011 9:48,4/17/2011 11:56,40
15172,7/27/2011 11:29,5/27/2011 9:48,61
15172,9/30/2011 13:15,7/27/2011 11:29,65
15172,12/1/2011 11:51,9/30/2011 13:15,62
15174,1/21/2011 9:06,NULL,NULL
15175,9/29/2011 11:31,NULL,NULL
15178,3/24/2011 15:12,NULL,NULL
15179,1/24/2011 13:48,NULL,NULL
15179,4/1/2011 14:19,1/24/2011 13:48,67
15179,4/20/2011 9:03,4/1/2011 14:19,19
15179,10/17/2011 12:41,4/20/2011 9:03,180
15179,11/21/2011 12:53,10/17/2011 12:41,35
15180,12/7/2010 14:57,NULL,NULL
15181,3/15/2011 12:03,NULL,NULL
15181,6/17/2011 13:57,3/15/2011 12:03,94
15181,10/4/2011 13:58,6/17/2011 13:57,109
15182,3/16/2011 12:42,NULL,NULL
15182,7/8/2011 13:37,3/16/2011 12:42,114
15184,6/2/2011 12:06,NULL,NULL
15184,11/10/2011 13:41,6/2/2011 12:06,161
15185,9/30/2011 14:06,NULL,NULL
15186,6/24/2011 14:54,NULL,NULL
15186,11/25/2011 14:58,6/24/2011 14:54,154
15187,5/11/2011 13:49,NULL,NULL
15187,6/24/2011 9:38,5/11/2011 13:49,44
15187,7/14/2011 15:30,6/24/2011 9:38,20
15187,8/2/2011 9:34,7/14/2011 15:30,19
15187,9/4/2011 15:52,8/2/2011 9:34,33
15187,9/9/2011 10:05,9/4/2011 15:52,5
15187,9/30/2011 8:18,9/9/2011 10:05,21
15187,9/30/2011 8:19,9/30/2011 8:18,0
15187,10/20/2011 17:00,9/30/2011 8:19,20
15187,11/9/2011 8:14,10/20/2011 17:00,20
15187,11/17/2011 13:21,11/9/2011 8:14,8
15187,11/22/2011 10:12,11/17/2011 13:21,5
15187,11/24/2011 13:28,11/22/2011 10:12,2
15187,12/1/2011 8:57,11/24/2011 13:28,7
15187,12/1/2011 8:58,12/1/2011 8:57,0
15187,12/8/2011 11:56,12/1/2011 8:58,7
15189,1/11/2011 12:29,NULL,NULL
15189,1/25/2011 16:36,1/11/2011 12:29,14
15189,2/8/2011 10:28,1/25/2011 16:36,14
15189,2/24/2011 18:14,2/8/2011 10:28,16
15189,3/2/2011 14:41,2/24/2011 18:14,6
15189,3/17/2011 9:56,3/2/2011 14:41,15
15189,3/23/2011 14:04,3/17/2011 9:56,6
15189,3/30/2011 13:44,3/23/2011 14:04,7
15189,4/8/2011 8:40,3/30/2011 13:44,9
15189,4/12/2011 13:52,4/8/2011 8:40,4
15189,4/14/2011 8:45,4/12/2011 13:52,2
15189,4/14/2011 8:46,4/14/2011 8:45,0
15189,4/28/2011 7:52,4/14/2011 8:46,14
15189,5/19/2011 11:47,4/28/2011 7:52,21
15189,5/26/2011 12:52,5/19/2011 11:47,7
15189,6/3/2011 12:35,5/26/2011 12:52,8
15189,6/8/2011 14:06,6/3/2011 12:35,5
15189,6/21/2011 9:58,6/8/2011 14:06,13
15189,6/29/2011 13:20,6/21/2011 9:58,8
15189,7/6/2011 12:56,6/29/2011 13:20,7
15189,7/13/2011 9:44,7/6/2011 12:56,7
15189,7/21/2011 10:32,7/13/2011 9:44,8
15189,7/22/2011 14:47,7/21/2011 10:32,1
15189,7/28/2011 16:53,7/22/2011 14:47,6
15189,8/8/2011 15:17,7/28/2011 16:53,11
15189,8/18/2011 10:21,8/8/2011 15:17,10
15189,8/18/2011 10:23,8/18/2011 10:21,0
15189,8/25/2011 9:39,8/18/2011 10:23,7
15189,9/1/2011 12:34,8/25/2011 9:39,7
15189,9/6/2011 12:31,9/1/2011 12:34,5
15189,9/6/2011 12:32,9/6/2011 12:31,0
15189,9/7/2011 15:13,9/6/2011 12:32,1
15189,9/9/2011 14:18,9/7/2011 15:13,2
15189,10/27/2011 16:55,9/9/2011 14:18,48
15189,11/9/2011 9:21,10/27/2011 16:55,13
15189,11/17/2011 14:22,11/9/2011 9:21,8
15189,11/23/2011 11:58,11/17/2011 14:22,6
15189,11/29/2011 14:57,11/23/2011 11:58,6
15189,12/1/2011 15:13,11/29/2011 14:57,2
15189,12/6/2011 12:28,12/1/2011 15:13,5
15189,12/8/2011 13:22,12/6/2011 12:28,2
15192,12/9/2010 14:56,NULL,NULL
15192,6/1/2011 15:47,12/9/2010 14:56,174
15192,8/12/2011 11:41,6/1/2011 15:47,72
15193,10/10/2011 8:23,NULL,NULL
15194,12/6/2010 15:00,NULL,NULL
15194,12/13/2010 15:42,12/6/2010 15:00,7
15194,12/16/2010 13:15,12/13/2010 15:42,3
15194,1/7/2011 10:29,12/16/2010 13:15,22
15194,1/31/2011 15:17,1/7/2011 10:29,24
15194,3/1/2011 10:08,1/31/2011 15:17,29
15194,4/5/2011 11:47,3/1/2011 10:08,35
15194,5/6/2011 16:17,4/5/2011 11:47,31
15194,5/25/2011 8:32,5/6/2011 16:17,19
15194,6/22/2011 12:09,5/25/2011 8:32,28
15194,8/5/2011 10:39,6/22/2011 12:09,44
15194,9/13/2011 16:33,8/5/2011 10:39,39
15194,9/22/2011 18:10,9/13/2011 16:33,9
15194,11/8/2011 10:26,9/22/2011 18:10,47
15194,12/6/2011 15:10,11/8/2011 10:26,28
15195,12/7/2011 12:20,NULL,NULL
15197,12/16/2010 18:01,NULL,NULL
15197,4/1/2011 11:50,12/16/2010 18:01,106
15197,11/29/2011 10:00,4/1/2011 11:50,242
15198,8/7/2011 15:16,NULL,NULL
15198,9/8/2011 14:42,8/7/2011 15:16,32
15199,2/4/2011 14:04,NULL,NULL
15199,4/18/2011 12:45,2/4/2011 14:04,73
15199,9/6/2011 10:12,4/18/2011 12:45,141
15199,10/11/2011 15:12,9/6/2011 10:12,35
15201,4/6/2011 14:02,NULL,NULL
15201,5/19/2011 16:09,4/6/2011 14:02,43
15201,8/5/2011 13:28,5/19/2011 16:09,78
15201,8/5/2011 14:05,8/5/2011 13:28,0
15201,9/13/2011 14:53,8/5/2011 14:05,39
15203,2/1/2011 12:29,NULL,NULL
15203,5/25/2011 15:31,2/1/2011 12:29,113
15203,7/26/2011 13:03,5/25/2011 15:31,62
15203,8/26/2011 9:58,7/26/2011 13:03,31
15203,9/21/2011 12:28,8/26/2011 9:58,26
15203,11/14/2011 8:16,9/21/2011 12:28,54
15204,12/17/2010 13:49,NULL,NULL
15205,8/4/2011 16:07,NULL,NULL
15205,9/15/2011 19:36,8/4/2011 16:07,42
15206,3/9/2011 8:59,NULL,NULL
15206,7/17/2011 11:26,3/9/2011 8:59,130
15206,9/1/2011 11:41,7/17/2011 11:26,46
15206,11/29/2011 13:41,9/1/2011 11:41,89
15208,12/21/2010 13:03,NULL,NULL
15208,6/29/2011 13:51,12/21/2010 13:03,190
15208,10/7/2011 14:43,6/29/2011 13:51,100
15208,11/8/2011 14:39,10/7/2011 14:43,32
15208,12/8/2011 17:24,11/8/2011 14:39,30
15210,4/28/2011 16:11,NULL,NULL
15211,12/9/2010 16:08,NULL,NULL
15211,10/10/2011 13:31,12/9/2010 16:08,305
15212,4/12/2011 13:45,NULL,NULL
15213,1/14/2011 11:05,NULL,NULL
15213,1/25/2011 12:21,1/14/2011 11:05,11
15214,4/11/2011 9:46,NULL,NULL
15214,6/9/2011 9:44,4/11/2011 9:46,59
15214,9/25/2011 16:06,6/9/2011 9:44,108
15214,10/7/2011 9:56,9/25/2011 16:06,12
15214,11/1/2011 10:12,10/7/2011 9:56,25
15214,11/15/2011 10:56,11/1/2011 10:12,14
15214,11/29/2011 14:51,11/15/2011 10:56,14
15214,12/8/2011 12:07,11/29/2011 14:51,9
15215,9/4/2011 12:24,NULL,NULL
15215,10/24/2011 11:40,9/4/2011 12:24,50
15215,10/24/2011 11:41,10/24/2011 11:40,0
15216,9/13/2011 11:41,NULL,NULL
15218,1/25/2011 11:20,NULL,NULL
15218,3/21/2011 10:54,1/25/2011 11:20,55
15218,5/6/2011 10:36,3/21/2011 10:54,46
15218,6/14/2011 11:23,5/6/2011 10:36,39
15218,7/25/2011 11:36,6/14/2011 11:23,41
15218,7/25/2011 11:43,7/25/2011 11:36,0
15218,8/15/2011 12:04,7/25/2011 11:43,21
15218,8/15/2011 12:06,8/15/2011 12:04,0
15218,9/26/2011 12:10,8/15/2011 12:06,42
15218,10/17/2011 8:59,9/26/2011 12:10,21
15218,11/29/2011 11:48,10/17/2011 8:59,43
15219,6/16/2011 16:57,NULL,NULL
15220,3/4/2011 10:24,NULL,NULL
15220,4/14/2011 17:29,3/4/2011 10:24,41
15220,5/20/2011 11:33,4/14/2011 17:29,36
15220,6/23/2011 10:52,5/20/2011 11:33,34
15220,8/16/2011 14:28,6/23/2011 10:52,54
15220,10/19/2011 12:39,8/16/2011 14:28,64
15221,12/8/2010 13:08,NULL,NULL
15222,1/25/2011 8:03,NULL,NULL
15223,4/4/2011 12:17,NULL,NULL
15223,4/28/2011 11:31,4/4/2011 12:17,24
15224,12/12/2010 12:34,NULL,NULL
15224,12/16/2010 15:02,12/12/2010 12:34,4
15225,4/19/2011 14:51,NULL,NULL
15226,2/2/2011 11:41,NULL,NULL
15227,1/26/2011 15:31,NULL,NULL
15227,2/28/2011 12:47,1/26/2011 15:31,33
15227,5/8/2011 10:11,2/28/2011 12:47,69
15227,11/3/2011 11:58,5/8/2011 10:11,179
15227,11/3/2011 11:59,11/3/2011 11:58,0
15228,2/18/2011 9:04,NULL,NULL
15228,6/23/2011 14:12,2/18/2011 9:04,125
15228,8/2/2011 12:27,6/23/2011 14:12,40
15228,10/4/2011 13:56,8/2/2011 12:27,63
15230,4/13/2011 11:04,NULL,NULL
15230,4/14/2011 14:39,4/13/2011 11:04,1
15232,7/22/2011 12:21,NULL,NULL
15232,8/18/2011 16:27,7/22/2011 12:21,27
15234,3/8/2011 8:53,NULL,NULL
15235,12/1/2010 17:22,NULL,NULL
15235,12/5/2010 15:02,12/1/2010 17:22,4
15235,12/23/2010 11:24,12/5/2010 15:02,18
15235,1/5/2011 9:51,12/23/2010 11:24,13
15235,1/21/2011 14:38,1/5/2011 9:51,16
15235,1/21/2011 14:39,1/21/2011 14:38,0
15235,2/3/2011 15:27,1/21/2011 14:39,13
15235,2/3/2011 15:27,2/3/2011 15:27,0
15235,2/28/2011 9:43,2/3/2011 15:27,25
15235,4/7/2011 10:11,2/28/2011 9:43,38
15235,4/14/2011 16:58,4/7/2011 10:11,7
15235,5/6/2011 9:44,4/14/2011 16:58,22
15236,2/14/2011 10:52,NULL,NULL
15237,4/26/2011 15:04,NULL,NULL
15237,5/20/2011 14:47,4/26/2011 15:04,24
15237,9/22/2011 15:28,5/20/2011 14:47,125
15237,12/8/2011 9:46,9/22/2011 15:28,77
15238,6/8/2011 16:00,NULL,NULL
15238,9/5/2011 15:26,6/8/2011 16:00,89
15238,11/10/2011 14:28,9/5/2011 15:26,66
15239,9/22/2011 9:53,NULL,NULL
15239,11/29/2011 14:14,9/22/2011 9:53,68
15240,2/1/2011 8:23,NULL,NULL
15240,4/12/2011 10:30,2/1/2011 8:23,70
15240,6/1/2011 11:27,4/12/2011 10:30,50
15240,9/16/2011 13:45,6/1/2011 11:27,107
15240,10/26/2011 9:50,9/16/2011 13:45,40
15241,3/1/2011 11:02,NULL,NULL
15241,5/26/2011 16:11,3/1/2011 11:02,86
15241,5/31/2011 15:30,5/26/2011 16:11,5
15241,6/9/2011 9:39,5/31/2011 15:30,9
15241,7/7/2011 15:41,6/9/2011 9:39,28
15241,8/4/2011 16:41,7/7/2011 15:41,28
15241,9/27/2011 14:00,8/4/2011 16:41,54
15241,10/4/2011 9:05,9/27/2011 14:00,7
15243,9/26/2011 14:12,NULL,NULL
15244,4/5/2011 15:12,NULL,NULL
15244,10/5/2011 13:19,4/5/2011 15:12,183
15245,3/23/2011 13:42,NULL,NULL
15245,6/5/2011 13:29,3/23/2011 13:42,74
15245,7/28/2011 18:56,6/5/2011 13:29,53
15246,12/16/2010 9:46,NULL,NULL
15246,4/15/2011 14:45,12/16/2010 9:46,120
15247,8/9/2011 12:52,NULL,NULL
15249,3/28/2011 12:49,NULL,NULL
15249,4/15/2011 14:14,3/28/2011 12:49,18
15249,4/20/2011 11:12,4/15/2011 14:14,5
15249,5/9/2011 15:29,4/20/2011 11:12,19
15249,5/27/2011 10:20,5/9/2011 15:29,18
15249,7/7/2011 12:10,5/27/2011 10:20,41
15249,8/4/2011 10:43,7/7/2011 12:10,28
15249,8/12/2011 11:08,8/4/2011 10:43,8
15249,8/24/2011 9:56,8/12/2011 11:08,12
15249,8/24/2011 10:19,8/24/2011 9:56,0
15249,9/9/2011 11:46,8/24/2011 10:19,16
15249,10/5/2011 11:37,9/9/2011 11:46,26
15249,11/8/2011 11:45,10/5/2011 11:37,34
15251,4/12/2011 10:38,NULL,NULL
15251,5/13/2011 10:14,4/12/2011 10:38,31
15251,6/14/2011 12:09,5/13/2011 10:14,32
15251,7/12/2011 15:56,6/14/2011 12:09,28
15251,7/20/2011 9:23,7/12/2011 15:56,8
15251,8/4/2011 19:20,7/20/2011 9:23,15
15251,8/25/2011 10:49,8/4/2011 19:20,21
15251,9/9/2011 15:53,8/25/2011 10:49,15
15251,10/30/2011 12:43,9/9/2011 15:53,51
15251,10/30/2011 12:45,10/30/2011 12:43,0
15251,11/30/2011 15:02,10/30/2011 12:45,31
15252,6/9/2011 14:15,NULL,NULL
15252,11/3/2011 13:30,6/9/2011 14:15,147
15253,6/23/2011 12:19,NULL,NULL
15253,9/12/2011 12:32,6/23/2011 12:19,81
15253,9/12/2011 12:32,9/12/2011 12:32,0
15253,11/23/2011 16:20,9/12/2011 12:32,72
15253,11/23/2011 16:22,11/23/2011 16:20,0
15254,8/4/2011 15:04,NULL,NULL
15255,10/4/2011 12:43,NULL,NULL
15256,7/14/2011 11:47,NULL,NULL
15257,3/1/2011 12:58,NULL,NULL
15258,5/6/2011 14:16,NULL,NULL
15258,6/24/2011 12:30,5/6/2011 14:16,49
15260,12/2/2010 12:09,NULL,NULL
15260,12/2/2010 12:09,12/2/2010 12:09,0
15260,4/20/2011 10:39,12/2/2010 12:09,139
15260,5/20/2011 13:40,4/20/2011 10:39,30
15260,6/6/2011 11:59,5/20/2011 13:40,17
15260,7/20/2011 15:33,6/6/2011 11:59,44
15260,8/31/2011 13:55,7/20/2011 15:33,42
15261,7/27/2011 15:20,NULL,NULL
15262,1/20/2011 12:16,NULL,NULL
15263,8/25/2011 10:26,NULL,NULL
15264,10/6/2011 13:49,NULL,NULL
15265,4/18/2011 12:16,NULL,NULL
15265,7/11/2011 14:46,4/18/2011 12:16,84
15266,1/5/2011 13:40,NULL,NULL
15267,6/10/2011 10:24,NULL,NULL
15267,7/7/2011 11:36,6/10/2011 10:24,27
15267,10/12/2011 11:09,7/7/2011 11:36,97
15267,10/28/2011 11:56,10/12/2011 11:09,16
15267,11/17/2011 15:59,10/28/2011 11:56,20
15269,11/16/2011 9:32,NULL,NULL
15270,2/2/2011 13:25,NULL,NULL
15270,2/2/2011 14:38,2/2/2011 13:25,0
15270,2/11/2011 11:36,2/2/2011 14:38,9
15270,4/15/2011 9:43,2/11/2011 11:36,63
15270,8/14/2011 10:38,4/15/2011 9:43,121
15270,11/24/2011 9:23,8/14/2011 10:38,102
15270,11/24/2011 9:24,11/24/2011 9:23,0
15271,12/9/2010 13:47,NULL,NULL
15271,1/6/2011 10:46,12/9/2010 13:47,28
15271,4/14/2011 12:38,1/6/2011 10:46,98
15271,5/3/2011 12:16,4/14/2011 12:38,19
15271,5/19/2011 17:18,5/3/2011 12:16,16
15271,6/12/2011 15:31,5/19/2011 17:18,24
15271,6/30/2011 8:17,6/12/2011 15:31,18
15271,8/2/2011 14:50,6/30/2011 8:17,33
15271,8/15/2011 14:35,8/2/2011 14:50,13
15271,9/6/2011 9:49,8/15/2011 14:35,22
15271,10/13/2011 15:28,9/6/2011 9:49,37
15271,10/24/2011 13:37,10/13/2011 15:28,11
15271,11/3/2011 12:28,10/24/2011 13:37,10
15271,11/13/2011 13:26,11/3/2011 12:28,10
15271,12/2/2011 14:11,11/13/2011 13:26,19
15272,9/14/2011 16:36,NULL,NULL
15272,10/13/2011 12:59,9/14/2011 16:36,29
15274,11/21/2011 14:17,NULL,NULL
15274,12/5/2011 16:57,11/21/2011 14:17,14
15275,11/2/2011 11:20,NULL,NULL
15276,10/4/2011 16:39,NULL,NULL
15277,10/24/2011 10:08,NULL,NULL
15279,12/20/2010 10:48,NULL,NULL
15280,6/20/2011 17:14,NULL,NULL
15281,1/10/2011 15:51,NULL,NULL
15281,2/25/2011 12:37,1/10/2011 15:51,46
15281,4/7/2011 10:38,2/25/2011 12:37,41
15281,4/21/2011 16:37,4/7/2011 10:38,14
15281,5/22/2011 10:57,4/21/2011 16:37,31
15281,5/26/2011 10:03,5/22/2011 10:57,4
15281,7/17/2011 11:27,5/26/2011 10:03,52
15281,7/26/2011 9:23,7/17/2011 11:27,9
15281,10/12/2011 9:10,7/26/2011 9:23,78
15286,10/21/2011 11:08,NULL,NULL
15287,9/30/2011 12:30,NULL,NULL
15287,11/17/2011 15:34,9/30/2011 12:30,48
15288,12/9/2010 13:59,NULL,NULL
15288,3/20/2011 14:35,12/9/2010 13:59,101
15288,5/23/2011 10:38,3/20/2011 14:35,64
15288,7/7/2011 10:28,5/23/2011 10:38,45
15288,10/27/2011 16:58,7/7/2011 10:28,112
15289,4/4/2011 12:44,NULL,NULL
15289,7/25/2011 11:01,4/4/2011 12:44,112
15289,11/10/2011 13:49,7/25/2011 11:01,108
15290,12/15/2010 16:03,NULL,NULL
15290,1/13/2011 10:04,12/15/2010 16:03,29
15290,1/14/2011 16:29,1/13/2011 10:04,1
15290,2/18/2011 10:16,1/14/2011 16:29,35
15290,3/7/2011 13:52,2/18/2011 10:16,17
15290,3/29/2011 13:53,3/7/2011 13:52,22
15290,4/20/2011 14:41,3/29/2011 13:53,22
15290,5/20/2011 14:35,4/20/2011 14:41,30
15290,7/4/2011 13:28,5/20/2011 14:35,45
15290,8/3/2011 12:33,7/4/2011 13:28,30
15290,8/25/2011 9:56,8/3/2011 12:33,22
15290,8/28/2011 10:54,8/25/2011 9:56,3
15290,9/21/2011 14:07,8/28/2011 10:54,24
15290,10/28/2011 12:40,9/21/2011 14:07,37
15290,11/8/2011 17:19,10/28/2011 12:40,11
15290,12/1/2011 16:28,11/8/2011 17:19,23
15290,12/5/2011 11:38,12/1/2011 16:28,4
15290,12/5/2011 11:39,12/5/2011 11:38,0
15291,12/1/2010 9:32,NULL,NULL
15291,12/17/2010 10:32,12/1/2010 9:32,16
15291,1/12/2011 16:14,12/17/2010 10:32,26
15291,1/18/2011 10:41,1/12/2011 16:14,6
15291,3/7/2011 16:14,1/18/2011 10:41,48
15291,3/10/2011 16:26,3/7/2011 16:14,3
15291,3/17/2011 9:13,3/10/2011 16:26,7
15291,4/1/2011 13:02,3/17/2011 9:13,15
15291,4/6/2011 10:07,4/1/2011 13:02,5
15291,6/12/2011 11:41,4/6/2011 10:07,67
15291,6/20/2011 9:44,6/12/2011 11:41,8
15291,9/6/2011 9:15,6/20/2011 9:44,78
15291,11/4/2011 13:31,9/6/2011 9:15,59
15291,11/7/2011 13:57,11/4/2011 13:31,3
15291,11/14/2011 11:02,11/7/2011 13:57,7
15292,5/22/2011 15:00,NULL,NULL
15296,1/17/2011 11:57,NULL,NULL
15296,5/11/2011 13:18,1/17/2011 11:57,114
15296,6/9/2011 11:49,5/11/2011 13:18,29
15296,6/17/2011 11:06,6/9/2011 11:49,8
15296,8/22/2011 14:20,6/17/2011 11:06,66
15296,10/20/2011 11:47,8/22/2011 14:20,59
15297,10/7/2011 9:42,NULL,NULL
15297,11/10/2011 14:38,10/7/2011 9:42,34
15297,11/29/2011 16:32,11/10/2011 14:38,19
15298,12/8/2010 13:55,NULL,NULL
15298,1/5/2011 16:00,12/8/2010 13:55,28
15298,1/19/2011 9:45,1/5/2011 16:00,14
15298,3/22/2011 12:31,1/19/2011 9:45,62
15298,6/5/2011 15:06,3/22/2011 12:31,75
15298,7/20/2011 14:58,6/5/2011 15:06,45
15298,9/8/2011 8:56,7/20/2011 14:58,50
15298,10/30/2011 11:08,9/8/2011 8:56,52
15298,10/30/2011 11:09,10/30/2011 11:08,0
15298,11/17/2011 13:00,10/30/2011 11:09,18
15298,11/29/2011 10:23,11/17/2011 13:00,12
15298,12/7/2011 17:17,11/29/2011 10:23,8
15299,12/2/2010 16:48,NULL,NULL
15299,12/2/2010 16:50,12/2/2010 16:48,0
15299,12/2/2010 16:51,12/2/2010 16:50,0
15299,3/21/2011 12:06,12/2/2010 16:51,109
15299,6/28/2011 17:01,3/21/2011 12:06,99
15299,10/3/2011 14:18,6/28/2011 17:01,97
15299,10/3/2011 14:19,10/3/2011 14:18,0
15300,10/6/2011 17:08,NULL,NULL
15301,12/6/2010 12:21,NULL,NULL
15301,3/17/2011 10:52,12/6/2010 12:21,101
15301,4/26/2011 13:05,3/17/2011 10:52,40
15301,5/18/2011 10:41,4/26/2011 13:05,22
15301,6/5/2011 15:53,5/18/2011 10:41,18
15301,6/5/2011 15:54,6/5/2011 15:53,0
15301,6/20/2011 13:06,6/5/2011 15:54,15
15301,7/15/2011 13:57,6/20/2011 13:06,25
15301,8/18/2011 9:45,7/15/2011 13:57,34
15301,9/28/2011 9:41,8/18/2011 9:45,41
15301,9/28/2011 9:43,9/28/2011 9:41,0
15301,10/20/2011 9:57,9/28/2011 9:43,22
15303,2/22/2011 13:59,NULL,NULL
15304,12/6/2010 11:42,NULL,NULL
15304,3/3/2011 9:39,12/6/2010 11:42,87
15304,3/24/2011 16:30,3/3/2011 9:39,21
15304,4/18/2011 9:06,3/24/2011 16:30,25
15304,5/5/2011 9:29,4/18/2011 9:06,17
15304,6/28/2011 8:19,5/5/2011 9:29,54
15304,9/15/2011 8:55,6/28/2011 8:19,79
15304,10/10/2011 10:23,9/15/2011 8:55,25
15306,7/14/2011 15:22,NULL,NULL
15306,9/8/2011 12:47,7/14/2011 15:22,56
15306,10/6/2011 12:56,9/8/2011 12:47,28
15307,9/5/2011 11:38,NULL,NULL
15308,3/10/2011 13:08,NULL,NULL
15311,12/1/2010 9:41,NULL,NULL
15311,12/5/2010 13:55,12/1/2010 9:41,4
15311,12/8/2010 13:23,12/5/2010 13:55,3
15311,12/9/2010 14:15,12/8/2010 13:23,1
15311,12/13/2010 15:07,12/9/2010 14:15,4
15311,12/14/2010 13:58,12/13/2010 15:07,1
15311,12/16/2010 13:33,12/14/2010 13:58,2
15311,12/20/2010 15:30,12/16/2010 13:33,4
15311,12/23/2010 14:40,12/20/2010 15:30,3
15311,1/5/2011 11:41,12/23/2010 14:40,13
15311,1/7/2011 14:43,1/5/2011 11:41,2
15311,1/10/2011 16:24,1/7/2011 14:43,3
15311,1/12/2011 13:30,1/10/2011 16:24,2
15311,1/14/2011 13:52,1/12/2011 13:30,2
15311,1/17/2011 13:39,1/14/2011 13:52,3
15311,1/19/2011 13:21,1/17/2011 13:39,2
15311,1/21/2011 14:17,1/19/2011 13:21,2
15311,1/25/2011 11:07,1/21/2011 14:17,4
15311,1/27/2011 16:30,1/25/2011 11:07,2
15311,2/1/2011 13:25,1/27/2011 16:30,5
15311,2/3/2011 14:15,2/1/2011 13:25,2
15311,2/8/2011 14:06,2/3/2011 14:15,5
15311,2/11/2011 13:36,2/8/2011 14:06,3
15311,2/15/2011 13:19,2/11/2011 13:36,4
15311,2/18/2011 12:27,2/15/2011 13:19,3
15311,2/23/2011 12:00,2/18/2011 12:27,5
15311,3/1/2011 11:48,2/23/2011 12:00,6
15311,3/4/2011 13:39,3/1/2011 11:48,3
15311,3/8/2011 13:12,3/4/2011 13:39,4
15311,3/11/2011 13:03,3/8/2011 13:12,3
15311,3/14/2011 13:04,3/11/2011 13:03,3
15311,4/4/2011 13:26,3/14/2011 13:04,21
15311,4/4/2011 13:57,4/4/2011 13:26,0
15311,4/6/2011 11:43,4/4/2011 13:57,2
15311,4/10/2011 11:11,4/6/2011 11:43,4
15311,4/18/2011 14:50,4/10/2011 11:11,8
15311,4/28/2011 15:29,4/18/2011 14:50,10
15311,5/4/2011 13:34,4/28/2011 15:29,6
15311,5/10/2011 12:20,5/4/2011 13:34,6
15311,5/18/2011 14:08,5/10/2011 12:20,8
15311,5/23/2011 12:59,5/18/2011 14:08,5
15311,5/25/2011 12:34,5/23/2011 12:59,2
15311,5/27/2011 13:49,5/25/2011 12:34,2
15311,6/2/2011 11:45,5/27/2011 13:49,6
15311,6/7/2011 13:56,6/2/2011 11:45,5
15311,6/13/2011 13:25,6/7/2011 13:56,6
15311,6/17/2011 13:37,6/13/2011 13:25,4
15311,6/21/2011 14:31,6/17/2011 13:37,4
15311,6/29/2011 13:40,6/21/2011 14:31,8
15311,7/6/2011 13:56,6/29/2011 13:40,7
15311,7/8/2011 12:53,7/6/2011 13:56,2
15311,7/13/2011 13:27,7/8/2011 12:53,5
15311,7/15/2011 13:13,7/13/2011 13:27,2
15311,7/19/2011 12:54,7/15/2011 13:13,4
15311,7/21/2011 12:33,7/19/2011 12:54,2
15311,7/26/2011 12:28,7/21/2011 12:33,5
15311,7/28/2011 18:23,7/26/2011 12:28,2
15311,8/2/2011 13:16,7/28/2011 18:23,5
15311,8/8/2011 12:34,8/2/2011 13:16,6
15311,8/10/2011 13:15,8/8/2011 12:34,2
15311,8/15/2011 12:44,8/10/2011 13:15,5
15311,8/18/2011 10:36,8/15/2011 12:44,3
15311,8/19/2011 15:06,8/18/2011 10:36,1
15311,9/2/2011 12:25,8/19/2011 15:06,14
15311,9/6/2011 14:38,9/2/2011 12:25,4
15311,9/13/2011 11:51,9/6/2011 14:38,7
15311,9/16/2011 13:31,9/13/2011 11:51,3
15311,9/21/2011 12:56,9/16/2011 13:31,5
15311,9/23/2011 11:22,9/21/2011 12:56,2
15311,9/27/2011 12:17,9/23/2011 11:22,4
15311,10/3/2011 13:31,9/27/2011 12:17,6
15311,10/7/2011 11:58,10/3/2011 13:31,4
15311,10/12/2011 12:24,10/7/2011 11:58,5
15311,10/16/2011 15:45,10/12/2011 12:24,4
15311,10/18/2011 11:13,10/16/2011 15:45,2
15311,10/21/2011 13:03,10/18/2011 11:13,3
15311,10/26/2011 13:45,10/21/2011 13:03,5
15311,10/28/2011 13:12,10/26/2011 13:45,2
15311,11/1/2011 12:00,10/28/2011 13:12,4
15311,11/4/2011 13:34,11/1/2011 12:00,3
15311,11/9/2011 13:34,11/4/2011 13:34,5
15311,11/11/2011 17:00,11/9/2011 13:34,2
15311,11/15/2011 13:32,11/11/2011 17:00,4
15311,11/18/2011 13:44,11/15/2011 13:32,3
15311,11/22/2011 13:08,11/18/2011 13:44,4
15311,11/24/2011 14:10,11/22/2011 13:08,2
15311,11/25/2011 13:52,11/24/2011 14:10,1
15311,11/29/2011 13:12,11/25/2011 13:52,4
15311,12/2/2011 13:21,11/29/2011 13:12,3
15311,12/6/2011 12:59,12/2/2011 13:21,4
15311,12/9/2011 12:00,12/6/2011 12:59,3
15312,12/20/2010 12:51,NULL,NULL
15312,5/8/2011 15:22,12/20/2010 12:51,139
15312,8/28/2011 14:00,5/8/2011 15:22,112
15312,9/25/2011 13:10,8/28/2011 14:00,28
15313,8/21/2011 16:02,NULL,NULL
15314,5/24/2011 14:39,NULL,NULL
15315,8/15/2011 15:17,NULL,NULL
15315,10/6/2011 12:51,8/15/2011 15:17,52
15316,1/17/2011 11:34,NULL,NULL
15318,12/6/2011 11:30,NULL,NULL
15319,3/1/2011 12:48,NULL,NULL
15320,10/26/2011 13:27,NULL,NULL
15321,2/21/2011 11:10,NULL,NULL
15321,9/30/2011 9:39,2/21/2011 11:10,221
15321,9/30/2011 9:40,9/30/2011 9:39,0
15322,9/15/2011 9:34,NULL,NULL
15325,8/28/2011 11:55,NULL,NULL
15326,1/10/2011 11:38,NULL,NULL
15327,10/18/2011 11:55,NULL,NULL
15329,6/21/2011 10:37,NULL,NULL
15329,7/28/2011 15:31,6/21/2011 10:37,37
15329,10/31/2011 15:36,7/28/2011 15:31,95
15330,10/10/2011 12:30,NULL,NULL
15330,11/7/2011 17:50,10/10/2011 12:30,28
15332,12/5/2010 12:00,NULL,NULL
15332,12/5/2010 12:01,12/5/2010 12:00,0
15332,12/5/2010 12:02,12/5/2010 12:01,0
15332,12/8/2010 14:43,12/5/2010 12:02,3
15333,5/15/2011 13:27,NULL,NULL
15334,6/19/2011 13:51,NULL,NULL
15334,6/29/2011 14:20,6/19/2011 13:51,10
15334,7/6/2011 11:22,6/29/2011 14:20,7
15335,10/17/2011 12:50,NULL,NULL
15339,1/25/2011 13:15,NULL,NULL
15339,10/4/2011 12:51,1/25/2011 13:15,252
15341,9/20/2011 9:40,NULL,NULL
15342,8/2/2011 10:19,NULL,NULL
15343,9/13/2011 13:55,NULL,NULL
15344,9/26/2011 14:48,NULL,NULL
15344,11/7/2011 17:08,9/26/2011 14:48,42
15344,12/9/2011 10:45,11/7/2011 17:08,32
15345,10/25/2011 11:28,NULL,NULL
15346,1/11/2011 11:18,NULL,NULL
15347,12/8/2010 15:25,NULL,NULL
15348,9/28/2011 13:17,NULL,NULL
15349,6/5/2011 15:46,NULL,NULL
15349,7/4/2011 16:06,6/5/2011 15:46,29
15350,12/1/2010 13:33,NULL,NULL
15351,12/5/2010 11:49,NULL,NULL
15351,9/21/2011 15:54,12/5/2010 11:49,290
15351,10/5/2011 15:04,9/21/2011 15:54,14
15351,10/11/2011 14:54,10/5/2011 15:04,6
15351,10/16/2011 12:06,10/11/2011 14:54,5
15351,11/6/2011 16:14,10/16/2011 12:06,21
15351,11/27/2011 12:52,11/6/2011 16:14,21
15353,12/7/2010 11:49,NULL,NULL
15353,3/30/2011 12:15,12/7/2010 11:49,113
15355,10/17/2011 15:22,NULL,NULL
15355,11/10/2011 13:44,10/17/2011 15:22,24
15356,12/6/2010 14:05,NULL,NULL
15356,12/14/2010 11:26,12/6/2010 14:05,8
15356,2/16/2011 12:11,12/14/2010 11:26,64
15356,4/1/2011 15:37,2/16/2011 12:11,44
15356,5/5/2011 13:14,4/1/2011 15:37,34
15356,6/17/2011 14:44,5/5/2011 13:14,43
15356,7/7/2011 13:02,6/17/2011 14:44,20
15356,8/26/2011 13:25,7/7/2011 13:02,50
15356,9/29/2011 13:11,8/26/2011 13:25,34
15356,11/8/2011 13:11,9/29/2011 13:11,40
15358,12/9/2010 10:04,NULL,NULL
15358,12/9/2010 10:04,12/9/2010 10:04,0
15358,1/5/2011 13:53,12/9/2010 10:04,27
15358,1/27/2011 8:30,1/5/2011 13:53,22
15358,2/15/2011 8:18,1/27/2011 8:30,19
15358,2/15/2011 8:21,2/15/2011 8:18,0
15358,3/4/2011 14:41,2/15/2011 8:21,17
15358,3/4/2011 14:42,3/4/2011 14:41,0
15358,4/12/2011 14:43,3/4/2011 14:42,39
15358,5/16/2011 9:40,4/12/2011 14:43,34
15358,5/16/2011 9:42,5/16/2011 9:40,0
15358,6/14/2011 9:42,5/16/2011 9:42,29
15358,6/14/2011 9:43,6/14/2011 9:42,0
15358,7/26/2011 9:51,6/14/2011 9:43,42
15358,8/11/2011 12:44,7/26/2011 9:51,16
15358,9/12/2011 9:57,8/11/2011 12:44,32
15358,9/26/2011 11:02,9/12/2011 9:57,14
15358,9/26/2011 11:04,9/26/2011 11:02,0
15358,10/21/2011 12:44,9/26/2011 11:04,25
15358,11/4/2011 13:44,10/21/2011 12:44,14
15358,12/5/2011 9:03,11/4/2011 13:44,31
15358,12/5/2011 9:04,12/5/2011 9:03,0
15360,10/31/2011 9:35,NULL,NULL
15361,12/13/2010 9:52,NULL,NULL
15363,12/2/2010 12:28,NULL,NULL
15364,3/30/2011 13:39,NULL,NULL
15364,9/5/2011 9:46,3/30/2011 13:39,159
15365,1/28/2011 13:08,NULL,NULL
15365,9/4/2011 15:37,1/28/2011 13:08,219
15365,9/19/2011 10:43,9/4/2011 15:37,15
15365,9/19/2011 10:44,9/19/2011 10:43,0
15365,11/14/2011 8:27,9/19/2011 10:44,56
15365,11/14/2011 8:28,11/14/2011 8:27,0
15365,11/14/2011 8:29,11/14/2011 8:28,0
15366,12/16/2010 15:59,NULL,NULL
15366,9/25/2011 15:01,12/16/2010 15:59,283
15367,3/9/2011 13:53,NULL,NULL
15367,4/8/2011 11:50,3/9/2011 13:53,30
15367,10/13/2011 14:10,4/8/2011 11:50,188
15367,10/13/2011 14:13,10/13/2011 14:10,0
15368,11/18/2011 14:42,NULL,NULL
15370,1/11/2011 11:32,NULL,NULL
15370,2/15/2011 14:19,1/11/2011 11:32,35
15370,5/20/2011 9:38,2/15/2011 14:19,94
15370,7/21/2011 18:36,5/20/2011 9:38,62
15370,9/29/2011 13:35,7/21/2011 18:36,70
15370,10/11/2011 10:22,9/29/2011 13:35,12
15370,10/30/2011 10:58,10/11/2011 10:22,19
15372,7/25/2011 16:39,NULL,NULL
15373,12/3/2010 14:40,NULL,NULL
15373,12/15/2010 10:40,12/3/2010 14:40,12
15373,1/26/2011 12:38,12/15/2010 10:40,42
15373,2/23/2011 10:57,1/26/2011 12:38,28
15373,3/30/2011 11:18,2/23/2011 10:57,35
15373,5/13/2011 12:53,3/30/2011 11:18,44
15373,6/19/2011 14:08,5/13/2011 12:53,37
15373,8/16/2011 8:50,6/19/2011 14:08,58
15373,8/16/2011 8:52,8/16/2011 8:50,0
15373,11/16/2011 11:09,8/16/2011 8:52,92
15373,11/21/2011 9:55,11/16/2011 11:09,5
15373,12/1/2011 15:05,11/21/2011 9:55,10
15374,8/3/2011 9:59,NULL,NULL
15376,5/1/2011 13:45,NULL,NULL
15376,8/14/2011 15:39,5/1/2011 13:45,105
15376,10/30/2011 15:04,8/14/2011 15:39,77
15379,12/16/2010 13:02,NULL,NULL
15379,1/6/2011 14:07,12/16/2010 13:02,21
15379,1/20/2011 14:01,1/6/2011 14:07,14
15379,3/9/2011 13:50,1/20/2011 14:01,48
15379,5/15/2011 12:55,3/9/2011 13:50,67
15379,6/6/2011 15:06,5/15/2011 12:55,22
15379,6/23/2011 13:13,6/6/2011 15:06,17
15380,12/9/2010 15:01,NULL,NULL
15380,7/21/2011 16:33,12/9/2010 15:01,224
15380,9/14/2011 15:41,7/21/2011 16:33,55
15380,10/24/2011 10:30,9/14/2011 15:41,40
15380,12/1/2011 12:13,10/24/2011 10:30,38
15381,3/16/2011 13:44,NULL,NULL
15381,5/10/2011 11:55,3/16/2011 13:44,55
15382,2/17/2011 12:01,NULL,NULL
15382,5/13/2011 12:50,2/17/2011 12:01,85
15382,6/8/2011 11:56,5/13/2011 12:50,26
15382,6/8/2011 11:57,6/8/2011 11:56,0
15382,9/16/2011 9:27,6/8/2011 11:57,100
15382,11/25/2011 10:58,9/16/2011 9:27,70
15384,12/15/2010 11:34,NULL,NULL
15384,6/23/2011 10:57,12/15/2010 11:34,190
15385,10/30/2011 15:11,NULL,NULL
15386,6/6/2011 13:47,NULL,NULL
15388,3/14/2011 13:53,NULL,NULL
15389,6/20/2011 16:18,NULL,NULL
15392,12/14/2010 15:50,NULL,NULL
15392,9/12/2011 10:01,12/14/2010 15:50,272
15392,11/9/2011 13:37,9/12/2011 10:01,58
15392,12/5/2011 11:01,11/9/2011 13:37,26
15393,3/3/2011 16:58,NULL,NULL
15393,11/23/2011 16:48,3/3/2011 16:58,265
15394,12/16/2010 12:46,NULL,NULL
15394,5/19/2011 14:27,12/16/2010 12:46,154
15394,9/22/2011 15:51,5/19/2011 14:27,126
15394,11/30/2011 11:49,9/22/2011 15:51,69
15395,1/18/2011 12:40,NULL,NULL
15396,8/19/2011 10:56,NULL,NULL
15397,2/23/2011 9:25,NULL,NULL
15398,9/22/2011 14:56,NULL,NULL
15398,11/23/2011 16:47,9/22/2011 14:56,62
15399,9/21/2011 15:57,NULL,NULL
15399,11/17/2011 15:04,9/21/2011 15:57,57
15399,12/8/2011 13:04,11/17/2011 15:04,21
15400,3/6/2011 11:27,NULL,NULL
15400,6/8/2011 13:15,3/6/2011 11:27,94
15400,8/3/2011 15:34,6/8/2011 13:15,56
15400,8/18/2011 9:48,8/3/2011 15:34,15
15400,9/8/2011 13:57,8/18/2011 9:48,21
15402,5/27/2011 13:32,NULL,NULL
15402,7/14/2011 12:17,5/27/2011 13:32,48
15405,6/3/2011 14:44,NULL,NULL
15406,2/11/2011 16:19,NULL,NULL
15406,11/8/2011 13:22,2/11/2011 16:19,270
15407,2/7/2011 13:18,NULL,NULL
15407,5/1/2011 14:58,2/7/2011 13:18,83
15407,6/9/2011 11:32,5/1/2011 14:58,39
15407,11/6/2011 11:55,6/9/2011 11:32,150
15408,3/20/2011 15:02,NULL,NULL
15410,3/23/2011 10:15,NULL,NULL
15410,4/17/2011 14:05,3/23/2011 10:15,25
15410,5/18/2011 13:13,4/17/2011 14:05,31
15410,5/20/2011 13:43,5/18/2011 13:13,2
15410,6/20/2011 11:34,5/20/2011 13:43,31
15410,8/2/2011 8:49,6/20/2011 11:34,43
15410,9/1/2011 19:08,8/2/2011 8:49,30
15410,9/16/2011 14:47,9/1/2011 19:08,15
15411,6/10/2011 12:30,NULL,NULL
15411,8/7/2011 12:54,6/10/2011 12:30,58
15411,9/30/2011 14:07,8/7/2011 12:54,54
15411,11/13/2011 15:19,9/30/2011 14:07,44
15412,6/21/2011 15:24,NULL,NULL
15414,4/11/2011 13:45,NULL,NULL
15414,11/2/2011 14:58,4/11/2011 13:45,205
15414,11/30/2011 9:50,11/2/2011 14:58,28
15415,1/30/2011 14:13,NULL,NULL
15416,3/2/2011 8:41,NULL,NULL
15416,4/14/2011 10:54,3/2/2011 8:41,43
15416,7/7/2011 18:29,4/14/2011 10:54,84
15416,10/6/2011 9:38,7/7/2011 18:29,91
15417,9/15/2011 15:26,NULL,NULL
15419,11/15/2011 9:23,NULL,NULL
15421,2/2/2011 14:36,NULL,NULL
15421,5/8/2011 14:00,2/2/2011 14:36,95
15421,5/8/2011 14:02,5/8/2011 14:00,0
15421,10/12/2011 9:20,5/8/2011 14:02,157
15422,1/20/2011 14:17,NULL,NULL
15422,1/20/2011 16:17,1/20/2011 14:17,0
15423,11/1/2011 14:01,NULL,NULL
15424,3/30/2011 13:00,NULL,NULL
15424,3/30/2011 13:02,3/30/2011 13:00,0
15426,12/5/2010 13:55,NULL,NULL
15426,3/27/2011 16:05,12/5/2010 13:55,112
15426,11/6/2011 13:54,3/27/2011 16:05,224
15426,11/6/2011 13:59,11/6/2011 13:54,0
15426,11/20/2011 15:36,11/6/2011 13:59,14
15427,10/23/2011 14:47,NULL,NULL
15427,11/6/2011 14:17,10/23/2011 14:47,14
15427,11/6/2011 14:29,11/6/2011 14:17,0
15428,11/24/2011 16:54,NULL,NULL
15429,9/25/2011 13:42,NULL,NULL
15429,11/13/2011 12:28,9/25/2011 13:42,49
15432,11/16/2011 16:30,NULL,NULL
15433,3/17/2011 14:12,NULL,NULL
15433,5/10/2011 10:45,3/17/2011 14:12,54
15434,5/23/2011 14:18,NULL,NULL
15434,8/24/2011 16:23,5/23/2011 14:18,93
15434,8/24/2011 16:24,8/24/2011 16:23,0
15434,11/8/2011 8:18,8/24/2011 16:24,76
15434,12/1/2011 13:33,11/8/2011 8:18,23
15435,11/17/2011 16:39,NULL,NULL
15436,4/19/2011 16:52,NULL,NULL
15436,10/23/2011 16:19,4/19/2011 16:52,187
15436,11/27/2011 16:05,10/23/2011 16:19,35
15437,3/22/2011 13:11,NULL,NULL
15438,7/31/2011 14:19,NULL,NULL
15440,5/15/2011 11:30,NULL,NULL
15440,7/26/2011 14:27,5/15/2011 11:30,72
15440,10/16/2011 12:16,7/26/2011 14:27,82
15442,4/5/2011 12:24,NULL,NULL
15443,1/23/2011 13:25,NULL,NULL
15443,8/22/2011 12:52,1/23/2011 13:25,211
15443,9/27/2011 11:58,8/22/2011 12:52,36
15443,10/25/2011 12:54,9/27/2011 11:58,28
15443,11/17/2011 11:12,10/25/2011 12:54,23
15443,11/27/2011 12:29,11/17/2011 11:12,10
15443,12/8/2011 10:40,11/27/2011 12:29,11
15444,10/30/2011 16:12,NULL,NULL
15444,11/30/2011 17:37,10/30/2011 16:12,31
15445,3/20/2011 15:06,NULL,NULL
15447,1/13/2011 11:26,NULL,NULL
15448,1/31/2011 10:42,NULL,NULL
15449,3/23/2011 10:43,NULL,NULL
15449,6/7/2011 16:42,3/23/2011 10:43,76
15449,11/13/2011 15:02,6/7/2011 16:42,159
15450,11/9/2011 17:11,NULL,NULL
15452,3/20/2011 15:21,NULL,NULL
15452,9/29/2011 14:08,3/20/2011 15:21,193
15452,11/10/2011 12:13,9/29/2011 14:08,42
15453,6/5/2011 12:37,NULL,NULL
15453,6/23/2011 19:46,6/5/2011 12:37,18
15453,7/31/2011 13:07,6/23/2011 19:46,38
15453,9/8/2011 15:05,7/31/2011 13:07,39
15453,10/14/2011 14:04,9/8/2011 15:05,36
15453,11/4/2011 12:21,10/14/2011 14:04,21
15453,12/8/2011 10:59,11/4/2011 12:21,34
15454,12/12/2010 14:21,NULL,NULL
15456,12/15/2010 15:34,NULL,NULL
15456,3/1/2011 13:45,12/15/2010 15:34,76
15456,3/1/2011 13:51,3/1/2011 13:45,0
15457,3/22/2011 15:31,NULL,NULL
15458,11/14/2011 13:08,NULL,NULL
15460,12/20/2010 16:08,NULL,NULL
15462,6/5/2011 15:36,NULL,NULL
15462,7/19/2011 11:56,6/5/2011 15:36,44
15462,9/6/2011 13:11,7/19/2011 11:56,49
15463,11/10/2011 12:57,NULL,NULL
15464,1/5/2011 15:56,NULL,NULL
15465,12/5/2010 10:12,NULL,NULL
15465,12/15/2010 12:06,12/5/2010 10:12,10
15465,1/9/2011 10:26,12/15/2010 12:06,25
15465,1/23/2011 10:29,1/9/2011 10:26,14
15465,2/13/2011 10:24,1/23/2011 10:29,21
15465,2/20/2011 10:28,2/13/2011 10:24,7
15465,3/6/2011 10:07,2/20/2011 10:28,14
15465,3/20/2011 10:17,3/6/2011 10:07,14
15465,3/27/2011 10:18,3/20/2011 10:17,7
15465,4/10/2011 10:10,3/27/2011 10:18,14
15465,4/13/2011 11:29,4/10/2011 10:10,3
15465,4/20/2011 11:57,4/13/2011 11:29,7
15465,6/12/2011 11:07,4/20/2011 11:57,53
15465,7/3/2011 10:11,6/12/2011 11:07,21
15465,7/24/2011 10:03,7/3/2011 10:11,21
15465,9/18/2011 10:19,7/24/2011 10:03,56
15465,10/9/2011 10:13,9/18/2011 10:19,21
15465,11/20/2011 10:11,10/9/2011 10:13,42
15466,9/15/2011 14:08,NULL,NULL
15467,7/10/2011 14:42,NULL,NULL
15467,7/17/2011 15:24,7/10/2011 14:42,7
15467,11/30/2011 14:17,7/17/2011 15:24,136
15468,10/19/2011 13:38,NULL,NULL
15468,10/19/2011 13:49,10/19/2011 13:38,0
15469,8/11/2011 16:54,NULL,NULL
15469,10/20/2011 16:21,8/11/2011 16:54,70
15471,12/7/2011 14:12,NULL,NULL
15472,8/18/2011 15:17,NULL,NULL
15473,10/10/2011 11:12,NULL,NULL
15473,10/10/2011 14:37,10/10/2011 11:12,0
15473,10/12/2011 14:28,10/10/2011 14:37,2
15473,10/12/2011 14:42,10/12/2011 14:28,0
15473,10/12/2011 14:43,10/12/2011 14:42,0
15473,11/11/2011 17:01,10/12/2011 14:43,30
15473,11/25/2011 15:15,11/11/2011 17:01,14
15475,9/23/2011 15:20,NULL,NULL
15478,10/14/2011 11:09,NULL,NULL
15478,10/30/2011 14:19,10/14/2011 11:09,16
15480,8/15/2011 14:32,NULL,NULL
15482,12/16/2010 10:08,NULL,NULL
15482,12/16/2010 10:10,12/16/2010 10:08,0
15482,4/3/2011 10:49,12/16/2010 10:10,108
15482,6/27/2011 10:29,4/3/2011 10:49,85
15482,10/14/2011 10:42,6/27/2011 10:29,109
15482,10/24/2011 11:21,10/14/2011 10:42,10
15482,10/25/2011 17:32,10/24/2011 11:21,1
15482,11/3/2011 19:15,10/25/2011 17:32,9
15482,11/14/2011 10:45,11/3/2011 19:15,11
15482,11/14/2011 11:00,11/14/2011 10:45,0
15482,11/24/2011 10:35,11/14/2011 11:00,10
15482,11/24/2011 10:46,11/24/2011 10:35,0
15483,3/18/2011 12:26,NULL,NULL
15483,7/1/2011 13:04,3/18/2011 12:26,105
15483,7/1/2011 13:05,7/1/2011 13:04,0
15483,7/1/2011 13:07,7/1/2011 13:05,0
15484,9/22/2011 13:31,NULL,NULL
15484,10/14/2011 11:56,9/22/2011 13:31,22
15484,11/21/2011 17:00,10/14/2011 11:56,38
15484,12/8/2011 15:03,11/21/2011 17:00,17
15485,12/1/2010 13:23,NULL,NULL
15485,1/7/2011 17:18,12/1/2010 13:23,37
15485,11/9/2011 14:31,1/7/2011 17:18,306
15488,9/8/2011 10:11,NULL,NULL
15489,5/12/2011 12:54,NULL,NULL
15489,10/13/2011 10:55,5/12/2011 12:54,154
15489,11/17/2011 8:53,10/13/2011 10:55,35
15491,4/18/2011 10:04,NULL,NULL
15491,4/18/2011 10:20,4/18/2011 10:04,0
15491,5/5/2011 16:34,4/18/2011 10:20,17
15491,6/13/2011 11:49,5/5/2011 16:34,39
15491,8/31/2011 10:30,6/13/2011 11:49,79
15491,9/5/2011 15:56,8/31/2011 10:30,5
15492,9/26/2011 14:02,NULL,NULL
15492,11/11/2011 14:53,9/26/2011 14:02,46
15493,3/14/2011 11:44,NULL,NULL
15493,4/4/2011 11:28,3/14/2011 11:44,21
15493,7/13/2011 11:19,4/4/2011 11:28,100
15493,11/7/2011 11:40,7/13/2011 11:19,117
15493,11/7/2011 12:04,11/7/2011 11:40,0
15494,8/10/2011 15:29,NULL,NULL
15494,11/18/2011 14:51,8/10/2011 15:29,100
15497,1/24/2011 10:01,NULL,NULL
15497,11/22/2011 11:51,1/24/2011 10:01,302
15498,12/8/2010 12:29,NULL,NULL
15498,12/8/2010 14:46,12/8/2010 12:29,0
15498,1/5/2011 9:44,12/8/2010 14:46,28
15498,1/20/2011 15:22,1/5/2011 9:44,15
15498,1/24/2011 12:13,1/20/2011 15:22,4
15498,3/7/2011 13:37,1/24/2011 12:13,42
15498,3/7/2011 14:10,3/7/2011 13:37,0
15498,4/15/2011 12:23,3/7/2011 14:10,39
15498,5/12/2011 12:49,4/15/2011 12:23,27
15498,5/13/2011 10:09,5/12/2011 12:49,1
15498,5/13/2011 10:11,5/13/2011 10:09,0
15498,6/3/2011 10:19,5/13/2011 10:11,21
15498,6/3/2011 10:20,6/3/2011 10:19,0
15498,6/21/2011 13:24,6/3/2011 10:20,18
15498,6/21/2011 14:15,6/21/2011 13:24,0
15498,6/24/2011 9:27,6/21/2011 14:15,3
15498,8/11/2011 8:37,6/24/2011 9:27,48
15498,8/11/2011 8:38,8/11/2011 8:37,0
15498,8/11/2011 8:39,8/11/2011 8:38,0
15498,9/16/2011 9:56,8/11/2011 8:39,36
15498,9/16/2011 10:02,9/16/2011 9:56,0
15498,10/14/2011 10:47,9/16/2011 10:02,28
15498,10/14/2011 10:48,10/14/2011 10:47,0
15498,10/27/2011 16:21,10/14/2011 10:48,13
15498,10/27/2011 16:22,10/27/2011 16:21,0
15498,11/22/2011 13:40,10/27/2011 16:22,26
15498,12/7/2011 12:48,11/22/2011 13:40,15
15500,9/19/2011 13:47,NULL,NULL
15500,11/13/2011 13:41,9/19/2011 13:47,55
15500,11/21/2011 8:40,11/13/2011 13:41,8
15500,12/1/2011 13:47,11/21/2011 8:40,10
15502,12/5/2010 15:40,NULL,NULL
15502,12/5/2010 15:40,12/5/2010 15:40,0
15502,12/6/2010 14:55,12/5/2010 15:40,1
15502,3/9/2011 11:59,12/6/2010 14:55,93
15502,8/8/2011 11:45,3/9/2011 11:59,152
15502,9/11/2011 11:56,8/8/2011 11:45,34
15502,9/11/2011 11:57,9/11/2011 11:56,0
15502,9/11/2011 11:58,9/11/2011 11:57,0
15502,10/3/2011 16:44,9/11/2011 11:58,22
15502,10/3/2011 16:51,10/3/2011 16:44,0
15502,11/13/2011 15:37,10/3/2011 16:51,41
15502,11/24/2011 12:48,11/13/2011 15:37,11
15503,12/12/2010 10:57,NULL,NULL
15504,9/19/2011 13:45,NULL,NULL
15505,7/7/2011 13:33,NULL,NULL
15505,8/5/2011 15:07,7/7/2011 13:33,29
15505,8/18/2011 10:57,8/5/2011 15:07,13
15505,9/16/2011 12:27,8/18/2011 10:57,29
15505,10/18/2011 7:56,9/16/2011 12:27,32
15506,7/24/2011 11:45,NULL,NULL
15506,10/25/2011 12:00,7/24/2011 11:45,93
15506,11/17/2011 12:11,10/25/2011 12:00,23
15507,6/21/2011 11:19,NULL,NULL
15508,4/18/2011 15:31,NULL,NULL
15508,4/28/2011 13:31,4/18/2011 15:31,10
15508,5/4/2011 15:41,4/28/2011 13:31,6
15508,6/3/2011 15:32,5/4/2011 15:41,30
15508,6/3/2011 15:37,6/3/2011 15:32,0
15508,6/3/2011 15:43,6/3/2011 15:37,0
15510,1/13/2011 12:10,NULL,NULL
15511,9/15/2011 15:05,NULL,NULL
15511,10/13/2011 12:58,9/15/2011 15:05,28
15511,10/20/2011 15:15,10/13/2011 12:58,7
15511,11/1/2011 15:55,10/20/2011 15:15,12
15511,11/28/2011 9:43,11/1/2011 15:55,27
15512,12/15/2010 12:01,NULL,NULL
15512,7/7/2011 10:20,12/15/2010 12:01,204
15513,12/1/2010 11:22,NULL,NULL
15513,12/9/2010 9:23,12/1/2010 11:22,8
15513,1/13/2011 12:41,12/9/2010 9:23,35
15513,1/18/2011 8:43,1/13/2011 12:41,5
15513,1/27/2011 12:10,1/18/2011 8:43,9
15513,3/11/2011 11:38,1/27/2011 12:10,43
15513,3/11/2011 11:41,3/11/2011 11:38,0
15513,3/24/2011 14:49,3/11/2011 11:41,13
15513,5/12/2011 8:36,3/24/2011 14:49,49
15513,5/12/2011 8:39,5/12/2011 8:36,0
15513,5/12/2011 8:42,5/12/2011 8:39,0
15513,5/24/2011 15:29,5/12/2011 8:42,12
15513,6/17/2011 11:49,5/24/2011 15:29,24
15513,7/26/2011 12:03,6/17/2011 11:49,39
15513,8/25/2011 14:34,7/26/2011 12:03,30
15513,9/6/2011 9:51,8/25/2011 14:34,12
15513,9/6/2011 9:53,9/6/2011 9:51,0
15513,10/30/2011 10:29,9/6/2011 9:53,54
15513,11/6/2011 14:36,10/30/2011 10:29,7
15514,12/10/2010 13:50,NULL,NULL
15514,12/10/2010 13:58,12/10/2010 13:50,0
15514,12/10/2010 14:04,12/10/2010 13:58,0
15514,12/14/2010 12:17,12/10/2010 14:04,4
15514,3/4/2011 12:16,12/14/2010 12:17,80
15514,4/28/2011 12:06,3/4/2011 12:16,55
15514,11/6/2011 12:12,4/28/2011 12:06,192
15514,11/6/2011 12:12,11/6/2011 12:12,0
15514,11/15/2011 13:49,11/6/2011 12:12,9
15514,11/24/2011 17:10,11/15/2011 13:49,9
15514,11/27/2011 14:40,11/24/2011 17:10,3
15516,10/24/2011 11:33,NULL,NULL
15516,10/24/2011 11:38,10/24/2011 11:33,0
15516,10/26/2011 10:51,10/24/2011 11:38,2
15517,4/20/2011 14:02,NULL,NULL
15518,1/11/2011 12:55,NULL,NULL
15518,1/11/2011 13:06,1/11/2011 12:55,0
15518,1/25/2011 12:39,1/11/2011 13:06,14
15518,5/8/2011 14:09,1/25/2011 12:39,103
15518,7/3/2011 12:10,5/8/2011 14:09,56
15518,7/28/2011 19:34,7/3/2011 12:10,25
15518,8/7/2011 13:08,7/28/2011 19:34,10
15518,10/6/2011 13:05,8/7/2011 13:08,60
15520,12/8/2011 10:58,NULL,NULL
15521,3/30/2011 9:15,NULL,NULL
15521,4/5/2011 8:25,3/30/2011 9:15,6
15521,5/11/2011 12:47,4/5/2011 8:25,36
15521,5/11/2011 12:59,5/11/2011 12:47,0
15521,7/14/2011 16:12,5/11/2011 12:59,64
15521,9/6/2011 10:04,7/14/2011 16:12,54
15521,9/6/2011 10:04,9/6/2011 10:04,0
15521,10/30/2011 13:42,9/6/2011 10:04,54
15522,9/13/2011 12:26,NULL,NULL
15522,11/7/2011 11:26,9/13/2011 12:26,55
15523,9/16/2011 16:29,NULL,NULL
15524,11/15/2011 12:09,NULL,NULL
15525,12/1/2010 13:17,NULL,NULL
15525,11/22/2011 12:07,12/1/2010 13:17,356
15525,12/7/2011 14:43,11/22/2011 12:07,15
15526,11/6/2011 15:01,NULL,NULL
15526,11/6/2011 15:04,11/6/2011 15:01,0
15527,12/20/2010 14:15,NULL,NULL
15527,1/28/2011 12:07,12/20/2010 14:15,39
15527,5/4/2011 11:39,1/28/2011 12:07,96
15527,6/10/2011 12:19,5/4/2011 11:39,37
15527,7/18/2011 11:42,6/10/2011 12:19,38
15527,9/11/2011 12:56,7/18/2011 11:42,55
15527,11/1/2011 11:33,9/11/2011 12:56,51
15527,11/21/2011 12:17,11/1/2011 11:33,20
15528,3/30/2011 16:14,NULL,NULL
15529,12/8/2010 12:24,NULL,NULL
15529,12/10/2010 13:44,12/8/2010 12:24,2
15529,1/20/2011 12:16,12/10/2010 13:44,41
15529,3/9/2011 12:35,1/20/2011 12:16,48
15529,3/25/2011 10:52,3/9/2011 12:35,16
15529,4/6/2011 10:46,3/25/2011 10:52,12
15529,5/13/2011 11:45,4/6/2011 10:46,37
15529,7/20/2011 11:38,5/13/2011 11:45,68
15529,9/13/2011 11:14,7/20/2011 11:38,55
15529,10/4/2011 10:49,9/13/2011 11:14,21
15529,11/17/2011 11:29,10/4/2011 10:49,44
15530,4/7/2011 11:16,NULL,NULL
15530,6/23/2011 17:20,4/7/2011 11:16,77
15530,7/13/2011 12:15,6/23/2011 17:20,20
15530,11/18/2011 12:25,7/13/2011 12:15,128
15531,11/9/2011 17:47,NULL,NULL
15531,12/1/2011 18:43,11/9/2011 17:47,22
15532,12/16/2010 16:45,NULL,NULL
15532,6/26/2011 13:24,12/16/2010 16:45,192
15532,7/31/2011 13:13,6/26/2011 13:24,35
15532,11/14/2011 14:51,7/31/2011 13:13,106
15533,9/11/2011 15:41,NULL,NULL
15533,9/18/2011 13:40,9/11/2011 15:41,7
15533,11/20/2011 15:35,9/18/2011 13:40,63
15535,1/16/2011 12:35,NULL,NULL
15535,1/16/2011 12:41,1/16/2011 12:35,0
15535,4/17/2011 14:36,1/16/2011 12:41,91
15535,6/19/2011 16:02,4/17/2011 14:36,63
15537,6/29/2011 13:10,NULL,NULL
15539,12/2/2011 13:36,NULL,NULL
15540,11/28/2011 13:51,NULL,NULL
15541,8/17/2011 14:58,NULL,NULL
15543,2/24/2011 15:26,NULL,NULL
15544,12/2/2010 12:47,NULL,NULL
15544,2/11/2011 10:15,12/2/2010 12:47,71
15544,2/25/2011 10:29,2/11/2011 10:15,14
15544,5/12/2011 16:45,2/25/2011 10:29,76
15544,6/19/2011 11:45,5/12/2011 16:45,38
15544,7/12/2011 15:49,6/19/2011 11:45,23
15544,8/12/2011 9:10,7/12/2011 15:49,31
15544,11/11/2011 15:20,8/12/2011 9:10,91
15544,11/30/2011 16:43,11/11/2011 15:20,19
15545,12/3/2010 17:28,NULL,NULL
15545,10/16/2011 13:24,12/3/2010 17:28,317
15547,12/12/2010 13:26,NULL,NULL
15547,1/28/2011 12:21,12/12/2010 13:26,47
15547,2/27/2011 13:47,1/28/2011 12:21,30
15547,2/27/2011 13:52,2/27/2011 13:47,0
15547,3/13/2011 11:38,2/27/2011 13:52,14
15547,4/10/2011 15:15,3/13/2011 11:38,28
15547,5/29/2011 15:44,4/10/2011 15:15,49
15547,8/21/2011 16:24,5/29/2011 15:44,84
15547,9/11/2011 15:44,8/21/2011 16:24,21
15547,9/18/2011 12:21,9/11/2011 15:44,7
15547,9/18/2011 14:27,9/18/2011 12:21,0
15547,10/2/2011 14:47,9/18/2011 14:27,14
15547,10/30/2011 15:19,10/2/2011 14:47,28
15547,12/2/2011 12:52,10/30/2011 15:19,33
15549,1/27/2011 15:38,NULL,NULL
15549,7/5/2011 12:47,1/27/2011 15:38,159
15549,9/23/2011 16:22,7/5/2011 12:47,80
15550,2/11/2011 12:49,NULL,NULL
15550,6/22/2011 16:01,2/11/2011 12:49,131
15550,8/25/2011 15:18,6/22/2011 16:01,64
15550,12/5/2011 15:38,8/25/2011 15:18,102
15551,11/3/2011 12:37,NULL,NULL
15552,5/6/2011 14:47,NULL,NULL
15553,10/10/2011 14:02,NULL,NULL
15554,3/7/2011 9:00,NULL,NULL
15555,12/5/2010 14:45,NULL,NULL
15555,12/9/2010 16:53,12/5/2010 14:45,4
15555,12/13/2010 12:26,12/9/2010 16:53,4
15555,4/17/2011 13:43,12/13/2010 12:26,125
15555,5/22/2011 13:51,4/17/2011 13:43,35
15555,6/2/2011 17:41,5/22/2011 13:51,11
15555,6/16/2011 17:56,6/2/2011 17:41,14
15555,6/17/2011 11:02,6/16/2011 17:56,1
15555,7/4/2011 16:35,6/17/2011 11:02,17
15555,8/28/2011 12:16,7/4/2011 16:35,55
15555,9/22/2011 17:07,8/28/2011 12:16,25
15555,10/2/2011 12:41,9/22/2011 17:07,10
15555,10/12/2011 15:06,10/2/2011 12:41,10
15555,11/6/2011 12:26,10/12/2011 15:06,25
15555,11/9/2011 14:29,11/6/2011 12:26,3
15555,11/27/2011 16:19,11/9/2011 14:29,18
15556,11/15/2011 16:08,NULL,NULL
15557,11/11/2011 12:46,NULL,NULL
15561,5/8/2011 11:38,NULL,NULL
15561,7/13/2011 11:17,5/8/2011 11:38,66
15561,7/13/2011 11:20,7/13/2011 11:17,0
15561,11/28/2011 11:07,7/13/2011 11:20,138
15562,12/23/2010 9:55,NULL,NULL
15563,12/16/2010 11:27,NULL,NULL
15563,5/23/2011 11:44,12/16/2010 11:27,158
15563,11/17/2011 12:59,5/23/2011 11:44,178
15563,11/17/2011 14:50,11/17/2011 12:59,0
15565,9/30/2011 10:44,NULL,NULL
15565,10/20/2011 14:33,9/30/2011 10:44,20
15567,11/21/2011 10:48,NULL,NULL
15568,9/27/2011 14:37,NULL,NULL
15568,10/26/2011 11:51,9/27/2011 14:37,29
15568,12/7/2011 11:27,10/26/2011 11:51,42
15569,1/11/2011 13:26,NULL,NULL
15569,7/31/2011 10:38,1/11/2011 13:26,201
15569,7/31/2011 10:47,7/31/2011 10:38,0
15569,8/23/2011 12:47,7/31/2011 10:47,23
15569,8/28/2011 10:15,8/23/2011 12:47,5
15570,12/5/2010 12:57,NULL,NULL
15570,12/12/2010 11:07,12/5/2010 12:57,7
15570,12/17/2010 16:53,12/12/2010 11:07,5
15570,1/14/2011 13:41,12/17/2010 16:53,28
15570,2/10/2011 13:34,1/14/2011 13:41,27
15570,2/28/2011 14:59,2/10/2011 13:34,18
15570,4/14/2011 10:17,2/28/2011 14:59,45
15570,5/17/2011 14:46,4/14/2011 10:17,33
15570,7/21/2011 12:29,5/17/2011 14:46,65
15570,11/3/2011 14:27,7/21/2011 12:29,105
15570,11/29/2011 15:24,11/3/2011 14:27,26
15570,12/2/2011 14:47,11/29/2011 15:24,3
15571,9/22/2011 13:15,NULL,NULL
15571,11/6/2011 11:32,9/22/2011 13:15,45
15571,11/15/2011 17:20,11/6/2011 11:32,9
15571,11/28/2011 10:02,11/15/2011 17:20,13
15572,3/6/2011 14:44,NULL,NULL
15572,3/6/2011 14:50,3/6/2011 14:44,0
15572,4/5/2011 10:46,3/6/2011 14:50,30
15572,8/22/2011 10:44,4/5/2011 10:46,139
15572,11/14/2011 11:19,8/22/2011 10:44,84
15572,11/14/2011 12:14,11/14/2011 11:19,0
15572,12/5/2011 10:09,11/14/2011 12:14,21
15573,9/15/2011 12:16,NULL,NULL
15573,11/8/2011 11:38,9/15/2011 12:16,54
15574,12/2/2010 15:46,NULL,NULL
15574,12/16/2010 12:42,12/2/2010 15:46,14
15574,12/16/2010 12:48,12/16/2010 12:42,0
15574,6/15/2011 12:01,12/16/2010 12:48,181
15576,11/2/2011 12:03,NULL,NULL
15577,2/7/2011 13:32,NULL,NULL
15577,7/11/2011 16:59,2/7/2011 13:32,154
15577,7/11/2011 17:03,7/11/2011 16:59,0
15578,6/30/2011 13:03,NULL,NULL
15579,1/30/2011 12:09,NULL,NULL
15579,10/2/2011 12:45,1/30/2011 12:09,245
15581,12/8/2010 14:38,NULL,NULL
15581,12/19/2010 14:23,12/8/2010 14:38,11
15581,12/19/2010 14:27,12/19/2010 14:23,0
15581,12/21/2010 9:48,12/19/2010 14:27,2
15581,3/9/2011 14:32,12/21/2010 9:48,78
15581,4/15/2011 10:14,3/9/2011 14:32,37
15581,4/26/2011 13:05,4/15/2011 10:14,11
15581,4/27/2011 17:03,4/26/2011 13:05,1
15581,6/20/2011 14:48,4/27/2011 17:03,54
15581,7/6/2011 14:04,6/20/2011 14:48,16
15581,8/1/2011 11:44,7/6/2011 14:04,26
15581,8/9/2011 13:44,8/1/2011 11:44,8
15581,8/11/2011 9:38,8/9/2011 13:44,2
15582,5/3/2011 13:36,NULL,NULL
15582,8/31/2011 14:52,5/3/2011 13:36,120
15582,11/15/2011 9:55,8/31/2011 14:52,76
15584,6/30/2011 16:39,NULL,NULL
15584,9/28/2011 10:09,6/30/2011 16:39,90
15584,10/23/2011 12:26,9/28/2011 10:09,25
15584,11/16/2011 10:55,10/23/2011 12:26,24
15585,6/16/2011 8:38,NULL,NULL
15587,12/23/2010 9:59,NULL,NULL
15587,7/20/2011 11:00,12/23/2010 9:59,209
15587,9/11/2011 12:10,7/20/2011 11:00,53
15587,10/20/2011 13:37,9/11/2011 12:10,39
15589,2/2/2011 10:46,NULL,NULL
15589,3/29/2011 9:53,2/2/2011 10:46,55
15589,3/29/2011 9:54,3/29/2011 9:53,0
15592,10/24/2011 8:59,NULL,NULL
15593,9/30/2011 11:46,NULL,NULL
15594,4/19/2011 10:08,NULL,NULL
15594,9/7/2011 10:51,4/19/2011 10:08,141
15594,9/19/2011 12:27,9/7/2011 10:51,12
15594,11/9/2011 16:26,9/19/2011 12:27,51
15594,11/24/2011 8:53,11/9/2011 16:26,15
15596,12/9/2010 16:10,NULL,NULL
15596,1/17/2011 13:30,12/9/2010 16:10,39
15596,3/3/2011 12:35,1/17/2011 13:30,45
15596,5/9/2011 10:02,3/3/2011 12:35,67
15596,8/31/2011 10:55,5/9/2011 10:02,114
15597,11/4/2011 13:26,NULL,NULL
15598,10/17/2011 16:04,NULL,NULL
15599,5/19/2011 13:05,NULL,NULL
15599,11/13/2011 11:44,5/19/2011 13:05,178
15601,12/2/2010 10:39,NULL,NULL
15601,12/16/2010 14:27,12/2/2010 10:39,14
15601,1/7/2011 14:21,12/16/2010 14:27,22
15601,1/25/2011 11:59,1/7/2011 14:21,18
15601,1/27/2011 16:17,1/25/2011 11:59,2
15601,2/15/2011 9:35,1/27/2011 16:17,19
15601,2/17/2011 12:42,2/15/2011 9:35,2
15601,4/1/2011 12:29,2/17/2011 12:42,43
15601,5/20/2011 10:48,4/1/2011 12:29,49
15601,6/22/2011 14:43,5/20/2011 10:48,33
15601,8/9/2011 9:26,6/22/2011 14:43,48
15601,9/11/2011 15:20,8/9/2011 9:26,33
15601,10/14/2011 13:35,9/11/2011 15:20,33
15601,11/28/2011 15:15,10/14/2011 13:35,45
15602,12/6/2010 15:35,NULL,NULL
15602,12/14/2010 11:10,12/6/2010 15:35,8
15602,1/11/2011 16:16,12/14/2010 11:10,28
15602,1/31/2011 14:13,1/11/2011 16:16,20
15602,5/23/2011 12:35,1/31/2011 14:13,112
15602,9/30/2011 9:38,5/23/2011 12:35,130
15602,11/11/2011 14:09,9/30/2011 9:38,42
15602,11/17/2011 19:52,11/11/2011 14:09,6
15602,12/1/2011 14:14,11/17/2011 19:52,14
15603,9/22/2011 10:04,NULL,NULL
15604,10/18/2011 14:47,NULL,NULL
15605,12/1/2010 13:38,NULL,NULL
15605,2/23/2011 10:46,12/1/2010 13:38,84
15605,4/1/2011 13:47,2/23/2011 10:46,37
15605,9/11/2011 10:39,4/1/2011 13:47,163
15605,11/3/2011 14:17,9/11/2011 10:39,53
15606,1/19/2011 12:07,NULL,NULL
15606,2/15/2011 15:51,1/19/2011 12:07,27
15606,2/24/2011 9:32,2/15/2011 15:51,9
15606,3/6/2011 11:52,2/24/2011 9:32,10
15606,3/23/2011 13:42,3/6/2011 11:52,17
15606,5/1/2011 10:51,3/23/2011 13:42,39
15606,6/22/2011 8:30,5/1/2011 10:51,52
15606,8/12/2011 15:00,6/22/2011 8:30,51
15606,10/9/2011 15:47,8/12/2011 15:00,58
15607,1/7/2011 12:44,NULL,NULL
15608,8/11/2011 9:56,NULL,NULL
15608,10/10/2011 13:30,8/11/2011 9:56,60
15608,10/10/2011 13:33,10/10/2011 13:30,0
15608,11/11/2011 13:20,10/10/2011 13:33,32
15609,6/8/2011 13:00,NULL,NULL
15610,10/19/2011 10:36,NULL,NULL
15611,1/9/2011 11:32,NULL,NULL
15611,3/3/2011 18:46,1/9/2011 11:32,53
15611,3/28/2011 14:42,3/3/2011 18:46,25
15611,6/1/2011 16:12,3/28/2011 14:42,65
15611,6/15/2011 15:12,6/1/2011 16:12,14
15611,6/29/2011 11:47,6/15/2011 15:12,14
15611,8/26/2011 14:13,6/29/2011 11:47,58
15611,8/28/2011 10:40,8/26/2011 14:13,2
15611,9/30/2011 10:40,8/28/2011 10:40,33
15611,9/30/2011 13:21,9/30/2011 10:40,0
15611,10/28/2011 9:01,9/30/2011 13:21,28
15611,11/23/2011 10:44,10/28/2011 9:01,26
15611,11/30/2011 12:36,11/23/2011 10:44,7
15612,10/9/2011 12:49,NULL,NULL
15612,11/3/2011 14:52,10/9/2011 12:49,25
15615,12/15/2010 16:21,NULL,NULL
15615,12/15/2010 16:24,12/15/2010 16:21,0
15615,12/15/2010 16:26,12/15/2010 16:24,0
15615,1/14/2011 10:20,12/15/2010 16:26,30
15615,2/14/2011 15:35,1/14/2011 10:20,31
15615,3/21/2011 10:31,2/14/2011 15:35,35
15615,4/11/2011 16:47,3/21/2011 10:31,21
15615,4/18/2011 12:47,4/11/2011 16:47,7
15615,5/10/2011 9:39,4/18/2011 12:47,22
15615,5/11/2011 12:32,5/10/2011 9:39,1
15615,6/9/2011 11:57,5/11/2011 12:32,29
15615,6/9/2011 12:02,6/9/2011 11:57,0
15615,6/30/2011 18:04,6/9/2011 12:02,21
15615,6/30/2011 18:07,6/30/2011 18:04,0
15615,8/10/2011 13:51,6/30/2011 18:07,41
15615,8/10/2011 13:52,8/10/2011 13:51,0
15615,8/18/2011 10:48,8/10/2011 13:52,8
15615,8/18/2011 10:49,8/18/2011 10:48,0
15615,8/26/2011 12:41,8/18/2011 10:49,8
15615,10/7/2011 14:04,8/26/2011 12:41,42
15615,10/25/2011 12:27,10/7/2011 14:04,18
15615,11/8/2011 15:35,10/25/2011 12:27,14
15615,11/29/2011 14:42,11/8/2011 15:35,21
15618,7/26/2011 10:13,NULL,NULL
15618,9/8/2011 12:56,7/26/2011 10:13,44
15618,9/8/2011 12:57,9/8/2011 12:56,0
15618,11/7/2011 8:34,9/8/2011 12:57,60
15619,11/29/2011 8:14,NULL,NULL
15620,12/16/2010 14:34,NULL,NULL
15620,5/3/2011 11:22,12/16/2010 14:34,138
15620,10/14/2011 12:41,5/3/2011 11:22,164
15621,11/18/2011 11:49,NULL,NULL
15621,11/28/2011 15:16,11/18/2011 11:49,10
15621,12/5/2011 13:40,11/28/2011 15:16,7
15621,12/5/2011 14:01,12/5/2011 13:40,0
15622,3/2/2011 13:42,NULL,NULL
15622,4/28/2011 13:35,3/2/2011 13:42,57
15622,4/28/2011 13:36,4/28/2011 13:35,0
15622,5/26/2011 14:08,4/28/2011 13:36,28
15622,5/26/2011 14:09,5/26/2011 14:08,0
15622,9/14/2011 10:32,5/26/2011 14:09,111
15622,9/14/2011 10:34,9/14/2011 10:32,0
15622,9/14/2011 10:35,9/14/2011 10:34,0
15622,10/27/2011 16:44,9/14/2011 10:35,43
15623,7/21/2011 17:26,NULL,NULL
15624,3/28/2011 13:32,NULL,NULL
15624,5/17/2011 12:44,3/28/2011 13:32,50
15624,7/27/2011 15:02,5/17/2011 12:44,71
15624,8/15/2011 11:38,7/27/2011 15:02,19
15625,4/18/2011 14:01,NULL,NULL
15625,6/13/2011 12:05,4/18/2011 14:01,56
15625,8/1/2011 10:23,6/13/2011 12:05,49
15625,8/28/2011 10:21,8/1/2011 10:23,27
15626,1/14/2011 10:10,NULL,NULL
15626,9/26/2011 10:03,1/14/2011 10:10,255
15628,12/8/2010 9:51,NULL,NULL
15628,3/29/2011 14:58,12/8/2010 9:51,111
15628,6/10/2011 8:50,3/29/2011 14:58,73
15628,8/3/2011 12:06,6/10/2011 8:50,54
15628,9/2/2011 12:52,8/3/2011 12:06,30
15628,10/5/2011 12:51,9/2/2011 12:52,33
15628,10/24/2011 11:56,10/5/2011 12:51,19
15628,11/15/2011 9:15,10/24/2011 11:56,22
15628,12/5/2011 10:24,11/15/2011 9:15,20
15630,5/19/2011 10:16,NULL,NULL
15630,10/25/2011 15:36,5/19/2011 10:16,159
15632,3/10/2011 8:29,NULL,NULL
15632,3/31/2011 11:53,3/10/2011 8:29,21
15632,4/28/2011 13:41,3/31/2011 11:53,28
15632,6/10/2011 15:37,4/28/2011 13:41,43
15632,7/20/2011 11:50,6/10/2011 15:37,40
15632,8/10/2011 10:57,7/20/2011 11:50,21
15632,10/7/2011 11:47,8/10/2011 10:57,58
15632,11/24/2011 9:51,10/7/2011 11:47,48
15634,11/22/2011 16:28,NULL,NULL
15636,3/2/2011 14:50,NULL,NULL
15636,9/11/2011 11:17,3/2/2011 14:50,193
15637,10/18/2011 8:28,NULL,NULL
15639,7/28/2011 14:30,NULL,NULL
15640,12/2/2010 15:40,NULL,NULL
15640,12/13/2010 14:36,12/2/2010 15:40,11
15640,12/19/2010 15:44,12/13/2010 14:36,6
15640,1/11/2011 9:48,12/19/2010 15:44,23
15640,2/13/2011 15:17,1/11/2011 9:48,33
15640,4/13/2011 15:58,2/13/2011 15:17,59
15640,4/27/2011 11:56,4/13/2011 15:58,14
15640,6/7/2011 16:04,4/27/2011 11:56,41
15640,7/22/2011 15:21,6/7/2011 16:04,45
15640,8/7/2011 14:34,7/22/2011 15:21,16
15640,8/10/2011 10:45,8/7/2011 14:34,3
15640,9/22/2011 14:59,8/10/2011 10:45,43
15640,11/3/2011 16:56,9/22/2011 14:59,42
15640,11/23/2011 14:36,11/3/2011 16:56,20
15640,12/5/2011 14:35,11/23/2011 14:36,12
15641,12/15/2010 14:45,NULL,NULL
15641,3/2/2011 13:03,12/15/2010 14:45,77
15641,3/24/2011 11:29,3/2/2011 13:03,22
15641,8/26/2011 14:04,3/24/2011 11:29,155
15643,3/2/2011 14:34,NULL,NULL
15643,6/1/2011 7:37,3/2/2011 14:34,91
15643,6/1/2011 7:38,6/1/2011 7:37,0
15644,3/23/2011 15:37,NULL,NULL
15644,3/23/2011 16:00,3/23/2011 15:37,0
15644,3/28/2011 15:27,3/23/2011 16:00,5
15644,6/26/2011 14:54,3/28/2011 15:27,90
15645,11/21/2011 11:55,NULL,NULL
15646,12/2/2010 16:59,NULL,NULL
15646,4/7/2011 9:12,12/2/2010 16:59,126
15646,7/5/2011 9:53,4/7/2011 9:12,89
15648,3/17/2011 18:59,NULL,NULL
15648,5/19/2011 15:53,3/17/2011 18:59,63
15649,12/7/2010 10:06,NULL,NULL
15649,1/7/2011 13:34,12/7/2010 10:06,31
15651,3/24/2011 8:56,NULL,NULL
15651,11/3/2011 8:39,3/24/2011 8:56,224
15651,11/3/2011 8:41,11/3/2011 8:39,0
15652,9/9/2011 14:22,NULL,NULL
15653,8/16/2011 9:50,NULL,NULL
15653,9/8/2011 10:49,8/16/2011 9:50,23
15654,11/13/2011 15:15,NULL,NULL
15654,11/30/2011 13:08,11/13/2011 15:15,17
15655,4/10/2011 15:25,NULL,NULL
15656,2/28/2011 15:32,NULL,NULL
15656,5/3/2011 12:17,2/28/2011 15:32,64
15656,6/14/2011 13:48,5/3/2011 12:17,42
15656,10/25/2011 14:56,6/14/2011 13:48,133
15657,11/17/2011 12:19,NULL,NULL
15658,12/2/2010 10:53,NULL,NULL
15658,2/3/2011 12:12,12/2/2010 10:53,63
15658,3/23/2011 8:54,2/3/2011 12:12,48
15658,5/26/2011 10:09,3/23/2011 8:54,64
15658,6/2/2011 15:22,5/26/2011 10:09,7
15659,10/27/2011 9:23,NULL,NULL
15660,12/9/2010 9:49,NULL,NULL
15660,3/1/2011 13:45,12/9/2010 9:49,82
15660,5/19/2011 10:16,3/1/2011 13:45,79
15660,5/19/2011 14:44,5/19/2011 10:16,0
15660,7/27/2011 9:13,5/19/2011 14:44,69
15660,7/27/2011 9:14,7/27/2011 9:13,0
15660,9/15/2011 13:57,7/27/2011 9:14,50
15660,11/14/2011 16:57,9/15/2011 13:57,60
15660,11/14/2011 16:58,11/14/2011 16:57,0
15661,1/5/2011 12:32,NULL,NULL
15661,1/26/2011 13:56,1/5/2011 12:32,21
15663,8/25/2011 15:50,NULL,NULL
15664,10/20/2011 10:57,NULL,NULL
15665,4/10/2011 15:09,NULL,NULL
15665,6/24/2011 14:57,4/10/2011 15:09,75
15667,10/31/2011 10:56,NULL,NULL
15668,5/6/2011 10:39,NULL,NULL
15669,3/21/2011 9:13,NULL,NULL
15669,6/16/2011 17:12,3/21/2011 9:13,87
15669,8/28/2011 11:19,6/16/2011 17:12,73
15669,10/30/2011 16:03,8/28/2011 11:19,63
15670,2/16/2011 10:50,NULL,NULL
15671,3/14/2011 9:37,NULL,NULL
15671,3/16/2011 14:31,3/14/2011 9:37,2
15671,4/11/2011 11:45,3/16/2011 14:31,26
15671,8/5/2011 16:37,4/11/2011 11:45,116
15671,9/6/2011 10:53,8/5/2011 16:37,32
15671,11/14/2011 10:50,9/6/2011 10:53,69
15671,11/21/2011 12:43,11/14/2011 10:50,7
15673,1/16/2011 16:25,NULL,NULL
15673,5/9/2011 12:20,1/16/2011 16:25,113
15673,7/6/2011 10:15,5/9/2011 12:20,58
15673,9/12/2011 16:12,7/6/2011 10:15,68
15674,3/30/2011 9:19,NULL,NULL
15674,4/5/2011 11:44,3/30/2011 9:19,6
15674,5/8/2011 16:11,4/5/2011 11:44,33
15674,5/10/2011 10:39,5/8/2011 16:11,2
15674,9/27/2011 15:17,5/10/2011 10:39,140
15675,3/4/2011 14:21,NULL,NULL
15675,7/7/2011 19:14,3/4/2011 14:21,125
15675,9/19/2011 13:48,7/7/2011 19:14,74
15676,3/1/2011 10:19,NULL,NULL
15676,11/4/2011 14:19,3/1/2011 10:19,248
15676,11/21/2011 12:40,11/4/2011 14:19,17
15677,10/21/2011 15:36,NULL,NULL
15678,10/18/2011 9:25,NULL,NULL
15679,6/10/2011 8:24,NULL,NULL
15679,7/8/2011 13:31,6/10/2011 8:24,28
15679,11/9/2011 16:28,7/8/2011 13:31,124
15679,11/15/2011 16:19,11/9/2011 16:28,6
15680,12/8/2010 14:43,NULL,NULL
15680,10/30/2011 14:03,12/8/2010 14:43,326
15680,11/30/2011 13:46,10/30/2011 14:03,31
15681,3/4/2011 13:46,NULL,NULL
15681,6/9/2011 16:33,3/4/2011 13:46,97
15681,6/9/2011 16:34,6/9/2011 16:33,0
15681,11/11/2011 17:10,6/9/2011 16:34,155
15681,11/14/2011 16:30,11/11/2011 17:10,3
15683,8/14/2011 12:56,NULL,NULL
15687,1/13/2011 15:13,NULL,NULL
15687,2/1/2011 13:15,1/13/2011 15:13,19
15687,2/23/2011 13:45,2/1/2011 13:15,22
15687,3/16/2011 9:52,2/23/2011 13:45,21
15687,6/6/2011 9:13,3/16/2011 9:52,82
15687,10/5/2011 14:03,6/6/2011 9:13,121
15687,11/16/2011 10:55,10/5/2011 14:03,42
15687,11/16/2011 10:57,11/16/2011 10:55,0
15687,12/1/2011 8:33,11/16/2011 10:57,15
15689,12/13/2010 9:57,NULL,NULL
15689,8/12/2011 9:37,12/13/2010 9:57,242
15690,8/31/2011 11:40,NULL,NULL
15690,12/5/2011 15:59,8/31/2011 11:40,96
15691,4/1/2011 15:13,NULL,NULL
15692,11/11/2011 14:12,NULL,NULL
15694,12/2/2010 7:49,NULL,NULL
15694,12/9/2010 9:30,12/2/2010 7:49,7
15694,12/14/2010 9:39,12/9/2010 9:30,5
15694,1/13/2011 11:54,12/14/2010 9:39,30
15694,3/16/2011 14:54,1/13/2011 11:54,62
15694,4/7/2011 13:37,3/16/2011 14:54,22
15694,5/20/2011 11:07,4/7/2011 13:37,43
15694,6/5/2011 11:44,5/20/2011 11:07,16
15694,6/16/2011 16:06,6/5/2011 11:44,11
15694,10/4/2011 9:12,6/16/2011 16:06,110
15694,11/10/2011 15:57,10/4/2011 9:12,37
15694,11/14/2011 13:33,11/10/2011 15:57,4
15694,12/1/2011 18:16,11/14/2011 13:33,17
15694,12/9/2011 9:44,12/1/2011 18:16,8
15695,3/18/2011 8:31,NULL,NULL
15695,3/18/2011 8:32,3/18/2011 8:31,0
15696,1/17/2011 11:24,NULL,NULL
15696,1/27/2011 13:40,1/17/2011 11:24,10
15696,1/28/2011 14:45,1/27/2011 13:40,1
15696,3/6/2011 14:21,1/28/2011 14:45,37
15696,3/29/2011 12:03,3/6/2011 14:21,23
15696,5/3/2011 11:34,3/29/2011 12:03,35
15696,9/21/2011 8:55,5/3/2011 11:34,141
15696,11/6/2011 14:02,9/21/2011 8:55,46
15699,11/22/2011 8:26,NULL,NULL
15700,6/19/2011 15:36,NULL,NULL
15700,6/20/2011 16:53,6/19/2011 15:36,1
15701,8/21/2011 12:36,NULL,NULL
15701,9/27/2011 10:41,8/21/2011 12:36,37
15701,10/2/2011 14:00,9/27/2011 10:41,5
15701,12/7/2011 14:39,10/2/2011 14:00,66
15703,3/20/2011 10:51,NULL,NULL
15704,5/8/2011 12:42,NULL,NULL
15704,6/5/2011 14:04,5/8/2011 12:42,28
15704,7/22/2011 13:20,6/5/2011 14:04,47
15704,7/22/2011 13:35,7/22/2011 13:20,0
15705,5/22/2011 15:37,NULL,NULL
15706,8/15/2011 14:32,NULL,NULL
15706,9/25/2011 12:45,8/15/2011 14:32,41
15706,10/6/2011 12:13,9/25/2011 12:45,11
15706,10/7/2011 10:09,10/6/2011 12:13,1
15707,9/14/2011 14:19,NULL,NULL
15707,10/6/2011 15:53,9/14/2011 14:19,22
15707,10/27/2011 14:39,10/6/2011 15:53,21
15707,11/4/2011 14:35,10/27/2011 14:39,8
15708,12/5/2010 11:12,NULL,NULL
15708,1/9/2011 11:43,12/5/2010 11:12,35
15708,1/30/2011 14:37,1/9/2011 11:43,21
15708,2/27/2011 11:40,1/30/2011 14:37,28
15708,5/1/2011 11:36,2/27/2011 11:40,63
15708,7/24/2011 12:20,5/1/2011 11:36,84
15708,10/30/2011 10:54,7/24/2011 12:20,98
15709,3/1/2011 10:38,NULL,NULL
15712,2/25/2011 11:32,NULL,NULL
15712,6/9/2011 15:48,2/25/2011 11:32,104
15712,8/22/2011 11:44,6/9/2011 15:48,74
15712,9/29/2011 13:03,8/22/2011 11:44,38
15712,11/30/2011 14:09,9/29/2011 13:03,62
15713,12/8/2010 15:16,NULL,NULL
15713,7/19/2011 13:34,12/8/2010 15:16,223
15714,9/23/2011 11:25,NULL,NULL
15714,11/28/2011 11:26,9/23/2011 11:25,66
15716,12/5/2010 12:26,NULL,NULL
15716,3/27/2011 13:10,12/5/2010 12:26,112
15716,5/22/2011 12:49,3/27/2011 13:10,56
15716,7/17/2011 11:59,5/22/2011 12:49,56
15717,4/19/2011 13:21,NULL,NULL
15719,1/6/2011 12:31,NULL,NULL
15719,2/3/2011 12:44,1/6/2011 12:31,28
15719,3/3/2011 11:34,2/3/2011 12:44,28
15719,3/22/2011 12:27,3/3/2011 11:34,19
15719,4/7/2011 11:40,3/22/2011 12:27,16
15719,5/4/2011 11:32,4/7/2011 11:40,27
15719,5/24/2011 11:31,5/4/2011 11:32,20
15719,6/14/2011 11:36,5/24/2011 11:31,21
15719,7/7/2011 12:22,6/14/2011 11:36,23
15719,8/5/2011 12:27,7/7/2011 12:22,29
15719,9/1/2011 12:41,8/5/2011 12:27,27
15719,10/7/2011 12:18,9/1/2011 12:41,36
15719,11/7/2011 12:29,10/7/2011 12:18,31
15720,11/15/2011 14:48,NULL,NULL
15721,11/28/2011 12:14,NULL,NULL
15722,2/22/2011 12:24,NULL,NULL
15722,6/5/2011 12:12,2/22/2011 12:24,103
15722,8/23/2011 11:30,6/5/2011 12:12,79
15722,11/4/2011 11:41,8/23/2011 11:30,73
15722,11/4/2011 11:43,11/4/2011 11:41,0
15723,12/10/2010 11:12,NULL,NULL
15724,2/28/2011 10:40,NULL,NULL
15724,5/22/2011 14:40,2/28/2011 10:40,83
15725,11/24/2011 14:51,NULL,NULL
15727,12/15/2010 15:47,NULL,NULL
15727,1/12/2011 15:06,12/15/2010 15:47,28
15727,4/5/2011 12:08,1/12/2011 15:06,83
15727,5/25/2011 15:18,4/5/2011 12:08,50
15727,7/19/2011 11:57,5/25/2011 15:18,55
15727,8/24/2011 14:54,7/19/2011 11:57,36
15727,11/23/2011 12:36,8/24/2011 14:54,91
15729,5/11/2011 12:36,NULL,NULL
15730,5/17/2011 12:43,NULL,NULL
15730,9/8/2011 14:28,5/17/2011 12:43,114
15730,10/5/2011 12:31,9/8/2011 14:28,27
15732,12/2/2010 15:00,NULL,NULL
15732,5/11/2011 14:24,12/2/2010 15:00,160
15733,3/2/2011 9:05,NULL,NULL
15734,5/23/2011 14:59,NULL,NULL
15734,8/17/2011 10:50,5/23/2011 14:59,86
15737,4/11/2011 10:01,NULL,NULL
15737,6/3/2011 14:33,4/11/2011 10:01,53
15737,6/6/2011 16:22,6/3/2011 14:33,3
15737,6/6/2011 16:23,6/6/2011 16:22,0
15737,7/15/2011 12:33,6/6/2011 16:23,39
15737,9/21/2011 13:24,7/15/2011 12:33,68
15737,11/17/2011 8:20,9/21/2011 13:24,57
15737,11/25/2011 11:21,11/17/2011 8:20,8
15738,12/2/2010 12:50,NULL,NULL
15738,1/17/2011 15:42,12/2/2010 12:50,46
15738,1/31/2011 12:09,1/17/2011 15:42,14
15738,2/27/2011 11:31,1/31/2011 12:09,27
15738,3/14/2011 13:35,2/27/2011 11:31,15
15738,3/29/2011 14:13,3/14/2011 13:35,15
15738,4/26/2011 12:47,3/29/2011 14:13,28
15738,5/19/2011 12:40,4/26/2011 12:47,23
15738,5/19/2011 12:41,5/19/2011 12:40,0
15738,6/9/2011 10:48,5/19/2011 12:41,21
15738,7/6/2011 10:00,6/9/2011 10:48,27
15738,8/22/2011 9:51,7/6/2011 10:00,47
15738,9/4/2011 12:04,8/22/2011 9:51,13
15738,10/7/2011 11:17,9/4/2011 12:04,33
15738,10/27/2011 16:32,10/7/2011 11:17,20
15738,11/21/2011 8:26,10/27/2011 16:32,25
15739,10/4/2011 13:42,NULL,NULL
15740,10/21/2011 14:29,NULL,NULL
15743,6/8/2011 10:14,NULL,NULL
15743,8/18/2011 12:43,6/8/2011 10:14,71
15743,11/2/2011 13:19,8/18/2011 12:43,76
15743,11/23/2011 17:19,11/2/2011 13:19,21
15744,9/23/2011 9:52,NULL,NULL
15745,4/17/2011 13:04,NULL,NULL
15745,9/27/2011 10:24,4/17/2011 13:04,163
15745,11/6/2011 10:47,9/27/2011 10:24,40
15745,11/20/2011 13:45,11/6/2011 10:47,14
15746,7/28/2011 15:21,NULL,NULL
15747,6/20/2011 11:30,NULL,NULL
15747,8/11/2011 14:04,6/20/2011 11:30,52
15747,11/27/2011 12:26,8/11/2011 14:04,108
15748,10/30/2011 12:51,NULL,NULL
15749,1/11/2011 12:55,NULL,NULL
15749,1/11/2011 12:57,1/11/2011 12:55,0
15749,4/18/2011 13:20,1/11/2011 12:57,97
15750,12/8/2010 10:36,NULL,NULL
15750,12/8/2010 12:11,12/8/2010 10:36,0
15750,3/1/2011 16:34,12/8/2010 12:11,83
15750,6/22/2011 12:16,3/1/2011 16:34,113
15750,9/28/2011 13:00,6/22/2011 12:16,98
15750,11/2/2011 11:49,9/28/2011 13:00,35
15750,11/24/2011 19:30,11/2/2011 11:49,22
15750,12/7/2011 12:34,11/24/2011 19:30,13
15752,12/2/2010 9:43,NULL,NULL
15752,3/7/2011 14:51,12/2/2010 9:43,95
15752,4/4/2011 12:42,3/7/2011 14:51,28
15752,7/13/2011 11:09,4/4/2011 12:42,100
15752,8/16/2011 10:36,7/13/2011 11:09,34
15752,9/7/2011 15:52,8/16/2011 10:36,22
15752,10/31/2011 11:37,9/7/2011 15:52,54
15753,2/8/2011 12:41,NULL,NULL
15754,4/7/2011 12:24,NULL,NULL
15754,9/27/2011 10:12,4/7/2011 12:24,173
15754,10/19/2011 14:40,9/27/2011 10:12,22
15755,2/18/2011 11:53,NULL,NULL
15755,4/18/2011 14:01,2/18/2011 11:53,59
15755,8/23/2011 15:20,4/18/2011 14:01,127
15755,9/12/2011 15:19,8/23/2011 15:20,20
15755,9/26/2011 15:51,9/12/2011 15:19,14
15755,11/29/2011 14:57,9/26/2011 15:51,64
15756,4/4/2011 14:00,NULL,NULL
15756,5/10/2011 14:20,4/4/2011 14:00,36
15756,7/10/2011 11:19,5/10/2011 14:20,61
15756,10/9/2011 13:30,7/10/2011 11:19,91
15757,5/6/2011 11:40,NULL,NULL
15757,10/5/2011 12:14,5/6/2011 11:40,152
15758,11/15/2011 10:48,NULL,NULL
15759,12/16/2010 15:29,NULL,NULL
15759,2/16/2011 11:58,12/16/2010 15:29,62
15759,5/5/2011 15:13,2/16/2011 11:58,78
15762,9/23/2011 15:17,NULL,NULL
15762,10/5/2011 16:15,9/23/2011 15:17,12
15763,9/23/2011 12:10,NULL,NULL
15763,11/8/2011 9:44,9/23/2011 12:10,46
15764,3/8/2011 9:23,NULL,NULL
15764,6/8/2011 12:50,3/8/2011 9:23,92
15764,6/8/2011 12:54,6/8/2011 12:50,0
15764,8/24/2011 15:08,6/8/2011 12:54,77
15764,8/24/2011 15:09,8/24/2011 15:08,0
15764,9/12/2011 17:58,8/24/2011 15:09,19
15766,10/6/2011 17:03,NULL,NULL
15768,4/28/2011 9:20,NULL,NULL
15768,5/20/2011 10:29,4/28/2011 9:20,22
15768,8/16/2011 10:48,5/20/2011 10:29,88
15769,12/3/2010 15:16,NULL,NULL
15769,1/5/2011 11:50,12/3/2010 15:16,33
15769,1/7/2011 14:53,1/5/2011 11:50,2
15769,2/14/2011 9:57,1/7/2011 14:53,38
15769,2/25/2011 9:37,2/14/2011 9:57,11
15769,3/7/2011 14:17,2/25/2011 9:37,10
15769,3/9/2011 12:44,3/7/2011 14:17,2
15769,3/17/2011 10:17,3/9/2011 12:44,8
15769,4/14/2011 13:52,3/17/2011 10:17,28
15769,4/18/2011 14:00,4/14/2011 13:52,4
15769,5/23/2011 14:01,4/18/2011 14:00,35
15769,5/26/2011 10:35,5/23/2011 14:01,3
15769,5/26/2011 10:37,5/26/2011 10:35,0
15769,6/20/2011 14:38,5/26/2011 10:37,25
15769,7/7/2011 14:46,6/20/2011 14:38,17
15769,8/24/2011 12:51,7/7/2011 14:46,48
15769,8/24/2011 12:52,8/24/2011 12:51,0
15769,8/24/2011 12:52,8/24/2011 12:52,0
15769,8/30/2011 11:37,8/24/2011 12:52,6
15769,9/13/2011 9:33,8/30/2011 11:37,14
15769,10/6/2011 10:52,9/13/2011 9:33,23
15769,10/6/2011 13:21,10/6/2011 10:52,0
15769,10/17/2011 8:14,10/6/2011 13:21,11
15769,10/30/2011 10:44,10/17/2011 8:14,13
15769,11/9/2011 11:55,10/30/2011 10:44,10
15769,12/2/2011 13:52,11/9/2011 11:55,23
15773,12/4/2011 12:48,NULL,NULL
15774,10/2/2011 12:04,NULL,NULL
15775,4/8/2011 12:56,NULL,NULL
15776,7/29/2011 13:46,NULL,NULL
15777,12/13/2010 16:38,NULL,NULL
15777,1/26/2011 10:49,12/13/2010 16:38,44
15777,1/26/2011 10:51,1/26/2011 10:49,0
15777,4/12/2011 16:43,1/26/2011 10:51,76
15780,12/17/2010 11:43,NULL,NULL
15780,4/11/2011 9:18,12/17/2010 11:43,115
15780,6/9/2011 12:01,4/11/2011 9:18,59
15781,2/7/2011 9:15,NULL,NULL
15781,7/25/2011 12:25,2/7/2011 9:15,168
15781,11/14/2011 14:57,7/25/2011 12:25,112
15782,9/11/2011 14:29,NULL,NULL
15782,10/21/2011 9:23,9/11/2011 14:29,40
15782,11/30/2011 10:49,10/21/2011 9:23,40
15783,11/29/2011 9:50,NULL,NULL
15785,2/17/2011 14:17,NULL,NULL
15785,5/26/2011 14:21,2/17/2011 14:17,98
15785,7/5/2011 10:07,5/26/2011 14:21,40
15785,7/5/2011 10:08,7/5/2011 10:07,0
15785,11/7/2011 11:33,7/5/2011 10:08,125
15786,8/17/2011 13:33,NULL,NULL
15786,10/24/2011 14:10,8/17/2011 13:33,68
15786,10/24/2011 14:13,10/24/2011 14:10,0
15787,10/9/2011 13:11,NULL,NULL
15787,11/13/2011 14:48,10/9/2011 13:11,35
15787,11/13/2011 14:55,11/13/2011 14:48,0
15789,12/16/2010 14:35,NULL,NULL
15790,11/29/2011 14:53,NULL,NULL
15791,5/19/2011 15:15,NULL,NULL
15791,10/27/2011 10:14,5/19/2011 15:15,161
15793,3/16/2011 10:45,NULL,NULL
15793,10/31/2011 11:32,3/16/2011 10:45,229
15793,11/25/2011 9:31,10/31/2011 11:32,25
15795,7/13/2011 10:43,NULL,NULL
15796,2/10/2011 15:40,NULL,NULL
15796,5/8/2011 11:13,2/10/2011 15:40,87
15796,5/23/2011 16:52,5/8/2011 11:13,15
15796,6/5/2011 11:29,5/23/2011 16:52,13
15796,8/22/2011 14:35,6/5/2011 11:29,78
15796,9/28/2011 16:38,8/22/2011 14:35,37
15796,11/22/2011 13:41,9/28/2011 16:38,55
15796,12/8/2011 19:55,11/22/2011 13:41,16
15797,1/24/2011 15:47,NULL,NULL
15797,2/8/2011 10:17,1/24/2011 15:47,15
15797,5/9/2011 16:38,2/8/2011 10:17,90
15797,8/18/2011 17:04,5/9/2011 16:38,101
15799,1/9/2011 15:13,NULL,NULL
15799,6/7/2011 15:28,1/9/2011 15:13,149
15799,9/25/2011 12:46,6/7/2011 15:28,110
15800,4/7/2011 12:39,NULL,NULL
15800,8/24/2011 14:23,4/7/2011 12:39,139
15801,8/22/2011 9:53,NULL,NULL
15801,10/10/2011 15:42,8/22/2011 9:53,49
15801,10/24/2011 13:52,10/10/2011 15:42,14
15802,7/20/2011 11:38,NULL,NULL
15803,10/19/2011 14:56,NULL,NULL
15804,5/25/2011 10:12,NULL,NULL
15804,6/22/2011 10:28,5/25/2011 10:12,28
15804,7/31/2011 13:37,6/22/2011 10:28,39
15804,8/23/2011 9:57,7/31/2011 13:37,23
15804,9/6/2011 15:14,8/23/2011 9:57,14
15804,9/14/2011 13:02,9/6/2011 15:14,8
15804,9/15/2011 16:39,9/14/2011 13:02,1
15804,9/22/2011 19:03,9/15/2011 16:39,7
15804,10/6/2011 8:17,9/22/2011 19:03,14
15804,11/2/2011 16:37,10/6/2011 8:17,27
15804,11/21/2011 12:02,11/2/2011 16:37,19
15804,11/28/2011 15:50,11/21/2011 12:02,7
15804,12/9/2011 12:31,11/28/2011 15:50,11
15805,12/10/2010 9:33,NULL,NULL
15805,2/24/2011 12:09,12/10/2010 9:33,76
15805,4/20/2011 13:18,2/24/2011 12:09,55
15805,4/20/2011 13:19,4/20/2011 13:18,0
15805,5/26/2011 9:45,4/20/2011 13:19,36
15805,6/6/2011 11:57,5/26/2011 9:45,11
15805,6/7/2011 12:46,6/6/2011 11:57,1
15805,6/17/2011 13:39,6/7/2011 12:46,10
15805,6/17/2011 13:40,6/17/2011 13:39,0
15805,6/17/2011 13:42,6/17/2011 13:40,0
15805,8/25/2011 14:50,6/17/2011 13:42,69
15805,10/6/2011 12:23,8/25/2011 14:50,42
15805,10/25/2011 12:11,10/6/2011 12:23,19
15805,10/25/2011 12:12,10/25/2011 12:11,0
15805,11/2/2011 13:05,10/25/2011 12:12,8
15805,11/8/2011 9:07,11/2/2011 13:05,6
15805,11/16/2011 16:32,11/8/2011 9:07,8
15806,3/8/2011 9:24,NULL,NULL
15806,7/5/2011 12:15,3/8/2011 9:24,119
15806,10/24/2011 14:35,7/5/2011 12:15,111
15807,9/23/2011 14:43,NULL,NULL
15807,10/20/2011 14:09,9/23/2011 14:43,27
15807,10/20/2011 14:10,10/20/2011 14:09,0
15808,12/5/2010 13:05,NULL,NULL
15808,12/13/2010 15:37,12/5/2010 13:05,8
15808,1/4/2011 16:41,12/13/2010 15:37,22
15808,2/6/2011 14:33,1/4/2011 16:41,33
15809,2/10/2011 11:16,NULL,NULL
15809,3/28/2011 15:47,2/10/2011 11:16,46
15809,5/19/2011 18:02,3/28/2011 15:47,52
15809,6/8/2011 15:31,5/19/2011 18:02,20
15809,11/3/2011 16:40,6/8/2011 15:31,148
15810,2/16/2011 9:11,NULL,NULL
15810,4/21/2011 19:51,2/16/2011 9:11,64
15810,6/22/2011 14:01,4/21/2011 19:51,62
15810,9/22/2011 9:38,6/22/2011 14:01,92
15811,12/9/2010 15:29,NULL,NULL
15811,12/17/2010 14:24,12/9/2010 15:29,8
15811,2/15/2011 10:46,12/17/2010 14:24,60
15811,5/18/2011 12:44,2/15/2011 10:46,92
15811,8/26/2011 9:37,5/18/2011 12:44,100
15811,11/17/2011 15:31,8/26/2011 9:37,83
15812,1/26/2011 12:12,NULL,NULL
15812,3/30/2011 14:39,1/26/2011 12:12,63
15812,6/3/2011 15:31,3/30/2011 14:39,65
15812,7/11/2011 12:30,6/3/2011 15:31,38
15812,8/24/2011 14:19,7/11/2011 12:30,44
15813,4/14/2011 9:09,NULL,NULL
15813,5/16/2011 8:13,4/14/2011 9:09,32
15814,10/20/2011 9:04,NULL,NULL
15814,10/20/2011 18:08,10/20/2011 9:04,0
15814,11/3/2011 14:42,10/20/2011 18:08,14
15814,11/23/2011 8:17,11/3/2011 14:42,20
15815,3/25/2011 8:43,NULL,NULL
15815,4/8/2011 12:01,3/25/2011 8:43,14
15815,5/11/2011 15:17,4/8/2011 12:01,33
15815,7/22/2011 12:20,5/11/2011 15:17,72
15815,10/7/2011 12:42,7/22/2011 12:20,77
15819,3/8/2011 9:45,NULL,NULL
15819,5/24/2011 14:38,3/8/2011 9:45,77
15819,7/31/2011 15:22,5/24/2011 14:38,68
15819,10/21/2011 14:50,7/31/2011 15:22,82
15820,1/24/2011 12:00,NULL,NULL
15821,10/9/2011 13:28,NULL,NULL
15821,10/26/2011 15:48,10/9/2011 13:28,17
15822,12/15/2010 13:38,NULL,NULL
15822,12/6/2011 14:50,12/15/2010 13:38,356
15823,12/2/2010 15:08,NULL,NULL
15825,6/20/2011 13:27,NULL,NULL
15826,5/13/2011 10:44,NULL,NULL
15826,10/14/2011 16:04,5/13/2011 10:44,154
15826,10/14/2011 16:05,10/14/2011 16:04,0
15827,12/2/2010 13:06,NULL,NULL
15827,12/2/2010 13:08,12/2/2010 13:06,0
15827,1/27/2011 14:31,12/2/2010 13:08,56
15827,2/8/2011 12:01,1/27/2011 14:31,12
15827,2/9/2011 11:43,2/8/2011 12:01,1
15827,3/4/2011 11:49,2/9/2011 11:43,23
15827,3/4/2011 11:49,3/4/2011 11:49,0
15827,4/17/2011 13:27,3/4/2011 11:49,44
15827,5/8/2011 14:44,4/17/2011 13:27,21
15827,6/9/2011 13:37,5/8/2011 14:44,32
15827,7/21/2011 17:55,6/9/2011 13:37,42
15827,7/21/2011 17:56,7/21/2011 17:55,0
15827,8/17/2011 15:05,7/21/2011 17:56,27
15827,9/27/2011 15:35,8/17/2011 15:05,41
15829,7/22/2011 10:23,NULL,NULL
15829,9/1/2011 16:45,7/22/2011 10:23,41
15830,11/2/2011 10:40,NULL,NULL
15831,1/19/2011 14:52,NULL,NULL
15831,8/7/2011 13:54,1/19/2011 14:52,200
15831,10/12/2011 13:14,8/7/2011 13:54,66
15832,3/30/2011 15:29,NULL,NULL
15834,3/7/2011 17:52,NULL,NULL
15834,3/7/2011 17:55,3/7/2011 17:52,0
15834,6/27/2011 10:16,3/7/2011 17:55,112
15834,9/30/2011 14:41,6/27/2011 10:16,95
15835,1/13/2011 10:35,NULL,NULL
15835,3/24/2011 13:59,1/13/2011 10:35,70
15835,7/25/2011 12:50,3/24/2011 13:59,123
15835,10/26/2011 15:47,7/25/2011 12:50,93
15836,10/20/2011 17:13,NULL,NULL
15837,10/6/2011 9:01,NULL,NULL
15838,12/7/2010 11:26,NULL,NULL
15838,2/2/2011 7:58,12/7/2010 11:26,57
15838,3/10/2011 9:49,2/2/2011 7:58,36
15838,4/4/2011 16:31,3/10/2011 9:49,25
15838,4/7/2011 9:39,4/4/2011 16:31,3
15838,5/5/2011 11:47,4/7/2011 9:39,28
15838,6/2/2011 12:46,5/5/2011 11:47,28
15838,6/13/2011 16:25,6/2/2011 12:46,11
15838,6/13/2011 16:29,6/13/2011 16:25,0
15838,6/27/2011 13:12,6/13/2011 16:29,14
15838,8/10/2011 10:53,6/27/2011 13:12,44
15838,8/23/2011 12:18,8/10/2011 10:53,13
15838,9/23/2011 9:19,8/23/2011 12:18,31
15838,10/6/2011 11:53,9/23/2011 9:19,13
15838,11/14/2011 12:58,10/6/2011 11:53,39
15838,11/14/2011 13:00,11/14/2011 12:58,0
15838,11/14/2011 13:01,11/14/2011 13:00,0
15838,11/28/2011 13:59,11/14/2011 13:01,14
15838,11/28/2011 14:00,11/28/2011 13:59,0
15839,7/14/2011 16:35,NULL,NULL
15839,9/20/2011 12:12,7/14/2011 16:35,68
15839,11/6/2011 13:54,9/20/2011 12:12,47
15840,6/20/2011 11:42,NULL,NULL
15840,10/12/2011 9:08,6/20/2011 11:42,114
15841,1/5/2011 11:25,NULL,NULL
15841,5/5/2011 14:37,1/5/2011 11:25,120
15841,9/14/2011 13:15,5/5/2011 14:37,132
15841,9/28/2011 12:15,9/14/2011 13:15,14
15843,2/9/2011 10:19,NULL,NULL
15844,10/24/2011 15:19,NULL,NULL
15845,1/6/2011 17:19,NULL,NULL
15845,2/25/2011 10:39,1/6/2011 17:19,50
15845,5/13/2011 9:01,2/25/2011 10:39,77
15845,6/13/2011 12:42,5/13/2011 9:01,31
15845,7/18/2011 10:05,6/13/2011 12:42,35
15845,9/14/2011 9:22,7/18/2011 10:05,58
15845,11/4/2011 10:18,9/14/2011 9:22,51
15845,11/22/2011 9:42,11/4/2011 10:18,18
15847,2/24/2011 16:46,NULL,NULL
15847,11/1/2011 14:41,2/24/2011 16:46,250
15850,6/24/2011 14:16,NULL,NULL
15850,11/20/2011 14:14,6/24/2011 14:16,149
15852,5/26/2011 13:26,NULL,NULL
15852,6/6/2011 11:22,5/26/2011 13:26,11
15853,10/19/2011 10:38,NULL,NULL
15854,12/13/2010 11:47,NULL,NULL
15854,1/14/2011 15:04,12/13/2010 11:47,32
15854,2/1/2011 13:55,1/14/2011 15:04,18
15854,3/18/2011 9:19,2/1/2011 13:55,45
15854,5/15/2011 16:02,3/18/2011 9:19,58
15854,5/19/2011 13:16,5/15/2011 16:02,4
15854,6/20/2011 8:50,5/19/2011 13:16,32
15854,6/20/2011 8:50,6/20/2011 8:50,0
15854,7/22/2011 13:17,6/20/2011 8:50,32
15854,9/14/2011 12:25,7/22/2011 13:17,54
15854,12/5/2011 13:37,9/14/2011 12:25,82
15854,12/5/2011 13:39,12/5/2011 13:37,0
15855,3/21/2011 12:32,NULL,NULL
15855,4/13/2011 14:39,3/21/2011 12:32,23
15855,5/17/2011 15:26,4/13/2011 14:39,34
15855,6/9/2011 10:09,5/17/2011 15:26,23
15855,7/26/2011 10:20,6/9/2011 10:09,47
15856,12/9/2010 13:34,NULL,NULL
15856,12/17/2010 17:06,12/9/2010 13:34,8
15856,12/23/2010 15:16,12/17/2010 17:06,6
15856,2/11/2011 15:56,12/23/2010 15:16,50
15856,3/31/2011 11:20,2/11/2011 15:56,48
15856,4/1/2011 16:49,3/31/2011 11:20,1
15856,4/21/2011 16:48,4/1/2011 16:49,20
15856,5/20/2011 10:32,4/21/2011 16:48,29
15856,6/10/2011 16:46,5/20/2011 10:32,21
15856,7/11/2011 14:16,6/10/2011 16:46,31
15856,7/22/2011 16:03,7/11/2011 14:16,11
15856,8/16/2011 17:25,7/22/2011 16:03,25
15856,8/16/2011 17:27,8/16/2011 17:25,0
15856,8/28/2011 13:35,8/16/2011 17:27,12
15856,8/31/2011 17:16,8/28/2011 13:35,3
15856,9/2/2011 16:50,8/31/2011 17:16,2
15856,9/5/2011 17:44,9/2/2011 16:50,3
15856,10/5/2011 17:29,9/5/2011 17:44,30
15856,10/14/2011 14:22,10/5/2011 17:29,9
15856,10/14/2011 14:28,10/14/2011 14:22,0
15856,10/25/2011 17:29,10/14/2011 14:28,11
15856,12/2/2011 13:32,10/25/2011 17:29,38
15856,12/2/2011 13:37,12/2/2011 13:32,0
15856,12/2/2011 16:07,12/2/2011 13:37,0
15856,12/5/2011 13:58,12/2/2011 16:07,3
15856,12/5/2011 14:06,12/5/2011 13:58,0
15856,12/5/2011 17:09,12/5/2011 14:06,0
15857,11/21/2011 12:18,NULL,NULL
15858,12/7/2010 14:31,NULL,NULL
15858,2/23/2011 13:21,12/7/2010 14:31,78
15858,9/23/2011 9:39,2/23/2011 13:21,212
15858,10/11/2011 9:19,9/23/2011 9:39,18
15858,11/24/2011 12:48,10/11/2011 9:19,44
15860,12/6/2010 11:38,NULL,NULL
15860,4/1/2011 11:28,12/6/2010 11:38,116
15860,4/21/2011 10:48,4/1/2011 11:28,20
15860,7/18/2011 16:59,4/21/2011 10:48,88
15860,8/7/2011 13:43,7/18/2011 16:59,20
15860,9/2/2011 10:34,8/7/2011 13:43,26
15860,9/25/2011 12:31,9/2/2011 10:34,23
15860,10/30/2011 11:25,9/25/2011 12:31,35
15861,3/17/2011 20:12,NULL,NULL
15861,3/17/2011 20:18,3/17/2011 20:12,0
15861,7/28/2011 11:29,3/17/2011 20:18,133
15861,10/25/2011 12:12,7/28/2011 11:29,89
15861,11/13/2011 15:05,10/25/2011 12:12,19
15861,11/13/2011 16:16,11/13/2011 15:05,0
15861,11/17/2011 19:58,11/13/2011 16:16,4
15861,11/27/2011 15:59,11/17/2011 19:58,10
15862,12/1/2010 11:21,NULL,NULL
15862,5/19/2011 14:08,12/1/2010 11:21,169
15862,8/19/2011 16:34,5/19/2011 14:08,92
15862,12/1/2011 13:28,8/19/2011 16:34,104
15863,5/31/2011 11:36,NULL,NULL
15863,11/14/2011 12:49,5/31/2011 11:36,167
15864,1/27/2011 16:43,NULL,NULL
15864,6/15/2011 15:35,1/27/2011 16:43,139
15864,9/2/2011 10:31,6/15/2011 15:35,79
15864,10/4/2011 10:31,9/2/2011 10:31,32
15864,11/13/2011 11:48,10/4/2011 10:31,40
15864,11/17/2011 13:32,11/13/2011 11:48,4
15865,5/10/2011 11:44,NULL,NULL
15865,9/12/2011 9:38,5/10/2011 11:44,125
15865,10/30/2011 12:43,9/12/2011 9:38,48
15866,8/30/2011 14:09,NULL,NULL
15867,12/5/2010 14:17,NULL,NULL
15867,12/13/2010 15:26,12/5/2010 14:17,8
15867,12/20/2010 15:35,12/13/2010 15:26,7
15867,1/10/2011 17:18,12/20/2010 15:35,21
15867,1/26/2011 17:27,1/10/2011 17:18,16
15867,2/16/2011 16:40,1/26/2011 17:27,21
15867,3/15/2011 15:06,2/16/2011 16:40,27
15867,4/11/2011 16:35,3/15/2011 15:06,27
15867,5/27/2011 15:57,4/11/2011 16:35,46
15867,6/9/2011 16:08,5/27/2011 15:57,13
15867,7/19/2011 15:13,6/9/2011 16:08,40
15867,8/18/2011 16:24,7/19/2011 15:13,30
15867,9/30/2011 15:04,8/18/2011 16:24,43
15867,11/17/2011 16:39,9/30/2011 15:04,48
15867,12/4/2011 13:32,11/17/2011 16:39,17
15869,3/7/2011 17:19,NULL,NULL
15869,3/7/2011 17:23,3/7/2011 17:19,0
15870,11/7/2011 10:58,NULL,NULL
15872,11/25/2011 11:54,NULL,NULL
15872,11/25/2011 11:55,11/25/2011 11:54,0
15874,2/28/2011 13:28,NULL,NULL
15874,3/28/2011 14:19,2/28/2011 13:28,28
15874,3/28/2011 14:23,3/28/2011 14:19,0
15874,4/8/2011 12:17,3/28/2011 14:23,11
15874,5/6/2011 11:05,4/8/2011 12:17,28
15874,6/15/2011 11:01,5/6/2011 11:05,40
15874,10/7/2011 12:31,6/15/2011 11:01,114
15877,11/22/2011 11:18,NULL,NULL
15877,12/8/2011 11:53,11/22/2011 11:18,16
15880,12/5/2010 13:00,NULL,NULL
15881,12/10/2010 13:32,NULL,NULL
15881,12/13/2010 10:36,12/10/2010 13:32,3
15881,1/31/2011 16:47,12/13/2010 10:36,49
15881,1/31/2011 16:48,1/31/2011 16:47,0
15881,1/31/2011 16:59,1/31/2011 16:48,0
15882,12/6/2010 13:01,NULL,NULL
15882,12/6/2010 13:12,12/6/2010 13:01,0
15882,5/25/2011 11:34,12/6/2010 13:12,170
15882,5/25/2011 11:35,5/25/2011 11:34,0
15883,11/6/2011 14:50,NULL,NULL
15883,12/7/2011 17:05,11/6/2011 14:50,31
15885,2/3/2011 15:28,NULL,NULL
15885,9/7/2011 14:56,2/3/2011 15:28,216
15885,9/8/2011 10:43,9/7/2011 14:56,1
15886,10/10/2011 14:25,NULL,NULL
15888,9/20/2011 12:30,NULL,NULL
15889,12/5/2010 15:12,NULL,NULL
15889,7/6/2011 11:10,12/5/2010 15:12,213
15891,4/27/2011 12:35,NULL,NULL
15894,12/5/2010 14:06,NULL,NULL
15894,3/31/2011 13:50,12/5/2010 14:06,116
15895,7/13/2011 10:27,NULL,NULL
15897,5/29/2011 13:32,NULL,NULL
15897,5/29/2011 13:50,5/29/2011 13:32,0
15898,12/6/2010 11:01,NULL,NULL
15898,12/7/2010 13:30,12/6/2010 11:01,1
15898,3/20/2011 10:28,12/7/2010 13:30,103
15898,4/27/2011 10:03,3/20/2011 10:28,38
15898,12/8/2011 15:23,4/27/2011 10:03,225
15899,12/6/2010 10:36,NULL,NULL
15900,11/16/2011 12:19,NULL,NULL
15901,7/8/2011 12:18,NULL,NULL
15901,9/23/2011 12:38,7/8/2011 12:18,77
15901,11/23/2011 12:43,9/23/2011 12:38,61
15903,2/17/2011 14:04,NULL,NULL
15903,4/26/2011 11:51,2/17/2011 14:04,68
15903,9/23/2011 14:38,4/26/2011 11:51,150
15903,9/30/2011 13:31,9/23/2011 14:38,7
15903,11/11/2011 16:33,9/30/2011 13:31,42
15903,11/13/2011 13:27,11/11/2011 16:33,2
15903,11/30/2011 8:08,11/13/2011 13:27,17
15904,12/1/2011 14:50,NULL,NULL
15906,3/29/2011 13:28,NULL,NULL
15906,3/29/2011 13:32,3/29/2011 13:28,0
15906,5/4/2011 11:50,3/29/2011 13:32,36
15906,7/18/2011 11:37,5/4/2011 11:50,75
15906,10/2/2011 13:46,7/18/2011 11:37,76
15906,11/20/2011 12:22,10/2/2011 13:46,49
15906,11/20/2011 12:24,11/20/2011 12:22,0
15907,5/13/2011 13:01,NULL,NULL
15907,6/16/2011 12:45,5/13/2011 13:01,34
15907,12/6/2011 12:21,6/16/2011 12:45,173
15909,6/19/2011 10:38,NULL,NULL
15910,1/27/2011 11:55,NULL,NULL
15910,2/24/2011 10:29,1/27/2011 11:55,28
15910,4/7/2011 11:37,2/24/2011 10:29,42
15910,5/16/2011 16:36,4/7/2011 11:37,39
15910,9/1/2011 16:59,5/16/2011 16:36,108
15910,10/6/2011 11:42,9/1/2011 16:59,35
15910,11/24/2011 16:59,10/6/2011 11:42,49
15910,12/9/2011 10:51,11/24/2011 16:59,15
15912,4/20/2011 17:10,NULL,NULL
15912,6/14/2011 14:29,4/20/2011 17:10,55
15916,12/8/2010 13:07,NULL,NULL
15916,12/8/2010 13:14,12/8/2010 13:07,0
15916,1/13/2011 15:11,12/8/2010 13:14,36
15916,4/7/2011 13:09,1/13/2011 15:11,84
15916,6/1/2011 11:52,4/7/2011 13:09,55
15916,9/23/2011 15:18,6/1/2011 11:52,114
15916,11/9/2011 16:33,9/23/2011 15:18,47
15916,11/23/2011 13:46,11/9/2011 16:33,14
15917,4/6/2011 10:40,NULL,NULL
15918,3/13/2011 15:55,NULL,NULL
15918,6/2/2011 11:42,3/13/2011 15:55,81
15919,12/6/2010 11:26,NULL,NULL
15919,11/20/2011 11:28,12/6/2010 11:26,349
15920,7/8/2011 15:16,NULL,NULL
15920,7/8/2011 15:22,7/8/2011 15:16,0
15920,7/8/2011 15:25,7/8/2011 15:22,0
15920,7/8/2011 15:31,7/8/2011 15:25,0
15921,6/20/2011 11:03,NULL,NULL
15922,12/1/2010 13:51,NULL,NULL
15923,12/2/2010 12:16,NULL,NULL
15925,5/29/2011 15:35,NULL,NULL
15930,10/3/2011 14:52,NULL,NULL
15932,2/23/2011 14:50,NULL,NULL
15932,3/15/2011 13:28,2/23/2011 14:50,20
15932,4/12/2011 15:30,3/15/2011 13:28,28
15932,5/9/2011 12:39,4/12/2011 15:30,27
15932,6/27/2011 15:28,5/9/2011 12:39,49
15932,8/24/2011 12:00,6/27/2011 15:28,58
15932,9/12/2011 14:24,8/24/2011 12:00,19
15932,12/5/2011 17:13,9/12/2011 14:24,84
15933,9/14/2011 12:05,NULL,NULL
15933,9/29/2011 16:42,9/14/2011 12:05,15
15933,11/18/2011 13:14,9/29/2011 16:42,50
15935,4/12/2011 9:35,NULL,NULL
15935,4/14/2011 13:27,4/12/2011 9:35,2
15937,10/6/2011 15:48,NULL,NULL
15938,1/20/2011 10:11,NULL,NULL
15938,3/20/2011 10:53,1/20/2011 10:11,59
15938,4/5/2011 10:40,3/20/2011 10:53,16
15938,5/22/2011 15:03,4/5/2011 10:40,47
15938,8/19/2011 12:56,5/22/2011 15:03,89
15939,1/12/2011 12:43,NULL,NULL
15939,1/18/2011 15:58,1/12/2011 12:43,6
15939,2/1/2011 12:42,1/18/2011 15:58,14
15939,2/25/2011 14:51,2/1/2011 12:42,24
15939,3/10/2011 10:04,2/25/2011 14:51,13
15939,3/27/2011 16:01,3/10/2011 10:04,17
15939,4/7/2011 12:02,3/27/2011 16:01,11
15939,4/26/2011 14:12,4/7/2011 12:02,19
15939,5/27/2011 13:17,4/26/2011 14:12,31
15939,6/12/2011 14:48,5/27/2011 13:17,16
15939,7/28/2011 15:03,6/12/2011 14:48,46
15939,7/28/2011 15:04,7/28/2011 15:03,0
15939,8/15/2011 9:18,7/28/2011 15:04,18
15939,8/24/2011 14:46,8/15/2011 9:18,9
15939,9/11/2011 11:30,8/24/2011 14:46,18
15940,2/1/2011 16:18,NULL,NULL
15942,7/29/2011 9:01,NULL,NULL
15944,3/8/2011 10:33,NULL,NULL
15945,12/9/2010 13:14,NULL,NULL
15947,9/18/2011 10:46,NULL,NULL
15948,10/27/2011 8:35,NULL,NULL
15948,12/1/2011 15:32,10/27/2011 8:35,35
15949,9/29/2011 17:34,NULL,NULL
15949,11/23/2011 9:09,9/29/2011 17:34,55
15950,12/15/2010 11:56,NULL,NULL
15950,8/25/2011 14:13,12/15/2010 11:56,253
15950,9/22/2011 11:17,8/25/2011 14:13,28
15950,11/8/2011 11:09,9/22/2011 11:17,47
15951,2/27/2011 11:57,NULL,NULL
15951,12/1/2011 8:34,2/27/2011 11:57,277
15952,4/28/2011 12:55,NULL,NULL
15952,7/3/2011 13:33,4/28/2011 12:55,66
15952,10/2/2011 12:47,7/3/2011 13:33,91
15952,11/6/2011 11:18,10/2/2011 12:47,35
15953,12/5/2010 15:15,NULL,NULL
15953,1/12/2011 11:18,12/5/2010 15:15,38
15953,3/1/2011 13:55,1/12/2011 11:18,48
15953,5/12/2011 11:44,3/1/2011 13:55,72
15953,10/5/2011 14:39,5/12/2011 11:44,146
15953,10/23/2011 14:30,10/5/2011 14:39,18
15953,11/14/2011 14:09,10/23/2011 14:30,22
15953,11/24/2011 15:32,11/14/2011 14:09,10
15955,12/2/2010 11:22,NULL,NULL
15955,4/10/2011 11:48,12/2/2010 11:22,129
15955,5/20/2011 8:57,4/10/2011 11:48,40
15955,8/11/2011 16:30,5/20/2011 8:57,83
15955,8/11/2011 16:31,8/11/2011 16:30,0
15955,8/11/2011 16:32,8/11/2011 16:31,0
15955,8/25/2011 11:36,8/11/2011 16:32,14
15955,8/25/2011 11:36,8/25/2011 11:36,0
15955,9/29/2011 14:11,8/25/2011 11:36,35
15955,9/29/2011 14:12,9/29/2011 14:11,0
15955,10/4/2011 17:32,9/29/2011 14:12,5
15955,10/11/2011 14:37,10/4/2011 17:32,7
15955,10/27/2011 17:34,10/11/2011 14:37,16
15955,11/15/2011 14:15,10/27/2011 17:34,19
15957,11/8/2011 12:14,NULL,NULL
15958,9/26/2011 13:41,NULL,NULL
15963,10/25/2011 13:05,NULL,NULL
15963,11/20/2011 11:33,10/25/2011 13:05,26
15965,12/7/2010 13:18,NULL,NULL
15965,11/11/2011 10:50,12/7/2010 13:18,339
15965,11/11/2011 11:02,11/11/2011 10:50,0
15965,11/22/2011 16:44,11/11/2011 11:02,11
15967,1/25/2011 11:57,NULL,NULL
15967,11/16/2011 15:41,1/25/2011 11:57,295
15969,6/7/2011 12:19,NULL,NULL
15969,10/21/2011 8:24,6/7/2011 12:19,136
15969,12/7/2011 11:06,10/21/2011 8:24,47
15970,2/9/2011 12:08,NULL,NULL
15971,2/1/2011 16:47,NULL,NULL
15971,3/1/2011 11:42,2/1/2011 16:47,28
15971,3/14/2011 12:11,3/1/2011 11:42,13
15971,4/11/2011 13:40,3/14/2011 12:11,28
15971,7/6/2011 12:33,4/11/2011 13:40,86
15971,7/21/2011 18:31,7/6/2011 12:33,15
15971,8/23/2011 9:53,7/21/2011 18:31,33
15971,9/12/2011 10:47,8/23/2011 9:53,20
15971,10/3/2011 15:29,9/12/2011 10:47,21
15971,10/18/2011 10:51,10/3/2011 15:29,15
15971,10/18/2011 10:52,10/18/2011 10:51,0
15971,11/22/2011 12:50,10/18/2011 10:52,35
15973,12/8/2010 11:42,NULL,NULL
15974,2/24/2011 10:10,NULL,NULL
15974,3/7/2011 15:40,2/24/2011 10:10,11
15974,5/12/2011 11:10,3/7/2011 15:40,66
15974,6/8/2011 14:52,5/12/2011 11:10,27
15974,7/29/2011 10:21,6/8/2011 14:52,51
15974,9/5/2011 15:40,7/29/2011 10:21,38
15974,10/31/2011 13:13,9/5/2011 15:40,56
15975,9/16/2011 13:33,NULL,NULL
15976,5/3/2011 17:12,NULL,NULL
15976,6/27/2011 13:00,5/3/2011 17:12,55
15977,10/31/2011 16:24,NULL,NULL
15977,11/22/2011 13:29,10/31/2011 16:24,22
15978,9/23/2011 15:21,NULL,NULL
15980,3/30/2011 15:05,NULL,NULL
15980,9/12/2011 9:39,3/30/2011 15:05,166
15980,9/12/2011 9:41,9/12/2011 9:39,0
15981,2/1/2011 13:50,NULL,NULL
15981,3/30/2011 15:06,2/1/2011 13:50,57
15981,4/12/2011 9:49,3/30/2011 15:06,13
15981,5/13/2011 8:58,4/12/2011 9:49,31
15981,6/24/2011 10:33,5/13/2011 8:58,42
15981,7/25/2011 10:47,6/24/2011 10:33,31
15981,9/23/2011 13:24,7/25/2011 10:47,60
15981,11/15/2011 8:00,9/23/2011 13:24,53
15983,12/1/2010 12:15,NULL,NULL
15983,12/9/2010 10:45,12/1/2010 12:15,8
15983,12/14/2010 12:30,12/9/2010 10:45,5
15983,11/17/2011 17:34,12/14/2010 12:30,338
15984,12/6/2010 13:21,NULL,NULL
15984,1/5/2011 13:05,12/6/2010 13:21,30
15984,2/23/2011 16:23,1/5/2011 13:05,49
15984,3/1/2011 17:28,2/23/2011 16:23,6
15984,4/20/2011 12:56,3/1/2011 17:28,50
15984,8/21/2011 14:32,4/20/2011 12:56,123
15984,8/31/2011 12:11,8/21/2011 14:32,10
15984,9/29/2011 19:30,8/31/2011 12:11,29
15984,12/5/2011 16:05,9/29/2011 19:30,67
15984,12/7/2011 12:16,12/5/2011 16:05,2
15985,4/17/2011 11:04,NULL,NULL
15985,8/8/2011 16:31,4/17/2011 11:04,113
15986,11/9/2011 15:17,NULL,NULL
15987,12/6/2010 8:34,NULL,NULL
15987,5/4/2011 13:11,12/6/2010 8:34,149
15987,5/24/2011 9:12,5/4/2011 13:11,20
15987,5/24/2011 9:26,5/24/2011 9:12,0
15987,7/14/2011 12:52,5/24/2011 9:26,51
15987,8/11/2011 9:45,7/14/2011 12:52,28
15987,11/27/2011 15:38,8/11/2011 9:45,108
15988,11/20/2011 13:23,NULL,NULL
15990,2/25/2011 15:35,NULL,NULL
15990,10/26/2011 15:58,2/25/2011 15:35,243
15992,12/6/2011 11:00,NULL,NULL
15993,10/26/2011 16:21,NULL,NULL
15993,10/26/2011 16:57,10/26/2011 16:21,0
15993,11/6/2011 16:13,10/26/2011 16:57,11
15993,11/14/2011 14:09,11/6/2011 16:13,8
15993,11/23/2011 12:45,11/14/2011 14:09,9
15993,12/1/2011 10:44,11/23/2011 12:45,8
15993,12/1/2011 10:45,12/1/2011 10:44,0
15994,10/16/2011 12:28,NULL,NULL
15996,12/8/2010 15:59,NULL,NULL
15996,2/27/2011 15:59,12/8/2010 15:59,81
15996,3/21/2011 11:57,2/27/2011 15:59,22
15996,6/27/2011 12:13,3/21/2011 11:57,98
15996,8/15/2011 13:09,6/27/2011 12:13,49
15996,9/12/2011 15:14,8/15/2011 13:09,28
15998,12/12/2010 13:32,NULL,NULL
15998,3/22/2011 12:25,12/12/2010 13:32,100
15998,6/21/2011 10:48,3/22/2011 12:25,91
15998,9/13/2011 15:37,6/21/2011 10:48,84
15998,11/3/2011 12:45,9/13/2011 15:37,51
16000,12/7/2011 12:14,NULL,NULL
16000,12/7/2011 12:15,12/7/2011 12:14,0
16000,12/7/2011 12:17,12/7/2011 12:15,0
16003,12/15/2010 12:09,NULL,NULL
16003,6/27/2011 8:50,12/15/2010 12:09,194
16003,7/28/2011 11:20,6/27/2011 8:50,31
16003,11/10/2011 9:56,7/28/2011 11:20,105
16003,11/10/2011 9:57,11/10/2011 9:56,0
16005,3/14/2011 11:46,NULL,NULL
16005,6/10/2011 12:01,3/14/2011 11:46,88
16005,11/27/2011 13:41,6/10/2011 12:01,170
16005,11/27/2011 13:47,11/27/2011 13:41,0
16006,5/12/2011 13:12,NULL,NULL
16007,5/8/2011 13:32,NULL,NULL
16007,6/12/2011 12:01,5/8/2011 13:32,35
16007,10/2/2011 13:26,6/12/2011 12:01,112
16007,10/23/2011 11:05,10/2/2011 13:26,21
16008,5/19/2011 10:54,NULL,NULL
16008,9/25/2011 14:38,5/19/2011 10:54,129
16008,11/16/2011 10:32,9/25/2011 14:38,52
16009,7/3/2011 11:26,NULL,NULL
16009,10/27/2011 12:22,7/3/2011 11:26,116
16009,11/7/2011 15:37,10/27/2011 12:22,11
16009,11/17/2011 16:51,11/7/2011 15:37,10
16010,12/12/2010 12:18,NULL,NULL
16010,4/3/2011 11:37,12/12/2010 12:18,112
16010,4/8/2011 10:14,4/3/2011 11:37,5
16011,12/8/2010 16:34,NULL,NULL
16011,12/12/2010 13:01,12/8/2010 16:34,4
16011,2/1/2011 14:43,12/12/2010 13:01,51
16011,2/22/2011 15:59,2/1/2011 14:43,21
16011,3/29/2011 15:44,2/22/2011 15:59,35
16011,4/20/2011 16:04,3/29/2011 15:44,22
16011,6/8/2011 16:18,4/20/2011 16:04,49
16011,6/16/2011 13:46,6/8/2011 16:18,8
16011,7/18/2011 14:56,6/16/2011 13:46,32
16011,8/12/2011 14:12,7/18/2011 14:56,25
16011,9/1/2011 10:28,8/12/2011 14:12,20
16011,9/8/2011 15:41,9/1/2011 10:28,7
16011,9/29/2011 9:55,9/8/2011 15:41,21
16011,10/27/2011 12:42,9/29/2011 9:55,28
16011,11/10/2011 12:32,10/27/2011 12:42,14
16011,12/1/2011 16:31,11/10/2011 12:32,21
16012,7/7/2011 18:02,NULL,NULL
16012,8/3/2011 11:44,7/7/2011 18:02,27
16012,11/4/2011 13:25,8/3/2011 11:44,93
16013,12/3/2010 13:09,NULL,NULL
16013,12/3/2010 13:10,12/3/2010 13:09,0
16013,12/16/2010 11:03,12/3/2010 13:10,13
16013,12/16/2010 11:07,12/16/2010 11:03,0
16013,12/17/2010 9:39,12/16/2010 11:07,1
16013,1/7/2011 9:31,12/17/2010 9:39,21
16013,1/7/2011 9:55,1/7/2011 9:31,0
16013,2/11/2011 11:23,1/7/2011 9:55,35
16013,2/11/2011 11:25,2/11/2011 11:23,0
16013,2/11/2011 11:28,2/11/2011 11:25,0
16013,2/11/2011 11:28,2/11/2011 11:28,0
16013,2/11/2011 11:31,2/11/2011 11:28,0
16013,3/7/2011 11:06,2/11/2011 11:31,24
16013,3/11/2011 9:20,3/7/2011 11:06,4
16013,3/14/2011 12:34,3/11/2011 9:20,3
16013,3/16/2011 11:52,3/14/2011 12:34,2
16013,4/8/2011 13:00,3/16/2011 11:52,23
16013,4/27/2011 13:19,4/8/2011 13:00,19
16013,5/3/2011 11:41,4/27/2011 13:19,6
16013,5/3/2011 11:42,5/3/2011 11:41,0
16013,5/12/2011 11:07,5/3/2011 11:42,9
16013,5/31/2011 12:05,5/12/2011 11:07,19
16013,6/8/2011 13:00,5/31/2011 12:05,8
16013,6/14/2011 11:02,6/8/2011 13:00,6
16013,6/20/2011 12:27,6/14/2011 11:02,6
16013,7/12/2011 9:10,6/20/2011 12:27,22
16013,7/12/2011 9:10,7/12/2011 9:10,0
16013,7/25/2011 11:05,7/12/2011 9:10,13
16013,8/12/2011 12:15,7/25/2011 11:05,18
16013,8/12/2011 12:16,8/12/2011 12:15,0
16013,8/12/2011 12:18,8/12/2011 12:16,0
16013,8/22/2011 12:59,8/12/2011 12:18,10
16013,8/22/2011 12:59,8/22/2011 12:59,0
16013,8/22/2011 13:20,8/22/2011 12:59,0
16013,9/2/2011 11:34,8/22/2011 13:20,11
16013,9/30/2011 12:40,9/2/2011 11:34,28
16013,10/3/2011 14:18,9/30/2011 12:40,3
16013,10/3/2011 14:20,10/3/2011 14:18,0
16013,10/26/2011 10:02,10/3/2011 14:20,23
16013,10/26/2011 10:03,10/26/2011 10:02,0
16013,10/26/2011 12:11,10/26/2011 10:03,0
16013,10/26/2011 12:22,10/26/2011 12:11,0
16013,11/21/2011 12:19,10/26/2011 12:22,26
16013,11/21/2011 12:20,11/21/2011 12:19,0
16013,11/21/2011 12:21,11/21/2011 12:20,0
16013,12/2/2011 11:53,11/21/2011 12:21,11
16013,12/6/2011 10:36,12/2/2011 11:53,4
16014,2/21/2011 17:42,NULL,NULL
16014,7/10/2011 16:29,2/21/2011 17:42,139
16014,11/2/2011 12:04,7/10/2011 16:29,115
16015,10/21/2011 12:56,NULL,NULL
16015,11/13/2011 11:55,10/21/2011 12:56,23
16015,12/6/2011 10:58,11/13/2011 11:55,23
16016,12/8/2010 12:36,NULL,NULL
16016,4/27/2011 13:06,12/8/2010 12:36,140
16016,4/27/2011 13:31,4/27/2011 13:06,0
16016,5/27/2011 13:53,4/27/2011 13:31,30
16016,9/21/2011 12:46,5/27/2011 13:53,117
16016,11/3/2011 19:28,9/21/2011 12:46,43
16016,11/24/2011 19:07,11/3/2011 19:28,21
16016,12/6/2011 14:35,11/24/2011 19:07,12
16017,10/23/2011 12:56,NULL,NULL
16018,6/12/2011 13:52,NULL,NULL
16018,10/31/2011 14:13,6/12/2011 13:52,141
16019,12/10/2010 12:29,NULL,NULL
16019,1/7/2011 10:00,12/10/2010 12:29,28
16019,1/28/2011 13:18,1/7/2011 10:00,21
16019,2/16/2011 10:04,1/28/2011 13:18,19
16019,3/30/2011 12:34,2/16/2011 10:04,42
16019,4/21/2011 15:16,3/30/2011 12:34,22
16019,7/26/2011 14:03,4/21/2011 15:16,96
16019,10/18/2011 10:16,7/26/2011 14:03,84
16019,10/24/2011 11:51,10/18/2011 10:16,6
16020,10/5/2011 13:54,NULL,NULL
16020,11/23/2011 11:18,10/5/2011 13:54,49
16020,11/23/2011 11:18,11/23/2011 11:18,0
16022,3/24/2011 13:16,NULL,NULL
16023,3/18/2011 13:32,NULL,NULL
16023,5/31/2011 14:19,3/18/2011 13:32,74
16023,10/24/2011 16:34,5/31/2011 14:19,146
16024,11/27/2011 13:26,NULL,NULL
16025,11/10/2011 11:45,NULL,NULL
16026,10/27/2011 13:53,NULL,NULL
16027,2/10/2011 12:19,NULL,NULL
16027,2/28/2011 15:04,2/10/2011 12:19,18
16027,5/5/2011 10:51,2/28/2011 15:04,66
16027,6/16/2011 15:47,5/5/2011 10:51,42
16027,7/25/2011 13:16,6/16/2011 15:47,39
16027,9/9/2011 10:47,7/25/2011 13:16,46
16029,12/1/2010 9:57,NULL,NULL
16029,12/1/2010 9:58,12/1/2010 9:57,0
16029,12/2/2010 17:40,12/1/2010 9:58,1
16029,12/16/2010 10:35,12/2/2010 17:40,14
16029,12/16/2010 10:37,12/16/2010 10:35,0
16029,12/21/2010 10:41,12/16/2010 10:37,5
16029,1/4/2011 13:47,12/21/2010 10:41,14
16029,1/13/2011 14:34,1/4/2011 13:47,9
16029,1/20/2011 10:18,1/13/2011 14:34,7
16029,1/20/2011 10:18,1/20/2011 10:18,0
16029,1/25/2011 9:31,1/20/2011 10:18,5
16029,2/4/2011 14:23,1/25/2011 9:31,10
16029,2/4/2011 14:25,2/4/2011 14:23,0
16029,2/11/2011 11:22,2/4/2011 14:25,7
16029,2/21/2011 10:07,2/11/2011 11:22,10
16029,3/16/2011 11:47,2/21/2011 10:07,23
16029,3/16/2011 11:49,3/16/2011 11:47,0
16029,3/21/2011 10:34,3/16/2011 11:49,5
16029,3/25/2011 10:49,3/21/2011 10:34,4
16029,3/25/2011 10:50,3/25/2011 10:49,0
16029,3/25/2011 10:51,3/25/2011 10:50,0
16029,4/11/2011 10:25,3/25/2011 10:51,17
16029,4/27/2011 10:04,4/11/2011 10:25,16
16029,5/3/2011 13:46,4/27/2011 10:04,6
16029,5/11/2011 12:14,5/3/2011 13:46,8
16029,5/11/2011 12:15,5/11/2011 12:14,0
16029,5/17/2011 11:14,5/11/2011 12:15,6
16029,5/17/2011 11:15,5/17/2011 11:14,0
16029,5/24/2011 10:21,5/17/2011 11:15,7
16029,6/6/2011 9:12,5/24/2011 10:21,13
16029,6/10/2011 11:52,6/6/2011 9:12,4
16029,6/27/2011 12:23,6/10/2011 11:52,17
16029,6/27/2011 12:25,6/27/2011 12:23,0
16029,6/28/2011 15:14,6/27/2011 12:25,1
16029,6/28/2011 15:15,6/28/2011 15:14,0
16029,7/6/2011 11:02,6/28/2011 15:15,8
16029,7/8/2011 11:41,7/6/2011 11:02,2
16029,7/28/2011 15:15,7/8/2011 11:41,20
16029,7/28/2011 15:19,7/28/2011 15:15,0
16029,8/5/2011 11:16,7/28/2011 15:19,8
16029,8/5/2011 11:17,8/5/2011 11:16,0
16029,8/5/2011 11:19,8/5/2011 11:17,0
16029,8/5/2011 11:21,8/5/2011 11:19,0
16029,8/17/2011 14:02,8/5/2011 11:21,12
16029,8/17/2011 14:03,8/17/2011 14:02,0
16029,8/24/2011 13:33,8/17/2011 14:03,7
16029,9/5/2011 13:53,8/24/2011 13:33,12
16029,9/5/2011 13:54,9/5/2011 13:53,0
16029,9/5/2011 13:54,9/5/2011 13:54,0
16029,9/7/2011 9:33,9/5/2011 13:54,2
16029,9/7/2011 9:40,9/7/2011 9:33,0
16029,9/7/2011 9:45,9/7/2011 9:40,0
16029,9/20/2011 12:14,9/7/2011 9:45,13
16029,9/20/2011 12:16,9/20/2011 12:14,0
16029,10/5/2011 12:42,9/20/2011 12:16,15
16029,10/7/2011 11:51,10/5/2011 12:42,2
16029,10/7/2011 11:56,10/7/2011 11:51,0
16029,10/7/2011 12:05,10/7/2011 11:56,0
16029,10/10/2011 12:25,10/7/2011 12:05,3
16029,10/11/2011 10:46,10/10/2011 12:25,1
16029,10/11/2011 11:15,10/11/2011 10:46,0
16029,10/26/2011 13:34,10/11/2011 11:15,15
16029,11/1/2011 10:27,10/26/2011 13:34,6
16030,2/3/2011 11:28,NULL,NULL
16031,4/6/2011 14:23,NULL,NULL
16031,9/8/2011 13:07,4/6/2011 14:23,155
16033,12/5/2010 10:36,NULL,NULL
16033,12/14/2010 13:18,12/5/2010 10:36,9
16033,1/5/2011 12:54,12/14/2010 13:18,22
16033,1/17/2011 16:23,1/5/2011 12:54,12
16033,2/7/2011 13:50,1/17/2011 16:23,21
16033,3/6/2011 12:42,2/7/2011 13:50,27
16033,4/18/2011 12:36,3/6/2011 12:42,43
16033,4/18/2011 14:12,4/18/2011 12:36,0
16033,4/18/2011 14:37,4/18/2011 14:12,0
16033,5/12/2011 12:01,4/18/2011 14:37,24
16033,5/23/2011 12:32,5/12/2011 12:01,11
16033,6/27/2011 12:38,5/23/2011 12:32,35
16033,7/11/2011 14:43,6/27/2011 12:38,14
16033,7/25/2011 13:45,7/11/2011 14:43,14
16033,8/16/2011 13:50,7/25/2011 13:45,22
16033,8/23/2011 14:19,8/16/2011 13:50,7
16033,9/18/2011 15:41,8/23/2011 14:19,26
16033,10/4/2011 14:41,9/18/2011 15:41,16
16033,11/6/2011 13:53,10/4/2011 14:41,33
16033,12/4/2011 12:44,11/6/2011 13:53,28
16034,1/11/2011 11:54,NULL,NULL
16034,5/15/2011 15:14,1/11/2011 11:54,124
16034,5/27/2011 16:17,5/15/2011 15:14,12
16036,3/21/2011 13:01,NULL,NULL
16036,9/13/2011 14:53,3/21/2011 13:01,176
16037,12/16/2010 10:18,NULL,NULL
16037,2/8/2011 12:14,12/16/2010 10:18,54
16037,3/15/2011 9:13,2/8/2011 12:14,35
16038,5/22/2011 11:29,NULL,NULL
16038,6/15/2011 13:50,5/22/2011 11:29,24
16038,12/2/2011 12:40,6/15/2011 13:50,170
16040,3/16/2011 9:58,NULL,NULL
16040,7/14/2011 16:12,3/16/2011 9:58,120
16040,10/5/2011 13:47,7/14/2011 16:12,83
16041,7/21/2011 16:27,NULL,NULL
16041,7/21/2011 16:28,7/21/2011 16:27,0
16041,11/9/2011 12:25,7/21/2011 16:28,111
16042,1/11/2011 13:25,NULL,NULL
16042,8/24/2011 12:04,1/11/2011 13:25,225
16042,10/13/2011 13:42,8/24/2011 12:04,50
16042,10/13/2011 13:43,10/13/2011 13:42,0
16042,11/17/2011 17:50,10/13/2011 13:43,35
16043,1/26/2011 11:14,NULL,NULL
16043,4/7/2011 11:47,1/26/2011 11:14,71
16043,5/12/2011 13:43,4/7/2011 11:47,35
16043,11/2/2011 12:50,5/12/2011 13:43,174
16045,2/22/2011 14:55,NULL,NULL
16045,4/8/2011 10:32,2/22/2011 14:55,45
16045,6/30/2011 16:22,4/8/2011 10:32,83
16045,8/12/2011 12:41,6/30/2011 16:22,43
16048,12/1/2010 15:27,NULL,NULL
16048,12/1/2010 15:28,12/1/2010 15:27,0
16049,9/25/2011 14:33,NULL,NULL
16049,10/28/2011 16:10,9/25/2011 14:33,33
16049,10/30/2011 13:19,10/28/2011 16:10,2
16050,6/19/2011 11:44,NULL,NULL
16052,10/16/2011 15:13,NULL,NULL
16053,8/9/2011 14:57,NULL,NULL
16053,11/7/2011 11:21,8/9/2011 14:57,90
16054,7/17/2011 13:08,NULL,NULL
16055,5/3/2011 9:26,NULL,NULL
16056,10/25/2011 15:19,NULL,NULL
16057,2/28/2011 10:35,NULL,NULL
16057,5/12/2011 13:05,2/28/2011 10:35,73
16057,5/12/2011 13:10,5/12/2011 13:05,0
16057,9/4/2011 15:19,5/12/2011 13:10,115
16057,9/4/2011 15:21,9/4/2011 15:19,0
16057,9/4/2011 15:21,9/4/2011 15:21,0
16057,11/23/2011 15:23,9/4/2011 15:21,80
16059,12/7/2010 10:36,NULL,NULL
16059,1/16/2011 15:44,12/7/2010 10:36,40
16059,3/30/2011 12:12,1/16/2011 15:44,73
16059,6/29/2011 10:50,3/30/2011 12:12,91
16059,9/29/2011 11:35,6/29/2011 10:50,92
16059,10/5/2011 9:56,9/29/2011 11:35,6
16062,12/10/2010 12:00,NULL,NULL
16062,4/12/2011 15:08,12/10/2010 12:00,123
16062,7/29/2011 12:50,4/12/2011 15:08,108
16062,11/30/2011 12:15,7/29/2011 12:50,124
16063,3/24/2011 14:55,NULL,NULL
16065,12/9/2010 13:03,NULL,NULL
16066,8/7/2011 14:33,NULL,NULL
16066,10/9/2011 11:53,8/7/2011 14:33,63
16066,10/23/2011 10:56,10/9/2011 11:53,14
16066,11/8/2011 11:51,10/23/2011 10:56,16
16066,11/23/2011 11:54,11/8/2011 11:51,15
16070,11/7/2011 16:36,NULL,NULL
16070,11/17/2011 15:50,11/7/2011 16:36,10
16071,10/26/2011 11:14,NULL,NULL
16072,2/24/2011 14:32,NULL,NULL
16073,2/15/2011 15:41,NULL,NULL
16076,5/15/2011 12:31,NULL,NULL
16076,7/28/2011 12:28,5/15/2011 12:31,74
16076,8/11/2011 14:39,7/28/2011 12:28,14
16076,9/8/2011 11:48,8/11/2011 14:39,28
16076,9/8/2011 12:04,9/8/2011 11:48,0
16076,9/21/2011 11:40,9/8/2011 12:04,13
16076,10/11/2011 12:05,9/21/2011 11:40,20
16076,10/17/2011 13:23,10/11/2011 12:05,6
16076,11/17/2011 17:16,10/17/2011 13:23,31
16076,12/6/2011 14:59,11/17/2011 17:16,19
16078,3/1/2011 9:47,NULL,NULL
16079,10/30/2011 13:06,NULL,NULL
16079,11/16/2011 9:34,10/30/2011 13:06,17
16079,11/23/2011 12:48,11/16/2011 9:34,7
16080,3/10/2011 14:44,NULL,NULL
16080,9/19/2011 10:42,3/10/2011 14:44,193
16081,12/8/2010 11:16,NULL,NULL
16081,3/25/2011 15:24,12/8/2010 11:16,107
16081,6/7/2011 13:31,3/25/2011 15:24,74
16081,9/13/2011 13:47,6/7/2011 13:31,98
16081,10/14/2011 13:06,9/13/2011 13:47,31
16083,12/14/2010 11:51,NULL,NULL
16083,8/31/2011 10:47,12/14/2010 11:51,260
16084,2/13/2011 16:05,NULL,NULL
16085,1/23/2011 12:07,NULL,NULL
16085,4/17/2011 12:25,1/23/2011 12:07,84
16085,9/21/2011 15:39,4/17/2011 12:25,157
16085,10/12/2011 17:19,9/21/2011 15:39,21
16085,11/16/2011 13:24,10/12/2011 17:19,35
16086,12/7/2010 13:45,NULL,NULL
16086,2/24/2011 11:15,12/7/2010 13:45,79
16086,5/23/2011 15:29,2/24/2011 11:15,88
16086,9/2/2011 13:22,5/23/2011 15:29,102
16086,10/11/2011 13:09,9/2/2011 13:22,39
16091,5/25/2011 9:18,NULL,NULL
16091,7/8/2011 8:45,5/25/2011 9:18,44
16092,3/30/2011 15:38,NULL,NULL
16092,5/26/2011 15:30,3/30/2011 15:38,57
16092,8/17/2011 10:46,5/26/2011 15:30,83
16093,8/25/2011 11:09,NULL,NULL
16094,5/4/2011 13:57,NULL,NULL
16094,11/10/2011 16:51,5/4/2011 13:57,190
16094,11/10/2011 16:51,11/10/2011 16:51,0
16094,11/28/2011 12:45,11/10/2011 16:51,18
16096,3/20/2011 13:38,NULL,NULL
16097,4/13/2011 13:47,NULL,NULL
16098,12/1/2010 9:45,NULL,NULL
16098,2/14/2011 9:33,12/1/2010 9:45,75
16098,4/19/2011 16:30,2/14/2011 9:33,64
16098,6/7/2011 16:21,4/19/2011 16:30,49
16098,7/5/2011 10:39,6/7/2011 16:21,28
16098,8/3/2011 17:05,7/5/2011 10:39,29
16098,9/13/2011 9:59,8/3/2011 17:05,41
16099,4/28/2011 8:34,NULL,NULL
16099,7/25/2011 10:28,4/28/2011 8:34,88
16099,10/20/2011 13:13,7/25/2011 10:28,87
16101,9/30/2011 10:18,NULL,NULL
16102,8/3/2011 12:50,NULL,NULL
16102,9/2/2011 11:54,8/3/2011 12:50,30
16102,10/28/2011 13:19,9/2/2011 11:54,56
16103,4/20/2011 12:28,NULL,NULL
16103,4/27/2011 9:21,4/20/2011 12:28,7
16103,6/6/2011 11:55,4/27/2011 9:21,40
16103,7/5/2011 10:54,6/6/2011 11:55,29
16103,9/21/2011 11:55,7/5/2011 10:54,78
16103,12/2/2011 14:16,9/21/2011 11:55,72
16104,10/9/2011 10:23,NULL,NULL
16105,4/5/2011 10:13,NULL,NULL
16106,10/5/2011 10:37,NULL,NULL
16107,6/9/2011 18:42,NULL,NULL
16107,7/22/2011 12:41,6/9/2011 18:42,43
16107,8/28/2011 14:53,7/22/2011 12:41,37
16107,9/11/2011 12:03,8/28/2011 14:53,14
16107,10/28/2011 13:22,9/11/2011 12:03,47
16107,11/11/2011 12:41,10/28/2011 13:22,14
16107,11/22/2011 9:40,11/11/2011 12:41,11
16108,9/16/2011 11:48,NULL,NULL
16109,2/4/2011 12:37,NULL,NULL
16109,5/5/2011 9:17,2/4/2011 12:37,90
16110,2/1/2011 14:01,NULL,NULL
16110,3/22/2011 13:54,2/1/2011 14:01,49
16110,10/25/2011 14:35,3/22/2011 13:54,217
16112,1/5/2011 11:47,NULL,NULL
16112,1/10/2011 16:29,1/5/2011 11:47,5
16112,7/7/2011 15:47,1/10/2011 16:29,178
16112,7/19/2011 14:28,7/7/2011 15:47,12
16113,6/9/2011 16:16,NULL,NULL
16114,6/22/2011 10:13,NULL,NULL
16115,2/20/2011 12:14,NULL,NULL
16115,3/20/2011 13:58,2/20/2011 12:14,28
16115,5/11/2011 12:23,3/20/2011 13:58,52
16115,6/12/2011 13:00,5/11/2011 12:23,32
16115,8/14/2011 12:55,6/12/2011 13:00,63
16115,9/28/2011 14:26,8/14/2011 12:55,45
16115,10/30/2011 12:39,9/28/2011 14:26,32
16115,11/30/2011 11:32,10/30/2011 12:39,31
16116,5/12/2011 12:01,NULL,NULL
16117,6/3/2011 11:42,NULL,NULL
16119,9/28/2011 10:15,NULL,NULL
16119,12/1/2011 15:11,9/28/2011 10:15,64
16120,10/11/2011 14:10,NULL,NULL
16120,10/11/2011 14:17,10/11/2011 14:10,0
16120,10/11/2011 14:19,10/11/2011 14:17,0
16120,10/11/2011 14:22,10/11/2011 14:19,0
16121,5/8/2011 11:52,NULL,NULL
16121,10/13/2011 12:59,5/8/2011 11:52,158
16122,12/8/2010 11:41,NULL,NULL
16122,1/11/2011 10:19,12/8/2010 11:41,34
16122,8/19/2011 10:18,1/11/2011 10:19,220
16122,9/27/2011 15:34,8/19/2011 10:18,39
16123,10/19/2011 9:18,NULL,NULL
16124,1/26/2011 14:45,NULL,NULL
16125,12/7/2010 15:48,NULL,NULL
16126,2/16/2011 11:18,NULL,NULL
16126,6/8/2011 14:57,2/16/2011 11:18,112
16126,8/30/2011 10:07,6/8/2011 14:57,83
16126,11/10/2011 16:03,8/30/2011 10:07,72
16127,10/31/2011 13:58,NULL,NULL
16128,3/2/2011 12:21,NULL,NULL
16128,7/19/2011 12:19,3/2/2011 12:21,139
16128,9/23/2011 14:17,7/19/2011 12:19,66
16128,11/3/2011 10:27,9/23/2011 14:17,41
16128,11/22/2011 11:14,11/3/2011 10:27,19
16131,4/14/2011 8:32,NULL,NULL
16131,5/16/2011 16:44,4/14/2011 8:32,32
16131,8/16/2011 12:29,5/16/2011 16:44,92
16131,8/16/2011 12:32,8/16/2011 12:29,0
16131,10/19/2011 11:53,8/16/2011 12:32,64
16131,10/19/2011 11:53,10/19/2011 11:53,0
16133,1/25/2011 15:55,NULL,NULL
16133,2/25/2011 8:14,1/25/2011 15:55,31
16133,4/8/2011 8:39,2/25/2011 8:14,42
16133,4/11/2011 11:23,4/8/2011 8:39,3
16133,4/21/2011 9:36,4/11/2011 11:23,10
16133,5/3/2011 10:42,4/21/2011 9:36,12
16133,5/3/2011 10:43,5/3/2011 10:42,0
16133,5/19/2011 9:38,5/3/2011 10:43,16
16133,5/25/2011 12:28,5/19/2011 9:38,6
16133,5/25/2011 12:46,5/25/2011 12:28,0
16133,5/27/2011 12:23,5/25/2011 12:46,2
16133,6/7/2011 12:01,5/27/2011 12:23,11
16133,7/20/2011 10:51,6/7/2011 12:01,43
16133,7/26/2011 15:37,7/20/2011 10:51,6
16133,8/1/2011 13:44,7/26/2011 15:37,6
16133,8/2/2011 12:55,8/1/2011 13:44,1
16133,8/10/2011 10:15,8/2/2011 12:55,8
16133,8/11/2011 10:53,8/10/2011 10:15,1
16133,8/16/2011 8:58,8/11/2011 10:53,5
16133,8/17/2011 10:27,8/16/2011 8:58,1
16133,8/23/2011 10:36,8/17/2011 10:27,6
16133,8/23/2011 14:00,8/23/2011 10:36,0
16133,8/30/2011 13:47,8/23/2011 14:00,7
16133,9/25/2011 12:22,8/30/2011 13:47,26
16133,9/30/2011 12:30,9/25/2011 12:22,5
16133,10/10/2011 14:57,9/30/2011 12:30,10
16133,10/17/2011 15:19,10/10/2011 14:57,7
16133,10/31/2011 9:58,10/17/2011 15:19,14
16133,11/11/2011 15:13,10/31/2011 9:58,11
16133,11/23/2011 9:02,11/11/2011 15:13,12
16133,12/2/2011 13:15,11/23/2011 9:02,9
16133,12/2/2011 13:20,12/2/2011 13:15,0
16133,12/6/2011 11:24,12/2/2011 13:20,4
16134,12/15/2010 14:00,NULL,NULL
16134,11/18/2011 10:05,12/15/2010 14:00,338
16135,3/22/2011 12:30,NULL,NULL
16136,3/7/2011 9:52,NULL,NULL
16136,9/23/2011 9:00,3/7/2011 9:52,200
16136,10/11/2011 9:10,9/23/2011 9:00,18
16139,5/17/2011 10:23,NULL,NULL
16139,8/19/2011 14:49,5/17/2011 10:23,94
16139,11/21/2011 8:37,8/19/2011 14:49,94
16140,12/3/2010 14:40,NULL,NULL
16140,10/5/2011 12:15,12/3/2010 14:40,306
16141,9/12/2011 13:11,NULL,NULL
16142,4/4/2011 10:16,NULL,NULL
16143,12/5/2010 15:18,NULL,NULL
16143,12/20/2010 12:51,12/5/2010 15:18,15
16143,2/9/2011 13:57,12/20/2010 12:51,51
16143,5/11/2011 8:32,2/9/2011 13:57,91
16143,8/23/2011 16:01,5/11/2011 8:32,104
16143,12/6/2011 14:13,8/23/2011 16:01,105
16144,4/7/2011 10:09,NULL,NULL
16145,12/15/2010 9:09,NULL,NULL
16145,1/5/2011 10:35,12/15/2010 9:09,21
16145,2/23/2011 13:48,1/5/2011 10:35,49
16145,4/27/2011 14:58,2/23/2011 13:48,63
16145,6/16/2011 9:46,4/27/2011 14:58,50
16145,7/12/2011 10:54,6/16/2011 9:46,26
16145,8/8/2011 9:22,7/12/2011 10:54,27
16145,9/1/2011 10:11,8/8/2011 9:22,24
16145,9/27/2011 10:26,9/1/2011 10:11,26
16145,10/30/2011 13:17,9/27/2011 10:26,33
16145,12/1/2011 10:33,10/30/2011 13:17,32
16146,4/21/2011 15:25,NULL,NULL
16146,5/20/2011 8:39,4/21/2011 15:25,29
16146,7/5/2011 14:20,5/20/2011 8:39,46
16147,7/29/2011 9:57,NULL,NULL
16148,2/16/2011 14:01,NULL,NULL
16149,7/20/2011 14:54,NULL,NULL
16149,12/5/2011 11:29,7/20/2011 14:54,138
16150,12/2/2010 18:27,NULL,NULL
16150,3/14/2011 13:56,12/2/2010 18:27,102
16150,8/3/2011 9:06,3/14/2011 13:56,142
16150,9/12/2011 9:43,8/3/2011 9:06,40
16150,10/28/2011 12:39,9/12/2011 9:43,46
16152,3/16/2011 9:47,NULL,NULL
16153,12/20/2010 9:22,NULL,NULL
16153,5/6/2011 10:16,12/20/2010 9:22,137
16153,6/7/2011 9:19,5/6/2011 10:16,32
16153,8/16/2011 9:34,6/7/2011 9:19,70
16153,10/21/2011 10:50,8/16/2011 9:34,66
16156,2/2/2011 12:02,NULL,NULL
16156,3/15/2011 9:32,2/2/2011 12:02,41
16156,5/17/2011 16:32,3/15/2011 9:32,63
16156,7/7/2011 15:45,5/17/2011 16:32,51
16156,7/11/2011 10:24,7/7/2011 15:45,4
16156,9/15/2011 14:58,7/11/2011 10:24,66
16156,10/21/2011 8:57,9/15/2011 14:58,36
16156,11/15/2011 17:14,10/21/2011 8:57,25
16156,12/1/2011 12:42,11/15/2011 17:14,16
16157,9/28/2011 11:48,NULL,NULL
16157,11/16/2011 11:31,9/28/2011 11:48,49
16157,11/24/2011 11:41,11/16/2011 11:31,8
16159,3/3/2011 12:27,NULL,NULL
16160,9/15/2011 10:53,NULL,NULL
16160,10/5/2011 14:19,9/15/2011 10:53,20
16161,12/6/2010 10:03,NULL,NULL
16161,12/14/2010 17:22,12/6/2010 10:03,8
16161,12/15/2010 14:29,12/14/2010 17:22,1
16161,1/13/2011 10:39,12/15/2010 14:29,29
16161,2/1/2011 16:03,1/13/2011 10:39,19
16161,2/10/2011 17:40,2/1/2011 16:03,9
16161,2/22/2011 15:22,2/10/2011 17:40,12
16161,4/6/2011 9:11,2/22/2011 15:22,43
16161,5/13/2011 10:41,4/6/2011 9:11,37
16161,5/25/2011 17:12,5/13/2011 10:41,12
16161,6/23/2011 19:27,5/25/2011 17:12,29
16161,7/22/2011 15:02,6/23/2011 19:27,29
16161,9/13/2011 12:37,7/22/2011 15:02,53
16161,9/22/2011 14:53,9/13/2011 12:37,9
16161,10/11/2011 16:50,9/22/2011 14:53,19
16161,11/14/2011 15:10,10/11/2011 16:50,34
16161,11/17/2011 12:54,11/14/2011 15:10,3
16161,11/25/2011 12:17,11/17/2011 12:54,8
16161,12/8/2011 12:10,11/25/2011 12:17,13
16162,4/1/2011 15:03,NULL,NULL
16163,12/9/2010 16:28,NULL,NULL
16163,4/21/2011 15:15,12/9/2010 16:28,133
16164,10/28/2011 9:12,NULL,NULL
16164,11/15/2011 10:41,10/28/2011 9:12,18
16164,11/22/2011 15:04,11/15/2011 10:41,7
16168,12/5/2010 11:38,NULL,NULL
16168,1/24/2011 14:39,12/5/2010 11:38,50
16168,3/15/2011 12:06,1/24/2011 14:39,50
16168,4/11/2011 12:45,3/15/2011 12:06,27
16168,4/12/2011 14:58,4/11/2011 12:45,1
16168,4/26/2011 13:37,4/12/2011 14:58,14
16168,5/8/2011 10:21,4/26/2011 13:37,12
16168,5/15/2011 11:43,5/8/2011 10:21,7
16168,5/31/2011 10:43,5/15/2011 11:43,16
16168,6/6/2011 14:32,5/31/2011 10:43,6
16168,7/12/2011 15:15,6/6/2011 14:32,36
16168,7/17/2011 14:32,7/12/2011 15:15,5
16168,8/3/2011 10:56,7/17/2011 14:32,17
16168,8/16/2011 14:55,8/3/2011 10:56,13
16168,8/16/2011 14:55,8/16/2011 14:55,0
16168,8/28/2011 12:11,8/16/2011 14:55,12
16168,9/1/2011 15:08,8/28/2011 12:11,4
16168,9/6/2011 11:53,9/1/2011 15:08,5
16168,9/26/2011 9:28,9/6/2011 11:53,20
16168,10/14/2011 10:28,9/26/2011 9:28,18
16168,11/6/2011 12:09,10/14/2011 10:28,23
16168,11/6/2011 12:10,11/6/2011 12:09,0
16168,11/9/2011 15:51,11/6/2011 12:10,3
16168,11/15/2011 10:38,11/9/2011 15:51,6
16168,11/21/2011 15:42,11/15/2011 10:38,6
16168,11/23/2011 11:43,11/21/2011 15:42,2
16168,11/29/2011 12:45,11/23/2011 11:43,6
16169,9/25/2011 11:33,NULL,NULL
16169,10/31/2011 12:21,9/25/2011 11:33,36
16169,11/10/2011 15:23,10/31/2011 12:21,10
16169,12/1/2011 15:28,11/10/2011 15:23,21
16170,4/5/2011 13:42,NULL,NULL
16170,4/19/2011 9:43,4/5/2011 13:42,14
16170,6/9/2011 12:40,4/19/2011 9:43,51
16170,7/28/2011 10:14,6/9/2011 12:40,49
16170,8/19/2011 10:06,7/28/2011 10:14,22
16170,10/20/2011 8:21,8/19/2011 10:06,62
16171,10/11/2011 14:51,NULL,NULL
16172,4/12/2011 12:02,NULL,NULL
16172,6/17/2011 11:38,4/12/2011 12:02,66
16172,8/1/2011 15:37,6/17/2011 11:38,45
16172,9/5/2011 13:22,8/1/2011 15:37,35
16172,9/5/2011 13:22,9/5/2011 13:22,0
16173,9/2/2011 15:23,NULL,NULL
16173,9/9/2011 9:03,9/2/2011 15:23,7
16173,9/22/2011 17:56,9/9/2011 9:03,13
16173,10/26/2011 10:24,9/22/2011 17:56,34
16173,11/1/2011 13:39,10/26/2011 10:24,6
16173,11/24/2011 10:53,11/1/2011 13:39,23
16174,7/11/2011 9:23,NULL,NULL
16174,7/28/2011 9:21,7/11/2011 9:23,17
16174,8/5/2011 13:26,7/28/2011 9:21,8
16175,4/13/2011 14:38,NULL,NULL
16175,5/19/2011 10:25,4/13/2011 14:38,36
16175,6/23/2011 18:59,5/19/2011 10:25,35
16175,9/6/2011 14:32,6/23/2011 18:59,75
16177,10/20/2011 12:57,NULL,NULL
16178,7/24/2011 16:05,NULL,NULL
16179,10/10/2011 9:41,NULL,NULL
16180,4/1/2011 10:23,NULL,NULL
16180,4/19/2011 12:26,4/1/2011 10:23,18
16180,5/13/2011 11:53,4/19/2011 12:26,24
16180,5/13/2011 11:54,5/13/2011 11:53,0
16180,6/22/2011 10:15,5/13/2011 11:54,40
16180,7/17/2011 11:21,6/22/2011 10:15,25
16180,8/4/2011 13:15,7/17/2011 11:21,18
16180,8/31/2011 16:28,8/4/2011 13:15,27
16181,9/27/2011 13:38,NULL,NULL
16182,2/18/2011 10:11,NULL,NULL
16182,5/20/2011 11:03,2/18/2011 10:11,91
16182,8/1/2011 16:41,5/20/2011 11:03,73
16182,9/28/2011 13:23,8/1/2011 16:41,58
16183,10/3/2011 14:59,NULL,NULL
16184,5/12/2011 13:33,NULL,NULL
16184,6/10/2011 13:59,5/12/2011 13:33,29
16184,7/29/2011 15:46,6/10/2011 13:59,49
16184,8/19/2011 12:13,7/29/2011 15:46,21
16184,8/26/2011 9:55,8/19/2011 12:13,7
16184,10/6/2011 17:43,8/26/2011 9:55,41
16185,4/21/2011 11:59,NULL,NULL
16185,11/23/2011 9:41,4/21/2011 11:59,216
16186,12/2/2010 14:40,NULL,NULL
16186,4/12/2011 10:05,12/2/2010 14:40,131
16186,5/12/2011 13:53,4/12/2011 10:05,30
16186,5/12/2011 13:54,5/12/2011 13:53,0
16186,6/3/2011 16:39,5/12/2011 13:54,22
16186,7/20/2011 13:55,6/3/2011 16:39,47
16186,7/20/2011 13:56,7/20/2011 13:55,0
16186,8/11/2011 17:00,7/20/2011 13:56,22
16186,8/28/2011 12:57,8/11/2011 17:00,17
16186,10/4/2011 11:56,8/28/2011 12:57,37
16186,10/25/2011 11:14,10/4/2011 11:56,21
16186,11/17/2011 12:43,10/25/2011 11:14,23
16187,2/28/2011 13:34,NULL,NULL
16187,2/28/2011 13:35,2/28/2011 13:34,0
16187,4/14/2011 11:48,2/28/2011 13:35,45
16187,4/28/2011 8:57,4/14/2011 11:48,14
16187,4/28/2011 9:02,4/28/2011 8:57,0
16187,5/20/2011 14:06,4/28/2011 9:02,22
16187,5/20/2011 14:07,5/20/2011 14:06,0
16187,6/23/2011 9:38,5/20/2011 14:07,34
16187,8/4/2011 12:14,6/23/2011 9:38,42
16187,8/18/2011 10:31,8/4/2011 12:14,14
16187,9/1/2011 9:19,8/18/2011 10:31,14
16187,9/1/2011 13:53,9/1/2011 9:19,0
16187,9/25/2011 13:16,9/1/2011 13:53,24
16187,10/19/2011 9:59,9/25/2011 13:16,24
16187,11/8/2011 9:50,10/19/2011 9:59,20
16188,4/11/2011 9:44,NULL,NULL
16188,4/27/2011 10:54,4/11/2011 9:44,16
16188,7/21/2011 16:20,4/27/2011 10:54,85
16188,10/26/2011 12:19,7/21/2011 16:20,97
16189,9/15/2011 15:21,NULL,NULL
16189,11/24/2011 11:47,9/15/2011 15:21,70
16190,10/30/2011 15:59,NULL,NULL
16191,12/14/2010 12:38,NULL,NULL
16191,12/14/2010 13:00,12/14/2010 12:38,0
16191,1/7/2011 11:57,12/14/2010 13:00,24
16191,1/7/2011 12:35,1/7/2011 11:57,0
16191,1/31/2011 15:05,1/7/2011 12:35,24
16191,1/31/2011 16:26,1/31/2011 15:05,0
16191,2/11/2011 12:32,1/31/2011 16:26,11
16191,3/22/2011 8:54,2/11/2011 12:32,39
16191,10/18/2011 12:49,3/22/2011 8:54,210
16191,10/19/2011 9:00,10/18/2011 12:49,1
16191,11/16/2011 15:14,10/19/2011 9:00,28
16191,11/28/2011 9:08,11/16/2011 15:14,12
16191,12/7/2011 11:26,11/28/2011 9:08,9
16193,4/17/2011 11:45,NULL,NULL
16198,9/25/2011 14:58,NULL,NULL
16200,6/28/2011 15:47,NULL,NULL
16200,12/5/2011 14:40,6/28/2011 15:47,160
16201,8/22/2011 10:47,NULL,NULL
16201,10/25/2011 15:07,8/22/2011 10:47,64
16201,11/18/2011 17:20,10/25/2011 15:07,24
16201,12/6/2011 16:02,11/18/2011 17:20,18
16202,12/14/2010 10:43,NULL,NULL
16203,12/2/2010 15:39,NULL,NULL
16203,4/26/2011 15:02,12/2/2010 15:39,145
16203,7/15/2011 12:45,4/26/2011 15:02,80
16203,10/12/2011 12:31,7/15/2011 12:45,89
16204,11/16/2011 13:40,NULL,NULL
16205,6/13/2011 11:33,NULL,NULL
16205,10/3/2011 12:04,6/13/2011 11:33,112
16205,11/2/2011 16:37,10/3/2011 12:04,30
16205,11/9/2011 9:32,11/2/2011 16:37,7
16206,1/16/2011 11:07,NULL,NULL
16206,5/15/2011 11:04,1/16/2011 11:07,119
16206,8/7/2011 10:45,5/15/2011 11:04,84
16206,10/16/2011 10:41,8/7/2011 10:45,70
16207,11/14/2011 13:51,NULL,NULL
16208,2/23/2011 13:37,NULL,NULL
16208,10/26/2011 11:36,2/23/2011 13:37,245
16209,4/7/2011 12:23,NULL,NULL
16209,6/6/2011 11:36,4/7/2011 12:23,60
16209,6/13/2011 13:41,6/6/2011 11:36,7
16209,8/12/2011 14:25,6/13/2011 13:41,60
16209,9/12/2011 11:58,8/12/2011 14:25,31
16210,12/1/2010 12:27,NULL,NULL
16210,12/6/2010 11:06,12/1/2010 12:27,5
16210,12/13/2010 9:09,12/6/2010 11:06,7
16210,12/16/2010 14:29,12/13/2010 9:09,3
16210,1/21/2011 14:51,12/16/2010 14:29,36
16210,2/3/2011 9:42,1/21/2011 14:51,13
16210,5/3/2011 10:55,2/3/2011 9:42,89
16210,5/3/2011 12:24,5/3/2011 10:55,0
16210,5/10/2011 15:52,5/3/2011 12:24,7
16210,8/15/2011 14:44,5/10/2011 15:52,97
16210,9/2/2011 12:33,8/15/2011 14:44,18
16210,9/14/2011 16:29,9/2/2011 12:33,12
16210,10/7/2011 10:42,9/14/2011 16:29,23
16210,11/2/2011 13:14,10/7/2011 10:42,26
16210,11/9/2011 10:47,11/2/2011 13:14,7
16210,11/25/2011 12:21,11/9/2011 10:47,16
16210,11/30/2011 10:54,11/25/2011 12:21,5
16210,12/8/2011 12:36,11/30/2011 10:54,8
16211,9/12/2011 12:11,NULL,NULL
16212,3/1/2011 12:51,NULL,NULL
16212,11/20/2011 13:00,3/1/2011 12:51,264
16213,9/22/2011 10:03,NULL,NULL
16214,3/15/2011 13:23,NULL,NULL
16214,4/1/2011 10:08,3/15/2011 13:23,17
16214,6/22/2011 11:30,4/1/2011 10:08,82
16215,9/20/2011 10:18,NULL,NULL
16216,3/17/2011 15:34,NULL,NULL
16217,3/2/2011 15:28,NULL,NULL
16217,4/18/2011 13:31,3/2/2011 15:28,47
16218,12/1/2010 11:29,NULL,NULL
16218,3/30/2011 10:34,12/1/2010 11:29,119
16218,5/17/2011 11:07,3/30/2011 10:34,48
16218,5/17/2011 11:09,5/17/2011 11:07,0
16218,7/24/2011 12:33,5/17/2011 11:09,68
16218,8/17/2011 9:16,7/24/2011 12:33,24
16218,11/10/2011 9:59,8/17/2011 9:16,85
16221,12/7/2010 13:13,NULL,NULL
16221,3/9/2011 10:51,12/7/2010 13:13,92
16221,11/3/2011 11:43,3/9/2011 10:51,239
16222,1/25/2011 13:38,NULL,NULL
16224,4/4/2011 12:00,NULL,NULL
16224,4/13/2011 14:17,4/4/2011 12:00,9
16224,7/21/2011 19:17,4/13/2011 14:17,99
16224,10/13/2011 17:51,7/21/2011 19:17,84
16225,3/7/2011 12:17,NULL,NULL
16225,3/7/2011 13:54,3/7/2011 12:17,0
16225,6/16/2011 13:04,3/7/2011 13:54,101
16225,7/13/2011 12:18,6/16/2011 13:04,27
16225,10/26/2011 8:30,7/13/2011 12:18,105
16226,4/18/2011 12:58,NULL,NULL
16226,5/16/2011 11:31,4/18/2011 12:58,28
16226,5/20/2011 14:41,5/16/2011 11:31,4
16227,4/28/2011 13:33,NULL,NULL
16229,5/11/2011 10:18,NULL,NULL
16229,9/13/2011 17:16,5/11/2011 10:18,125
16230,5/3/2011 15:12,NULL,NULL
16230,6/3/2011 10:06,5/3/2011 15:12,31
16232,5/8/2011 14:05,NULL,NULL
16232,5/8/2011 14:06,5/8/2011 14:05,0
16232,7/19/2011 13:01,5/8/2011 14:06,72
16232,10/27/2011 12:16,7/19/2011 13:01,100
16233,12/8/2010 12:51,NULL,NULL
16233,1/14/2011 10:31,12/8/2010 12:51,37
16233,9/29/2011 17:27,1/14/2011 10:31,258
16235,1/11/2011 15:42,NULL,NULL
16235,2/17/2011 10:51,1/11/2011 15:42,37
16235,6/6/2011 11:26,2/17/2011 10:51,109
16235,9/19/2011 15:04,6/6/2011 11:26,105
16235,10/30/2011 10:56,9/19/2011 15:04,41
16236,9/22/2011 14:10,NULL,NULL
16239,6/3/2011 9:30,NULL,NULL
16239,10/14/2011 8:29,6/3/2011 9:30,133
16240,9/23/2011 13:44,NULL,NULL
16240,11/15/2011 14:30,9/23/2011 13:44,53
16241,12/5/2010 11:04,NULL,NULL
16241,1/4/2011 15:50,12/5/2010 11:04,30
16241,4/6/2011 11:07,1/4/2011 15:50,92
16241,5/11/2011 11:47,4/6/2011 11:07,35
16241,6/15/2011 11:56,5/11/2011 11:47,35
16241,7/24/2011 10:37,6/15/2011 11:56,39
16241,8/10/2011 10:45,7/24/2011 10:37,17
16241,8/17/2011 11:14,8/10/2011 10:45,7
16241,9/4/2011 13:16,8/17/2011 11:14,18
16241,9/4/2011 13:38,9/4/2011 13:16,0
16241,10/12/2011 12:19,9/4/2011 13:38,38
16241,11/7/2011 16:33,10/12/2011 12:19,26
16241,11/30/2011 11:08,11/7/2011 16:33,23
16242,3/7/2011 17:04,NULL,NULL
16242,5/9/2011 15:17,3/7/2011 17:04,63
16242,6/27/2011 14:41,5/9/2011 15:17,49
16242,10/4/2011 14:53,6/27/2011 14:41,99
16242,11/7/2011 15:07,10/4/2011 14:53,34
16242,11/21/2011 14:26,11/7/2011 15:07,14
16242,12/1/2011 15:12,11/21/2011 14:26,10
16243,10/16/2011 12:09,NULL,NULL
16243,11/6/2011 12:32,10/16/2011 12:09,21
16244,12/2/2010 11:41,NULL,NULL
16244,5/12/2011 10:18,12/2/2010 11:41,161
16245,3/28/2011 9:30,NULL,NULL
16245,8/10/2011 9:34,3/28/2011 9:30,135
16245,11/16/2011 10:14,8/10/2011 9:34,98
16247,6/22/2011 14:23,NULL,NULL
16248,10/9/2011 11:32,NULL,NULL
16249,4/14/2011 13:50,NULL,NULL
16249,5/22/2011 14:09,4/14/2011 13:50,38
16249,7/25/2011 12:59,5/22/2011 14:09,64
16249,8/19/2011 11:47,7/25/2011 12:59,25
16249,10/18/2011 10:07,8/19/2011 11:47,60
16250,12/1/2010 9:59,NULL,NULL
16250,3/23/2011 15:07,12/1/2010 9:59,112
16253,3/29/2011 13:33,NULL,NULL
16253,10/4/2011 9:09,3/29/2011 13:33,189
16255,12/9/2010 14:25,NULL,NULL
16255,1/4/2011 11:30,12/9/2010 14:25,26
16255,2/7/2011 14:49,1/4/2011 11:30,34
16255,4/7/2011 13:16,2/7/2011 14:49,59
16255,7/17/2011 12:24,4/7/2011 13:16,101
16255,7/31/2011 12:02,7/17/2011 12:24,14
16255,9/5/2011 10:15,7/31/2011 12:02,36
16255,11/23/2011 12:40,9/5/2011 10:15,79
16256,3/18/2011 12:18,NULL,NULL
16257,6/16/2011 10:11,NULL,NULL
16258,5/4/2011 14:33,NULL,NULL
16258,6/23/2011 11:01,5/4/2011 14:33,50
16258,7/26/2011 11:05,6/23/2011 11:01,33
16258,8/4/2011 14:33,7/26/2011 11:05,9
16258,10/25/2011 13:30,8/4/2011 14:33,82
16260,10/20/2011 9:40,NULL,NULL
16261,4/7/2011 19:05,NULL,NULL
16261,8/18/2011 18:51,4/7/2011 19:05,133
16261,9/25/2011 13:23,8/18/2011 18:51,38
16261,11/22/2011 17:23,9/25/2011 13:23,58
16265,12/10/2010 10:21,NULL,NULL
16265,12/10/2010 10:22,12/10/2010 10:21,0
16265,2/8/2011 12:01,12/10/2010 10:22,60
16265,2/18/2011 13:32,2/8/2011 12:01,10
16265,3/24/2011 9:52,2/18/2011 13:32,34
16265,7/4/2011 11:35,3/24/2011 9:52,102
16265,8/21/2011 12:39,7/4/2011 11:35,48
16265,10/27/2011 14:03,8/21/2011 12:39,67
16265,11/30/2011 16:41,10/27/2011 14:03,34
16266,5/17/2011 14:50,NULL,NULL
16266,5/17/2011 14:54,5/17/2011 14:50,0
16266,5/23/2011 13:12,5/17/2011 14:54,6
16266,6/16/2011 16:39,5/23/2011 13:12,24
16266,7/26/2011 12:36,6/16/2011 16:39,40
16266,8/16/2011 12:00,7/26/2011 12:36,21
16266,9/27/2011 12:08,8/16/2011 12:00,42
16268,9/29/2011 18:30,NULL,NULL
16268,9/29/2011 18:30,9/29/2011 18:30,0
16270,12/21/2010 14:26,NULL,NULL
16271,12/16/2010 16:36,NULL,NULL
16271,7/20/2011 11:22,12/16/2010 16:36,216
16271,8/5/2011 17:43,7/20/2011 11:22,16
16271,11/24/2011 12:12,8/5/2011 17:43,111
16271,12/7/2011 12:45,11/24/2011 12:12,13
16272,8/15/2011 10:53,NULL,NULL
16274,12/1/2010 15:35,NULL,NULL
16275,5/27/2011 12:41,NULL,NULL
16276,6/16/2011 9:34,NULL,NULL
16278,8/31/2011 17:12,NULL,NULL
16279,6/16/2011 11:50,NULL,NULL
16279,9/13/2011 16:26,6/16/2011 11:50,89
16279,11/18/2011 15:00,9/13/2011 16:26,66
16281,9/28/2011 14:57,NULL,NULL
16282,1/4/2011 11:42,NULL,NULL
16283,5/15/2011 13:37,NULL,NULL
16283,7/10/2011 12:17,5/15/2011 13:37,56
16283,8/11/2011 12:00,7/10/2011 12:17,32
16283,10/2/2011 13:49,8/11/2011 12:00,52
16283,12/4/2011 12:08,10/2/2011 13:49,63
16284,10/20/2011 13:54,NULL,NULL
16284,11/8/2011 16:12,10/20/2011 13:54,19
16287,6/23/2011 9:08,NULL,NULL
16292,8/10/2011 12:24,NULL,NULL
16293,12/7/2010 15:02,NULL,NULL
16293,3/15/2011 10:45,12/7/2010 15:02,98
16293,5/16/2011 12:25,3/15/2011 10:45,62
16293,5/16/2011 12:26,5/16/2011 12:25,0
16293,9/9/2011 10:09,5/16/2011 12:26,116
16293,9/9/2011 10:09,9/9/2011 10:09,0
16293,10/21/2011 14:41,9/9/2011 10:09,42
16293,10/21/2011 14:41,10/21/2011 14:41,0
16293,10/21/2011 14:42,10/21/2011 14:41,0
16293,11/18/2011 9:58,10/21/2011 14:42,28
16295,10/6/2011 10:45,NULL,NULL
16295,10/12/2011 13:17,10/6/2011 10:45,6
16295,11/15/2011 13:55,10/12/2011 13:17,34
16295,11/30/2011 8:17,11/15/2011 13:55,15
16297,3/16/2011 8:29,NULL,NULL
16298,6/6/2011 10:06,NULL,NULL
16298,10/19/2011 9:58,6/6/2011 10:06,135
16298,11/17/2011 11:59,10/19/2011 9:58,29
16302,8/5/2011 9:44,NULL,NULL
16303,1/10/2011 14:16,NULL,NULL
16303,8/16/2011 11:04,1/10/2011 14:16,218
16303,11/14/2011 10:49,8/16/2011 11:04,90
16305,7/24/2011 12:18,NULL,NULL
16306,12/7/2010 15:18,NULL,NULL
16306,1/6/2011 17:58,12/7/2010 15:18,30
16306,2/11/2011 10:06,1/6/2011 17:58,36
16306,2/16/2011 11:59,2/11/2011 10:06,5
16306,2/18/2011 15:45,2/16/2011 11:59,2
16306,5/10/2011 12:12,2/18/2011 15:45,81
16308,3/23/2011 14:46,NULL,NULL
16308,5/6/2011 13:03,3/23/2011 14:46,44
16308,8/24/2011 10:52,5/6/2011 13:03,110
16308,11/2/2011 11:24,8/24/2011 10:52,70
16309,4/13/2011 11:46,NULL,NULL
16309,8/25/2011 15:35,4/13/2011 11:46,134
16311,10/21/2011 13:13,NULL,NULL
16311,11/22/2011 8:54,10/21/2011 13:13,32
16313,10/21/2011 9:04,NULL,NULL
16313,12/6/2011 13:02,10/21/2011 9:04,46
16315,1/13/2011 11:57,NULL,NULL
16316,12/16/2010 14:26,NULL,NULL
16316,3/7/2011 11:56,12/16/2010 14:26,81
16316,3/7/2011 12:12,3/7/2011 11:56,0
16316,3/9/2011 12:12,3/7/2011 12:12,2
16316,5/17/2011 10:57,3/9/2011 12:12,69
16316,6/30/2011 14:37,5/17/2011 10:57,44
16316,7/5/2011 14:42,6/30/2011 14:37,5
16316,10/6/2011 13:48,7/5/2011 14:42,93
16317,2/15/2011 14:30,NULL,NULL
16317,7/1/2011 8:16,2/15/2011 14:30,136
16317,8/12/2011 12:46,7/1/2011 8:16,42
16318,11/4/2011 13:05,NULL,NULL
16319,5/6/2011 11:27,NULL,NULL
16320,5/10/2011 15:31,NULL,NULL
16320,6/20/2011 15:25,5/10/2011 15:31,41
16321,1/20/2011 12:11,NULL,NULL
16321,2/7/2011 15:01,1/20/2011 12:11,18
16321,2/7/2011 15:10,2/7/2011 15:01,0
16321,9/28/2011 14:26,2/7/2011 15:10,233
16321,9/28/2011 14:55,9/28/2011 14:26,0
16322,11/3/2011 14:33,NULL,NULL
16322,12/8/2011 15:41,11/3/2011 14:33,35
16323,5/27/2011 14:48,NULL,NULL
16324,6/15/2011 14:26,NULL,NULL
16324,8/3/2011 12:54,6/15/2011 14:26,49
16324,8/3/2011 12:58,8/3/2011 12:54,0
16325,4/8/2011 9:20,NULL,NULL
16325,7/7/2011 13:44,4/8/2011 9:20,90
16325,10/24/2011 8:48,7/7/2011 13:44,109
16326,1/9/2011 12:01,NULL,NULL
16326,1/30/2011 10:33,1/9/2011 12:01,21
16326,5/9/2011 12:30,1/30/2011 10:33,99
16326,6/19/2011 13:26,5/9/2011 12:30,41
16326,6/19/2011 14:40,6/19/2011 13:26,0
16326,7/3/2011 10:28,6/19/2011 14:40,14
16326,8/14/2011 10:38,7/3/2011 10:28,42
16326,9/4/2011 12:09,8/14/2011 10:38,21
16326,9/25/2011 11:21,9/4/2011 12:09,21
16326,10/9/2011 10:29,9/25/2011 11:21,14
16326,10/23/2011 10:46,10/9/2011 10:29,14
16326,11/6/2011 11:21,10/23/2011 10:46,14
16326,11/24/2011 11:57,11/6/2011 11:21,18
16326,12/4/2011 10:11,11/24/2011 11:57,10
16327,12/5/2010 12:43,NULL,NULL
16327,1/28/2011 11:58,12/5/2010 12:43,54
16327,3/14/2011 14:51,1/28/2011 11:58,45
16327,5/24/2011 14:00,3/14/2011 14:51,71
16327,9/20/2011 13:20,5/24/2011 14:00,119
16327,11/25/2011 13:23,9/20/2011 13:20,66
16330,8/19/2011 17:08,NULL,NULL
16330,8/19/2011 17:10,8/19/2011 17:08,0
16330,11/22/2011 12:24,8/19/2011 17:10,95
16332,2/7/2011 14:16,NULL,NULL
16332,7/11/2011 13:47,2/7/2011 14:16,154
16332,8/1/2011 13:29,7/11/2011 13:47,21
16332,9/28/2011 14:43,8/1/2011 13:29,58
16332,10/9/2011 15:01,9/28/2011 14:43,11
16332,10/26/2011 14:54,10/9/2011 15:01,17
16332,11/11/2011 14:22,10/26/2011 14:54,16
16333,2/3/2011 10:50,NULL,NULL
16333,2/14/2011 11:22,2/3/2011 10:50,11
16333,2/21/2011 10:11,2/14/2011 11:22,7
16333,3/4/2011 12:37,2/21/2011 10:11,11
16333,4/1/2011 12:19,3/4/2011 12:37,28
16333,4/1/2011 12:21,4/1/2011 12:19,0
16333,4/1/2011 12:22,4/1/2011 12:21,0
16333,4/1/2011 12:25,4/1/2011 12:22,0
16333,4/1/2011 12:27,4/1/2011 12:25,0
16333,4/1/2011 12:56,4/1/2011 12:27,0
16333,4/13/2011 10:12,4/1/2011 12:56,12
16333,4/13/2011 10:14,4/13/2011 10:12,0
16333,4/27/2011 15:07,4/13/2011 10:14,14
16333,5/31/2011 13:38,4/27/2011 15:07,34
16333,5/31/2011 13:39,5/31/2011 13:38,0
16333,5/31/2011 13:39,5/31/2011 13:39,0
16333,8/8/2011 11:56,5/31/2011 13:39,69
16333,9/2/2011 9:09,8/8/2011 11:56,25
16333,10/4/2011 13:30,9/2/2011 9:09,32
16333,11/3/2011 15:47,10/4/2011 13:30,30
16333,12/2/2011 12:17,11/3/2011 15:47,29
16333,12/2/2011 12:19,12/2/2011 12:17,0
16337,11/3/2011 10:03,NULL,NULL
16338,7/5/2011 13:56,NULL,NULL
16339,2/28/2011 13:41,NULL,NULL
16340,8/24/2011 14:53,NULL,NULL
16341,5/22/2011 13:20,NULL,NULL
16341,9/15/2011 12:03,5/22/2011 13:20,116
16341,11/15/2011 9:11,9/15/2011 12:03,61
16341,11/15/2011 9:12,11/15/2011 9:11,0
16342,6/13/2011 10:10,NULL,NULL
16342,7/17/2011 13:41,6/13/2011 10:10,34
16342,8/24/2011 8:27,7/17/2011 13:41,38
16342,9/25/2011 14:36,8/24/2011 8:27,32
16343,11/23/2011 17:43,NULL,NULL
16343,11/23/2011 17:45,11/23/2011 17:43,0
16344,7/4/2011 15:50,NULL,NULL
16345,10/26/2011 16:03,NULL,NULL
16347,11/3/2011 13:01,NULL,NULL
16347,11/28/2011 13:14,11/3/2011 13:01,25
16348,4/13/2011 15:49,NULL,NULL
16348,4/13/2011 15:55,4/13/2011 15:49,0
16348,6/1/2011 17:42,4/13/2011 15:55,49
16348,8/3/2011 15:28,6/1/2011 17:42,63
16348,9/22/2011 14:29,8/3/2011 15:28,50
16348,11/2/2011 16:29,9/22/2011 14:29,41
16348,11/7/2011 15:44,11/2/2011 16:29,5
16349,2/22/2011 12:40,NULL,NULL
16350,1/10/2011 9:44,NULL,NULL
16350,9/15/2011 18:49,1/10/2011 9:44,248
16350,10/6/2011 9:43,9/15/2011 18:49,21
16350,11/18/2011 15:53,10/6/2011 9:43,43
16351,1/11/2011 10:26,NULL,NULL
16352,11/2/2011 8:44,NULL,NULL
16352,11/22/2011 10:32,11/2/2011 8:44,20
16353,12/5/2010 12:09,NULL,NULL
16353,12/15/2010 12:29,12/5/2010 12:09,10
16353,12/17/2010 13:17,12/15/2010 12:29,2
16353,12/20/2010 14:06,12/17/2010 13:17,3
16353,1/5/2011 12:35,12/20/2010 14:06,16
16353,1/12/2011 10:14,1/5/2011 12:35,7
16353,2/3/2011 18:45,1/12/2011 10:14,22
16353,2/17/2011 19:16,2/3/2011 18:45,14
16353,3/14/2011 12:17,2/17/2011 19:16,25
16353,5/6/2011 10:32,3/14/2011 12:17,53
16353,5/6/2011 10:33,5/6/2011 10:32,0
16353,7/20/2011 12:29,5/6/2011 10:33,75
16353,8/28/2011 13:42,7/20/2011 12:29,39
16353,9/9/2011 12:41,8/28/2011 13:42,12
16353,9/13/2011 11:47,9/9/2011 12:41,4
16353,10/2/2011 10:32,9/13/2011 11:47,19
16353,10/24/2011 14:49,10/2/2011 10:32,22
16353,11/7/2011 14:21,10/24/2011 14:49,14
16353,11/7/2011 14:22,11/7/2011 14:21,0
16353,11/22/2011 10:39,11/7/2011 14:22,15
16353,11/22/2011 10:39,11/22/2011 10:39,0
16353,12/2/2011 12:02,11/22/2011 10:39,10
16353,12/6/2011 12:23,12/2/2011 12:02,4
16354,9/27/2011 16:28,NULL,NULL
16354,10/7/2011 14:28,9/27/2011 16:28,10
16356,3/7/2011 12:31,NULL,NULL
16356,4/26/2011 12:12,3/7/2011 12:31,50
16356,5/26/2011 11:51,4/26/2011 12:12,30
16357,5/10/2011 10:35,NULL,NULL
16357,6/30/2011 16:51,5/10/2011 10:35,51
16357,11/6/2011 16:04,6/30/2011 16:51,129
16358,6/8/2011 15:05,NULL,NULL
16358,9/21/2011 13:48,6/8/2011 15:05,105
16358,10/7/2011 10:50,9/21/2011 13:48,16
16358,12/8/2011 15:09,10/7/2011 10:50,62
16359,1/12/2011 10:49,NULL,NULL
16359,2/10/2011 10:08,1/12/2011 10:49,29
16359,3/10/2011 10:31,2/10/2011 10:08,28
16359,4/10/2011 11:33,3/10/2011 10:31,31
16359,5/9/2011 12:58,4/10/2011 11:33,29
16359,6/16/2011 18:19,5/9/2011 12:58,38
16359,9/6/2011 12:11,6/16/2011 18:19,82
16359,10/5/2011 13:00,9/6/2011 12:11,29
16359,12/2/2011 17:04,10/5/2011 13:00,58
16360,9/12/2011 13:50,NULL,NULL
16360,9/20/2011 13:11,9/12/2011 13:50,8
16360,10/4/2011 12:22,9/20/2011 13:11,14
16360,11/1/2011 12:48,10/4/2011 12:22,28
16360,11/20/2011 11:56,11/1/2011 12:48,19
16360,12/5/2011 12:16,11/20/2011 11:56,15
16361,9/29/2011 13:13,NULL,NULL
16361,10/30/2011 13:17,9/29/2011 13:13,31
16361,11/15/2011 12:25,10/30/2011 13:17,16
16361,11/30/2011 12:32,11/15/2011 12:25,15
16362,9/9/2011 14:47,NULL,NULL
16362,9/9/2011 15:00,9/9/2011 14:47,0
16362,9/9/2011 15:03,9/9/2011 15:00,0
16362,10/11/2011 14:21,9/9/2011 15:03,32
16362,11/7/2011 13:01,10/11/2011 14:21,27
16363,10/17/2011 14:14,NULL,NULL
16364,7/25/2011 14:35,NULL,NULL
16364,11/28/2011 11:27,7/25/2011 14:35,126
16365,12/7/2010 17:19,NULL,NULL
16365,12/15/2010 14:26,12/7/2010 17:19,8
16365,3/31/2011 19:55,12/15/2010 14:26,106
16365,7/12/2011 17:09,3/31/2011 19:55,103
16365,7/12/2011 17:15,7/12/2011 17:09,0
16365,7/22/2011 10:25,7/12/2011 17:15,10
16365,8/8/2011 16:15,7/22/2011 10:25,17
16365,11/2/2011 15:33,8/8/2011 16:15,86
16365,11/22/2011 11:24,11/2/2011 15:33,20
16366,11/21/2011 8:19,NULL,NULL
16367,12/12/2010 12:01,NULL,NULL
16367,11/2/2011 13:13,12/12/2010 12:01,325
16368,11/11/2011 15:08,NULL,NULL
16368,12/7/2011 13:12,11/11/2011 15:08,26
16369,5/27/2011 9:39,NULL,NULL
16369,9/20/2011 11:16,5/27/2011 9:39,116
16369,11/21/2011 16:25,9/20/2011 11:16,62
16370,4/28/2011 16:40,NULL,NULL
16370,6/10/2011 11:44,4/28/2011 16:40,43
16370,8/14/2011 12:56,6/10/2011 11:44,65
16370,9/18/2011 15:55,8/14/2011 12:56,35
16372,11/6/2011 12:50,NULL,NULL
16372,11/6/2011 13:08,11/6/2011 12:50,0
16374,3/22/2011 13:46,NULL,NULL
16374,10/4/2011 15:21,3/22/2011 13:46,196
16376,11/22/2011 16:47,NULL,NULL
16376,12/1/2011 11:38,11/22/2011 16:47,9
16377,3/17/2011 15:41,NULL,NULL
16378,2/2/2011 12:42,NULL,NULL
16378,2/16/2011 10:32,2/2/2011 12:42,14
16378,4/6/2011 15:07,2/16/2011 10:32,49
16379,9/22/2011 9:33,NULL,NULL
16379,11/2/2011 14:04,9/22/2011 9:33,41
16379,11/21/2011 15:27,11/2/2011 14:04,19
16379,12/5/2011 15:38,11/21/2011 15:27,14
16380,10/9/2011 15:40,NULL,NULL
16383,3/16/2011 13:00,NULL,NULL
16383,9/26/2011 12:45,3/16/2011 13:00,194
16384,3/21/2011 10:13,NULL,NULL
16384,9/11/2011 11:19,3/21/2011 10:13,174
16385,12/8/2010 12:56,NULL,NULL
16385,7/4/2011 13:53,12/8/2010 12:56,208
16385,10/10/2011 13:12,7/4/2011 13:53,98
16386,3/31/2011 12:19,NULL,NULL
16386,11/11/2011 12:28,3/31/2011 12:19,225
16387,1/21/2011 11:34,NULL,NULL
16389,3/1/2011 15:47,NULL,NULL
16389,5/18/2011 13:55,3/1/2011 15:47,78
16389,9/22/2011 15:54,5/18/2011 13:55,127
16389,10/17/2011 14:41,9/22/2011 15:54,25
16392,3/15/2011 12:11,NULL,NULL
16393,12/5/2010 13:10,NULL,NULL
16393,12/12/2010 11:54,12/5/2010 13:10,7
16393,2/18/2011 11:56,12/12/2010 11:54,68
16393,4/14/2011 15:26,2/18/2011 11:56,55
16393,5/8/2011 13:07,4/14/2011 15:26,24
16393,6/7/2011 14:03,5/8/2011 13:07,30
16393,7/6/2011 12:18,6/7/2011 14:03,29
16393,7/20/2011 11:54,7/6/2011 12:18,14
16393,9/6/2011 12:56,7/20/2011 11:54,48
16393,10/18/2011 12:43,9/6/2011 12:56,42
16393,11/16/2011 12:03,10/18/2011 12:43,29
16393,11/28/2011 13:58,11/16/2011 12:03,12
16393,12/7/2011 12:51,11/28/2011 13:58,9
16394,2/23/2011 10:58,NULL,NULL
16394,4/5/2011 14:51,2/23/2011 10:58,41
16394,6/21/2011 13:22,4/5/2011 14:51,77
16394,9/28/2011 14:21,6/21/2011 13:22,99
16394,10/14/2011 9:48,9/28/2011 14:21,16
16395,1/13/2011 12:10,NULL,NULL
16395,1/20/2011 10:43,1/13/2011 12:10,7
16395,6/24/2011 15:28,1/20/2011 10:43,155
16395,9/22/2011 11:46,6/24/2011 15:28,90
16395,10/10/2011 12:50,9/22/2011 11:46,18
16398,3/31/2011 9:38,NULL,NULL
16398,7/8/2011 15:16,3/31/2011 9:38,99
16399,4/18/2011 13:46,NULL,NULL
16399,11/20/2011 16:12,4/18/2011 13:46,216
16400,9/6/2011 12:27,NULL,NULL
16401,1/16/2011 10:56,NULL,NULL
16401,2/18/2011 12:56,1/16/2011 10:56,33
16401,3/31/2011 10:07,2/18/2011 12:56,41
16401,5/1/2011 12:35,3/31/2011 10:07,31
16401,5/13/2011 12:44,5/1/2011 12:35,12
16401,6/30/2011 13:28,5/13/2011 12:44,48
16401,7/31/2011 12:16,6/30/2011 13:28,31
16401,9/14/2011 11:50,7/31/2011 12:16,45
16401,10/25/2011 12:56,9/14/2011 11:50,41
16401,11/14/2011 9:12,10/25/2011 12:56,20
16401,11/25/2011 12:57,11/14/2011 9:12,11
16401,12/8/2011 18:15,11/25/2011 12:57,13
16402,12/5/2010 13:42,NULL,NULL
16402,3/20/2011 12:25,12/5/2010 13:42,105
16403,1/31/2011 13:39,NULL,NULL
16404,9/30/2011 14:55,NULL,NULL
16405,2/2/2011 17:08,NULL,NULL
16405,2/10/2011 15:24,2/2/2011 17:08,8
16406,11/21/2011 11:57,NULL,NULL
16407,1/31/2011 14:02,NULL,NULL
16407,2/15/2011 15:00,1/31/2011 14:02,15
16407,2/27/2011 11:05,2/15/2011 15:00,12
16407,4/11/2011 12:59,2/27/2011 11:05,43
16407,5/29/2011 14:28,4/11/2011 12:59,48
16407,7/24/2011 11:25,5/29/2011 14:28,56
16407,8/21/2011 14:00,7/24/2011 11:25,28
16407,8/21/2011 14:00,8/21/2011 14:00,0
16407,9/26/2011 13:21,8/21/2011 14:00,36
16407,11/27/2011 11:05,9/26/2011 13:21,62
16409,1/26/2011 14:51,NULL,NULL
16409,4/11/2011 17:12,1/26/2011 14:51,75
16409,7/12/2011 14:57,4/11/2011 17:12,92
16409,9/13/2011 14:06,7/12/2011 14:57,63
16409,11/3/2011 16:45,9/13/2011 14:06,51
16411,12/5/2010 13:26,NULL,NULL
16411,11/20/2011 13:23,12/5/2010 13:26,350
16412,10/17/2011 12:35,NULL,NULL
16413,10/14/2011 12:08,NULL,NULL
16414,3/4/2011 13:27,NULL,NULL
16414,11/18/2011 9:42,3/4/2011 13:27,259
16415,10/26/2011 13:35,NULL,NULL
16416,10/14/2011 13:35,NULL,NULL
16416,10/27/2011 15:33,10/14/2011 13:35,13
16416,11/13/2011 12:50,10/27/2011 15:33,17
16418,4/27/2011 16:54,NULL,NULL
16418,9/8/2011 10:35,4/27/2011 16:54,134
16418,10/26/2011 12:39,9/8/2011 10:35,48
16419,2/1/2011 12:25,NULL,NULL
16419,3/9/2011 14:49,2/1/2011 12:25,36
16419,6/24/2011 12:00,3/9/2011 14:49,107
16419,6/24/2011 15:33,6/24/2011 12:00,0
16419,8/3/2011 9:47,6/24/2011 15:33,40
16419,8/19/2011 12:33,8/3/2011 9:47,16
16422,12/5/2010 15:35,NULL,NULL
16422,12/14/2010 16:53,12/5/2010 15:35,9
16422,12/20/2010 11:41,12/14/2010 16:53,6
16422,1/6/2011 17:47,12/20/2010 11:41,17
16422,1/10/2011 10:44,1/6/2011 17:47,4
16422,1/18/2011 11:54,1/10/2011 10:44,8
16422,1/26/2011 11:34,1/18/2011 11:54,8
16422,1/26/2011 11:35,1/26/2011 11:34,0
16422,2/1/2011 13:20,1/26/2011 11:35,6
16422,2/7/2011 10:03,2/1/2011 13:20,6
16422,2/14/2011 12:28,2/7/2011 10:03,7
16422,2/23/2011 11:11,2/14/2011 12:28,9
16422,2/28/2011 11:46,2/23/2011 11:11,5
16422,3/6/2011 14:09,2/28/2011 11:46,6
16422,3/6/2011 14:10,3/6/2011 14:09,0
16422,3/16/2011 11:57,3/6/2011 14:10,10
16422,3/18/2011 15:54,3/16/2011 11:57,2
16422,3/29/2011 13:58,3/18/2011 15:54,11
16422,4/4/2011 12:54,3/29/2011 13:58,6
16422,4/5/2011 12:46,4/4/2011 12:54,1
16422,4/19/2011 10:08,4/5/2011 12:46,14
16422,4/28/2011 16:53,4/19/2011 10:08,9
16422,5/5/2011 7:37,4/28/2011 16:53,7
16422,5/13/2011 8:21,5/5/2011 7:37,8
16422,5/18/2011 9:59,5/13/2011 8:21,5
16422,5/23/2011 13:06,5/18/2011 9:59,5
16422,6/1/2011 11:13,5/23/2011 13:06,9
16422,6/7/2011 11:32,6/1/2011 11:13,6
16422,6/22/2011 10:19,6/7/2011 11:32,15
16422,6/27/2011 10:20,6/22/2011 10:19,5
16422,6/28/2011 10:18,6/27/2011 10:20,1
16422,7/6/2011 16:39,6/28/2011 10:18,8
16422,7/11/2011 15:52,7/6/2011 16:39,5
16422,7/17/2011 15:50,7/11/2011 15:52,6
16422,7/25/2011 11:49,7/17/2011 15:50,8
16422,8/3/2011 10:41,7/25/2011 11:49,9
16422,8/11/2011 10:54,8/3/2011 10:41,8
16422,8/24/2011 9:30,8/11/2011 10:54,13
16422,9/1/2011 12:50,8/24/2011 9:30,8
16422,9/13/2011 10:03,9/1/2011 12:50,12
16422,9/19/2011 13:35,9/13/2011 10:03,6
16422,9/27/2011 12:26,9/19/2011 13:35,8
16422,9/27/2011 12:26,9/27/2011 12:26,0
16422,10/6/2011 9:45,9/27/2011 12:26,9
16422,10/11/2011 9:05,10/6/2011 9:45,5
16422,10/18/2011 13:02,10/11/2011 9:05,7
16422,10/27/2011 18:10,10/18/2011 13:02,9
16422,11/8/2011 9:03,10/27/2011 18:10,12
16422,11/14/2011 14:02,11/8/2011 9:03,6
16422,11/15/2011 14:32,11/14/2011 14:02,1
16422,11/22/2011 14:00,11/15/2011 14:32,7
16423,11/15/2011 9:21,NULL,NULL
16424,6/1/2011 13:40,NULL,NULL
16425,2/10/2011 14:30,NULL,NULL
16426,3/8/2011 15:45,NULL,NULL
16426,9/8/2011 11:56,3/8/2011 15:45,184
16426,9/8/2011 12:04,9/8/2011 11:56,0
16426,9/8/2011 12:19,9/8/2011 12:04,0
16426,10/24/2011 10:17,9/8/2011 12:19,46
16426,11/4/2011 15:29,10/24/2011 10:17,11
16426,11/18/2011 13:33,11/4/2011 15:29,14
16426,12/2/2011 12:59,11/18/2011 13:33,14
16426,12/2/2011 13:38,12/2/2011 12:59,0
16426,12/7/2011 14:01,12/2/2011 13:38,5
16427,2/28/2011 15:18,NULL,NULL
16427,3/21/2011 17:10,2/28/2011 15:18,21
16429,8/25/2011 13:54,NULL,NULL
16430,10/13/2011 14:47,NULL,NULL
16431,2/15/2011 14:02,NULL,NULL
16431,2/15/2011 14:08,2/15/2011 14:02,0
16431,5/10/2011 14:09,2/15/2011 14:08,84
16432,10/6/2011 13:59,NULL,NULL
16433,11/11/2011 14:09,NULL,NULL
16434,2/13/2011 12:17,NULL,NULL
16434,3/27/2011 11:51,2/13/2011 12:17,42
16434,5/31/2011 14:37,3/27/2011 11:51,65
16434,9/4/2011 12:54,5/31/2011 14:37,96
16434,10/23/2011 12:18,9/4/2011 12:54,49
16434,11/6/2011 11:36,10/23/2011 12:18,14
16434,11/10/2011 14:28,11/6/2011 11:36,4
16438,9/18/2011 13:31,NULL,NULL
16438,10/27/2011 19:56,9/18/2011 13:31,39
16438,11/3/2011 19:50,10/27/2011 19:56,7
16438,11/13/2011 11:39,11/3/2011 19:50,10
16438,12/4/2011 10:51,11/13/2011 11:39,21
16440,5/9/2011 12:25,NULL,NULL
16440,10/4/2011 13:10,5/9/2011 12:25,148
16440,10/19/2011 11:52,10/4/2011 13:10,15
16440,11/10/2011 14:16,10/19/2011 11:52,22
16440,12/2/2011 12:02,11/10/2011 14:16,22
16441,2/21/2011 17:35,NULL,NULL
16441,10/3/2011 17:48,2/21/2011 17:35,224
16442,12/14/2010 10:46,NULL,NULL
16442,4/26/2011 11:51,12/14/2010 10:46,133
16442,12/8/2011 11:43,4/26/2011 11:51,226
16444,3/20/2011 12:14,NULL,NULL
16444,5/29/2011 11:03,3/20/2011 12:14,70
16444,9/5/2011 14:27,5/29/2011 11:03,99
16444,10/24/2011 13:50,9/5/2011 14:27,49
16445,11/6/2011 12:32,NULL,NULL
16446,5/18/2011 9:52,NULL,NULL
16446,12/9/2011 9:15,5/18/2011 9:52,205
16447,7/27/2011 12:45,NULL,NULL
16448,5/25/2011 16:28,NULL,NULL
16449,3/4/2011 12:15,NULL,NULL
16449,5/26/2011 10:25,3/4/2011 12:15,83
16450,7/13/2011 11:47,NULL,NULL
16451,9/13/2011 9:17,NULL,NULL
16454,10/6/2011 16:57,NULL,NULL
16454,10/26/2011 11:40,10/6/2011 16:57,20
16455,12/3/2010 16:44,NULL,NULL
16455,12/3/2010 16:45,12/3/2010 16:44,0
16455,12/13/2010 17:03,12/3/2010 16:45,10
16455,3/29/2011 8:43,12/13/2010 17:03,106
16455,5/19/2011 11:28,3/29/2011 8:43,51
16455,9/6/2011 10:46,5/19/2011 11:28,110
16455,10/7/2011 12:17,9/6/2011 10:46,31
16456,12/1/2010 14:11,NULL,NULL
16456,2/6/2011 11:29,12/1/2010 14:11,67
16456,4/26/2011 9:44,2/6/2011 11:29,79
16456,8/28/2011 12:06,4/26/2011 9:44,124
16456,9/1/2011 13:50,8/28/2011 12:06,4
16457,5/5/2011 13:19,NULL,NULL
16458,12/14/2010 11:51,NULL,NULL
16458,2/8/2011 10:47,12/14/2010 11:51,56
16458,2/28/2011 13:40,2/8/2011 10:47,20
16458,3/25/2011 8:41,2/28/2011 13:40,25
16458,4/18/2011 13:22,3/25/2011 8:41,24
16458,5/6/2011 12:53,4/18/2011 13:22,18
16458,6/5/2011 12:16,5/6/2011 12:53,30
16458,6/22/2011 14:47,6/5/2011 12:16,17
16458,7/24/2011 15:51,6/22/2011 14:47,32
16458,8/8/2011 12:20,7/24/2011 15:51,15
16458,8/25/2011 15:47,8/8/2011 12:20,17
16458,9/12/2011 14:22,8/25/2011 15:47,18
16458,9/28/2011 14:38,9/12/2011 14:22,16
16458,10/18/2011 9:15,9/28/2011 14:38,20
16458,11/1/2011 15:12,10/18/2011 9:15,14
16458,11/11/2011 10:14,11/1/2011 15:12,10
16458,11/25/2011 8:23,11/11/2011 10:14,14
16458,12/7/2011 9:34,11/25/2011 8:23,12
16460,9/19/2011 10:15,NULL,NULL
16460,9/28/2011 12:22,9/19/2011 10:15,9
16460,11/11/2011 13:46,9/28/2011 12:22,44
16461,6/15/2011 12:07,NULL,NULL
16462,3/1/2011 8:58,NULL,NULL
16462,6/7/2011 11:07,3/1/2011 8:58,98
16462,9/27/2011 10:24,6/7/2011 11:07,112
16463,5/19/2011 14:45,NULL,NULL
16463,10/17/2011 14:23,5/19/2011 14:45,151
16463,10/18/2011 15:52,10/17/2011 14:23,1
16463,11/18/2011 14:01,10/18/2011 15:52,31
16464,7/20/2011 13:53,NULL,NULL
16464,9/20/2011 13:42,7/20/2011 13:53,62
16464,11/20/2011 12:11,9/20/2011 13:42,61
16466,2/20/2011 11:39,NULL,NULL
16466,5/15/2011 11:35,2/20/2011 11:39,84
16466,6/12/2011 11:47,5/15/2011 11:35,28
16466,8/14/2011 12:27,6/12/2011 11:47,63
16466,8/28/2011 13:08,8/14/2011 12:27,14
16466,10/16/2011 12:54,8/28/2011 13:08,49
16466,11/6/2011 11:35,10/16/2011 12:54,21
16468,9/26/2011 14:13,NULL,NULL
16469,4/7/2011 13:11,NULL,NULL
16469,4/7/2011 13:16,4/7/2011 13:11,0
16469,9/13/2011 15:57,4/7/2011 13:16,159
16469,11/16/2011 12:25,9/13/2011 15:57,64
16470,12/16/2010 11:53,NULL,NULL
16470,5/31/2011 11:39,12/16/2010 11:53,166
16470,8/16/2011 11:40,5/31/2011 11:39,77
16470,10/19/2011 12:11,8/16/2011 11:40,64
16471,3/10/2011 9:41,NULL,NULL
16473,1/7/2011 10:55,NULL,NULL
16473,2/25/2011 13:51,1/7/2011 10:55,49
16473,6/28/2011 9:10,2/25/2011 13:51,123
16474,7/17/2011 14:51,NULL,NULL
16474,9/11/2011 16:06,7/17/2011 14:51,56
16474,9/11/2011 16:09,9/11/2011 16:06,0
16474,10/4/2011 14:33,9/11/2011 16:09,23
16474,10/20/2011 12:13,10/4/2011 14:33,16
16474,11/22/2011 14:04,10/20/2011 12:13,33
16474,12/2/2011 13:02,11/22/2011 14:04,10
16475,3/11/2011 9:39,NULL,NULL
16475,6/30/2011 15:35,3/11/2011 9:39,111
16475,7/19/2011 11:08,6/30/2011 15:35,19
16475,9/12/2011 14:37,7/19/2011 11:08,55
16477,12/3/2010 12:48,NULL,NULL
16477,12/22/2010 13:39,12/3/2010 12:48,19
16477,1/24/2011 9:25,12/22/2010 13:39,33
16477,3/10/2011 13:46,1/24/2011 9:25,45
16477,5/9/2011 14:40,3/10/2011 13:46,60
16477,7/31/2011 12:47,5/9/2011 14:40,83
16477,10/7/2011 9:44,7/31/2011 12:47,68
16478,10/5/2011 12:02,NULL,NULL
16478,10/6/2011 10:53,10/5/2011 12:02,1
16478,11/14/2011 15:51,10/6/2011 10:53,39
16479,11/29/2011 13:04,NULL,NULL
16479,11/29/2011 13:40,11/29/2011 13:04,0
16480,9/25/2011 11:40,NULL,NULL
16482,11/24/2011 12:33,NULL,NULL
16483,5/31/2011 13:08,NULL,NULL
16484,6/2/2011 10:39,NULL,NULL
16484,6/19/2011 12:06,6/2/2011 10:39,17
16485,9/23/2011 15:50,NULL,NULL
16488,7/14/2011 11:46,NULL,NULL
16488,8/17/2011 9:05,7/14/2011 11:46,34
16488,11/6/2011 13:42,8/17/2011 9:05,81
16491,10/24/2011 10:18,NULL,NULL
16493,1/14/2011 8:16,NULL,NULL
16493,2/27/2011 15:42,1/14/2011 8:16,44
16493,6/19/2011 15:15,2/27/2011 15:42,112
16493,9/21/2011 11:10,6/19/2011 15:15,94
16494,2/16/2011 12:49,NULL,NULL
16495,3/8/2011 16:38,NULL,NULL
16495,3/8/2011 16:39,3/8/2011 16:38,0
16495,12/6/2011 13:20,3/8/2011 16:39,273
16496,1/27/2011 9:42,NULL,NULL
16496,5/16/2011 10:48,1/27/2011 9:42,109
16496,12/1/2011 10:31,5/16/2011 10:48,199
16497,1/10/2011 13:20,NULL,NULL
16497,1/25/2011 14:47,1/10/2011 13:20,15
16497,3/16/2011 10:17,1/25/2011 14:47,50
16497,5/20/2011 13:56,3/16/2011 10:17,65
16497,5/20/2011 13:58,5/20/2011 13:56,0
16497,10/21/2011 10:55,5/20/2011 13:58,154
16498,6/30/2011 19:52,NULL,NULL
16498,7/1/2011 15:07,6/30/2011 19:52,1
16499,12/10/2010 10:27,NULL,NULL
16499,12/14/2010 13:31,12/10/2010 10:27,4
16500,1/13/2011 10:28,NULL,NULL
16500,11/3/2011 14:32,1/13/2011 10:28,294
16500,11/3/2011 14:33,11/3/2011 14:32,0
16500,11/18/2011 9:04,11/3/2011 14:33,15
16500,11/23/2011 14:18,11/18/2011 9:04,5
16500,12/5/2011 12:04,11/23/2011 14:18,12
16503,12/14/2010 13:50,NULL,NULL
16503,1/13/2011 12:32,12/14/2010 13:50,30
16503,5/9/2011 15:48,1/13/2011 12:32,116
16503,8/25/2011 11:46,5/9/2011 15:48,108
16504,11/14/2011 15:18,NULL,NULL
16505,11/8/2011 12:14,NULL,NULL
16506,10/30/2011 15:50,NULL,NULL
16506,11/20/2011 12:17,10/30/2011 15:50,21
16509,2/16/2011 9:25,NULL,NULL
16510,12/2/2010 13:39,NULL,NULL
16511,3/18/2011 11:24,NULL,NULL
16511,7/18/2011 10:49,3/18/2011 11:24,122
16511,11/18/2011 10:41,7/18/2011 10:49,123
16513,10/27/2011 14:56,NULL,NULL
16513,11/20/2011 13:39,10/27/2011 14:56,24
16513,12/1/2011 12:55,11/20/2011 13:39,11
16513,12/5/2011 10:18,12/1/2011 12:55,4
16515,2/1/2011 13:09,NULL,NULL
16515,4/7/2011 11:12,2/1/2011 13:09,65
16515,7/12/2011 11:16,4/7/2011 11:12,96
16515,9/9/2011 11:15,7/12/2011 11:16,59
16515,10/18/2011 13:10,9/9/2011 11:15,39
16516,11/9/2011 14:59,NULL,NULL
16517,3/7/2011 13:50,NULL,NULL
16518,2/28/2011 16:36,NULL,NULL
16518,10/9/2011 15:04,2/28/2011 16:36,223
16519,12/9/2010 14:08,NULL,NULL
16519,11/14/2011 15:41,12/9/2010 14:08,340
16520,12/9/2010 13:08,NULL,NULL
16520,4/14/2011 14:14,12/9/2010 13:08,126
16520,6/6/2011 13:24,4/14/2011 14:14,53
16523,1/28/2011 12:06,NULL,NULL
16523,3/17/2011 9:57,1/28/2011 12:06,48
16523,3/28/2011 11:49,3/17/2011 9:57,11
16523,4/15/2011 10:20,3/28/2011 11:49,18
16523,4/15/2011 10:21,4/15/2011 10:20,0
16523,5/8/2011 12:30,4/15/2011 10:21,23
16523,5/8/2011 12:31,5/8/2011 12:30,0
16523,5/24/2011 8:21,5/8/2011 12:31,16
16523,6/15/2011 13:26,5/24/2011 8:21,22
16523,7/8/2011 13:12,6/15/2011 13:26,23
16523,7/21/2011 12:15,7/8/2011 13:12,13
16523,8/16/2011 14:33,7/21/2011 12:15,26
16523,9/5/2011 9:16,8/16/2011 14:33,20
16523,9/11/2011 13:40,9/5/2011 9:16,6
16523,9/21/2011 13:41,9/11/2011 13:40,10
16523,10/13/2011 8:27,9/21/2011 13:41,22
16523,10/13/2011 8:28,10/13/2011 8:27,0
16523,11/7/2011 8:30,10/13/2011 8:28,25
16523,11/24/2011 13:53,11/7/2011 8:30,17
16523,12/6/2011 11:05,11/24/2011 13:53,12
16523,12/8/2011 9:06,12/6/2011 11:05,2
16525,12/8/2010 11:31,NULL,NULL
16525,12/16/2010 8:03,12/8/2010 11:31,8
16525,1/12/2011 16:52,12/16/2010 8:03,27
16525,2/4/2011 11:14,1/12/2011 16:52,23
16525,2/6/2011 13:57,2/4/2011 11:14,2
16525,2/17/2011 14:11,2/6/2011 13:57,11
16525,3/1/2011 15:01,2/17/2011 14:11,12
16525,3/9/2011 11:48,3/1/2011 15:01,8
16525,3/24/2011 8:47,3/9/2011 11:48,15
16525,4/11/2011 12:57,3/24/2011 8:47,18
16525,5/6/2011 16:29,4/11/2011 12:57,25
16525,5/10/2011 13:20,5/6/2011 16:29,4
16525,5/19/2011 7:49,5/10/2011 13:20,9
16525,5/27/2011 10:55,5/19/2011 7:49,8
16525,6/3/2011 14:10,5/27/2011 10:55,7
16525,6/8/2011 8:12,6/3/2011 14:10,5
16525,6/29/2011 9:13,6/8/2011 8:12,21
16525,7/5/2011 13:16,6/29/2011 9:13,6
16525,7/24/2011 12:02,7/5/2011 13:16,19
16525,8/14/2011 11:31,7/24/2011 12:02,21
16525,9/1/2011 18:49,8/14/2011 11:31,18
16525,9/18/2011 11:13,9/1/2011 18:49,17
16525,9/21/2011 10:39,9/18/2011 11:13,3
16525,11/2/2011 14:08,9/21/2011 10:39,42
16525,11/23/2011 11:49,11/2/2011 14:08,21
16525,12/7/2011 15:07,11/23/2011 11:49,14
16526,6/21/2011 12:02,NULL,NULL
16527,9/19/2011 16:21,NULL,NULL
16528,12/6/2011 12:45,NULL,NULL
16529,6/2/2011 17:23,NULL,NULL
16531,12/14/2010 13:19,NULL,NULL
16531,1/25/2011 13:04,12/14/2010 13:19,42
16531,2/18/2011 14:21,1/25/2011 13:04,24
16531,8/4/2011 15:55,2/18/2011 14:21,167
16531,9/26/2011 15:23,8/4/2011 15:55,53
16531,11/2/2011 14:16,9/26/2011 15:23,37
16531,11/17/2011 16:29,11/2/2011 14:16,15
16532,1/5/2011 12:37,NULL,NULL
16532,7/27/2011 10:41,1/5/2011 12:37,203
16532,11/22/2011 11:08,7/27/2011 10:41,118
16533,10/2/2011 15:07,NULL,NULL
16533,10/16/2011 13:51,10/2/2011 15:07,14
16533,11/20/2011 13:08,10/16/2011 13:51,35
16535,12/4/2011 15:18,NULL,NULL
16536,8/21/2011 15:54,NULL,NULL
16539,12/1/2010 15:40,NULL,NULL
16539,12/16/2010 16:42,12/1/2010 15:40,15
16539,5/4/2011 9:52,12/16/2010 16:42,139
16539,12/7/2011 8:41,5/4/2011 9:52,217
16542,10/17/2011 10:47,NULL,NULL
16545,6/28/2011 10:37,NULL,NULL
16546,12/2/2010 12:07,NULL,NULL
16546,2/22/2011 11:20,12/2/2010 12:07,82
16549,1/9/2011 14:03,NULL,NULL
16549,8/7/2011 15:43,1/9/2011 14:03,210
16549,9/11/2011 13:58,8/7/2011 15:43,35
16549,10/10/2011 14:37,9/11/2011 13:58,29
16549,10/25/2011 13:10,10/10/2011 14:37,15
16549,11/8/2011 13:57,10/25/2011 13:10,14
16549,11/21/2011 16:10,11/8/2011 13:57,13
16549,11/21/2011 16:17,11/21/2011 16:10,0
16549,11/29/2011 14:38,11/21/2011 16:17,8
16549,11/29/2011 15:06,11/29/2011 14:38,0
16550,12/6/2010 13:53,NULL,NULL
16550,4/18/2011 13:30,12/6/2010 13:53,133
16550,6/7/2011 13:35,4/18/2011 13:30,50
16550,6/28/2011 15:31,6/7/2011 13:35,21
16550,8/23/2011 11:12,6/28/2011 15:31,56
16551,1/7/2011 10:24,NULL,NULL
16551,8/1/2011 12:28,1/7/2011 10:24,206
16551,9/5/2011 9:38,8/1/2011 12:28,35
16552,12/1/2010 12:36,NULL,NULL
16552,4/11/2011 10:04,12/1/2010 12:36,131
16553,12/14/2010 13:58,NULL,NULL
16553,12/14/2010 13:59,12/14/2010 13:58,0
16553,2/8/2011 12:12,12/14/2010 13:59,56
16553,3/10/2011 10:10,2/8/2011 12:12,30
16553,3/10/2011 14:37,3/10/2011 10:10,0
16553,4/21/2011 12:11,3/10/2011 14:37,42
16553,4/21/2011 18:31,4/21/2011 12:11,0
16553,5/18/2011 12:57,4/21/2011 18:31,27
16553,5/18/2011 12:58,5/18/2011 12:57,0
16553,6/29/2011 15:40,5/18/2011 12:58,42
16553,6/29/2011 15:41,6/29/2011 15:40,0
16553,6/29/2011 15:42,6/29/2011 15:41,0
16554,1/12/2011 12:41,NULL,NULL
16554,5/1/2011 14:17,1/12/2011 12:41,109
16554,10/28/2011 14:51,5/1/2011 14:17,180
16555,8/22/2011 12:32,NULL,NULL
16555,11/4/2011 14:31,8/22/2011 12:32,74
16556,12/14/2010 13:32,NULL,NULL
16556,2/17/2011 14:49,12/14/2010 13:32,65
16556,4/8/2011 14:14,2/17/2011 14:49,50
16556,5/22/2011 11:30,4/8/2011 14:14,44
16556,6/30/2011 12:14,5/22/2011 11:30,39
16556,8/26/2011 11:58,6/30/2011 12:14,57
16556,10/4/2011 11:36,8/26/2011 11:58,39
16557,7/25/2011 13:28,NULL,NULL
16557,11/15/2011 14:04,7/25/2011 13:28,113
16558,12/8/2010 12:01,NULL,NULL
16558,12/17/2010 15:39,12/8/2010 12:01,9
16558,1/24/2011 10:01,12/17/2010 15:39,38
16558,2/10/2011 13:54,1/24/2011 10:01,17
16558,3/11/2011 8:31,2/10/2011 13:54,29
16558,3/21/2011 14:00,3/11/2011 8:31,10
16558,3/30/2011 14:08,3/21/2011 14:00,9
16558,4/8/2011 10:20,3/30/2011 14:08,9
16558,4/20/2011 13:35,4/8/2011 10:20,12
16558,5/31/2011 10:45,4/20/2011 13:35,41
16558,6/16/2011 17:37,5/31/2011 10:45,16
16558,7/24/2011 13:06,6/16/2011 17:37,38
16558,8/10/2011 13:25,7/24/2011 13:06,17
16558,9/8/2011 14:21,8/10/2011 13:25,29
16558,9/22/2011 8:41,9/8/2011 14:21,14
16558,10/7/2011 14:23,9/22/2011 8:41,15
16558,10/21/2011 13:46,10/7/2011 14:23,14
16558,11/2/2011 12:44,10/21/2011 13:46,12
16558,11/17/2011 17:30,11/2/2011 12:44,15
16558,12/9/2011 10:20,11/17/2011 17:30,22
16560,12/16/2010 14:36,NULL,NULL
16560,11/13/2011 10:35,12/16/2010 14:36,332
16561,10/11/2011 9:53,NULL,NULL
16561,12/4/2011 11:50,10/11/2011 9:53,54
16563,10/17/2011 11:51,NULL,NULL
16565,12/10/2010 15:21,NULL,NULL
16566,2/20/2011 10:29,NULL,NULL
16566,5/31/2011 8:32,2/20/2011 10:29,100
16566,6/22/2011 14:24,5/31/2011 8:32,22
16566,10/14/2011 9:28,6/22/2011 14:24,114
16566,11/24/2011 16:34,10/14/2011 9:28,41
16567,1/7/2011 9:31,NULL,NULL
16567,5/29/2011 13:57,1/7/2011 9:31,142
16569,12/6/2011 15:32,NULL,NULL
16570,2/1/2011 10:37,NULL,NULL
16570,3/14/2011 15:41,2/1/2011 10:37,41
16570,5/18/2011 16:37,3/14/2011 15:41,65
16570,6/27/2011 9:35,5/18/2011 16:37,40
16570,6/30/2011 9:56,6/27/2011 9:35,3
16570,8/4/2011 14:06,6/30/2011 9:56,35
16570,10/13/2011 15:49,8/4/2011 14:06,70
16570,10/13/2011 15:50,10/13/2011 15:49,0
16570,11/7/2011 14:44,10/13/2011 15:50,25
16570,11/24/2011 17:02,11/7/2011 14:44,17
16571,3/3/2011 9:41,NULL,NULL
16571,6/16/2011 13:14,3/3/2011 9:41,105
16571,11/13/2011 11:46,6/16/2011 13:14,150
16572,3/9/2011 12:04,NULL,NULL
16572,7/11/2011 13:32,3/9/2011 12:04,124
16572,8/4/2011 16:34,7/11/2011 13:32,24
16573,2/22/2011 15:14,NULL,NULL
16573,9/16/2011 9:13,2/22/2011 15:14,206
16574,9/29/2011 13:39,NULL,NULL
16581,6/10/2011 10:05,NULL,NULL
16582,8/18/2011 17:02,NULL,NULL
16583,12/1/2010 12:03,NULL,NULL
16584,3/30/2011 13:14,NULL,NULL
16584,9/20/2011 13:45,3/30/2011 13:14,174
16586,4/5/2011 9:32,NULL,NULL
16587,4/21/2011 15:51,NULL,NULL
16589,7/1/2011 13:31,NULL,NULL
16589,8/25/2011 10:00,7/1/2011 13:31,55
16589,9/29/2011 14:50,8/25/2011 10:00,35
16591,10/2/2011 10:43,NULL,NULL
16592,2/25/2011 10:19,NULL,NULL
16592,4/1/2011 11:50,2/25/2011 10:19,35
16592,4/1/2011 11:51,4/1/2011 11:50,0
16592,5/22/2011 15:26,4/1/2011 11:51,51
16592,5/22/2011 15:27,5/22/2011 15:26,0
16592,5/22/2011 15:28,5/22/2011 15:27,0
16592,6/9/2011 11:39,5/22/2011 15:28,18
16592,6/9/2011 11:40,6/9/2011 11:39,0
16592,7/26/2011 11:38,6/9/2011 11:40,47
16592,7/26/2011 11:39,7/26/2011 11:38,0
16592,10/20/2011 14:12,7/26/2011 11:39,86
16592,10/20/2011 14:13,10/20/2011 14:12,0
16592,11/9/2011 11:16,10/20/2011 14:13,20
16592,11/27/2011 13:03,11/9/2011 11:16,18
16592,11/27/2011 13:07,11/27/2011 13:03,0
16592,12/5/2011 13:49,11/27/2011 13:07,8
16593,1/16/2011 12:11,NULL,NULL
16593,6/3/2011 12:17,1/16/2011 12:11,138
16593,10/20/2011 12:41,6/3/2011 12:17,139
16594,9/25/2011 14:08,NULL,NULL
16595,10/9/2011 13:15,NULL,NULL
16596,12/8/2010 16:18,NULL,NULL
16596,11/24/2011 10:02,12/8/2010 16:18,351
16597,12/5/2011 15:44,NULL,NULL
16598,2/27/2011 11:42,NULL,NULL
16600,1/5/2011 12:13,NULL,NULL
16600,3/31/2011 19:20,1/5/2011 12:13,85
16600,9/26/2011 14:25,3/31/2011 19:20,179
16600,11/15/2011 13:52,9/26/2011 14:25,50
16600,11/23/2011 9:44,11/15/2011 13:52,8
16600,12/5/2011 16:00,11/23/2011 9:44,12
16601,10/30/2011 11:09,NULL,NULL
16602,11/3/2011 15:54,NULL,NULL
16603,9/9/2011 13:02,NULL,NULL
16603,9/26/2011 10:06,9/9/2011 13:02,17
16607,12/16/2010 8:41,NULL,NULL
16607,12/17/2010 15:15,12/16/2010 8:41,1
16607,2/9/2011 15:25,12/17/2010 15:15,54
16607,2/28/2011 13:39,2/9/2011 15:25,19
16607,3/29/2011 15:15,2/28/2011 13:39,29
16607,4/13/2011 9:42,3/29/2011 15:15,15
16607,5/16/2011 9:58,4/13/2011 9:42,33
16607,7/21/2011 13:06,5/16/2011 9:58,66
16607,8/2/2011 10:24,7/21/2011 13:06,12
16607,8/3/2011 15:02,8/2/2011 10:24,1
16607,9/27/2011 12:57,8/3/2011 15:02,55
16607,10/12/2011 11:32,9/27/2011 12:57,15
16607,11/2/2011 12:46,10/12/2011 11:32,21
16607,11/22/2011 10:24,11/2/2011 12:46,20
16609,4/1/2011 10:11,NULL,NULL
16609,5/3/2011 10:56,4/1/2011 10:11,32
16609,5/26/2011 13:34,5/3/2011 10:56,23
16609,7/12/2011 10:02,5/26/2011 13:34,47
16609,7/27/2011 13:51,7/12/2011 10:02,15
16609,9/13/2011 9:43,7/27/2011 13:51,48
16609,11/24/2011 13:32,9/13/2011 9:43,72
16610,5/4/2011 13:13,NULL,NULL
16611,6/6/2011 15:46,NULL,NULL
16612,2/1/2011 10:38,NULL,NULL
16612,6/6/2011 11:37,2/1/2011 10:38,125
16612,8/12/2011 14:32,6/6/2011 11:37,67
16612,11/7/2011 7:38,8/12/2011 14:32,87
16613,9/30/2011 15:52,NULL,NULL
16614,6/10/2011 11:36,NULL,NULL
16616,7/5/2011 13:38,NULL,NULL
16616,11/24/2011 16:31,7/5/2011 13:38,142
16617,4/18/2011 10:35,NULL,NULL
16618,1/21/2011 11:55,NULL,NULL
16618,3/25/2011 15:18,1/21/2011 11:55,63
16618,5/13/2011 10:35,3/25/2011 15:18,49
16618,5/13/2011 10:37,5/13/2011 10:35,0
16618,11/8/2011 13:52,5/13/2011 10:37,179
16619,3/21/2011 8:18,NULL,NULL
16620,3/24/2011 10:37,NULL,NULL
16620,12/6/2011 12:19,3/24/2011 10:37,257
16621,3/7/2011 11:32,NULL,NULL
16621,5/8/2011 10:43,3/7/2011 11:32,62
16621,7/15/2011 11:45,5/8/2011 10:43,68
16621,10/19/2011 11:38,7/15/2011 11:45,96
16623,4/8/2011 10:09,NULL,NULL
16624,5/26/2011 14:20,NULL,NULL
16624,9/20/2011 12:39,5/26/2011 14:20,117
16625,3/10/2011 12:50,NULL,NULL
16626,3/18/2011 12:27,NULL,NULL
16626,6/8/2011 10:50,3/18/2011 12:27,82
16626,6/22/2011 14:38,6/8/2011 10:50,14
16626,6/24/2011 10:47,6/22/2011 14:38,2
16626,7/19/2011 12:15,6/24/2011 10:47,25
16626,8/4/2011 13:10,7/19/2011 12:15,16
16626,8/18/2011 14:53,8/4/2011 13:10,14
16626,9/21/2011 10:16,8/18/2011 14:53,34
16626,9/27/2011 9:05,9/21/2011 10:16,6
16626,10/2/2011 11:30,9/27/2011 9:05,5
16626,10/27/2011 9:36,10/2/2011 11:30,25
16626,10/30/2011 13:30,10/27/2011 9:36,3
16626,11/8/2011 15:59,10/30/2011 13:30,9
16626,11/16/2011 8:53,11/8/2011 15:59,8
16626,11/17/2011 15:41,11/16/2011 8:53,1
16626,12/2/2011 14:18,11/17/2011 15:41,15
16626,12/9/2011 11:56,12/2/2011 14:18,7
16627,9/21/2011 14:38,NULL,NULL
16628,4/19/2011 8:55,NULL,NULL
16628,5/5/2011 15:44,4/19/2011 8:55,16
16628,7/27/2011 9:59,5/5/2011 15:44,83
16628,8/25/2011 12:11,7/27/2011 9:59,29
16628,11/10/2011 12:45,8/25/2011 12:11,77
16629,9/4/2011 16:12,NULL,NULL
16629,9/27/2011 10:34,9/4/2011 16:12,23
16633,4/19/2011 14:36,NULL,NULL
16633,6/12/2011 11:48,4/19/2011 14:36,54
16633,8/17/2011 14:11,6/12/2011 11:48,66
16633,9/22/2011 15:39,8/17/2011 14:11,36
16633,10/31/2011 14:23,9/22/2011 15:39,39
16633,11/22/2011 13:41,10/31/2011 14:23,22
16634,12/2/2010 17:41,NULL,NULL
16634,5/1/2011 12:09,12/2/2010 17:41,150
16637,4/28/2011 10:20,NULL,NULL
16637,8/8/2011 12:00,4/28/2011 10:20,102
16637,10/10/2011 11:32,8/8/2011 12:00,63
16637,11/7/2011 13:17,10/10/2011 11:32,28
16638,12/6/2010 10:19,NULL,NULL
16638,12/15/2010 12:47,12/6/2010 10:19,9
16638,1/14/2011 14:02,12/15/2010 12:47,30
16638,2/22/2011 9:00,1/14/2011 14:02,39
16638,3/7/2011 8:30,2/22/2011 9:00,13
16638,3/27/2011 15:41,3/7/2011 8:30,20
16638,8/19/2011 12:20,3/27/2011 15:41,145
16638,8/25/2011 11:31,8/19/2011 12:20,6
16638,9/1/2011 17:14,8/25/2011 11:31,7
16638,11/17/2011 11:09,9/1/2011 17:14,77
16639,4/18/2011 9:31,NULL,NULL
16639,5/17/2011 10:10,4/18/2011 9:31,29
16639,11/8/2011 13:20,5/17/2011 10:10,175
16641,8/26/2011 12:49,NULL,NULL
16642,5/16/2011 12:35,NULL,NULL
16642,12/5/2011 11:31,5/16/2011 12:35,203
16643,4/8/2011 8:24,NULL,NULL
16644,5/11/2011 12:53,NULL,NULL
16644,6/15/2011 12:39,5/11/2011 12:53,35
16647,5/19/2011 9:31,NULL,NULL
16647,6/23/2011 11:47,5/19/2011 9:31,35
16648,10/28/2011 8:58,NULL,NULL
16650,9/29/2011 9:51,NULL,NULL
16652,3/11/2011 13:13,NULL,NULL
16652,4/13/2011 13:51,3/11/2011 13:13,33
16652,5/11/2011 12:50,4/13/2011 13:51,28
16652,8/22/2011 10:59,5/11/2011 12:50,103
16652,8/22/2011 11:00,8/22/2011 10:59,0
16652,10/12/2011 9:35,8/22/2011 11:00,51
16652,10/12/2011 9:38,10/12/2011 9:35,0
16653,9/29/2011 13:38,NULL,NULL
16653,11/23/2011 14:51,9/29/2011 13:38,55
16654,12/6/2010 15:09,NULL,NULL
16654,4/18/2011 15:43,12/6/2010 15:09,133
16654,6/5/2011 14:38,4/18/2011 15:43,48
16654,7/21/2011 15:23,6/5/2011 14:38,46
16655,1/12/2011 10:16,NULL,NULL
16655,6/7/2011 7:49,1/12/2011 10:16,146
16655,7/31/2011 15:31,6/7/2011 7:49,54
16655,9/25/2011 14:37,7/31/2011 15:31,56
16655,11/9/2011 15:09,9/25/2011 14:37,45
16655,11/22/2011 11:25,11/9/2011 15:09,13
16656,12/10/2010 11:23,NULL,NULL
16656,1/4/2011 10:23,12/10/2010 11:23,25
16656,2/21/2011 10:41,1/4/2011 10:23,48
16656,3/18/2011 13:52,2/21/2011 10:41,25
16656,4/26/2011 13:00,3/18/2011 13:52,39
16656,5/31/2011 9:38,4/26/2011 13:00,35
16656,7/12/2011 10:21,5/31/2011 9:38,42
16656,7/19/2011 16:45,7/12/2011 10:21,7
16656,8/9/2011 15:22,7/19/2011 16:45,21
16656,8/11/2011 15:05,8/9/2011 15:22,2
16656,9/5/2011 9:20,8/11/2011 15:05,25
16656,9/21/2011 9:54,9/5/2011 9:20,16
16656,10/28/2011 8:52,9/21/2011 9:54,37
16656,11/9/2011 12:20,10/28/2011 8:52,12
16656,11/17/2011 14:43,11/9/2011 12:20,8
16657,3/30/2011 12:02,NULL,NULL
16657,7/14/2011 11:45,3/30/2011 12:02,106
16657,11/16/2011 12:18,7/14/2011 11:45,125
16657,11/30/2011 11:48,11/16/2011 12:18,14
16658,12/6/2010 13:47,NULL,NULL
16659,6/3/2011 15:03,NULL,NULL
16660,1/24/2011 12:44,NULL,NULL
16660,5/13/2011 10:44,1/24/2011 12:44,109
16660,11/23/2011 12:42,5/13/2011 10:44,194
16660,11/23/2011 14:53,11/23/2011 12:42,0
16665,12/12/2010 14:03,NULL,NULL
16666,11/20/2011 14:01,NULL,NULL
16667,2/28/2011 12:57,NULL,NULL
16667,10/2/2011 15:26,2/28/2011 12:57,216
16668,2/28/2011 12:46,NULL,NULL
16668,5/9/2011 16:35,2/28/2011 12:46,70
16668,6/10/2011 11:49,5/9/2011 16:35,32
16668,7/24/2011 13:56,6/10/2011 11:49,44
16668,8/15/2011 12:22,7/24/2011 13:56,22
16668,11/24/2011 17:43,8/15/2011 12:22,101
16669,9/22/2011 14:13,NULL,NULL
16669,9/22/2011 14:18,9/22/2011 14:13,0
16669,11/16/2011 12:26,9/22/2011 14:18,55
16670,12/16/2010 10:30,NULL,NULL
16670,1/11/2011 9:20,12/16/2010 10:30,26
16670,1/17/2011 17:08,1/11/2011 9:20,6
16670,3/2/2011 12:18,1/17/2011 17:08,44
16670,4/6/2011 12:49,3/2/2011 12:18,35
16670,6/20/2011 10:41,4/6/2011 12:49,75
16670,6/20/2011 10:42,6/20/2011 10:41,0
16670,8/25/2011 17:22,6/20/2011 10:42,66
16670,10/13/2011 13:43,8/25/2011 17:22,49
16670,11/9/2011 17:02,10/13/2011 13:43,27
16670,11/23/2011 9:34,11/9/2011 17:02,14
16671,6/28/2011 11:20,NULL,NULL
16671,11/4/2011 9:32,6/28/2011 11:20,129
16671,11/11/2011 13:40,11/4/2011 9:32,7
16672,3/18/2011 10:15,NULL,NULL
16672,4/6/2011 14:03,3/18/2011 10:15,19
16672,4/12/2011 13:20,4/6/2011 14:03,6
16672,4/20/2011 14:06,4/12/2011 13:20,8
16672,4/28/2011 10:15,4/20/2011 14:06,8
16672,5/9/2011 9:46,4/28/2011 10:15,11
16672,5/19/2011 15:30,5/9/2011 9:46,10
16672,5/19/2011 15:31,5/19/2011 15:30,0
16672,6/2/2011 13:29,5/19/2011 15:31,14
16672,6/8/2011 12:36,6/2/2011 13:29,6
16672,6/16/2011 10:48,6/8/2011 12:36,8
16672,6/16/2011 10:49,6/16/2011 10:48,0
16672,6/28/2011 11:38,6/16/2011 10:49,12
16672,7/28/2011 9:32,6/28/2011 11:38,30
16672,8/4/2011 14:33,7/28/2011 9:32,7
16672,8/19/2011 14:43,8/4/2011 14:33,15
16672,9/1/2011 14:58,8/19/2011 14:43,13
16672,9/28/2011 11:49,9/1/2011 14:58,27
16672,11/4/2011 9:44,9/28/2011 11:49,37
16672,12/7/2011 16:29,11/4/2011 9:44,33
16674,9/2/2011 13:59,NULL,NULL
16674,10/16/2011 11:31,9/2/2011 13:59,44
16676,1/6/2011 13:00,NULL,NULL
16676,4/20/2011 15:32,1/6/2011 13:00,104
16676,5/10/2011 15:10,4/20/2011 15:32,20
16676,11/6/2011 12:01,5/10/2011 15:10,180
16678,3/2/2011 9:24,NULL,NULL
16678,4/3/2011 13:24,3/2/2011 9:24,32
16678,4/13/2011 17:31,4/3/2011 13:24,10
16678,5/4/2011 13:52,4/13/2011 17:31,21
16678,5/26/2011 8:38,5/4/2011 13:52,22
16678,7/17/2011 13:07,5/26/2011 8:38,52
16678,8/12/2011 16:07,7/17/2011 13:07,26
16678,9/2/2011 10:24,8/12/2011 16:07,21
16678,11/3/2011 12:18,9/2/2011 10:24,62
16678,11/28/2011 9:14,11/3/2011 12:18,25
16678,11/29/2011 13:17,11/28/2011 9:14,1
16678,12/7/2011 12:17,11/29/2011 13:17,8
16679,12/8/2010 13:51,NULL,NULL
16680,10/27/2011 17:35,NULL,NULL
16681,3/31/2011 13:46,NULL,NULL
16681,4/26/2011 8:57,3/31/2011 13:46,26
16681,5/18/2011 16:52,4/26/2011 8:57,22
16681,7/18/2011 10:21,5/18/2011 16:52,61
16681,9/23/2011 10:04,7/18/2011 10:21,67
16681,9/28/2011 11:11,9/23/2011 10:04,5
16682,6/5/2011 11:02,NULL,NULL
16682,7/4/2011 10:42,6/5/2011 11:02,29
16682,9/8/2011 15:16,7/4/2011 10:42,66
16682,10/13/2011 15:47,9/8/2011 15:16,35
16682,12/5/2011 12:13,10/13/2011 15:47,53
16684,12/16/2010 17:34,NULL,NULL
16684,12/16/2010 17:36,12/16/2010 17:34,0
16684,12/19/2010 11:38,12/16/2010 17:36,3
16684,12/20/2010 9:41,12/19/2010 11:38,1
16684,2/3/2011 12:00,12/20/2010 9:41,45
16684,2/16/2011 15:51,2/3/2011 12:00,13
16684,3/18/2011 13:18,2/16/2011 15:51,30
16684,3/18/2011 13:20,3/18/2011 13:18,0
16684,4/13/2011 10:19,3/18/2011 13:20,26
16684,4/13/2011 10:20,4/13/2011 10:19,0
16684,5/18/2011 10:47,4/13/2011 10:20,35
16684,5/18/2011 10:48,5/18/2011 10:47,0
16684,5/18/2011 10:50,5/18/2011 10:48,0
16684,7/24/2011 13:11,5/18/2011 10:50,67
16684,7/24/2011 13:12,7/24/2011 13:11,0
16684,7/24/2011 13:13,7/24/2011 13:12,0
16684,7/24/2011 13:14,7/24/2011 13:13,0
16684,7/29/2011 15:12,7/24/2011 13:14,5
16684,10/5/2011 10:06,7/29/2011 15:12,68
16684,10/5/2011 10:09,10/5/2011 10:06,0
16684,10/5/2011 10:10,10/5/2011 10:09,0
16684,10/19/2011 12:28,10/5/2011 10:10,14
16684,10/19/2011 12:28,10/19/2011 12:28,0
16684,11/3/2011 9:28,10/19/2011 12:28,15
16684,11/4/2011 7:46,11/3/2011 9:28,1
16684,11/28/2011 15:34,11/4/2011 7:46,24
16684,11/28/2011 15:35,11/28/2011 15:34,0
16684,12/5/2011 14:06,11/28/2011 15:35,7
16685,10/9/2011 13:44,NULL,NULL
16685,10/9/2011 13:58,10/9/2011 13:44,0
16686,12/19/2010 14:41,NULL,NULL
16686,2/7/2011 11:56,12/19/2010 14:41,50
16686,4/15/2011 13:56,2/7/2011 11:56,67
16686,5/29/2011 14:08,4/15/2011 13:56,44
16686,8/28/2011 12:31,5/29/2011 14:08,91
16686,9/2/2011 17:38,8/28/2011 12:31,5
16686,10/23/2011 13:49,9/2/2011 17:38,51
16688,10/10/2011 12:23,NULL,NULL
16688,10/27/2011 16:11,10/10/2011 12:23,17
16688,11/29/2011 17:12,10/27/2011 16:11,33
16688,12/8/2011 15:24,11/29/2011 17:12,9
16689,9/18/2011 13:29,NULL,NULL
16689,9/25/2011 11:39,9/18/2011 13:29,7
16690,5/22/2011 10:53,NULL,NULL
16690,9/28/2011 15:02,5/22/2011 10:53,129
16692,2/23/2011 15:41,NULL,NULL
16692,3/28/2011 14:46,2/23/2011 15:41,33
16693,3/13/2011 11:06,NULL,NULL
16693,10/2/2011 11:10,3/13/2011 11:06,203
16696,4/5/2011 15:20,NULL,NULL
16696,5/10/2011 11:31,4/5/2011 15:20,35
16696,5/20/2011 14:56,5/10/2011 11:31,10
16696,7/27/2011 14:23,5/20/2011 14:56,68
16697,4/12/2011 17:12,NULL,NULL
16698,3/31/2011 13:33,NULL,NULL
16698,4/27/2011 10:52,3/31/2011 13:33,27
16700,12/8/2010 16:34,NULL,NULL
16700,1/27/2011 12:19,12/8/2010 16:34,50
16700,2/15/2011 12:40,1/27/2011 12:19,19
16700,3/24/2011 13:25,2/15/2011 12:40,37
16700,4/18/2011 13:43,3/24/2011 13:25,25
16700,5/5/2011 9:18,4/18/2011 13:43,17
16700,5/22/2011 14:53,5/5/2011 9:18,17
16700,6/13/2011 8:40,5/22/2011 14:53,22
16700,7/12/2011 13:16,6/13/2011 8:40,29
16700,8/10/2011 9:52,7/12/2011 13:16,29
16700,9/20/2011 9:31,8/10/2011 9:52,41
16700,11/10/2011 10:10,9/20/2011 9:31,51
16700,12/1/2011 11:00,11/10/2011 10:10,21
16701,12/13/2010 11:51,NULL,NULL
16701,1/12/2011 11:51,12/13/2010 11:51,30
16701,2/14/2011 12:53,1/12/2011 11:51,33
16701,3/27/2011 12:36,2/14/2011 12:53,41
16701,5/18/2011 11:08,3/27/2011 12:36,52
16701,6/3/2011 11:46,5/18/2011 11:08,16
16701,6/19/2011 12:19,6/3/2011 11:46,16
16701,7/11/2011 13:05,6/19/2011 12:19,22
16701,7/11/2011 13:19,7/11/2011 13:05,0
16701,8/2/2011 12:11,7/11/2011 13:19,22
16701,10/17/2011 9:57,8/2/2011 12:11,76
16701,10/26/2011 12:31,10/17/2011 9:57,9
16701,12/1/2011 11:10,10/26/2011 12:31,36
16705,12/16/2010 10:51,NULL,NULL
16705,12/16/2010 10:52,12/16/2010 10:51,0
16705,2/1/2011 13:26,12/16/2010 10:52,47
16705,4/12/2011 13:38,2/1/2011 13:26,70
16705,4/12/2011 13:39,4/12/2011 13:38,0
16705,5/16/2011 12:03,4/12/2011 13:39,34
16705,5/16/2011 12:04,5/16/2011 12:03,0
16705,5/16/2011 12:05,5/16/2011 12:04,0
16705,7/18/2011 12:15,5/16/2011 12:05,63
16705,9/2/2011 9:24,7/18/2011 12:15,46
16705,9/25/2011 14:44,9/2/2011 9:24,23
16705,9/26/2011 13:17,9/25/2011 14:44,1
16705,10/20/2011 15:45,9/26/2011 13:17,24
16705,10/20/2011 15:47,10/20/2011 15:45,0
16705,10/31/2011 14:36,10/20/2011 15:47,11
16705,11/28/2011 11:42,10/31/2011 14:36,28
16705,11/28/2011 11:43,11/28/2011 11:42,0
16705,11/28/2011 11:44,11/28/2011 11:43,0
16705,11/28/2011 11:45,11/28/2011 11:44,0
16705,12/9/2011 12:08,11/28/2011 11:45,11
16706,8/17/2011 15:53,NULL,NULL
16706,9/2/2011 13:41,8/17/2011 15:53,16
16706,11/2/2011 13:50,9/2/2011 13:41,61
16708,10/25/2011 12:20,NULL,NULL
16709,3/3/2011 10:55,NULL,NULL
16709,4/8/2011 12:28,3/3/2011 10:55,36
16709,5/24/2011 11:45,4/8/2011 12:28,46
16709,5/24/2011 11:46,5/24/2011 11:45,0
16709,9/16/2011 10:56,5/24/2011 11:46,115
16710,12/6/2010 13:13,NULL,NULL
16710,12/14/2010 14:11,12/6/2010 13:13,8
16710,3/8/2011 12:07,12/14/2010 14:11,84
16710,3/20/2011 13:52,3/8/2011 12:07,12
16710,5/10/2011 15:05,3/20/2011 13:52,51
16710,5/16/2011 15:53,5/10/2011 15:05,6
16710,7/24/2011 14:21,5/16/2011 15:53,69
16710,9/26/2011 16:15,7/24/2011 14:21,64
16710,11/20/2011 13:16,9/26/2011 16:15,55
16710,11/20/2011 14:50,11/20/2011 13:16,0
16711,12/17/2010 12:43,NULL,NULL
16711,2/10/2011 14:46,12/17/2010 12:43,55
16711,7/22/2011 14:23,2/10/2011 14:46,162
16711,11/13/2011 11:51,7/22/2011 14:23,114
16711,12/6/2011 16:32,11/13/2011 11:51,23
16712,3/8/2011 15:07,NULL,NULL
16712,3/29/2011 16:05,3/8/2011 15:07,21
16712,5/11/2011 15:08,3/29/2011 16:05,43
16712,5/11/2011 15:13,5/11/2011 15:08,0
16712,6/14/2011 12:41,5/11/2011 15:13,34
16712,8/2/2011 13:15,6/14/2011 12:41,49
16712,8/23/2011 12:37,8/2/2011 13:15,21
16712,9/5/2011 16:27,8/23/2011 12:37,13
16712,11/21/2011 15:57,9/5/2011 16:27,77
16712,11/21/2011 15:57,11/21/2011 15:57,0
16712,11/30/2011 13:48,11/21/2011 15:57,9
16713,12/8/2010 13:01,NULL,NULL
16713,12/20/2010 12:51,12/8/2010 13:01,12
16713,2/8/2011 14:34,12/20/2010 12:51,50
16713,2/18/2011 10:03,2/8/2011 14:34,10
16713,3/23/2011 15:00,2/18/2011 10:03,33
16713,4/6/2011 14:25,3/23/2011 15:00,14
16713,4/12/2011 12:56,4/6/2011 14:25,6
16713,4/18/2011 11:29,4/12/2011 12:56,6
16713,6/20/2011 13:14,4/18/2011 11:29,63
16713,7/19/2011 11:03,6/20/2011 13:14,29
16713,8/16/2011 12:12,7/19/2011 11:03,28
16713,9/27/2011 13:49,8/16/2011 12:12,42
16713,10/4/2011 11:33,9/27/2011 13:49,7
16713,11/16/2011 15:33,10/4/2011 11:33,43
16713,11/21/2011 12:36,11/16/2011 15:33,5
16714,1/26/2011 13:40,NULL,NULL
16714,1/26/2011 13:46,1/26/2011 13:40,0
16714,5/5/2011 11:09,1/26/2011 13:46,99
16715,9/22/2011 18:15,NULL,NULL
16716,2/1/2011 15:35,NULL,NULL
16716,3/18/2011 10:03,2/1/2011 15:35,45
16717,12/8/2010 16:48,NULL,NULL
16717,6/20/2011 10:34,12/8/2010 16:48,194
16717,6/30/2011 11:49,6/20/2011 10:34,10
16717,9/5/2011 10:27,6/30/2011 11:49,67
16717,11/7/2011 16:50,9/5/2011 10:27,63
16717,11/16/2011 12:16,11/7/2011 16:50,9
16718,12/5/2010 13:03,NULL,NULL
16719,12/6/2010 12:06,NULL,NULL
16719,1/5/2011 11:52,12/6/2010 12:06,30
16719,2/24/2011 11:11,1/5/2011 11:52,50
16719,4/18/2011 10:21,2/24/2011 11:11,53
16719,7/14/2011 9:54,4/18/2011 10:21,87
16719,9/26/2011 10:39,7/14/2011 9:54,74
16719,11/25/2011 9:27,9/26/2011 10:39,60
16720,11/13/2011 16:22,NULL,NULL
16721,3/22/2011 16:08,NULL,NULL
16722,12/6/2010 12:59,NULL,NULL
16722,12/8/2010 15:38,12/6/2010 12:59,2
16722,2/24/2011 15:39,12/8/2010 15:38,78
16722,4/26/2011 8:33,2/24/2011 15:39,61
16722,5/23/2011 11:52,4/26/2011 8:33,27
16722,6/9/2011 10:06,5/23/2011 11:52,17
16722,7/6/2011 17:25,6/9/2011 10:06,27
16722,7/22/2011 10:48,7/6/2011 17:25,16
16722,8/25/2011 12:33,7/22/2011 10:48,34
16722,9/1/2011 11:38,8/25/2011 12:33,7
16722,10/5/2011 9:52,9/1/2011 11:38,34
16722,10/19/2011 16:41,10/5/2011 9:52,14
16722,11/22/2011 13:28,10/19/2011 16:41,34
16723,8/24/2011 11:31,NULL,NULL
16723,9/9/2011 13:01,8/24/2011 11:31,16
16725,12/3/2010 16:02,NULL,NULL
16725,12/15/2010 16:32,12/3/2010 16:02,12
16725,12/15/2010 16:38,12/15/2010 16:32,0
16725,1/4/2011 15:24,12/15/2010 16:38,20
16725,1/27/2011 16:49,1/4/2011 15:24,23
16725,2/4/2011 14:08,1/27/2011 16:49,8
16725,2/10/2011 16:52,2/4/2011 14:08,6
16726,12/13/2010 13:28,NULL,NULL
16726,2/18/2011 13:26,12/13/2010 13:28,67
16726,2/18/2011 13:29,2/18/2011 13:26,0
16726,5/27/2011 13:00,2/18/2011 13:29,98
16726,11/13/2011 14:53,5/27/2011 13:00,170
16727,12/10/2010 13:48,NULL,NULL
16728,3/20/2011 13:28,NULL,NULL
16728,4/17/2011 11:04,3/20/2011 13:28,28
16728,6/26/2011 11:58,4/17/2011 11:04,70
16728,10/24/2011 14:36,6/26/2011 11:58,120
16729,4/12/2011 14:22,NULL,NULL
16729,4/18/2011 14:27,4/12/2011 14:22,6
16729,4/26/2011 13:02,4/18/2011 14:27,8
16729,4/26/2011 13:04,4/26/2011 13:02,0
16729,5/6/2011 11:20,4/26/2011 13:04,10
16729,5/9/2011 13:28,5/6/2011 11:20,3
16729,5/9/2011 13:43,5/9/2011 13:28,0
16729,5/16/2011 12:53,5/9/2011 13:43,7
16729,5/23/2011 15:33,5/16/2011 12:53,7
16729,6/2/2011 12:08,5/23/2011 15:33,10
16729,6/10/2011 13:18,6/2/2011 12:08,8
16729,6/16/2011 11:38,6/10/2011 13:18,6
16729,7/5/2011 11:49,6/16/2011 11:38,19
16729,7/20/2011 12:45,7/5/2011 11:49,15
16729,7/29/2011 12:41,7/20/2011 12:45,9
16729,8/17/2011 12:24,7/29/2011 12:41,19
16729,9/1/2011 16:18,8/17/2011 12:24,15
16729,9/15/2011 13:28,9/1/2011 16:18,14
16729,9/30/2011 12:35,9/15/2011 13:28,15
16729,10/17/2011 13:57,9/30/2011 12:35,17
16729,11/1/2011 14:29,10/17/2011 13:57,15
16730,1/24/2011 14:01,NULL,NULL
16730,4/19/2011 12:41,1/24/2011 14:01,85
16730,10/18/2011 14:11,4/19/2011 12:41,182
16732,11/8/2011 9:54,NULL,NULL
16734,8/17/2011 15:00,NULL,NULL
16734,8/17/2011 15:02,8/17/2011 15:00,0
16734,10/18/2011 13:44,8/17/2011 15:02,62
16735,1/9/2011 12:53,NULL,NULL
16735,4/14/2011 12:12,1/9/2011 12:53,95
16735,9/2/2011 10:20,4/14/2011 12:12,141
16735,9/2/2011 10:21,9/2/2011 10:20,0
16735,9/22/2011 11:49,9/2/2011 10:21,20
16737,10/17/2011 13:03,NULL,NULL
16738,2/15/2011 9:46,NULL,NULL
16739,6/16/2011 9:17,NULL,NULL
16742,10/24/2011 12:02,NULL,NULL
16743,12/16/2010 12:15,NULL,NULL
16743,3/10/2011 13:07,12/16/2010 12:15,84
16743,5/12/2011 12:57,3/10/2011 13:07,63
16743,7/7/2011 12:29,5/12/2011 12:57,56
16743,7/7/2011 12:36,7/7/2011 12:29,0
16743,8/18/2011 18:15,7/7/2011 12:36,42
16743,11/10/2011 13:13,8/18/2011 18:15,84
16744,6/19/2011 15:13,NULL,NULL
16744,7/17/2011 14:42,6/19/2011 15:13,28
16744,9/4/2011 12:10,7/17/2011 14:42,49
16744,9/25/2011 11:22,9/4/2011 12:10,21
16744,10/23/2011 12:08,9/25/2011 11:22,28
16744,11/6/2011 12:23,10/23/2011 12:08,14
16744,11/28/2011 13:06,11/6/2011 12:23,22
16745,2/1/2011 11:31,NULL,NULL
16745,2/6/2011 14:43,2/1/2011 11:31,5
16745,2/17/2011 12:33,2/6/2011 14:43,11
16745,2/27/2011 12:48,2/17/2011 12:33,10
16745,3/10/2011 12:16,2/27/2011 12:48,11
16745,3/24/2011 12:21,3/10/2011 12:16,14
16745,4/7/2011 13:11,3/24/2011 12:21,14
16745,5/3/2011 11:34,4/7/2011 13:11,26
16745,5/12/2011 12:11,5/3/2011 11:34,9
16745,6/9/2011 12:21,5/12/2011 12:11,28
16745,6/14/2011 11:26,6/9/2011 12:21,5
16745,6/30/2011 19:13,6/14/2011 11:26,16
16745,7/19/2011 12:19,6/30/2011 19:13,19
16745,8/1/2011 13:54,7/19/2011 12:19,13
16745,8/12/2011 16:10,8/1/2011 13:54,11
16745,9/2/2011 13:10,8/12/2011 16:10,21
16745,9/14/2011 11:58,9/2/2011 13:10,12
16746,12/16/2010 11:43,NULL,NULL
16746,1/16/2011 10:42,12/16/2010 11:43,31
16746,2/20/2011 10:56,1/16/2011 10:42,35
16746,3/17/2011 16:10,2/20/2011 10:56,25
16746,4/18/2011 11:59,3/17/2011 16:10,32
16746,4/18/2011 12:42,4/18/2011 11:59,0
16746,5/3/2011 12:13,4/18/2011 12:42,15
16746,5/29/2011 15:35,5/3/2011 12:13,26
16746,7/1/2011 12:09,5/29/2011 15:35,33
16746,7/18/2011 15:14,7/1/2011 12:09,17
16746,8/12/2011 13:40,7/18/2011 15:14,25
16746,8/31/2011 9:10,8/12/2011 13:40,19
16746,9/15/2011 18:05,8/31/2011 9:10,15
16746,9/25/2011 14:52,9/15/2011 18:05,10
16746,11/3/2011 16:06,9/25/2011 14:52,39
16746,11/15/2011 12:19,11/3/2011 16:06,12
16746,11/28/2011 15:17,11/15/2011 12:19,13
16746,12/5/2011 12:33,11/28/2011 15:17,7
16747,10/3/2011 10:18,NULL,NULL
16747,11/2/2011 11:37,10/3/2011 10:18,30
16748,1/9/2011 13:50,NULL,NULL
16748,2/3/2011 14:51,1/9/2011 13:50,25
16748,5/6/2011 11:26,2/3/2011 14:51,92
16748,11/2/2011 14:52,5/6/2011 11:26,180
16748,11/22/2011 10:17,11/2/2011 14:52,20
16750,4/21/2011 16:53,NULL,NULL
16750,7/26/2011 17:27,4/21/2011 16:53,96
16750,8/10/2011 14:49,7/26/2011 17:27,15
16750,9/27/2011 14:31,8/10/2011 14:49,48
16750,10/26/2011 12:48,9/27/2011 14:31,29
16751,11/9/2011 10:48,NULL,NULL
16752,12/2/2010 12:18,NULL,NULL
16753,10/12/2011 13:14,NULL,NULL
16754,12/2/2010 17:38,NULL,NULL
16755,1/28/2011 10:47,NULL,NULL
16755,4/27/2011 14:01,1/28/2011 10:47,89
16755,8/17/2011 13:21,4/27/2011 14:01,112
16756,5/9/2011 9:33,NULL,NULL
16757,1/25/2011 11:59,NULL,NULL
16758,10/5/2011 14:47,NULL,NULL
16759,11/9/2011 9:06,NULL,NULL
16759,11/9/2011 9:07,11/9/2011 9:06,0
16759,12/2/2011 12:42,11/9/2011 9:07,23
16761,9/4/2011 11:15,NULL,NULL
16762,7/18/2011 12:52,NULL,NULL
16762,10/25/2011 10:17,7/18/2011 12:52,99
16762,11/20/2011 11:43,10/25/2011 10:17,26
16763,5/25/2011 11:52,NULL,NULL
16764,7/19/2011 17:17,NULL,NULL
16764,7/31/2011 11:38,7/19/2011 17:17,12
16764,8/5/2011 12:37,7/31/2011 11:38,5
16764,9/1/2011 16:46,8/5/2011 12:37,27
16764,9/15/2011 17:07,9/1/2011 16:46,14
16764,9/28/2011 12:36,9/15/2011 17:07,13
16764,10/7/2011 11:32,9/28/2011 12:36,9
16764,10/28/2011 13:00,10/7/2011 11:32,21
16764,11/8/2011 12:32,10/28/2011 13:00,11
16764,11/18/2011 12:27,11/8/2011 12:32,10
16764,11/25/2011 13:45,11/18/2011 12:27,7
16764,11/30/2011 11:30,11/25/2011 13:45,5
16764,12/6/2011 11:41,11/30/2011 11:30,6
16765,2/18/2011 15:41,NULL,NULL
16766,3/11/2011 13:34,NULL,NULL
16766,3/11/2011 15:22,3/11/2011 13:34,0
16767,1/27/2011 13:38,NULL,NULL
16767,3/24/2011 15:02,1/27/2011 13:38,56
16767,5/4/2011 16:36,3/24/2011 15:02,41
16767,6/10/2011 10:49,5/4/2011 16:36,37
16767,7/27/2011 10:52,6/10/2011 10:49,47
16767,8/18/2011 12:41,7/27/2011 10:52,22
16767,9/7/2011 9:15,8/18/2011 12:41,20
16767,11/9/2011 9:38,9/7/2011 9:15,63
16767,11/9/2011 9:40,11/9/2011 9:38,0
16767,11/9/2011 9:41,11/9/2011 9:40,0
16767,11/9/2011 9:42,11/9/2011 9:41,0
16768,3/13/2011 10:25,NULL,NULL
16768,8/28/2011 10:43,3/13/2011 10:25,168
16768,10/23/2011 10:38,8/28/2011 10:43,56
16769,3/24/2011 13:41,NULL,NULL
16770,12/2/2010 15:49,NULL,NULL
16770,12/16/2010 15:45,12/2/2010 15:49,14
16770,1/30/2011 13:51,12/16/2010 15:45,45
16770,4/17/2011 12:49,1/30/2011 13:51,77
16770,10/13/2011 12:21,4/17/2011 12:49,179
16771,1/5/2011 13:57,NULL,NULL
16771,2/2/2011 14:37,1/5/2011 13:57,28
16771,3/9/2011 13:56,2/2/2011 14:37,35
16771,9/25/2011 14:52,3/9/2011 13:56,200
16771,11/6/2011 13:28,9/25/2011 14:52,42
16773,10/13/2011 14:37,NULL,NULL
16774,6/14/2011 12:45,NULL,NULL
16774,7/20/2011 13:09,6/14/2011 12:45,36
16774,8/15/2011 12:57,7/20/2011 13:09,26
16774,10/3/2011 12:41,8/15/2011 12:57,49
16775,12/7/2010 15:15,NULL,NULL
16775,1/13/2011 15:18,12/7/2010 15:15,37
16775,2/21/2011 15:30,1/13/2011 15:18,39
16775,5/18/2011 11:14,2/21/2011 15:30,86
16775,6/29/2011 16:07,5/18/2011 11:14,42
16775,7/1/2011 15:39,6/29/2011 16:07,2
16775,7/29/2011 15:51,7/1/2011 15:39,28
16775,8/9/2011 15:12,7/29/2011 15:51,11
16775,9/28/2011 16:35,8/9/2011 15:12,50
16775,10/13/2011 15:23,9/28/2011 16:35,15
16775,11/29/2011 15:22,10/13/2011 15:23,47
16776,10/10/2011 13:04,NULL,NULL
16777,3/27/2011 14:34,NULL,NULL
16777,9/20/2011 13:41,3/27/2011 14:34,177
16778,3/10/2011 15:21,NULL,NULL
16778,9/26/2011 13:48,3/10/2011 15:21,200
16779,12/8/2010 9:56,NULL,NULL
16779,12/12/2010 12:26,12/8/2010 9:56,4
16779,1/7/2011 12:45,12/12/2010 12:26,26
16779,1/12/2011 10:20,1/7/2011 12:45,5
16779,1/31/2011 14:59,1/12/2011 10:20,19
16779,2/8/2011 14:15,1/31/2011 14:59,8
16779,3/8/2011 10:39,2/8/2011 14:15,28
16779,3/18/2011 11:39,3/8/2011 10:39,10
16779,4/10/2011 12:36,3/18/2011 11:39,23
16779,5/4/2011 13:12,4/10/2011 12:36,24
16779,6/9/2011 16:44,5/4/2011 13:12,36
16779,6/17/2011 9:54,6/9/2011 16:44,8
16779,6/29/2011 14:53,6/17/2011 9:54,12
16779,7/13/2011 12:18,6/29/2011 14:53,14
16779,8/25/2011 10:32,7/13/2011 12:18,43
16779,9/29/2011 16:53,8/25/2011 10:32,35
16779,11/7/2011 16:17,9/29/2011 16:53,39
16779,11/14/2011 9:00,11/7/2011 16:17,7
16779,11/20/2011 10:53,11/14/2011 9:00,6
16779,11/25/2011 9:07,11/20/2011 10:53,5
16779,12/7/2011 14:52,11/25/2011 9:07,12
16779,12/7/2011 14:54,12/7/2011 14:52,0
16780,3/25/2011 17:34,NULL,NULL
16780,8/31/2011 16:09,3/25/2011 17:34,159
16781,12/2/2010 14:26,NULL,NULL
16782,12/9/2010 11:28,NULL,NULL
16782,12/15/2010 11:26,12/9/2010 11:28,6
16782,1/27/2011 10:02,12/15/2010 11:26,43
16782,3/7/2011 16:39,1/27/2011 10:02,39
16782,3/15/2011 14:36,3/7/2011 16:39,8
16782,4/28/2011 16:39,3/15/2011 14:36,44
16782,5/19/2011 13:08,4/28/2011 16:39,21
16782,7/5/2011 10:06,5/19/2011 13:08,47
16782,7/24/2011 15:23,7/5/2011 10:06,19
16782,9/23/2011 9:26,7/24/2011 15:23,61
16782,11/4/2011 14:03,9/23/2011 9:26,42
16782,11/22/2011 9:53,11/4/2011 14:03,18
16782,11/29/2011 13:20,11/22/2011 9:53,7
16784,11/20/2011 12:20,NULL,NULL
16788,3/30/2011 13:05,NULL,NULL
16788,8/8/2011 14:53,3/30/2011 13:05,131
16789,12/1/2011 15:12,NULL,NULL
16790,11/2/2011 11:23,NULL,NULL
16790,11/6/2011 14:06,11/2/2011 11:23,4
16790,11/7/2011 16:19,11/6/2011 14:06,1
16790,11/11/2011 9:02,11/7/2011 16:19,4
16790,11/23/2011 14:37,11/11/2011 9:02,12
16790,12/6/2011 11:53,11/23/2011 14:37,13
16791,1/11/2011 15:42,NULL,NULL
16791,3/21/2011 14:18,1/11/2011 15:42,69
16791,5/10/2011 13:24,3/21/2011 14:18,50
16791,5/10/2011 13:26,5/10/2011 13:24,0
16791,8/9/2011 13:22,5/10/2011 13:26,91
16791,10/10/2011 16:03,8/9/2011 13:22,62
16791,11/10/2011 19:12,10/10/2011 16:03,31
16792,3/2/2011 14:39,NULL,NULL
16792,3/2/2011 14:41,3/2/2011 14:39,0
16793,10/13/2011 15:08,NULL,NULL
16794,6/12/2011 14:15,NULL,NULL
16794,6/13/2011 10:54,6/12/2011 14:15,1
16794,7/14/2011 19:23,6/13/2011 10:54,31
16794,8/23/2011 13:51,7/14/2011 19:23,40
16794,9/11/2011 15:50,8/23/2011 13:51,19
16794,10/23/2011 14:41,9/11/2011 15:50,42
16794,11/13/2011 12:29,10/23/2011 14:41,21
16794,11/13/2011 12:40,11/13/2011 12:29,0
16794,11/29/2011 12:46,11/13/2011 12:40,16
16794,12/8/2011 17:54,11/29/2011 12:46,9
16795,12/9/2010 14:08,NULL,NULL
16796,9/11/2011 14:01,NULL,NULL
16800,11/28/2011 14:06,NULL,NULL
16801,3/11/2011 13:56,NULL,NULL
16801,5/22/2011 12:12,3/11/2011 13:56,72
16801,5/31/2011 11:14,5/22/2011 12:12,9
16801,6/29/2011 15:33,5/31/2011 11:14,29
16803,10/5/2011 14:28,NULL,NULL
16804,3/14/2011 15:48,NULL,NULL
16804,11/16/2011 16:42,3/14/2011 15:48,247
16804,11/16/2011 16:43,11/16/2011 16:42,0
16805,12/14/2010 13:35,NULL,NULL
16805,6/19/2011 11:23,12/14/2010 13:35,187
16806,4/14/2011 19:59,NULL,NULL
16806,5/3/2011 15:15,4/14/2011 19:59,19
16806,6/23/2011 11:46,5/3/2011 15:15,51
16806,8/28/2011 15:27,6/23/2011 11:46,66
16807,3/14/2011 9:46,NULL,NULL
16807,5/8/2011 11:34,3/14/2011 9:46,55
16807,7/20/2011 12:00,5/8/2011 11:34,73
16808,3/10/2011 19:05,NULL,NULL
16808,9/1/2011 19:34,3/10/2011 19:05,175
16809,3/22/2011 15:20,NULL,NULL
16809,5/15/2011 12:53,3/22/2011 15:20,54
16809,7/26/2011 14:24,5/15/2011 12:53,72
16809,10/9/2011 12:44,7/26/2011 14:24,75
16809,11/16/2011 15:45,10/9/2011 12:44,38
16810,5/31/2011 15:32,NULL,NULL
16811,11/22/2011 17:19,NULL,NULL
16811,12/5/2011 11:39,11/22/2011 17:19,13
16812,12/14/2010 12:35,NULL,NULL
16813,5/19/2011 13:28,NULL,NULL
16813,6/1/2011 12:11,5/19/2011 13:28,13
16813,6/19/2011 12:26,6/1/2011 12:11,18
16813,7/17/2011 11:10,6/19/2011 12:26,28
16813,7/31/2011 11:26,7/17/2011 11:10,14
16813,8/18/2011 13:44,7/31/2011 11:26,18
16813,9/4/2011 11:12,8/18/2011 13:44,17
16813,9/22/2011 13:50,9/4/2011 11:12,18
16813,10/20/2011 15:20,9/22/2011 13:50,28
16813,12/1/2011 14:03,10/20/2011 15:20,42
16814,12/5/2010 11:45,NULL,NULL
16814,1/4/2011 14:47,12/5/2010 11:45,30
16814,1/13/2011 12:53,1/4/2011 14:47,9
16814,1/18/2011 12:46,1/13/2011 12:53,5
16814,1/27/2011 14:48,1/18/2011 12:46,9
16814,2/3/2011 11:30,1/27/2011 14:48,7
16814,2/18/2011 13:10,2/3/2011 11:30,15
16814,3/28/2011 14:43,2/18/2011 13:10,38
16814,4/12/2011 13:32,3/28/2011 14:43,15
16814,4/28/2011 11:38,4/12/2011 13:32,16
16814,5/18/2011 12:46,4/28/2011 11:38,20
16814,5/31/2011 10:43,5/18/2011 12:46,13
16814,6/16/2011 13:57,5/31/2011 10:43,16
16814,7/7/2011 11:56,6/16/2011 13:57,21
16814,8/1/2011 15:57,7/7/2011 11:56,25
16814,8/23/2011 11:51,8/1/2011 15:57,22
16814,9/13/2011 10:17,8/23/2011 11:51,21
16814,10/6/2011 14:36,9/13/2011 10:17,23
16814,10/24/2011 11:39,10/6/2011 14:36,18
16814,11/16/2011 12:51,10/24/2011 11:39,23
16814,11/25/2011 13:27,11/16/2011 12:51,9
16816,12/16/2010 17:01,NULL,NULL
16816,1/30/2011 15:40,12/16/2010 17:01,45
16816,7/13/2011 11:00,1/30/2011 15:40,164
16816,8/28/2011 14:16,7/13/2011 11:00,46
16817,12/6/2010 14:19,NULL,NULL
16817,12/15/2010 9:49,12/6/2010 14:19,9
16817,3/11/2011 10:30,12/15/2010 9:49,86
16817,3/25/2011 13:30,3/11/2011 10:30,14
16817,4/5/2011 10:13,3/25/2011 13:30,11
16817,5/5/2011 17:42,4/5/2011 10:13,30
16817,6/7/2011 10:05,5/5/2011 17:42,33
16817,11/7/2011 12:39,6/7/2011 10:05,153
16817,12/7/2011 11:03,11/7/2011 12:39,30
16818,5/18/2011 11:42,NULL,NULL
16818,5/22/2011 15:44,5/18/2011 11:42,4
16818,6/1/2011 12:19,5/22/2011 15:44,10
16818,6/9/2011 15:34,6/1/2011 12:19,8
16818,7/15/2011 10:21,6/9/2011 15:34,36
16818,7/26/2011 12:24,7/15/2011 10:21,11
16818,8/5/2011 12:30,7/26/2011 12:24,10
16818,8/25/2011 15:49,8/5/2011 12:30,20
16818,9/7/2011 14:40,8/25/2011 15:49,13
16818,9/29/2011 13:38,9/7/2011 14:40,22
16818,11/29/2011 10:41,9/29/2011 13:38,61
16820,9/5/2011 12:06,NULL,NULL
16823,4/26/2011 15:00,NULL,NULL
16824,6/28/2011 13:36,NULL,NULL
16824,11/24/2011 12:38,6/28/2011 13:36,149
16825,6/7/2011 9:44,NULL,NULL
16825,11/1/2011 11:51,6/7/2011 9:44,147
16826,10/19/2011 14:05,NULL,NULL
16828,8/19/2011 13:24,NULL,NULL
16828,9/7/2011 15:10,8/19/2011 13:24,19
16829,7/6/2011 10:48,NULL,NULL
16830,11/1/2011 11:35,NULL,NULL
16832,5/6/2011 14:12,NULL,NULL
16832,5/20/2011 14:47,5/6/2011 14:12,14
16832,6/8/2011 15:36,5/20/2011 14:47,19
16833,1/9/2011 13:02,NULL,NULL
16833,3/25/2011 8:52,1/9/2011 13:02,75
16833,3/25/2011 8:53,3/25/2011 8:52,0
16833,12/8/2011 14:39,3/25/2011 8:53,258
16834,4/26/2011 9:37,NULL,NULL
16835,12/1/2010 17:15,NULL,NULL
16835,8/3/2011 13:50,12/1/2010 17:15,245
16836,8/15/2011 12:38,NULL,NULL
16836,10/31/2011 10:05,8/15/2011 12:38,77
16837,4/8/2011 8:48,NULL,NULL
16837,4/13/2011 10:10,4/8/2011 8:48,5
16837,4/20/2011 10:04,4/13/2011 10:10,7
16837,5/3/2011 12:04,4/20/2011 10:04,13
16837,5/11/2011 10:42,5/3/2011 12:04,8
16837,5/26/2011 11:36,5/11/2011 10:42,15
16837,5/26/2011 11:37,5/26/2011 11:36,0
16837,5/26/2011 11:38,5/26/2011 11:37,0
16837,7/5/2011 10:06,5/26/2011 11:38,40
16837,10/11/2011 11:49,7/5/2011 10:06,98
16837,11/8/2011 14:27,10/11/2011 11:49,28
16838,2/24/2011 15:01,NULL,NULL
16838,5/26/2011 13:13,2/24/2011 15:01,91
16839,12/5/2010 11:15,NULL,NULL
16839,1/7/2011 9:55,12/5/2010 11:15,33
16839,1/14/2011 15:29,1/7/2011 9:55,7
16839,1/21/2011 15:25,1/14/2011 15:29,7
16839,2/8/2011 10:15,1/21/2011 15:25,18
16839,2/17/2011 8:40,2/8/2011 10:15,9
16839,3/1/2011 14:42,2/17/2011 8:40,12
16839,3/17/2011 12:10,3/1/2011 14:42,16
16839,3/23/2011 15:41,3/17/2011 12:10,6
16839,3/31/2011 13:14,3/23/2011 15:41,8
16839,5/9/2011 13:27,3/31/2011 13:14,39
16839,5/19/2011 16:47,5/9/2011 13:27,10
16839,5/27/2011 9:32,5/19/2011 16:47,8
16839,6/7/2011 8:21,5/27/2011 9:32,11
16839,6/20/2011 15:47,6/7/2011 8:21,13
16839,6/20/2011 15:48,6/20/2011 15:47,0
16839,7/1/2011 12:52,6/20/2011 15:48,11
16839,7/12/2011 12:07,7/1/2011 12:52,11
16839,7/22/2011 12:09,7/12/2011 12:07,10
16839,7/31/2011 10:28,7/22/2011 12:09,9
16839,8/10/2011 12:48,7/31/2011 10:28,10
16839,8/22/2011 10:42,8/10/2011 12:48,12
16839,9/12/2011 14:54,8/22/2011 10:42,21
16839,9/20/2011 15:29,9/12/2011 14:54,8
16839,9/26/2011 15:13,9/20/2011 15:29,6
16839,10/7/2011 11:38,9/26/2011 15:13,11
16839,10/14/2011 15:50,10/7/2011 11:38,7
16839,11/2/2011 10:07,10/14/2011 15:50,19
16839,11/4/2011 8:12,11/2/2011 10:07,2
16839,11/9/2011 8:41,11/4/2011 8:12,5
16839,11/16/2011 13:20,11/9/2011 8:41,7
16839,11/17/2011 16:43,11/16/2011 13:20,1
16839,12/1/2011 9:02,11/17/2011 16:43,14
16839,12/1/2011 9:03,12/1/2011 9:02,0
16841,2/25/2011 12:40,NULL,NULL
16841,5/10/2011 10:20,2/25/2011 12:40,74
16841,6/7/2011 14:38,5/10/2011 10:20,28
16841,6/22/2011 12:50,6/7/2011 14:38,15
16841,7/25/2011 13:06,6/22/2011 12:50,33
16841,11/3/2011 11:51,7/25/2011 13:06,101
16842,2/10/2011 14:51,NULL,NULL
16842,7/7/2011 17:35,2/10/2011 14:51,147
16842,8/31/2011 10:42,7/7/2011 17:35,55
16843,1/16/2011 16:10,NULL,NULL
16843,2/22/2011 11:58,1/16/2011 16:10,37
16843,4/12/2011 11:34,2/22/2011 11:58,49
16843,5/18/2011 15:26,4/12/2011 11:34,36
16843,5/18/2011 15:28,5/18/2011 15:26,0
16843,5/26/2011 14:45,5/18/2011 15:28,8
16843,6/16/2011 14:46,5/26/2011 14:45,21
16843,6/16/2011 14:47,6/16/2011 14:46,0
16843,7/13/2011 11:34,6/16/2011 14:47,27
16843,7/13/2011 11:35,7/13/2011 11:34,0
16843,7/28/2011 14:03,7/13/2011 11:35,15
16843,9/5/2011 9:24,7/28/2011 14:03,39
16843,9/7/2011 10:56,9/5/2011 9:24,2
16843,10/5/2011 15:35,9/7/2011 10:56,28
16843,10/5/2011 15:36,10/5/2011 15:35,0
16843,10/28/2011 9:06,10/5/2011 15:36,23
16846,10/20/2011 13:55,NULL,NULL
16847,10/27/2011 13:29,NULL,NULL
16848,10/18/2011 8:42,NULL,NULL
16849,6/6/2011 9:16,NULL,NULL
16850,1/10/2011 11:09,NULL,NULL
16851,10/19/2011 9:48,NULL,NULL
16851,10/28/2011 12:33,10/19/2011 9:48,9
16851,12/5/2011 13:32,10/28/2011 12:33,38
16852,6/16/2011 15:49,NULL,NULL
16852,11/29/2011 13:22,6/16/2011 15:49,166
16855,10/27/2011 16:31,NULL,NULL
16855,11/16/2011 12:03,10/27/2011 16:31,20
16856,11/25/2011 8:59,NULL,NULL
16858,12/6/2010 9:52,NULL,NULL
16859,3/23/2011 13:39,NULL,NULL
16859,7/18/2011 12:19,3/23/2011 13:39,117
16861,7/4/2011 15:38,NULL,NULL
16861,10/11/2011 9:05,7/4/2011 15:38,99
16863,12/8/2010 8:58,NULL,NULL
16863,11/8/2011 15:26,12/8/2010 8:58,335
16866,7/1/2011 12:34,NULL,NULL
16866,7/10/2011 10:14,7/1/2011 12:34,9
16866,7/22/2011 10:06,7/10/2011 10:14,12
16869,6/17/2011 13:01,NULL,NULL
16869,6/27/2011 12:16,6/17/2011 13:01,10
16869,10/19/2011 12:34,6/27/2011 12:16,114
16869,11/17/2011 12:02,10/19/2011 12:34,29
16871,3/14/2011 10:31,NULL,NULL
16871,3/29/2011 11:39,3/14/2011 10:31,15
16871,3/29/2011 11:42,3/29/2011 11:39,0
16871,5/13/2011 11:44,3/29/2011 11:42,45
16871,9/11/2011 15:59,5/13/2011 11:44,121
16871,11/17/2011 19:27,9/11/2011 15:59,67
16872,6/8/2011 14:32,NULL,NULL
16872,8/26/2011 15:38,6/8/2011 14:32,79
16872,9/23/2011 16:05,8/26/2011 15:38,28
16873,12/10/2010 15:45,NULL,NULL
16873,4/8/2011 15:34,12/10/2010 15:45,119
16873,5/26/2011 10:43,4/8/2011 15:34,48
16873,8/4/2011 15:33,5/26/2011 10:43,70
16873,10/9/2011 12:20,8/4/2011 15:33,66
16873,12/5/2011 12:05,10/9/2011 12:20,57
16875,1/4/2011 10:37,NULL,NULL
16875,2/16/2011 12:59,1/4/2011 10:37,43
16875,2/16/2011 13:02,2/16/2011 12:59,0
16875,7/18/2011 11:41,2/16/2011 13:02,152
16875,10/3/2011 13:39,7/18/2011 11:41,77
16877,5/15/2011 16:13,NULL,NULL
16877,7/10/2011 16:18,5/15/2011 16:13,56
16877,10/30/2011 16:15,7/10/2011 16:18,112
16877,11/13/2011 16:24,10/30/2011 16:15,14
16877,11/20/2011 14:04,11/13/2011 16:24,7
16877,11/27/2011 13:47,11/20/2011 14:04,7
16878,9/16/2011 17:39,NULL,NULL
16880,6/3/2011 16:45,NULL,NULL
16880,6/19/2011 12:58,6/3/2011 16:45,16
16880,6/19/2011 13:01,6/19/2011 12:58,0
16880,7/10/2011 12:25,6/19/2011 13:01,21
16880,8/5/2011 13:46,7/10/2011 12:25,26
16880,9/1/2011 11:22,8/5/2011 13:46,27
16880,11/9/2011 11:33,9/1/2011 11:22,69
16881,10/4/2011 10:33,NULL,NULL
16882,1/26/2011 17:43,NULL,NULL
16882,4/14/2011 14:36,1/26/2011 17:43,78
16882,10/4/2011 10:42,4/14/2011 14:36,173
16883,12/3/2010 10:33,NULL,NULL
16883,6/5/2011 12:51,12/3/2010 10:33,184
16884,11/2/2011 10:16,NULL,NULL
16884,11/2/2011 11:52,11/2/2011 10:16,0
16885,12/17/2010 17:23,NULL,NULL
16885,10/19/2011 14:22,12/17/2010 17:23,306
16885,11/24/2011 13:40,10/19/2011 14:22,36
16887,11/4/2011 14:07,NULL,NULL
16889,1/7/2011 10:47,NULL,NULL
16889,4/10/2011 11:24,1/7/2011 10:47,93
16889,5/29/2011 11:05,4/10/2011 11:24,49
16891,12/3/2010 11:35,NULL,NULL
16891,7/21/2011 12:14,12/3/2010 11:35,230
16891,9/5/2011 11:31,7/21/2011 12:14,46
16891,11/3/2011 13:50,9/5/2011 11:31,59
16891,12/8/2011 11:15,11/3/2011 13:50,35
16892,6/9/2011 11:35,NULL,NULL
16892,11/10/2011 13:03,6/9/2011 11:35,154
16892,11/24/2011 13:06,11/10/2011 13:03,14
16892,12/8/2011 13:15,11/24/2011 13:06,14
16892,12/8/2011 13:18,12/8/2011 13:15,0
16893,12/8/2010 12:06,NULL,NULL
16895,10/6/2011 12:15,NULL,NULL
16897,1/30/2011 11:52,NULL,NULL
16897,2/13/2011 15:02,1/30/2011 11:52,14
16898,12/6/2010 12:23,NULL,NULL
16898,6/15/2011 13:35,12/6/2010 12:23,191
16898,11/13/2011 15:44,6/15/2011 13:35,151
16899,12/14/2010 13:11,NULL,NULL
16899,5/16/2011 15:53,12/14/2010 13:11,153
16899,7/13/2011 11:33,5/16/2011 15:53,58
16899,9/11/2011 10:35,7/13/2011 11:33,60
16899,11/20/2011 14:31,9/11/2011 10:35,70
16899,12/2/2011 12:03,11/20/2011 14:31,12
16900,10/7/2011 13:17,NULL,NULL
16900,11/20/2011 12:13,10/7/2011 13:17,44
16900,11/23/2011 10:32,11/20/2011 12:13,3
16902,8/15/2011 14:17,NULL,NULL
16903,11/10/2011 15:32,NULL,NULL
16904,12/7/2010 13:29,NULL,NULL
16904,12/7/2010 13:30,12/7/2010 13:29,0
16904,1/19/2011 11:38,12/7/2010 13:30,43
16904,2/14/2011 14:14,1/19/2011 11:38,26
16904,3/24/2011 12:11,2/14/2011 14:14,38
16904,4/28/2011 15:13,3/24/2011 12:11,35
16904,6/15/2011 13:05,4/28/2011 15:13,48
16904,6/27/2011 11:50,6/15/2011 13:05,12
16904,6/30/2011 12:04,6/27/2011 11:50,3
16904,7/15/2011 15:32,6/30/2011 12:04,15
16904,8/1/2011 11:57,7/15/2011 15:32,17
16904,8/10/2011 16:39,8/1/2011 11:57,9
16904,8/23/2011 11:41,8/10/2011 16:39,13
16904,9/6/2011 12:25,8/23/2011 11:41,14
16904,11/10/2011 13:46,9/6/2011 12:25,65
16904,12/5/2011 13:10,11/10/2011 13:46,25
16905,12/3/2010 10:43,NULL,NULL
16905,3/24/2011 19:31,12/3/2010 10:43,111
16905,4/17/2011 11:30,3/24/2011 19:31,24
16905,10/23/2011 15:23,4/17/2011 11:30,189
16905,11/20/2011 13:33,10/23/2011 15:23,28
16905,11/20/2011 13:37,11/20/2011 13:33,0
16905,12/4/2011 14:01,11/20/2011 13:37,14
16906,4/5/2011 12:30,NULL,NULL
16906,5/18/2011 12:15,4/5/2011 12:30,43
16906,6/6/2011 9:04,5/18/2011 12:15,19
16906,9/19/2011 11:49,6/6/2011 9:04,105
16907,12/9/2010 16:52,NULL,NULL
16907,2/22/2011 15:00,12/9/2010 16:52,75
16907,4/19/2011 14:56,2/22/2011 15:00,56
16907,7/14/2011 17:44,4/19/2011 14:56,86
16907,11/10/2011 18:04,7/14/2011 17:44,119
16909,9/28/2011 16:45,NULL,NULL
16910,9/9/2011 14:14,NULL,NULL
16910,9/14/2011 14:09,9/9/2011 14:14,5
16910,9/22/2011 14:42,9/14/2011 14:09,8
16910,9/23/2011 13:12,9/22/2011 14:42,1
16910,10/7/2011 13:16,9/23/2011 13:12,14
16910,10/18/2011 13:29,10/7/2011 13:16,11
16910,11/30/2011 14:33,10/18/2011 13:29,43
16910,12/5/2011 12:51,11/30/2011 14:33,5
16912,1/20/2011 15:42,NULL,NULL
16912,2/22/2011 10:09,1/20/2011 15:42,33
16912,2/22/2011 10:09,2/22/2011 10:09,0
16912,5/16/2011 10:41,2/22/2011 10:09,83
16912,5/16/2011 10:43,5/16/2011 10:41,0
16912,7/28/2011 14:34,5/16/2011 10:43,73
16912,7/28/2011 14:35,7/28/2011 14:34,0
16912,10/3/2011 12:31,7/28/2011 14:35,67
16912,10/3/2011 12:32,10/3/2011 12:31,0
16912,10/3/2011 12:32,10/3/2011 12:32,0
16912,11/11/2011 12:18,10/3/2011 12:32,39
16913,2/22/2011 12:56,NULL,NULL
16914,11/3/2011 15:27,NULL,NULL
16915,3/1/2011 9:52,NULL,NULL
16915,4/5/2011 13:48,3/1/2011 9:52,35
16915,6/24/2011 10:11,4/5/2011 13:48,80
16915,8/4/2011 13:03,6/24/2011 10:11,41
16915,10/26/2011 16:07,8/4/2011 13:03,83
16915,11/30/2011 16:39,10/26/2011 16:07,35
16916,12/2/2010 13:14,NULL,NULL
16916,11/16/2011 12:08,12/2/2010 13:14,349
16917,3/8/2011 11:55,NULL,NULL
16918,1/26/2011 17:37,NULL,NULL
16918,7/3/2011 12:38,1/26/2011 17:37,158
16918,9/5/2011 13:50,7/3/2011 12:38,64
16918,10/7/2011 16:03,9/5/2011 13:50,32
16918,10/7/2011 16:06,10/7/2011 16:03,0
16918,10/21/2011 12:50,10/7/2011 16:06,14
16919,12/6/2010 12:52,NULL,NULL
16919,12/14/2010 14:15,12/6/2010 12:52,8
16919,4/5/2011 11:29,12/14/2010 14:15,112
16919,4/12/2011 15:23,4/5/2011 11:29,7
16919,4/19/2011 12:17,4/12/2011 15:23,7
16919,4/27/2011 13:44,4/19/2011 12:17,8
16919,5/6/2011 13:31,4/27/2011 13:44,9
16919,5/24/2011 13:27,5/6/2011 13:31,18
16919,5/31/2011 15:16,5/24/2011 13:27,7
16919,6/14/2011 11:53,5/31/2011 15:16,14
16919,7/6/2011 13:35,6/14/2011 11:53,22
16921,10/9/2011 16:22,NULL,NULL
16923,12/12/2010 11:06,NULL,NULL
16923,1/9/2011 10:21,12/12/2010 11:06,28
16923,1/30/2011 11:11,1/9/2011 10:21,21
16923,3/6/2011 11:28,1/30/2011 11:11,35
16923,3/27/2011 11:02,3/6/2011 11:28,21
16923,4/18/2011 12:14,3/27/2011 11:02,22
16923,5/8/2011 11:08,4/18/2011 12:14,20
16923,5/17/2011 10:27,5/8/2011 11:08,9
16923,5/24/2011 17:34,5/17/2011 10:27,7
16923,6/5/2011 11:37,5/24/2011 17:34,12
16923,6/5/2011 11:46,6/5/2011 11:37,0
16923,6/19/2011 10:55,6/5/2011 11:46,14
16923,7/10/2011 10:30,6/19/2011 10:55,21
16923,9/1/2011 14:29,7/10/2011 10:30,53
16923,10/2/2011 10:55,9/1/2011 14:29,31
16923,10/30/2011 11:22,10/2/2011 10:55,28
16923,11/13/2011 10:35,10/30/2011 11:22,14
16923,11/27/2011 12:47,11/13/2011 10:35,14
16923,11/27/2011 13:00,11/27/2011 12:47,0
16924,9/16/2011 12:54,NULL,NULL
16924,10/6/2011 11:41,9/16/2011 12:54,20
16924,11/18/2011 12:53,10/6/2011 11:41,43
16926,12/3/2010 13:42,NULL,NULL
16927,12/13/2010 11:57,NULL,NULL
16927,3/8/2011 13:21,12/13/2010 11:57,85
16927,8/16/2011 11:10,3/8/2011 13:21,161
16928,12/1/2010 15:21,NULL,NULL
16928,1/21/2011 13:07,12/1/2010 15:21,51
16928,2/11/2011 11:57,1/21/2011 13:07,21
16928,4/1/2011 13:34,2/11/2011 11:57,49
16928,4/18/2011 16:37,4/1/2011 13:34,17
16928,5/8/2011 11:56,4/18/2011 16:37,20
16928,6/2/2011 13:22,5/8/2011 11:56,25
16928,6/14/2011 13:51,6/2/2011 13:22,12
16928,6/28/2011 13:55,6/14/2011 13:51,14
16928,7/14/2011 13:11,6/28/2011 13:55,16
16928,8/5/2011 11:52,7/14/2011 13:11,22
16928,8/11/2011 14:48,8/5/2011 11:52,6
16928,8/18/2011 15:41,8/11/2011 14:48,7
16928,8/30/2011 15:37,8/18/2011 15:41,12
16928,9/6/2011 13:29,8/30/2011 15:37,7
16928,9/14/2011 15:33,9/6/2011 13:29,8
16928,9/20/2011 15:10,9/14/2011 15:33,6
16929,7/7/2011 12:39,NULL,NULL
16929,8/4/2011 12:13,7/7/2011 12:39,28
16929,9/29/2011 9:16,8/4/2011 12:13,56
16929,11/3/2011 12:21,9/29/2011 9:16,35
16929,11/17/2011 8:54,11/3/2011 12:21,14
16929,11/22/2011 15:36,11/17/2011 8:54,5
16929,12/6/2011 8:37,11/22/2011 15:36,14
16930,10/2/2011 14:25,NULL,NULL
16930,10/2/2011 14:31,10/2/2011 14:25,0
16930,11/13/2011 16:13,10/2/2011 14:31,42
16931,12/5/2010 11:40,NULL,NULL
16931,12/17/2010 13:45,12/5/2010 11:40,12
16931,1/23/2011 12:19,12/17/2010 13:45,37
16931,2/20/2011 14:01,1/23/2011 12:19,28
16931,3/27/2011 14:28,2/20/2011 14:01,35
16931,4/10/2011 12:22,3/27/2011 14:28,14
16931,5/1/2011 11:14,4/10/2011 12:22,21
16931,5/22/2011 11:42,5/1/2011 11:14,21
16931,5/29/2011 11:34,5/22/2011 11:42,7
16931,6/19/2011 12:05,5/29/2011 11:34,21
16931,7/3/2011 11:40,6/19/2011 12:05,14
16931,7/17/2011 12:14,7/3/2011 11:40,14
16931,7/31/2011 10:59,7/17/2011 12:14,14
16931,8/28/2011 14:28,7/31/2011 10:59,28
16931,9/25/2011 13:08,8/28/2011 14:28,28
16931,10/9/2011 13:15,9/25/2011 13:08,14
16931,10/9/2011 13:19,10/9/2011 13:15,0
16931,10/23/2011 12:46,10/9/2011 13:19,14
16931,10/31/2011 12:01,10/23/2011 12:46,8
16931,11/20/2011 14:43,10/31/2011 12:01,20
16931,12/4/2011 13:15,11/20/2011 14:43,14
16932,10/17/2011 14:12,NULL,NULL
16933,4/14/2011 13:33,NULL,NULL
16933,12/8/2011 12:54,4/14/2011 13:33,238
16934,10/16/2011 12:25,NULL,NULL
16934,10/16/2011 12:40,10/16/2011 12:25,0
16936,11/14/2011 11:04,NULL,NULL
16938,2/4/2011 9:34,NULL,NULL
16938,6/12/2011 13:17,2/4/2011 9:34,128
16938,6/13/2011 11:24,6/12/2011 13:17,1
16938,12/1/2011 10:20,6/13/2011 11:24,171
16940,2/23/2011 12:27,NULL,NULL
16940,6/23/2011 13:13,2/23/2011 12:27,120
16940,10/18/2011 13:15,6/23/2011 13:13,117
16942,4/26/2011 11:59,NULL,NULL
16942,5/4/2011 12:20,4/26/2011 11:59,8
16942,5/4/2011 12:32,5/4/2011 12:20,0
16942,6/3/2011 13:43,5/4/2011 12:32,30
16942,6/16/2011 12:29,6/3/2011 13:43,13
16942,7/6/2011 17:31,6/16/2011 12:29,20
16942,7/26/2011 12:57,7/6/2011 17:31,20
16942,11/6/2011 11:44,7/26/2011 12:57,103
16942,11/27/2011 12:40,11/6/2011 11:44,21
16943,1/25/2011 14:00,NULL,NULL
16943,3/23/2011 15:19,1/25/2011 14:00,57
16943,5/12/2011 11:57,3/23/2011 15:19,50
16945,12/16/2010 17:49,NULL,NULL
16945,2/7/2011 15:04,12/16/2010 17:49,53
16945,2/7/2011 15:05,2/7/2011 15:04,0
16945,3/9/2011 14:22,2/7/2011 15:05,30
16945,3/9/2011 14:23,3/9/2011 14:22,0
16945,3/29/2011 16:12,3/9/2011 14:23,20
16945,5/22/2011 11:53,3/29/2011 16:12,54
16945,5/22/2011 11:54,5/22/2011 11:53,0
16945,6/28/2011 8:38,5/22/2011 11:54,37
16945,6/28/2011 8:39,6/28/2011 8:38,0
16945,7/29/2011 12:18,6/28/2011 8:39,31
16945,8/18/2011 9:01,7/29/2011 12:18,20
16945,9/2/2011 9:48,8/18/2011 9:01,15
16945,9/15/2011 14:22,9/2/2011 9:48,13
16945,10/12/2011 15:41,9/15/2011 14:22,27
16945,10/12/2011 15:42,10/12/2011 15:41,0
16945,11/8/2011 12:18,10/12/2011 15:42,27
16945,11/8/2011 12:18,11/8/2011 12:18,0
16945,11/18/2011 11:39,11/8/2011 12:18,10
16947,4/18/2011 9:38,NULL,NULL
16948,1/18/2011 10:58,NULL,NULL
16948,3/23/2011 8:26,1/18/2011 10:58,64
16948,7/24/2011 12:46,3/23/2011 8:26,123
16949,1/27/2011 12:11,NULL,NULL
16949,3/30/2011 12:24,1/27/2011 12:11,62
16949,5/5/2011 12:24,3/30/2011 12:24,36
16949,6/7/2011 10:34,5/5/2011 12:24,33
16949,10/30/2011 11:55,6/7/2011 10:34,145
16949,12/6/2011 11:07,10/30/2011 11:55,37
16950,12/7/2010 15:20,NULL,NULL
16950,8/7/2011 13:30,12/7/2010 15:20,243
16950,10/14/2011 9:06,8/7/2011 13:30,68
16951,2/8/2011 14:58,NULL,NULL
16951,7/26/2011 11:38,2/8/2011 14:58,168
16951,7/28/2011 12:05,7/26/2011 11:38,2
16952,8/22/2011 12:58,NULL,NULL
16952,8/22/2011 13:03,8/22/2011 12:58,0
16953,11/9/2011 15:54,NULL,NULL
16954,12/15/2010 10:41,NULL,NULL
16954,3/14/2011 8:05,12/15/2010 10:41,89
16954,3/30/2011 11:32,3/14/2011 8:05,16
16954,8/7/2011 10:55,3/30/2011 11:32,130
16954,10/10/2011 13:11,8/7/2011 10:55,64
16954,11/23/2011 11:21,10/10/2011 13:11,44
16954,11/23/2011 11:42,11/23/2011 11:21,0
16954,12/2/2011 16:46,11/23/2011 11:42,9
16954,12/9/2011 9:46,12/2/2011 16:46,7
16955,12/1/2010 13:31,NULL,NULL
16955,12/6/2010 10:38,12/1/2010 13:31,5
16955,1/7/2011 15:42,12/6/2010 10:38,32
16955,6/8/2011 10:36,1/7/2011 15:42,152
16956,11/22/2011 8:56,NULL,NULL
16957,3/3/2011 9:25,NULL,NULL
16957,4/14/2011 13:56,3/3/2011 9:25,42
16959,9/13/2011 15:03,NULL,NULL
16960,4/1/2011 11:54,NULL,NULL
16960,10/10/2011 11:47,4/1/2011 11:54,192
16960,11/1/2011 11:35,10/10/2011 11:47,22
16961,8/15/2011 13:46,NULL,NULL
16963,6/5/2011 13:48,NULL,NULL
16965,4/27/2011 12:08,NULL,NULL
16966,4/13/2011 14:17,NULL,NULL
16966,5/19/2011 15:24,4/13/2011 14:17,36
16966,5/26/2011 12:07,5/19/2011 15:24,7
16966,6/22/2011 15:06,5/26/2011 12:07,27
16966,10/26/2011 10:33,6/22/2011 15:06,126
16966,11/24/2011 9:13,10/26/2011 10:33,29
16966,12/1/2011 13:40,11/24/2011 9:13,7
16967,6/3/2011 14:24,NULL,NULL
16968,8/24/2011 10:51,NULL,NULL
16968,12/5/2011 15:02,8/24/2011 10:51,103
16969,6/1/2011 12:10,NULL,NULL
16969,7/28/2011 13:54,6/1/2011 12:10,57
16969,10/31/2011 13:12,7/28/2011 13:54,95
16971,11/1/2011 15:06,NULL,NULL
16976,3/17/2011 16:33,NULL,NULL
16978,9/23/2011 12:50,NULL,NULL
16979,2/15/2011 9:20,NULL,NULL
16979,7/15/2011 8:59,2/15/2011 9:20,150
16979,10/19/2011 12:01,7/15/2011 8:59,96
16979,11/10/2011 16:36,10/19/2011 12:01,22
16979,11/22/2011 13:20,11/10/2011 16:36,12
16979,12/6/2011 12:21,11/22/2011 13:20,14
16980,2/21/2011 12:58,NULL,NULL
16980,3/29/2011 16:36,2/21/2011 12:58,36
16982,10/10/2011 12:28,NULL,NULL
16983,12/5/2010 12:34,NULL,NULL
16983,1/23/2011 15:34,12/5/2010 12:34,49
16983,3/13/2011 13:36,1/23/2011 15:34,49
16983,6/12/2011 12:50,3/13/2011 13:36,91
16983,9/4/2011 11:00,6/12/2011 12:50,84
16983,11/13/2011 11:53,9/4/2011 11:00,70
16983,11/27/2011 12:10,11/13/2011 11:53,14
16984,8/1/2011 17:37,NULL,NULL
16984,9/12/2011 13:43,8/1/2011 17:37,42
16985,12/16/2010 10:38,NULL,NULL
16985,1/30/2011 12:09,12/16/2010 10:38,45
16985,3/16/2011 10:24,1/30/2011 12:09,45
16985,3/16/2011 10:25,3/16/2011 10:24,0
16985,5/12/2011 9:09,3/16/2011 10:25,57
16985,5/12/2011 9:11,5/12/2011 9:09,0
16985,7/5/2011 9:33,5/12/2011 9:11,54
16985,9/12/2011 13:38,7/5/2011 9:33,69
16985,11/22/2011 12:39,9/12/2011 13:38,71
16985,11/22/2011 13:33,11/22/2011 12:39,0
16986,11/9/2011 15:52,NULL,NULL
16986,11/10/2011 11:55,11/9/2011 15:52,1
16987,5/18/2011 15:55,NULL,NULL
16987,6/13/2011 15:09,5/18/2011 15:55,26
16987,6/22/2011 16:44,6/13/2011 15:09,9
16987,10/16/2011 16:09,6/22/2011 16:44,116
16987,10/16/2011 16:25,10/16/2011 16:09,0
16987,10/28/2011 17:26,10/16/2011 16:25,12
16987,12/6/2011 17:26,10/28/2011 17:26,39
16988,12/4/2011 16:02,NULL,NULL
16989,7/12/2011 9:11,NULL,NULL
16989,9/2/2011 13:55,7/12/2011 9:11,52
16989,9/21/2011 14:17,9/2/2011 13:55,19
16989,10/7/2011 13:11,9/21/2011 14:17,16
16989,11/24/2011 17:32,10/7/2011 13:11,48
16989,12/2/2011 16:39,11/24/2011 17:32,8
16990,5/5/2011 8:30,NULL,NULL
16992,2/28/2011 10:37,NULL,NULL
16992,5/24/2011 9:20,2/28/2011 10:37,85
16992,9/2/2011 8:50,5/24/2011 9:20,101
16992,11/3/2011 12:18,9/2/2011 8:50,62
16992,11/29/2011 11:50,11/3/2011 12:18,26
16996,12/21/2010 13:22,NULL,NULL
16996,12/21/2010 15:09,12/21/2010 13:22,0
16996,3/15/2011 14:25,12/21/2010 15:09,84
16996,4/8/2011 12:56,3/15/2011 14:25,24
16996,8/10/2011 14:34,4/8/2011 12:56,124
16996,11/9/2011 16:43,8/10/2011 14:34,91
16997,1/18/2011 11:51,NULL,NULL
16997,2/3/2011 15:17,1/18/2011 11:51,16
16997,2/24/2011 17:28,2/3/2011 15:17,21
16998,2/8/2011 15:42,NULL,NULL
16998,5/19/2011 14:24,2/8/2011 15:42,100
16998,5/19/2011 14:30,5/19/2011 14:24,0
16998,7/13/2011 9:44,5/19/2011 14:30,55
16999,9/26/2011 15:43,NULL,NULL
16999,11/16/2011 13:53,9/26/2011 15:43,51
17001,12/16/2010 9:35,NULL,NULL
17001,1/24/2011 15:59,12/16/2010 9:35,39
17001,3/4/2011 10:21,1/24/2011 15:59,39
17001,4/8/2011 12:06,3/4/2011 10:21,35
17001,5/16/2011 9:02,4/8/2011 12:06,38
17001,6/19/2011 15:47,5/16/2011 9:02,34
17001,8/18/2011 15:09,6/19/2011 15:47,60
17001,9/9/2011 12:24,8/18/2011 15:09,22
17001,10/24/2011 12:54,9/9/2011 12:24,45
17001,11/17/2011 15:24,10/24/2011 12:54,24
17001,12/9/2011 9:38,11/17/2011 15:24,22
17002,2/22/2011 11:46,NULL,NULL
17002,5/8/2011 11:21,2/22/2011 11:46,75
17002,9/15/2011 12:40,5/8/2011 11:21,130
17004,9/8/2011 12:16,NULL,NULL
17004,10/24/2011 14:25,9/8/2011 12:16,46
17006,9/25/2011 12:15,NULL,NULL
17006,11/8/2011 17:42,9/25/2011 12:15,44
17006,11/21/2011 13:44,11/8/2011 17:42,13
17006,12/5/2011 12:09,11/21/2011 13:44,14
17007,12/17/2010 13:57,NULL,NULL
17007,12/17/2010 13:58,12/17/2010 13:57,0
17007,5/9/2011 10:03,12/17/2010 13:58,143
17007,5/22/2011 11:26,5/9/2011 10:03,13
17007,7/7/2011 18:14,5/22/2011 11:26,46
17007,10/20/2011 10:47,7/7/2011 18:14,105
17010,11/21/2011 14:49,NULL,NULL
17011,11/9/2011 13:30,NULL,NULL
17014,10/4/2011 11:36,NULL,NULL
17014,11/7/2011 14:51,10/4/2011 11:36,34
17014,12/1/2011 14:09,11/7/2011 14:51,24
17015,6/7/2011 13:19,NULL,NULL
17015,9/29/2011 17:36,6/7/2011 13:19,114
17015,11/11/2011 10:45,9/29/2011 17:36,43
17017,12/2/2010 10:17,NULL,NULL
17017,12/2/2010 10:18,12/2/2010 10:17,0
17017,12/7/2010 11:33,12/2/2010 10:18,5
17017,12/9/2010 15:35,12/7/2010 11:33,2
17017,12/14/2010 14:42,12/9/2010 15:35,5
17017,2/24/2011 14:13,12/14/2010 14:42,72
17017,3/18/2011 15:42,2/24/2011 14:13,22
17017,3/20/2011 10:35,3/18/2011 15:42,2
17017,4/13/2011 9:48,3/20/2011 10:35,24
17017,5/19/2011 12:08,4/13/2011 9:48,36
17017,5/19/2011 12:09,5/19/2011 12:08,0
17017,6/30/2011 14:46,5/19/2011 12:09,42
17017,6/30/2011 14:47,6/30/2011 14:46,0
17017,6/30/2011 14:48,6/30/2011 14:47,0
17017,9/28/2011 9:40,6/30/2011 14:48,90
17017,10/26/2011 14:20,9/28/2011 9:40,28
17017,11/16/2011 15:35,10/26/2011 14:20,21
17017,11/23/2011 14:51,11/16/2011 15:35,7
17017,11/30/2011 9:18,11/23/2011 14:51,7
17017,12/7/2011 9:32,11/30/2011 9:18,7
17018,1/18/2011 8:46,NULL,NULL
17018,10/30/2011 11:42,1/18/2011 8:46,285
17019,12/6/2010 12:55,NULL,NULL
17019,1/13/2011 11:48,12/6/2010 12:55,38
17019,3/23/2011 11:16,1/13/2011 11:48,69
17019,11/28/2011 13:06,3/23/2011 11:16,250
17022,11/8/2011 17:09,NULL,NULL
17024,7/5/2011 9:31,NULL,NULL
17024,9/1/2011 15:21,7/5/2011 9:31,58
17024,10/25/2011 13:47,9/1/2011 15:21,54
17025,12/1/2010 15:45,NULL,NULL
17025,12/1/2010 15:46,12/1/2010 15:45,0
17025,10/10/2011 9:06,12/1/2010 15:46,313
17026,12/5/2010 12:47,NULL,NULL
17026,6/7/2011 14:28,12/5/2010 12:47,184
17027,1/26/2011 14:19,NULL,NULL
17027,2/28/2011 14:03,1/26/2011 14:19,33
17027,3/1/2011 13:04,2/28/2011 14:03,1
17027,6/13/2011 13:44,3/1/2011 13:04,104
17027,9/22/2011 12:23,6/13/2011 13:44,101
17027,9/22/2011 12:24,9/22/2011 12:23,0
17029,4/17/2011 10:57,NULL,NULL
17029,8/21/2011 11:06,4/17/2011 10:57,126
17030,10/7/2011 8:49,NULL,NULL
17031,7/8/2011 9:38,NULL,NULL
17031,11/28/2011 10:23,7/8/2011 9:38,143
17033,12/15/2010 13:21,NULL,NULL
17033,5/9/2011 16:01,12/15/2010 13:21,145
17033,9/14/2011 14:34,5/9/2011 16:01,128
17034,2/25/2011 10:10,NULL,NULL
17034,9/21/2011 8:27,2/25/2011 10:10,208
17034,11/23/2011 15:14,9/21/2011 8:27,63
17035,2/1/2011 12:27,NULL,NULL
17035,4/8/2011 11:23,2/1/2011 12:27,66
17037,9/13/2011 12:49,NULL,NULL
17038,11/9/2011 13:50,NULL,NULL
17040,7/25/2011 10:19,NULL,NULL
17041,12/14/2010 11:43,NULL,NULL
17041,8/23/2011 9:53,12/14/2010 11:43,252
17041,11/13/2011 11:21,8/23/2011 9:53,82
17042,4/6/2011 14:53,NULL,NULL
17042,5/27/2011 10:15,4/6/2011 14:53,51
17042,7/8/2011 10:01,5/27/2011 10:15,42
17042,8/10/2011 13:19,7/8/2011 10:01,33
17042,12/7/2011 12:26,8/10/2011 13:19,119
17043,3/18/2011 14:53,NULL,NULL
17043,6/14/2011 13:52,3/18/2011 14:53,88
17043,10/19/2011 10:56,6/14/2011 13:52,127
17043,11/7/2011 15:33,10/19/2011 10:56,19
17044,11/14/2011 14:28,NULL,NULL
17045,4/6/2011 12:08,NULL,NULL
17045,7/6/2011 15:15,4/6/2011 12:08,91
17045,8/18/2011 17:09,7/6/2011 15:15,43
17046,7/5/2011 14:24,NULL,NULL
17047,5/18/2011 16:50,NULL,NULL
17047,5/18/2011 16:51,5/18/2011 16:50,0
17047,9/15/2011 13:27,5/18/2011 16:51,120
17048,1/12/2011 16:51,NULL,NULL
17048,3/2/2011 12:03,1/12/2011 16:51,49
17048,8/14/2011 11:49,3/2/2011 12:03,165
17049,3/9/2011 8:33,NULL,NULL
17049,5/9/2011 9:15,3/9/2011 8:33,61
17049,5/9/2011 9:16,5/9/2011 9:15,0
17049,7/5/2011 12:50,5/9/2011 9:16,57
17049,8/14/2011 12:33,7/5/2011 12:50,40
17049,9/16/2011 13:03,8/14/2011 12:33,33
17049,10/17/2011 13:39,9/16/2011 13:03,31
17049,11/18/2011 13:18,10/17/2011 13:39,32
17049,12/7/2011 10:48,11/18/2011 13:18,19
17050,2/13/2011 12:41,NULL,NULL
17050,2/20/2011 14:21,2/13/2011 12:41,7
17050,3/6/2011 14:15,2/20/2011 14:21,14
17050,4/3/2011 14:42,3/6/2011 14:15,28
17050,6/5/2011 15:25,4/3/2011 14:42,63
17050,9/4/2011 13:48,6/5/2011 15:25,91
17051,5/29/2011 14:13,NULL,NULL
17052,11/11/2011 14:50,NULL,NULL
17053,8/1/2011 10:23,NULL,NULL
17054,4/8/2011 13:14,NULL,NULL
17054,4/18/2011 14:32,4/8/2011 13:14,10
17054,5/16/2011 12:57,4/18/2011 14:32,28
17054,7/25/2011 9:58,5/16/2011 12:57,70
17054,11/11/2011 12:56,7/25/2011 9:58,109
17058,4/14/2011 9:18,NULL,NULL
17058,5/24/2011 13:50,4/14/2011 9:18,40
17058,9/19/2011 10:13,5/24/2011 13:50,118
17059,12/5/2010 12:35,NULL,NULL
17059,3/24/2011 12:08,12/5/2010 12:35,109
17059,5/26/2011 13:01,3/24/2011 12:08,63
17059,8/21/2011 15:17,5/26/2011 13:01,87
17059,11/10/2011 12:27,8/21/2011 15:17,81
17060,3/18/2011 13:27,NULL,NULL
17061,4/21/2011 13:29,NULL,NULL
17061,4/21/2011 14:37,4/21/2011 13:29,0
17061,4/26/2011 13:06,4/21/2011 14:37,5
17061,4/26/2011 13:12,4/26/2011 13:06,0
17061,5/5/2011 8:16,4/26/2011 13:12,9
17061,5/13/2011 14:57,5/5/2011 8:16,8
17061,5/31/2011 10:24,5/13/2011 14:57,18
17061,6/24/2011 9:43,5/31/2011 10:24,24
17061,7/15/2011 13:09,6/24/2011 9:43,21
17061,8/21/2011 10:44,7/15/2011 13:09,37
17061,9/27/2011 11:24,8/21/2011 10:44,37
17062,12/5/2010 11:59,NULL,NULL
17062,12/9/2010 12:37,12/5/2010 11:59,4
17062,12/16/2010 12:31,12/9/2010 12:37,7
17062,1/30/2011 11:01,12/16/2010 12:31,45
17063,2/23/2011 13:44,NULL,NULL
17063,2/23/2011 13:45,2/23/2011 13:44,0
17063,6/29/2011 13:58,2/23/2011 13:45,126
17063,6/29/2011 13:59,6/29/2011 13:58,0
17063,10/13/2011 12:06,6/29/2011 13:59,106
17063,10/13/2011 12:07,10/13/2011 12:06,0
17063,11/18/2011 16:19,10/13/2011 12:07,36
17064,1/16/2011 16:10,NULL,NULL
17064,6/10/2011 10:26,1/16/2011 16:10,145
17064,10/12/2011 10:18,6/10/2011 10:26,124
17068,12/6/2010 13:58,NULL,NULL
17068,12/16/2010 15:07,12/6/2010 13:58,10
17068,1/13/2011 9:40,12/16/2010 15:07,28
17068,1/31/2011 12:16,1/13/2011 9:40,18
17068,3/1/2011 9:03,1/31/2011 12:16,29
17068,3/20/2011 13:38,3/1/2011 9:03,19
17068,4/14/2011 12:00,3/20/2011 13:38,25
17068,4/28/2011 14:00,4/14/2011 12:00,14
17068,5/6/2011 15:54,4/28/2011 14:00,8
17068,5/19/2011 16:04,5/6/2011 15:54,13
17068,6/3/2011 14:42,5/19/2011 16:04,15
17068,7/14/2011 14:46,6/3/2011 14:42,41
17068,7/15/2011 13:55,7/14/2011 14:46,1
17068,7/27/2011 9:52,7/15/2011 13:55,12
17068,8/21/2011 11:15,7/27/2011 9:52,25
17068,9/6/2011 12:10,8/21/2011 11:15,16
17068,9/16/2011 12:22,9/6/2011 12:10,10
17068,10/6/2011 14:28,9/16/2011 12:22,20
17068,10/21/2011 12:05,10/6/2011 14:28,15
17068,11/13/2011 13:50,10/21/2011 12:05,23
17068,11/27/2011 13:14,11/13/2011 13:50,14
17069,12/1/2010 16:49,NULL,NULL
17069,12/20/2010 10:00,12/1/2010 16:49,19
17069,4/11/2011 8:14,12/20/2010 10:00,112
17069,4/27/2011 11:32,4/11/2011 8:14,16
17069,7/7/2011 14:30,4/27/2011 11:32,71
17069,9/19/2011 9:10,7/7/2011 14:30,74
17069,9/23/2011 8:25,9/19/2011 9:10,4
17069,11/11/2011 17:11,9/23/2011 8:25,49
17069,11/11/2011 17:13,11/11/2011 17:11,0
17070,8/17/2011 17:01,NULL,NULL
17071,2/3/2011 8:18,NULL,NULL
17071,3/31/2011 13:49,2/3/2011 8:18,56
17071,4/14/2011 12:35,3/31/2011 13:49,14
17071,6/5/2011 10:41,4/14/2011 12:35,52
17071,7/28/2011 16:03,6/5/2011 10:41,53
17071,7/28/2011 16:04,7/28/2011 16:03,0
17071,9/12/2011 15:31,7/28/2011 16:04,46
17071,10/11/2011 11:35,9/12/2011 15:31,29
17071,11/11/2011 16:31,10/11/2011 11:35,31
17073,8/22/2011 14:37,NULL,NULL
17073,9/18/2011 16:04,8/22/2011 14:37,27
17073,10/18/2011 10:53,9/18/2011 16:04,30
17073,11/22/2011 11:47,10/18/2011 10:53,35
17075,1/26/2011 13:20,NULL,NULL
17075,2/22/2011 12:06,1/26/2011 13:20,27
17075,3/31/2011 13:47,2/22/2011 12:06,37
17075,11/22/2011 11:58,3/31/2011 13:47,236
17076,12/10/2010 10:08,NULL,NULL
17076,3/11/2011 8:59,12/10/2010 10:08,91
17076,11/3/2011 17:53,3/11/2011 8:59,237
17078,11/3/2011 18:49,NULL,NULL
17078,11/3/2011 19:17,11/3/2011 18:49,0
17079,9/22/2011 15:34,NULL,NULL
17080,3/15/2011 12:05,NULL,NULL
17080,11/17/2011 12:59,3/15/2011 12:05,247
17081,10/24/2011 13:08,NULL,NULL
17081,11/14/2011 12:56,10/24/2011 13:08,21
17082,1/25/2011 14:36,NULL,NULL
17082,11/6/2011 15:17,1/25/2011 14:36,285
17083,2/9/2011 11:38,NULL,NULL
17083,2/17/2011 11:46,2/9/2011 11:38,8
17083,8/22/2011 15:43,2/17/2011 11:46,186
17084,11/4/2011 14:49,NULL,NULL
17084,11/4/2011 14:54,11/4/2011 14:49,0
17085,12/12/2010 12:24,NULL,NULL
17085,12/20/2010 11:08,12/12/2010 12:24,8
17085,2/13/2011 12:48,12/20/2010 11:08,55
17085,4/3/2011 11:36,2/13/2011 12:48,49
17085,8/8/2011 14:15,4/3/2011 11:36,127
17086,10/7/2011 11:22,NULL,NULL
17086,10/21/2011 13:27,10/7/2011 11:22,14
17086,11/3/2011 9:20,10/21/2011 13:27,13
17086,11/9/2011 12:32,11/3/2011 9:20,6
17086,11/15/2011 13:07,11/9/2011 12:32,6
17086,12/2/2011 13:54,11/15/2011 13:07,17
17088,3/31/2011 9:48,NULL,NULL
17088,6/10/2011 9:23,3/31/2011 9:48,71
17088,9/28/2011 10:39,6/10/2011 9:23,110
17088,11/11/2011 14:23,9/28/2011 10:39,44
17090,12/20/2010 13:52,NULL,NULL
17090,2/24/2011 16:35,12/20/2010 13:52,66
17090,4/26/2011 10:23,2/24/2011 16:35,61
17090,9/2/2011 15:05,4/26/2011 10:23,129
17090,9/12/2011 15:01,9/2/2011 15:05,10
17090,10/18/2011 12:59,9/12/2011 15:01,36
17090,12/5/2011 13:44,10/18/2011 12:59,48
17091,12/7/2010 9:55,NULL,NULL
17091,1/19/2011 10:49,12/7/2010 9:55,43
17091,4/13/2011 15:52,1/19/2011 10:49,84
17091,6/7/2011 11:39,4/13/2011 15:52,55
17091,6/7/2011 11:51,6/7/2011 11:39,0
17091,9/2/2011 14:56,6/7/2011 11:51,87
17091,9/2/2011 14:56,9/2/2011 14:56,0
17091,11/8/2011 10:17,9/2/2011 14:56,67
17091,12/7/2011 10:43,11/8/2011 10:17,29
17092,3/7/2011 14:51,NULL,NULL
17092,8/5/2011 16:10,3/7/2011 14:51,151
17092,9/13/2011 12:09,8/5/2011 16:10,39
17092,10/20/2011 19:51,9/13/2011 12:09,37
17094,1/21/2011 13:09,NULL,NULL
17095,1/9/2011 11:05,NULL,NULL
17095,2/13/2011 13:52,1/9/2011 11:05,35
17095,11/17/2011 12:21,2/13/2011 13:52,277
17096,3/23/2011 12:05,NULL,NULL
17096,7/19/2011 17:02,3/23/2011 12:05,118
17096,10/12/2011 15:49,7/19/2011 17:02,85
17096,11/24/2011 15:01,10/12/2011 15:49,43
17097,12/9/2010 14:55,NULL,NULL
17097,1/19/2011 13:32,12/9/2010 14:55,41
17097,8/16/2011 15:39,1/19/2011 13:32,209
17097,8/16/2011 15:54,8/16/2011 15:39,0
17097,8/21/2011 11:05,8/16/2011 15:54,5
17097,8/31/2011 15:35,8/21/2011 11:05,10
17097,11/29/2011 16:23,8/31/2011 15:35,90
17097,12/7/2011 17:05,11/29/2011 16:23,8
17100,11/21/2011 16:36,NULL,NULL
17100,11/21/2011 16:36,11/21/2011 16:36,0
17101,6/14/2011 14:49,NULL,NULL
17101,10/19/2011 12:30,6/14/2011 14:49,127
17101,11/10/2011 10:32,10/19/2011 12:30,22
17101,11/29/2011 13:57,11/10/2011 10:32,19
17102,3/23/2011 10:08,NULL,NULL
17105,2/6/2011 14:46,NULL,NULL
17105,7/3/2011 15:53,2/6/2011 14:46,147
17107,3/6/2011 15:17,NULL,NULL
17107,5/15/2011 12:21,3/6/2011 15:17,70
17107,7/7/2011 18:56,5/15/2011 12:21,53
17107,9/25/2011 14:37,7/7/2011 18:56,80
17107,11/6/2011 14:08,9/25/2011 14:37,42
17107,11/6/2011 14:14,11/6/2011 14:08,0
17109,4/21/2011 15:46,NULL,NULL
17109,4/21/2011 15:51,4/21/2011 15:46,0
17109,10/26/2011 13:31,4/21/2011 15:51,188
17109,11/7/2011 16:16,10/26/2011 13:31,12
17109,11/7/2011 17:16,11/7/2011 16:16,0
17109,11/10/2011 16:59,11/7/2011 17:16,3
17110,6/27/2011 12:58,NULL,NULL
17111,10/23/2011 15:59,NULL,NULL
17114,1/9/2011 11:39,NULL,NULL
17114,2/15/2011 13:50,1/9/2011 11:39,37
17114,4/4/2011 14:31,2/15/2011 13:50,48
17114,5/15/2011 14:15,4/4/2011 14:31,41
17114,6/26/2011 16:06,5/15/2011 14:15,42
17114,7/24/2011 11:58,6/26/2011 16:06,28
17114,11/6/2011 13:37,7/24/2011 11:58,105
17114,12/4/2011 12:17,11/6/2011 13:37,28
17115,4/20/2011 14:46,NULL,NULL
17115,6/10/2011 8:54,4/20/2011 14:46,51
17115,12/1/2011 14:30,6/10/2011 8:54,174
17117,2/24/2011 13:54,NULL,NULL
17118,1/26/2011 12:19,NULL,NULL
17119,10/11/2011 11:03,NULL,NULL
17119,12/6/2011 14:40,10/11/2011 11:03,56
17120,4/20/2011 15:21,NULL,NULL
17122,8/12/2011 14:33,NULL,NULL
17123,7/1/2011 10:47,NULL,NULL
17124,6/7/2011 14:02,NULL,NULL
17125,10/20/2011 14:41,NULL,NULL
17126,12/12/2010 11:26,NULL,NULL
17126,2/13/2011 12:05,12/12/2010 11:26,63
17126,7/10/2011 13:32,2/13/2011 12:05,147
17126,7/10/2011 13:46,7/10/2011 13:32,0
17126,7/10/2011 13:52,7/10/2011 13:46,0
17128,1/9/2011 12:02,NULL,NULL
17131,9/25/2011 12:42,NULL,NULL
17131,10/23/2011 15:07,9/25/2011 12:42,28
17131,10/23/2011 15:09,10/23/2011 15:07,0
17131,11/6/2011 15:43,10/23/2011 15:09,14
17131,12/4/2011 12:52,11/6/2011 15:43,28
17133,3/18/2011 13:47,NULL,NULL
17133,4/7/2011 12:59,3/18/2011 13:47,20
17133,6/2/2011 14:46,4/7/2011 12:59,56
17133,9/13/2011 13:15,6/2/2011 14:46,103
17133,11/6/2011 9:34,9/13/2011 13:15,54
17133,11/24/2011 12:24,11/6/2011 9:34,18
17133,11/24/2011 12:27,11/24/2011 12:24,0
17134,3/20/2011 11:56,NULL,NULL
17134,8/25/2011 9:53,3/20/2011 11:56,158
17135,12/3/2010 9:31,NULL,NULL
17135,2/23/2011 10:27,12/3/2010 9:31,82
17135,10/18/2011 12:07,2/23/2011 10:27,237
17135,11/2/2011 10:33,10/18/2011 12:07,15
17135,11/2/2011 11:23,11/2/2011 10:33,0
17135,11/23/2011 12:13,11/2/2011 11:23,21
17135,11/23/2011 16:48,11/23/2011 12:13,0
17138,3/9/2011 11:54,NULL,NULL
17139,2/24/2011 9:32,NULL,NULL
17139,3/25/2011 12:48,2/24/2011 9:32,29
17139,5/13/2011 12:12,3/25/2011 12:48,49
17139,5/13/2011 12:13,5/13/2011 12:12,0
17139,6/17/2011 10:43,5/13/2011 12:13,35
17139,6/17/2011 10:44,6/17/2011 10:43,0
17139,8/9/2011 11:56,6/17/2011 10:44,53
17139,9/12/2011 13:16,8/9/2011 11:56,34
17139,10/6/2011 16:47,9/12/2011 13:16,24
17139,10/6/2011 16:50,10/6/2011 16:47,0
17139,11/1/2011 9:56,10/6/2011 16:50,26
17139,11/24/2011 10:12,11/1/2011 9:56,23
17140,4/6/2011 13:33,NULL,NULL
17142,4/14/2011 18:22,NULL,NULL
17144,9/16/2011 12:50,NULL,NULL
17144,12/8/2011 17:57,9/16/2011 12:50,83
17146,12/16/2010 12:20,NULL,NULL
17146,3/21/2011 13:51,12/16/2010 12:20,95
17146,8/26/2011 12:44,3/21/2011 13:51,158
17147,2/1/2011 9:36,NULL,NULL
17147,5/17/2011 10:57,2/1/2011 9:36,105
17147,9/20/2011 8:23,5/17/2011 10:57,126
17147,11/17/2011 12:32,9/20/2011 8:23,58
17148,10/19/2011 9:59,NULL,NULL
17152,3/21/2011 16:20,NULL,NULL
17152,5/29/2011 12:16,3/21/2011 16:20,69
17152,5/29/2011 12:19,5/29/2011 12:16,0
17153,11/15/2011 13:42,NULL,NULL
17154,9/25/2011 13:42,NULL,NULL
17155,6/15/2011 10:22,NULL,NULL
17155,11/22/2011 12:38,6/15/2011 10:22,160
17157,6/16/2011 15:08,NULL,NULL
17157,12/2/2011 9:10,6/16/2011 15:08,169
17158,12/14/2010 13:03,NULL,NULL
17158,4/21/2011 10:12,12/14/2010 13:03,128
17158,11/7/2011 15:15,4/21/2011 10:12,200
17159,6/21/2011 9:49,NULL,NULL
17159,9/25/2011 15:56,6/21/2011 9:49,96
17159,11/18/2011 10:52,9/25/2011 15:56,54
17160,4/12/2011 12:00,NULL,NULL
17160,4/28/2011 13:18,4/12/2011 12:00,16
17160,7/4/2011 10:27,4/28/2011 13:18,67
17160,7/26/2011 15:29,7/4/2011 10:27,22
17160,8/22/2011 13:32,7/26/2011 15:29,27
17160,11/8/2011 14:05,8/22/2011 13:32,78
17162,2/7/2011 12:27,NULL,NULL
17162,3/7/2011 14:45,2/7/2011 12:27,28
17162,3/7/2011 14:45,3/7/2011 14:45,0
17162,4/8/2011 12:42,3/7/2011 14:45,32
17162,4/8/2011 12:43,4/8/2011 12:42,0
17162,6/2/2011 9:02,4/8/2011 12:43,55
17162,6/2/2011 9:03,6/2/2011 9:02,0
17162,6/2/2011 9:04,6/2/2011 9:03,0
17162,7/31/2011 16:04,6/2/2011 9:04,59
17162,11/11/2011 11:34,7/31/2011 16:04,103
17163,9/22/2011 15:54,NULL,NULL
17163,11/18/2011 8:57,9/22/2011 15:54,57
17164,3/11/2011 14:26,NULL,NULL
17164,5/11/2011 9:28,3/11/2011 14:26,61
17164,7/11/2011 12:47,5/11/2011 9:28,61
17164,9/21/2011 11:48,7/11/2011 12:47,72
17164,11/7/2011 9:12,9/21/2011 11:48,47
17164,11/7/2011 9:13,11/7/2011 9:12,0
17164,11/7/2011 9:14,11/7/2011 9:13,0
17165,2/28/2011 16:39,NULL,NULL
17166,5/20/2011 8:18,NULL,NULL
17166,11/1/2011 9:46,5/20/2011 8:18,165
17169,6/9/2011 13:16,NULL,NULL
17169,10/13/2011 10:25,6/9/2011 13:16,126
17171,2/23/2011 16:37,NULL,NULL
17172,9/22/2011 9:36,NULL,NULL
17173,7/31/2011 15:26,NULL,NULL
17173,8/15/2011 10:28,7/31/2011 15:26,15
17173,10/12/2011 10:35,8/15/2011 10:28,58
17173,10/12/2011 12:51,10/12/2011 10:35,0
17173,10/27/2011 14:21,10/12/2011 12:51,15
17173,11/25/2011 8:55,10/27/2011 14:21,29
17173,11/29/2011 14:38,11/25/2011 8:55,4
17173,12/4/2011 14:40,11/29/2011 14:38,5
17174,5/6/2011 11:47,NULL,NULL
17175,2/16/2011 14:56,NULL,NULL
17175,6/12/2011 12:08,2/16/2011 14:56,116
17175,7/21/2011 18:08,6/12/2011 12:08,39
17175,10/26/2011 15:31,7/21/2011 18:08,97
17176,5/22/2011 12:41,NULL,NULL
17179,12/13/2010 14:24,NULL,NULL
17179,4/21/2011 16:37,12/13/2010 14:24,129
17179,6/14/2011 16:48,4/21/2011 16:37,54
17180,1/27/2011 18:05,NULL,NULL
17180,4/12/2011 16:17,1/27/2011 18:05,75
17180,4/12/2011 16:20,4/12/2011 16:17,0
17180,10/14/2011 15:46,4/12/2011 16:20,185
17181,12/1/2010 12:38,NULL,NULL
17181,10/13/2011 14:48,12/1/2010 12:38,316
17183,8/26/2011 15:25,NULL,NULL
17183,10/16/2011 15:32,8/26/2011 15:25,51
17183,10/30/2011 14:27,10/16/2011 15:32,14
17183,11/7/2011 11:29,10/30/2011 14:27,8
17183,11/17/2011 14:41,11/7/2011 11:29,10
17183,12/2/2011 10:07,11/17/2011 14:41,15
17186,10/10/2011 12:52,NULL,NULL
17186,10/24/2011 10:20,10/10/2011 12:52,14
17187,4/27/2011 12:39,NULL,NULL
17188,12/12/2010 12:56,NULL,NULL
17188,1/4/2011 12:57,12/12/2010 12:56,23
17188,1/28/2011 12:48,1/4/2011 12:57,24
17188,6/28/2011 14:50,1/28/2011 12:48,151
17188,6/28/2011 14:51,6/28/2011 14:50,0
17188,11/10/2011 12:35,6/28/2011 14:51,135
17188,11/28/2011 13:53,11/10/2011 12:35,18
17189,12/15/2010 17:28,NULL,NULL
17189,8/25/2011 19:39,12/15/2010 17:28,253
17190,5/16/2011 15:29,NULL,NULL
17190,10/12/2011 11:33,5/16/2011 15:29,149
17191,12/6/2010 14:36,NULL,NULL
17191,12/6/2010 14:43,12/6/2010 14:36,0
17191,12/6/2010 14:46,12/6/2010 14:43,0
17191,3/4/2011 14:28,12/6/2010 14:46,88
17191,6/1/2011 12:13,3/4/2011 14:28,89
17191,9/6/2011 12:15,6/1/2011 12:13,97
17191,11/11/2011 16:58,9/6/2011 12:15,66
17193,6/16/2011 10:04,NULL,NULL
17193,6/16/2011 10:23,6/16/2011 10:04,0
17193,9/14/2011 10:40,6/16/2011 10:23,90
17193,10/12/2011 10:26,9/14/2011 10:40,28
17193,10/12/2011 12:16,10/12/2011 10:26,0
17193,10/25/2011 12:38,10/12/2011 12:16,13
17193,11/4/2011 12:47,10/25/2011 12:38,10
17194,12/14/2010 12:06,NULL,NULL
17194,3/11/2011 12:05,12/14/2010 12:06,87
17197,11/10/2011 10:32,NULL,NULL
17198,12/3/2010 14:54,NULL,NULL
17198,12/9/2010 13:34,12/3/2010 14:54,6
17198,11/16/2011 10:39,12/9/2010 13:34,342
17201,10/17/2011 11:55,NULL,NULL
17203,10/10/2011 14:37,NULL,NULL
17203,10/18/2011 12:01,10/10/2011 14:37,8
17203,10/18/2011 12:07,10/18/2011 12:01,0
17203,11/4/2011 10:47,10/18/2011 12:07,17
17203,11/4/2011 12:20,11/4/2011 10:47,0
17203,11/4/2011 12:27,11/4/2011 12:20,0
17204,3/21/2011 12:42,NULL,NULL
17204,4/12/2011 15:32,3/21/2011 12:42,22
17204,6/17/2011 14:45,4/12/2011 15:32,66
17204,6/17/2011 14:46,6/17/2011 14:45,0
17205,10/17/2011 12:46,NULL,NULL
17206,10/17/2011 13:25,NULL,NULL
17211,12/5/2010 12:44,NULL,NULL
17211,12/12/2010 11:46,12/5/2010 12:44,7
17211,12/21/2010 13:58,12/12/2010 11:46,9
17211,3/20/2011 14:23,12/21/2010 13:58,89
17211,4/20/2011 14:38,3/20/2011 14:23,31
17211,6/12/2011 13:21,4/20/2011 14:38,53
17211,10/23/2011 11:10,6/12/2011 13:21,133
17211,11/13/2011 12:03,10/23/2011 11:10,21
17212,3/31/2011 19:42,NULL,NULL
17213,12/8/2010 13:03,NULL,NULL
17213,12/21/2010 9:34,12/8/2010 13:03,13
17213,1/27/2011 14:07,12/21/2010 9:34,37
17213,7/18/2011 14:28,1/27/2011 14:07,172
17213,7/21/2011 15:47,7/18/2011 14:28,3
17213,10/30/2011 12:46,7/21/2011 15:47,101
17213,10/30/2011 14:53,10/30/2011 12:46,0
17214,12/15/2010 15:14,NULL,NULL
17214,2/3/2011 14:41,12/15/2010 15:14,50
17214,2/20/2011 13:06,2/3/2011 14:41,17
17214,4/4/2011 16:28,2/20/2011 13:06,43
17214,9/15/2011 11:25,4/4/2011 16:28,164
17214,10/10/2011 13:17,9/15/2011 11:25,25
17217,4/19/2011 17:19,NULL,NULL
17218,12/6/2010 15:25,NULL,NULL
17218,12/12/2010 11:37,12/6/2010 15:25,6
17218,12/19/2010 15:31,12/12/2010 11:37,7
17218,1/9/2011 15:10,12/19/2010 15:31,21
17218,5/9/2011 16:59,1/9/2011 15:10,120
17218,9/11/2011 15:11,5/9/2011 16:59,125
17218,9/29/2011 16:48,9/11/2011 15:11,18
17218,11/13/2011 14:29,9/29/2011 16:48,45
17218,11/28/2011 13:27,11/13/2011 14:29,15
17218,12/5/2011 13:52,11/28/2011 13:27,7
17219,11/8/2011 11:25,NULL,NULL
17220,12/10/2010 14:54,NULL,NULL
17220,1/31/2011 11:42,12/10/2010 14:54,52
17220,3/30/2011 12:00,1/31/2011 11:42,58
17220,5/17/2011 13:35,3/30/2011 12:00,48
17220,5/17/2011 13:44,5/17/2011 13:35,0
17220,7/6/2011 10:04,5/17/2011 13:44,50
17220,7/6/2011 10:10,7/6/2011 10:04,0
17220,8/5/2011 15:30,7/6/2011 10:10,30
17220,9/1/2011 15:56,8/5/2011 15:30,27
17220,9/1/2011 15:59,9/1/2011 15:56,0
17220,9/29/2011 14:46,9/1/2011 15:59,28
17220,10/24/2011 13:50,9/29/2011 14:46,25
17220,11/15/2011 13:41,10/24/2011 13:50,22
17220,11/15/2011 13:47,11/15/2011 13:41,0
17221,11/3/2011 17:39,NULL,NULL
17221,12/2/2011 13:35,11/3/2011 17:39,29
17222,10/5/2011 13:58,NULL,NULL
17223,12/6/2010 14:08,NULL,NULL
17223,2/2/2011 15:57,12/6/2010 14:08,58
17226,2/4/2011 11:52,NULL,NULL
17227,12/6/2010 11:16,NULL,NULL
17227,3/28/2011 10:03,12/6/2010 11:16,112
17227,6/20/2011 10:13,3/28/2011 10:03,84
17227,9/30/2011 15:14,6/20/2011 10:13,102
17227,10/10/2011 10:16,9/30/2011 15:14,10
17227,11/21/2011 10:51,10/10/2011 10:16,42
17228,12/2/2010 16:00,NULL,NULL
17228,12/7/2010 10:06,12/2/2010 16:00,5
17228,2/1/2011 11:40,12/7/2010 10:06,56
17228,5/16/2011 10:40,2/1/2011 11:40,104
17228,9/13/2011 11:34,5/16/2011 10:40,120
17228,10/7/2011 10:55,9/13/2011 11:34,24
17228,11/14/2011 11:25,10/7/2011 10:55,38
17228,11/24/2011 10:24,11/14/2011 11:25,10
17229,7/20/2011 12:38,NULL,NULL
17229,9/4/2011 13:56,7/20/2011 12:38,46
17230,12/15/2010 11:22,NULL,NULL
17230,12/20/2010 14:59,12/15/2010 11:22,5
17230,12/20/2010 15:09,12/20/2010 14:59,0
17230,12/20/2010 15:12,12/20/2010 15:09,0
17230,12/20/2010 16:03,12/20/2010 15:12,0
17230,12/20/2010 16:04,12/20/2010 16:03,0
17230,2/2/2011 12:03,12/20/2010 16:04,44
17230,3/20/2011 16:12,2/2/2011 12:03,46
17231,12/13/2010 14:16,NULL,NULL
17231,1/19/2011 17:17,12/13/2010 14:16,37
17231,2/14/2011 15:23,1/19/2011 17:17,26
17231,3/21/2011 16:59,2/14/2011 15:23,35
17231,5/8/2011 16:13,3/21/2011 16:59,48
17231,6/2/2011 19:50,5/8/2011 16:13,25
17231,8/5/2011 16:19,6/2/2011 19:50,64
17231,10/6/2011 19:49,8/5/2011 16:19,62
17231,11/15/2011 16:42,10/6/2011 19:49,40
17231,11/27/2011 15:18,11/15/2011 16:42,12
17232,11/25/2011 12:24,NULL,NULL
17232,12/7/2011 12:21,11/25/2011 12:24,12
17233,11/4/2011 14:06,NULL,NULL
17234,6/10/2011 11:20,NULL,NULL
17235,12/2/2010 13:38,NULL,NULL
17235,11/14/2011 15:51,12/2/2010 13:38,347
17236,12/12/2010 11:49,NULL,NULL
17236,1/25/2011 12:52,12/12/2010 11:49,44
17236,2/13/2011 11:22,1/25/2011 12:52,19
17236,4/11/2011 15:59,2/13/2011 11:22,57
17236,6/13/2011 15:47,4/11/2011 15:59,63
17236,11/27/2011 12:00,6/13/2011 15:47,167
17237,11/17/2011 12:55,NULL,NULL
17237,11/28/2011 15:02,11/17/2011 12:55,11
17238,12/3/2010 15:05,NULL,NULL
17238,12/3/2010 15:10,12/3/2010 15:05,0
17238,1/21/2011 13:21,12/3/2010 15:10,49
17238,3/9/2011 12:33,1/21/2011 13:21,47
17238,3/28/2011 16:27,3/9/2011 12:33,19
17238,3/28/2011 16:28,3/28/2011 16:27,0
17238,5/13/2011 11:12,3/28/2011 16:28,46
17238,5/17/2011 14:32,5/13/2011 11:12,4
17238,6/8/2011 10:43,5/17/2011 14:32,22
17238,7/6/2011 12:39,6/8/2011 10:43,28
17238,7/26/2011 15:42,7/6/2011 12:39,20
17238,9/16/2011 13:53,7/26/2011 15:42,52
17238,10/20/2011 10:41,9/16/2011 13:53,34
17238,11/11/2011 12:17,10/20/2011 10:41,22
17238,11/22/2011 12:09,11/11/2011 12:17,11
17238,12/2/2011 16:07,11/22/2011 12:09,10
17238,12/7/2011 11:35,12/2/2011 16:07,5
17239,1/31/2011 9:41,NULL,NULL
17242,6/12/2011 13:04,NULL,NULL
17242,8/23/2011 14:55,6/12/2011 13:04,72
17243,12/5/2010 10:03,NULL,NULL
17243,12/12/2010 10:11,12/5/2010 10:03,7
17243,12/19/2010 10:21,12/12/2010 10:11,7
17243,1/9/2011 10:06,12/19/2010 10:21,21
17243,1/23/2011 10:15,1/9/2011 10:06,14
17243,2/10/2011 11:57,1/23/2011 10:15,18
17243,2/27/2011 10:22,2/10/2011 11:57,17
17243,3/6/2011 10:05,2/27/2011 10:22,7
17243,3/27/2011 10:26,3/6/2011 10:05,21
17243,4/3/2011 10:10,3/27/2011 10:26,7
17243,4/17/2011 10:15,4/3/2011 10:10,14
17243,6/14/2011 12:21,4/17/2011 10:15,58
17243,7/4/2011 12:28,6/14/2011 12:21,20
17243,7/27/2011 12:50,7/4/2011 12:28,23
17243,8/18/2011 13:01,7/27/2011 12:50,22
17243,9/8/2011 12:44,8/18/2011 13:01,21
17243,9/22/2011 12:34,9/8/2011 12:44,14
17243,10/20/2011 12:21,9/22/2011 12:34,28
17243,11/1/2011 12:35,10/20/2011 12:21,12
17243,11/10/2011 12:40,11/1/2011 12:35,9
17243,11/11/2011 14:03,11/10/2011 12:40,1
17243,11/17/2011 16:42,11/11/2011 14:03,6
17243,11/20/2011 10:16,11/17/2011 16:42,3
17243,11/25/2011 12:29,11/20/2011 10:16,5
17243,12/4/2011 10:10,11/25/2011 12:29,9
17243,12/8/2011 13:26,12/4/2011 10:10,4
17244,10/17/2011 15:19,NULL,NULL
17245,5/19/2011 10:43,NULL,NULL
17247,11/24/2011 15:21,NULL,NULL
17248,8/11/2011 13:34,NULL,NULL
17250,3/23/2011 16:45,NULL,NULL
17250,12/6/2011 12:15,3/23/2011 16:45,258
17251,12/12/2010 11:06,NULL,NULL
17252,6/6/2011 16:41,NULL,NULL
17252,8/15/2011 9:45,6/6/2011 16:41,70
17253,11/21/2011 12:59,NULL,NULL
17254,11/24/2011 14:09,NULL,NULL
17254,12/5/2011 12:46,11/24/2011 14:09,11
17255,2/13/2011 15:18,NULL,NULL
17255,10/30/2011 12:18,2/13/2011 15:18,259
17256,1/31/2011 14:53,NULL,NULL
17256,8/24/2011 13:30,1/31/2011 14:53,205
17259,12/6/2010 12:55,NULL,NULL
17259,7/14/2011 15:01,12/6/2010 12:55,220
17262,12/8/2010 13:30,NULL,NULL
17262,3/23/2011 13:46,12/8/2010 13:30,105
17262,4/26/2011 15:56,3/23/2011 13:46,34
17262,4/26/2011 15:58,4/26/2011 15:56,0
17262,10/18/2011 12:56,4/26/2011 15:58,175
17263,5/15/2011 14:32,NULL,NULL
17265,6/12/2011 12:00,NULL,NULL
17265,7/24/2011 10:49,6/12/2011 12:00,42
17266,7/15/2011 11:57,NULL,NULL
17266,12/6/2011 14:30,7/15/2011 11:57,144
17266,12/7/2011 14:12,12/6/2011 14:30,1
17267,8/4/2011 17:19,NULL,NULL
17267,8/4/2011 17:22,8/4/2011 17:19,0
17268,4/8/2011 13:20,NULL,NULL
17268,4/10/2011 10:16,4/8/2011 13:20,2
17268,7/12/2011 13:26,4/10/2011 10:16,93
17268,8/24/2011 10:06,7/12/2011 13:26,43
17272,3/22/2011 12:05,NULL,NULL
17272,5/24/2011 13:46,3/22/2011 12:05,63
17272,10/24/2011 16:20,5/24/2011 13:46,153
17272,10/28/2011 16:37,10/24/2011 16:20,4
17274,11/4/2011 13:16,NULL,NULL
17277,1/21/2011 12:37,NULL,NULL
17277,4/26/2011 12:47,1/21/2011 12:37,95
17278,4/12/2011 13:10,NULL,NULL
17279,10/13/2011 11:58,NULL,NULL
17282,2/13/2011 11:36,NULL,NULL
17282,6/19/2011 10:20,2/13/2011 11:36,126
17282,8/1/2011 14:29,6/19/2011 10:20,43
17284,1/7/2011 14:31,NULL,NULL
17284,4/18/2011 11:53,1/7/2011 14:31,101
17284,6/15/2011 10:39,4/18/2011 11:53,58
17284,6/26/2011 11:47,6/15/2011 10:39,11
17284,8/11/2011 12:00,6/26/2011 11:47,46
17284,10/10/2011 14:38,8/11/2011 12:00,60
17286,11/18/2011 12:47,NULL,NULL
17287,12/2/2010 12:22,NULL,NULL
17287,12/7/2010 12:43,12/2/2010 12:22,5
17287,4/1/2011 13:00,12/7/2010 12:43,115
17287,5/18/2011 9:35,4/1/2011 13:00,47
17287,7/19/2011 14:59,5/18/2011 9:35,62
17287,9/26/2011 12:53,7/19/2011 14:59,69
17287,11/13/2011 13:27,9/26/2011 12:53,48
17288,12/16/2010 13:33,NULL,NULL
17288,1/17/2011 13:25,12/16/2010 13:33,32
17288,2/17/2011 16:43,1/17/2011 13:25,31
17288,4/1/2011 10:27,2/17/2011 16:43,43
17288,5/16/2011 14:32,4/1/2011 10:27,45
17288,11/27/2011 13:29,5/16/2011 14:32,195
17288,11/30/2011 16:09,11/27/2011 13:29,3
17289,6/12/2011 13:51,NULL,NULL
17289,11/6/2011 12:31,6/12/2011 13:51,147
17289,11/8/2011 12:01,11/6/2011 12:31,2
17290,11/23/2011 15:53,NULL,NULL
17290,12/6/2011 12:38,11/23/2011 15:53,13
17291,2/4/2011 13:04,NULL,NULL
17293,12/13/2010 14:55,NULL,NULL
17293,2/4/2011 15:54,12/13/2010 14:55,53
17293,7/6/2011 16:15,2/4/2011 15:54,152
17293,8/12/2011 14:02,7/6/2011 16:15,37
17293,8/12/2011 14:03,8/12/2011 14:02,0
17293,9/15/2011 16:36,8/12/2011 14:03,34
17293,10/12/2011 14:22,9/15/2011 16:36,27
17293,11/9/2011 13:46,10/12/2011 14:22,28
17293,12/1/2011 14:37,11/9/2011 13:46,22
17295,10/6/2011 12:22,NULL,NULL
17295,11/11/2011 10:43,10/6/2011 12:22,36
17295,11/11/2011 10:49,11/11/2011 10:43,0
17297,11/22/2011 14:43,NULL,NULL
17298,8/7/2011 12:21,NULL,NULL
17298,8/30/2011 16:43,8/7/2011 12:21,23
17299,6/19/2011 16:04,NULL,NULL
17299,8/31/2011 14:22,6/19/2011 16:04,73
17299,9/11/2011 13:22,8/31/2011 14:22,11
17299,11/28/2011 12:01,9/11/2011 13:22,78
17301,11/18/2011 13:43,NULL,NULL
17302,2/7/2011 10:14,NULL,NULL
17302,5/15/2011 11:29,2/7/2011 10:14,97
17302,8/9/2011 9:04,5/15/2011 11:29,86
17302,11/7/2011 15:27,8/9/2011 9:04,90
17302,11/25/2011 9:36,11/7/2011 15:27,18
17303,12/13/2010 13:32,NULL,NULL
17306,12/21/2010 13:34,NULL,NULL
17306,1/21/2011 15:41,12/21/2010 13:34,31
17306,2/16/2011 13:02,1/21/2011 15:41,26
17306,3/8/2011 16:31,2/16/2011 13:02,20
17306,3/16/2011 15:58,3/8/2011 16:31,8
17306,3/30/2011 10:16,3/16/2011 15:58,14
17306,3/30/2011 10:18,3/30/2011 10:16,0
17306,5/19/2011 14:19,3/30/2011 10:18,50
17306,6/17/2011 9:11,5/19/2011 14:19,29
17306,6/17/2011 9:12,6/17/2011 9:11,0
17306,6/17/2011 9:12,6/17/2011 9:12,0
17306,7/5/2011 15:37,6/17/2011 9:12,18
17306,7/20/2011 9:30,7/5/2011 15:37,15
17306,8/3/2011 14:35,7/20/2011 9:30,14
17306,9/1/2011 9:39,8/3/2011 14:35,29
17306,9/29/2011 14:50,9/1/2011 9:39,28
17306,11/3/2011 12:15,9/29/2011 14:50,35
17306,11/29/2011 12:10,11/3/2011 12:15,26
17306,11/29/2011 12:14,11/29/2011 12:10,0
17309,9/5/2011 15:20,NULL,NULL
17311,1/27/2011 10:56,NULL,NULL
17311,9/22/2011 14:11,1/27/2011 10:56,238
17312,7/3/2011 13:12,NULL,NULL
17312,7/7/2011 20:07,7/3/2011 13:12,4
17312,7/24/2011 11:52,7/7/2011 20:07,17
17313,11/8/2011 15:45,NULL,NULL
17314,1/31/2011 11:25,NULL,NULL
17314,2/1/2011 10:15,1/31/2011 11:25,1
17314,3/28/2011 9:16,2/1/2011 10:15,55
17314,6/23/2011 14:35,3/28/2011 9:16,87
17314,7/14/2011 11:28,6/23/2011 14:35,21
17314,10/12/2011 14:56,7/14/2011 11:28,90
17314,11/11/2011 16:13,10/12/2011 14:56,30
17314,11/15/2011 9:41,11/11/2011 16:13,4
17315,12/17/2010 12:24,NULL,NULL
17315,1/4/2011 10:38,12/17/2010 12:24,18
17315,1/20/2011 12:29,1/4/2011 10:38,16
17315,2/4/2011 14:14,1/20/2011 12:29,15
17315,2/8/2011 15:30,2/4/2011 14:14,4
17315,2/15/2011 11:30,2/8/2011 15:30,7
17315,2/22/2011 10:59,2/15/2011 11:30,7
17315,3/4/2011 11:49,2/22/2011 10:59,10
17315,3/13/2011 10:57,3/4/2011 11:49,9
17315,3/21/2011 11:34,3/13/2011 10:57,8
17315,3/29/2011 12:55,3/21/2011 11:34,8
17315,3/31/2011 10:53,3/29/2011 12:55,2
17315,4/14/2011 11:19,3/31/2011 10:53,14
17315,4/14/2011 11:28,4/14/2011 11:19,0
17315,4/21/2011 10:19,4/14/2011 11:28,7
17315,5/3/2011 10:25,4/21/2011 10:19,12
17315,5/10/2011 10:11,5/3/2011 10:25,7
17315,5/12/2011 16:52,5/10/2011 10:11,2
17315,5/22/2011 12:22,5/12/2011 16:52,10
17315,6/1/2011 12:05,5/22/2011 12:22,10
17315,7/6/2011 11:59,6/1/2011 12:05,35
17315,7/7/2011 16:17,7/6/2011 11:59,1
17315,7/14/2011 10:15,7/7/2011 16:17,7
17315,7/27/2011 10:10,7/14/2011 10:15,13
17315,8/4/2011 10:24,7/27/2011 10:10,8
17315,8/16/2011 10:52,8/4/2011 10:24,12
17315,8/23/2011 16:16,8/16/2011 10:52,7
17315,8/23/2011 16:56,8/23/2011 16:16,0
17315,8/31/2011 10:21,8/23/2011 16:56,8
17315,8/31/2011 15:49,8/31/2011 10:21,0
17315,9/14/2011 9:36,8/31/2011 15:49,14
17315,9/25/2011 14:53,9/14/2011 9:36,11
17315,10/13/2011 10:09,9/25/2011 14:53,18
17315,10/24/2011 16:20,10/13/2011 10:09,11
17315,11/1/2011 15:40,10/24/2011 16:20,8
17315,11/10/2011 10:41,11/1/2011 15:40,9
17315,11/22/2011 10:20,11/10/2011 10:41,12
17315,12/8/2011 12:15,11/22/2011 10:20,16
17317,9/11/2011 12:45,NULL,NULL
17317,10/18/2011 9:07,9/11/2011 12:45,37
17317,10/24/2011 17:19,10/18/2011 9:07,6
17320,12/6/2010 15:38,NULL,NULL
17320,4/17/2011 14:09,12/6/2010 15:38,132
17320,8/31/2011 13:31,4/17/2011 14:09,136
17321,10/3/2011 11:34,NULL,NULL
17321,12/1/2011 13:41,10/3/2011 11:34,59
17323,2/20/2011 14:38,NULL,NULL
17323,5/8/2011 15:22,2/20/2011 14:38,77
17323,6/26/2011 12:04,5/8/2011 15:22,49
17323,8/7/2011 12:05,6/26/2011 12:04,42
17323,10/9/2011 12:19,8/7/2011 12:05,63
17323,11/20/2011 12:13,10/9/2011 12:19,42
17323,11/24/2011 17:29,11/20/2011 12:13,4
17324,12/8/2010 12:45,NULL,NULL
17324,1/12/2011 11:21,12/8/2010 12:45,35
17324,11/18/2011 11:53,1/12/2011 11:21,310
17324,11/22/2011 10:34,11/18/2011 11:53,4
17325,3/4/2011 13:09,NULL,NULL
17329,1/28/2011 15:29,NULL,NULL
17329,11/25/2011 14:24,1/28/2011 15:29,301
17330,10/3/2011 11:26,NULL,NULL
17330,11/17/2011 8:56,10/3/2011 11:26,45
17331,8/8/2011 11:55,NULL,NULL
17333,9/15/2011 10:11,NULL,NULL
17334,2/4/2011 9:03,NULL,NULL
17334,2/10/2011 14:59,2/4/2011 9:03,6
17337,2/2/2011 17:06,NULL,NULL
17337,4/3/2011 15:07,2/2/2011 17:06,60
17337,5/12/2011 20:13,4/3/2011 15:07,39
17337,7/11/2011 14:55,5/12/2011 20:13,60
17338,12/13/2010 12:57,NULL,NULL
17338,1/12/2011 13:40,12/13/2010 12:57,30
17338,2/21/2011 15:04,1/12/2011 13:40,40
17338,4/18/2011 14:01,2/21/2011 15:04,56
17338,5/18/2011 15:35,4/18/2011 14:01,30
17338,7/1/2011 13:02,5/18/2011 15:35,44
17338,8/17/2011 14:22,7/1/2011 13:02,47
17338,11/22/2011 14:23,8/17/2011 14:22,97
17339,12/9/2010 14:44,NULL,NULL
17339,9/6/2011 13:29,12/9/2010 14:44,271
17340,12/8/2010 15:56,NULL,NULL
17340,12/20/2010 17:05,12/8/2010 15:56,12
17340,4/11/2011 8:49,12/20/2010 17:05,112
17340,5/31/2011 10:32,4/11/2011 8:49,50
17340,7/11/2011 14:40,5/31/2011 10:32,41
17340,7/11/2011 14:40,7/11/2011 14:40,0
17340,8/11/2011 12:58,7/11/2011 14:40,31
17340,9/20/2011 13:52,8/11/2011 12:58,40
17340,9/20/2011 13:53,9/20/2011 13:52,0
17340,9/20/2011 13:53,9/20/2011 13:53,0
17340,11/10/2011 10:45,9/20/2011 13:53,51
17341,12/8/2010 12:46,NULL,NULL
17341,7/6/2011 12:26,12/8/2010 12:46,210
17341,7/6/2011 12:33,7/6/2011 12:26,0
17343,12/19/2010 15:07,NULL,NULL
17344,10/24/2011 12:56,NULL,NULL
17345,5/27/2011 12:26,NULL,NULL
17345,5/27/2011 12:29,5/27/2011 12:26,0
17345,9/7/2011 14:09,5/27/2011 12:29,103
17345,11/24/2011 15:02,9/7/2011 14:09,78
17346,12/1/2010 14:34,NULL,NULL
17346,12/15/2010 11:14,12/1/2010 14:34,14
17346,2/14/2011 12:16,12/15/2010 11:14,61
17346,4/15/2011 16:11,2/14/2011 12:16,60
17346,5/19/2011 11:41,4/15/2011 16:11,34
17346,6/5/2011 14:20,5/19/2011 11:41,17
17346,6/14/2011 12:06,6/5/2011 14:20,9
17346,8/28/2011 15:01,6/14/2011 12:06,75
17346,10/12/2011 11:58,8/28/2011 15:01,45
17346,10/20/2011 12:23,10/12/2011 11:58,8
17346,10/20/2011 12:34,10/20/2011 12:23,0
17346,11/1/2011 12:39,10/20/2011 12:34,12
17346,11/24/2011 11:11,11/1/2011 12:39,23
17346,11/28/2011 11:54,11/24/2011 11:11,4
17346,12/6/2011 12:18,11/28/2011 11:54,8
17347,9/14/2011 13:12,NULL,NULL
17348,2/15/2011 10:49,NULL,NULL
17348,9/29/2011 11:39,2/15/2011 10:49,226
17348,11/4/2011 10:37,9/29/2011 11:39,36
17348,11/11/2011 11:11,11/4/2011 10:37,7
17348,11/25/2011 11:25,11/11/2011 11:11,14
17349,6/13/2011 14:29,NULL,NULL
17350,10/19/2011 16:05,NULL,NULL
17350,10/25/2011 12:06,10/19/2011 16:05,6
17350,12/1/2011 15:46,10/25/2011 12:06,37
17350,12/1/2011 15:47,12/1/2011 15:46,0
17351,3/11/2011 16:05,NULL,NULL
17351,6/23/2011 19:29,3/11/2011 16:05,104
17351,11/3/2011 18:45,6/23/2011 19:29,133
17353,7/8/2011 16:17,NULL,NULL
17353,8/2/2011 17:19,7/8/2011 16:17,25
17354,10/20/2011 10:34,NULL,NULL
17356,2/1/2011 11:07,NULL,NULL
17357,11/15/2011 16:29,NULL,NULL
17357,11/15/2011 16:30,11/15/2011 16:29,0
17358,12/19/2010 14:16,NULL,NULL
17358,2/9/2011 16:57,12/19/2010 14:16,52
17359,11/28/2011 14:37,NULL,NULL
17360,6/8/2011 17:09,NULL,NULL
17360,11/22/2011 12:55,6/8/2011 17:09,167
17360,11/22/2011 13:11,11/22/2011 12:55,0
17361,2/21/2011 9:55,NULL,NULL
17361,6/6/2011 14:02,2/21/2011 9:55,105
17361,10/21/2011 15:43,6/6/2011 14:02,137
17362,2/3/2011 10:26,NULL,NULL
17362,4/14/2011 14:43,2/3/2011 10:26,70
17364,1/12/2011 16:57,NULL,NULL
17364,2/24/2011 11:54,1/12/2011 16:57,43
17364,3/29/2011 15:22,2/24/2011 11:54,33
17364,5/6/2011 15:47,3/29/2011 15:22,38
17364,5/19/2011 12:50,5/6/2011 15:47,13
17364,7/25/2011 12:58,5/19/2011 12:50,67
17364,11/11/2011 12:07,7/25/2011 12:58,109
17364,11/24/2011 14:40,11/11/2011 12:07,13
17364,12/2/2011 13:46,11/24/2011 14:40,8
17364,12/9/2011 8:59,12/2/2011 13:46,7
17364,12/9/2011 9:00,12/9/2011 8:59,0
17365,1/11/2011 12:11,NULL,NULL
17365,1/11/2011 12:12,1/11/2011 12:11,0
17365,3/31/2011 11:25,1/11/2011 12:12,79
17365,5/24/2011 11:55,3/31/2011 11:25,54
17365,6/23/2011 10:44,5/24/2011 11:55,30
17365,9/13/2011 12:18,6/23/2011 10:44,82
17365,10/20/2011 12:07,9/13/2011 12:18,37
17365,11/27/2011 12:13,10/20/2011 12:07,38
17367,4/15/2011 14:21,NULL,NULL
17368,1/6/2011 11:57,NULL,NULL
17368,1/13/2011 9:55,1/6/2011 11:57,7
17368,3/25/2011 14:01,1/13/2011 9:55,71
17368,6/16/2011 15:01,3/25/2011 14:01,83
17368,6/19/2011 11:42,6/16/2011 15:01,3
17368,9/7/2011 14:47,6/19/2011 11:42,80
17368,11/7/2011 12:24,9/7/2011 14:47,61
17368,11/16/2011 15:26,11/7/2011 12:24,9
17370,6/23/2011 11:50,NULL,NULL
17370,9/8/2011 14:19,6/23/2011 11:50,77
17370,9/16/2011 14:53,9/8/2011 14:19,8
17370,9/28/2011 10:14,9/16/2011 14:53,12
17371,12/13/2010 15:20,NULL,NULL
17371,11/22/2011 13:25,12/13/2010 15:20,344
17371,11/22/2011 13:30,11/22/2011 13:25,0
17372,12/12/2010 12:00,NULL,NULL
17372,12/14/2010 13:33,12/12/2010 12:00,2
17372,1/26/2011 17:08,12/14/2010 13:33,43
17372,4/10/2011 12:53,1/26/2011 17:08,74
17372,6/9/2011 13:50,4/10/2011 12:53,60
17372,6/26/2011 14:06,6/9/2011 13:50,17
17372,10/10/2011 13:41,6/26/2011 14:06,106
17372,10/30/2011 11:37,10/10/2011 13:41,20
17373,1/31/2011 11:46,NULL,NULL
17373,7/28/2011 17:15,1/31/2011 11:46,178
17373,9/29/2011 14:40,7/28/2011 17:15,63
17373,10/30/2011 15:28,9/29/2011 14:40,31
17374,3/3/2011 12:53,NULL,NULL
17374,5/5/2011 9:05,3/3/2011 12:53,63
17375,12/13/2010 15:16,NULL,NULL
17375,1/31/2011 16:02,12/13/2010 15:16,49
17375,5/24/2011 15:45,1/31/2011 16:02,113
17376,2/1/2011 14:12,NULL,NULL
17376,9/30/2011 12:36,2/1/2011 14:12,241
17377,12/1/2010 12:35,NULL,NULL
17377,12/9/2010 10:42,12/1/2010 12:35,8
17377,12/17/2010 17:12,12/9/2010 10:42,8
17377,2/10/2011 11:44,12/17/2010 17:12,55
17377,2/24/2011 15:42,2/10/2011 11:44,14
17377,3/10/2011 10:03,2/24/2011 15:42,14
17377,3/29/2011 11:15,3/10/2011 10:03,19
17377,6/19/2011 12:29,3/29/2011 11:15,82
17377,8/5/2011 15:40,6/19/2011 12:29,47
17377,9/11/2011 11:24,8/5/2011 15:40,37
17377,9/26/2011 10:22,9/11/2011 11:24,15
17377,10/10/2011 11:50,9/26/2011 10:22,14
17377,10/17/2011 10:48,10/10/2011 11:50,7
17377,10/21/2011 11:18,10/17/2011 10:48,4
17377,10/23/2011 12:28,10/21/2011 11:18,2
17377,11/1/2011 10:16,10/23/2011 12:28,9
17377,11/4/2011 10:08,11/1/2011 10:16,3
17377,11/9/2011 10:39,11/4/2011 10:08,5
17377,11/14/2011 11:54,11/9/2011 10:39,5
17377,11/16/2011 11:17,11/14/2011 11:54,2
17379,11/28/2011 13:56,NULL,NULL
17381,12/2/2010 12:58,NULL,NULL
17381,12/2/2010 12:59,12/2/2010 12:58,0
17381,12/6/2010 9:45,12/2/2010 12:59,4
17381,1/10/2011 12:04,12/6/2010 9:45,35
17381,2/4/2011 11:55,1/10/2011 12:04,25
17381,2/10/2011 11:40,2/4/2011 11:55,6
17381,2/10/2011 11:41,2/10/2011 11:40,0
17381,2/17/2011 15:40,2/10/2011 11:41,7
17381,3/7/2011 11:52,2/17/2011 15:40,18
17381,3/7/2011 11:54,3/7/2011 11:52,0
17381,4/3/2011 11:45,3/7/2011 11:54,27
17381,4/3/2011 11:47,4/3/2011 11:45,0
17381,4/14/2011 15:02,4/3/2011 11:47,11
17381,4/21/2011 13:40,4/14/2011 15:02,7
17381,5/6/2011 13:36,4/21/2011 13:40,15
17381,5/20/2011 9:56,5/6/2011 13:36,14
17381,6/13/2011 9:43,5/20/2011 9:56,24
17381,6/13/2011 9:44,6/13/2011 9:43,0
17381,7/11/2011 12:15,6/13/2011 9:44,28
17381,7/11/2011 12:17,7/11/2011 12:15,0
17381,8/4/2011 12:13,7/11/2011 12:17,24
17381,8/4/2011 12:14,8/4/2011 12:13,0
17381,8/12/2011 13:27,8/4/2011 12:14,8
17381,9/1/2011 15:52,8/12/2011 13:27,20
17381,10/4/2011 8:27,9/1/2011 15:52,33
17381,10/4/2011 8:29,10/4/2011 8:27,0
17381,10/4/2011 8:30,10/4/2011 8:29,0
17381,11/15/2011 15:49,10/4/2011 8:30,42
17381,12/1/2011 11:59,11/15/2011 15:49,16
17382,10/5/2011 13:05,NULL,NULL
17383,12/5/2011 17:36,NULL,NULL
17384,5/4/2011 16:07,NULL,NULL
17384,11/20/2011 15:48,5/4/2011 16:07,200
17385,11/25/2011 11:02,NULL,NULL
17386,6/27/2011 12:11,NULL,NULL
17386,6/27/2011 13:51,6/27/2011 12:11,0
17386,8/18/2011 12:23,6/27/2011 13:51,52
17386,9/1/2011 13:46,8/18/2011 12:23,14
17386,9/1/2011 13:47,9/1/2011 13:46,0
17386,12/2/2011 11:28,9/1/2011 13:47,92
17387,11/6/2011 11:25,NULL,NULL
17387,11/20/2011 11:00,11/6/2011 11:25,14
17388,2/25/2011 12:28,NULL,NULL
17388,5/12/2011 13:41,2/25/2011 12:28,76
17388,7/31/2011 12:34,5/12/2011 13:41,80
17388,9/23/2011 10:31,7/31/2011 12:34,54
17389,1/12/2011 15:48,NULL,NULL
17389,1/14/2011 9:54,1/12/2011 15:48,2
17389,1/26/2011 13:38,1/14/2011 9:54,12
17389,1/31/2011 15:57,1/26/2011 13:38,5
17389,2/18/2011 10:07,1/31/2011 15:57,18
17389,3/3/2011 12:00,2/18/2011 10:07,13
17389,3/8/2011 12:51,3/3/2011 12:00,5
17389,4/8/2011 14:39,3/8/2011 12:51,31
17389,4/15/2011 16:46,4/8/2011 14:39,7
17389,5/18/2011 14:07,4/15/2011 16:46,33
17389,5/18/2011 14:08,5/18/2011 14:07,0
17389,5/19/2011 17:23,5/18/2011 14:08,1
17389,5/24/2011 15:51,5/19/2011 17:23,5
17389,6/7/2011 15:44,5/24/2011 15:51,14
17389,6/15/2011 12:15,6/7/2011 15:44,8
17389,6/22/2011 15:30,6/15/2011 12:15,7
17389,6/29/2011 9:09,6/22/2011 15:30,7
17389,7/6/2011 15:02,6/29/2011 9:09,7
17389,7/14/2011 9:26,7/6/2011 15:02,8
17389,7/17/2011 13:54,7/14/2011 9:26,3
17389,7/18/2011 12:49,7/17/2011 13:54,1
17389,7/28/2011 12:15,7/18/2011 12:49,10
17389,8/3/2011 10:12,7/28/2011 12:15,6
17389,8/10/2011 14:51,8/3/2011 10:12,7
17389,9/5/2011 10:00,8/10/2011 14:51,26
17389,9/26/2011 13:35,9/5/2011 10:00,21
17389,11/1/2011 9:26,9/26/2011 13:35,36
17389,11/3/2011 15:47,11/1/2011 9:26,2
17389,11/7/2011 11:16,11/3/2011 15:47,4
17389,11/10/2011 15:51,11/7/2011 11:16,3
17389,11/25/2011 13:59,11/10/2011 15:51,15
17389,12/6/2011 16:33,11/25/2011 13:59,11
17389,12/6/2011 16:35,12/6/2011 16:33,0
17389,12/9/2011 9:38,12/6/2011 16:35,3
17391,6/28/2011 12:21,NULL,NULL
17391,6/29/2011 9:58,6/28/2011 12:21,1
17392,12/16/2010 19:04,NULL,NULL
17392,2/6/2011 12:48,12/16/2010 19:04,52
17394,5/4/2011 13:22,NULL,NULL
17396,12/3/2010 9:45,NULL,NULL
17396,7/14/2011 10:20,12/3/2010 9:45,223
17396,7/14/2011 10:20,7/14/2011 10:20,0
17396,7/14/2011 10:21,7/14/2011 10:20,0
17396,7/14/2011 10:21,7/14/2011 10:21,0
17396,7/14/2011 10:24,7/14/2011 10:21,0
17396,10/3/2011 14:09,7/14/2011 10:24,81
17396,10/31/2011 14:12,10/3/2011 14:09,28
17397,11/17/2011 13:58,NULL,NULL
17397,11/17/2011 14:08,11/17/2011 13:58,0
17398,3/29/2011 13:04,NULL,NULL
17398,5/13/2011 12:41,3/29/2011 13:04,45
17398,8/17/2011 9:48,5/13/2011 12:41,96
17400,12/21/2010 17:16,NULL,NULL
17400,3/30/2011 17:33,12/21/2010 17:16,99
17400,3/31/2011 17:06,3/30/2011 17:33,1
17400,5/13/2011 17:34,3/31/2011 17:06,43
17400,8/5/2011 15:38,5/13/2011 17:34,84
17402,12/5/2010 13:53,NULL,NULL
17402,12/5/2010 15:06,12/5/2010 13:53,0
17402,1/14/2011 13:59,12/5/2010 15:06,40
17402,4/20/2011 15:04,1/14/2011 13:59,96
17402,6/9/2011 14:45,4/20/2011 15:04,50
17402,6/26/2011 11:01,6/9/2011 14:45,17
17402,8/19/2011 13:35,6/26/2011 11:01,54
17402,8/30/2011 12:32,8/19/2011 13:35,11
17402,9/15/2011 15:20,8/30/2011 12:32,16
17402,10/17/2011 10:33,9/15/2011 15:20,32
17402,10/20/2011 12:40,10/17/2011 10:33,3
17402,11/9/2011 13:12,10/20/2011 12:40,20
17402,12/5/2011 10:15,11/9/2011 13:12,26
17403,11/3/2011 15:18,NULL,NULL
17404,12/14/2010 13:28,NULL,NULL
17404,12/17/2010 10:54,12/14/2010 13:28,3
17404,1/28/2011 10:00,12/17/2010 10:54,42
17404,3/10/2011 9:52,1/28/2011 10:00,41
17404,3/14/2011 13:25,3/10/2011 9:52,4
17404,5/12/2011 12:36,3/14/2011 13:25,59
17404,7/6/2011 14:17,5/12/2011 12:36,55
17404,7/31/2011 15:50,7/6/2011 14:17,25
17404,8/4/2011 10:45,7/31/2011 15:50,4
17404,8/8/2011 13:12,8/4/2011 10:45,4
17404,9/13/2011 11:12,8/8/2011 13:12,36
17404,10/14/2011 11:44,9/13/2011 11:12,31
17404,10/17/2011 10:50,10/14/2011 11:44,3
17404,11/14/2011 8:22,10/17/2011 10:50,28
17404,12/5/2011 16:26,11/14/2011 8:22,21
17405,7/12/2011 14:17,NULL,NULL
17405,9/28/2011 10:27,7/12/2011 14:17,78
17405,12/8/2011 17:12,9/28/2011 10:27,71
17406,12/8/2010 10:35,NULL,NULL
17406,1/10/2011 14:57,12/8/2010 10:35,33
17406,1/10/2011 15:07,1/10/2011 14:57,0
17408,6/29/2011 12:53,NULL,NULL
17409,4/5/2011 16:42,NULL,NULL
17409,6/8/2011 10:36,4/5/2011 16:42,64
17410,5/8/2011 15:21,NULL,NULL
17410,9/4/2011 16:08,5/8/2011 15:21,119
17410,10/12/2011 13:55,9/4/2011 16:08,38
17410,11/2/2011 12:23,10/12/2011 13:55,21
17410,11/23/2011 15:46,11/2/2011 12:23,21
17411,3/23/2011 13:44,NULL,NULL
17411,9/25/2011 10:48,3/23/2011 13:44,186
17411,11/27/2011 14:25,9/25/2011 10:48,63
17412,12/2/2010 16:29,NULL,NULL
17412,12/16/2010 17:48,12/2/2010 16:29,14
17412,2/9/2011 14:44,12/16/2010 17:48,55
17412,5/27/2011 14:55,2/9/2011 14:44,107
17412,10/11/2011 12:27,5/27/2011 14:55,137
17412,11/16/2011 12:21,10/11/2011 12:27,36
17412,12/7/2011 11:36,11/16/2011 12:21,21
17414,6/8/2011 11:43,NULL,NULL
17414,10/27/2011 12:13,6/8/2011 11:43,141
17415,9/21/2011 12:50,NULL,NULL
17416,3/3/2011 13:45,NULL,NULL
17416,5/20/2011 8:41,3/3/2011 13:45,78
17416,5/26/2011 15:35,5/20/2011 8:41,6
17416,6/16/2011 17:08,5/26/2011 15:35,21
17416,8/22/2011 9:30,6/16/2011 17:08,67
17416,9/23/2011 10:25,8/22/2011 9:30,32
17416,11/10/2011 12:47,9/23/2011 10:25,48
17418,1/20/2011 11:39,NULL,NULL
17418,10/28/2011 13:00,1/20/2011 11:39,281
17419,12/7/2010 15:03,NULL,NULL
17419,12/7/2010 15:04,12/7/2010 15:03,0
17419,1/19/2011 9:54,12/7/2010 15:04,43
17419,2/17/2011 17:34,1/19/2011 9:54,29
17419,3/8/2011 11:44,2/17/2011 17:34,19
17419,3/18/2011 14:14,3/8/2011 11:44,10
17419,4/4/2011 12:31,3/18/2011 14:14,17
17419,7/19/2011 12:39,4/4/2011 12:31,106
17419,10/6/2011 9:36,7/19/2011 12:39,79
17419,11/1/2011 8:53,10/6/2011 9:36,26
17419,11/17/2011 10:53,11/1/2011 8:53,16
17419,11/28/2011 13:47,11/17/2011 10:53,11
17420,12/1/2010 9:56,NULL,NULL
17420,6/21/2011 15:07,12/1/2010 9:56,202
17420,10/20/2011 14:52,6/21/2011 15:07,121
17422,2/16/2011 14:44,NULL,NULL
17422,5/3/2011 10:49,2/16/2011 14:44,76
17422,6/12/2011 13:22,5/3/2011 10:49,40
17422,7/20/2011 10:08,6/12/2011 13:22,38
17422,9/7/2011 15:00,7/20/2011 10:08,49
17422,11/23/2011 13:27,9/7/2011 15:00,77
17423,5/6/2011 9:14,NULL,NULL
17423,10/24/2011 13:36,5/6/2011 9:14,171
17425,10/10/2011 11:37,NULL,NULL
17425,11/20/2011 15:30,10/10/2011 11:37,41
17426,3/2/2011 16:34,NULL,NULL
17426,6/17/2011 12:30,3/2/2011 16:34,107
17426,6/17/2011 12:31,6/17/2011 12:30,0
17426,9/9/2011 15:51,6/17/2011 12:31,84
17426,12/1/2011 18:03,9/9/2011 15:51,83
17426,12/1/2011 18:07,12/1/2011 18:03,0
17427,9/29/2011 11:29,NULL,NULL
17428,12/6/2010 9:37,NULL,NULL
17428,12/13/2010 10:46,12/6/2010 9:37,7
17428,1/4/2011 13:22,12/13/2010 10:46,22
17428,1/11/2011 10:38,1/4/2011 13:22,7
17428,2/8/2011 12:47,1/11/2011 10:38,28
17428,2/23/2011 10:27,2/8/2011 12:47,15
17428,3/6/2011 12:58,2/23/2011 10:27,11
17428,3/29/2011 9:11,3/6/2011 12:58,23
17428,4/12/2011 10:41,3/29/2011 9:11,14
17428,4/12/2011 10:42,4/12/2011 10:41,0
17428,5/11/2011 10:47,4/12/2011 10:42,29
17428,5/11/2011 10:49,5/11/2011 10:47,0
17428,5/11/2011 10:49,5/11/2011 10:49,0
17428,6/14/2011 11:21,5/11/2011 10:49,34
17428,6/14/2011 11:22,6/14/2011 11:21,0
17428,6/14/2011 11:23,6/14/2011 11:22,0
17428,6/20/2011 13:28,6/14/2011 11:23,6
17428,7/6/2011 16:03,6/20/2011 13:28,16
17428,8/4/2011 19:22,7/6/2011 16:03,29
17428,8/21/2011 12:37,8/4/2011 19:22,17
17428,9/15/2011 15:21,8/21/2011 12:37,25
17428,10/6/2011 13:26,9/15/2011 15:21,21
17428,10/6/2011 13:27,10/6/2011 13:26,0
17428,10/26/2011 11:49,10/6/2011 13:27,20
17428,11/1/2011 14:51,10/26/2011 11:49,6
17428,11/17/2011 13:45,11/1/2011 14:51,16
17428,11/17/2011 13:46,11/17/2011 13:45,0
17428,12/9/2011 9:45,11/17/2011 13:46,22
17429,5/5/2011 9:53,NULL,NULL
17429,6/7/2011 13:38,5/5/2011 9:53,33
17429,8/3/2011 13:22,6/7/2011 13:38,57
17430,12/9/2010 13:05,NULL,NULL
17430,11/7/2011 9:24,12/9/2010 13:05,333
17431,1/30/2011 14:36,NULL,NULL
17432,11/2/2011 17:30,NULL,NULL
17432,11/21/2011 17:33,11/2/2011 17:30,19
17433,9/12/2011 14:24,NULL,NULL
17434,9/15/2011 13:54,NULL,NULL
17434,10/20/2011 10:06,9/15/2011 13:54,35
17434,11/2/2011 14:35,10/20/2011 10:06,13
17434,11/16/2011 15:08,11/2/2011 14:35,14
17434,11/23/2011 16:22,11/16/2011 15:08,7
17434,11/30/2011 15:58,11/23/2011 16:22,7
17434,12/7/2011 13:16,11/30/2011 15:58,7
17436,4/27/2011 11:33,NULL,NULL
17436,12/8/2011 12:30,4/27/2011 11:33,225
17438,3/31/2011 10:26,NULL,NULL
17440,4/6/2011 12:05,NULL,NULL
17440,4/6/2011 12:08,4/6/2011 12:05,0
17440,7/6/2011 11:54,4/6/2011 12:08,91
17442,2/22/2011 13:02,NULL,NULL
17442,5/3/2011 12:35,2/22/2011 13:02,70
17442,6/28/2011 13:16,5/3/2011 12:35,56
17442,8/10/2011 12:25,6/28/2011 13:16,43
17442,9/7/2011 12:19,8/10/2011 12:25,28
17442,11/3/2011 9:17,9/7/2011 12:19,57
17443,5/4/2011 10:47,NULL,NULL
17444,6/20/2011 9:04,NULL,NULL
17444,7/11/2011 10:33,6/20/2011 9:04,21
17444,7/15/2011 12:05,7/11/2011 10:33,4
17446,2/2/2011 14:40,NULL,NULL
17446,6/16/2011 10:42,2/2/2011 14:40,134
17447,9/29/2011 10:10,NULL,NULL
17447,10/30/2011 14:18,9/29/2011 10:10,31
17449,12/15/2010 10:57,NULL,NULL
17449,3/1/2011 17:32,12/15/2010 10:57,76
17449,4/19/2011 14:57,3/1/2011 17:32,49
17449,9/6/2011 8:34,4/19/2011 14:57,140
17449,10/25/2011 17:21,9/6/2011 8:34,49
17449,10/25/2011 17:22,10/25/2011 17:21,0
17449,12/7/2011 16:56,10/25/2011 17:22,43
17450,12/7/2010 9:23,NULL,NULL
17450,12/7/2010 9:43,12/7/2010 9:23,0
17450,1/11/2011 8:43,12/7/2010 9:43,35
17450,1/11/2011 8:50,1/11/2011 8:43,0
17450,1/11/2011 9:24,1/11/2011 8:50,0
17450,3/9/2011 10:58,1/11/2011 9:24,57
17450,3/24/2011 18:34,3/9/2011 10:58,15
17450,3/25/2011 9:39,3/24/2011 18:34,1
17450,4/20/2011 11:05,3/25/2011 9:39,26
17450,4/27/2011 11:47,4/20/2011 11:05,7
17450,5/24/2011 9:32,4/27/2011 11:47,27
17450,5/24/2011 10:24,5/24/2011 9:32,0
17450,5/26/2011 19:49,5/24/2011 10:24,2
17450,5/31/2011 10:38,5/26/2011 19:49,5
17450,6/16/2011 18:40,5/31/2011 10:38,16
17450,7/12/2011 9:04,6/16/2011 18:40,26
17450,7/14/2011 16:23,7/12/2011 9:04,2
17450,7/28/2011 16:11,7/14/2011 16:23,14
17450,8/17/2011 19:15,7/28/2011 16:11,20
17450,8/17/2011 19:40,8/17/2011 19:15,0
17450,8/17/2011 20:02,8/17/2011 19:40,0
17450,8/23/2011 10:48,8/17/2011 20:02,6
17450,9/5/2011 13:52,8/23/2011 10:48,13
17450,9/20/2011 9:55,9/5/2011 13:52,15
17450,9/20/2011 10:12,9/20/2011 9:55,0
17450,9/20/2011 10:23,9/20/2011 10:12,0
17450,9/20/2011 10:38,9/20/2011 10:23,0
17450,9/20/2011 11:05,9/20/2011 10:38,0
17450,9/20/2011 12:05,9/20/2011 11:05,0
17450,9/20/2011 12:21,9/20/2011 12:05,0
17450,9/20/2011 13:38,9/20/2011 12:21,0
17450,9/30/2011 10:25,9/20/2011 13:38,10
17450,9/30/2011 10:27,9/30/2011 10:25,0
17450,10/24/2011 16:48,9/30/2011 10:27,24
17450,10/31/2011 10:45,10/24/2011 16:48,7
17450,11/3/2011 15:01,10/31/2011 10:45,3
17450,11/3/2011 15:32,11/3/2011 15:01,0
17450,11/14/2011 8:41,11/3/2011 15:32,11
17450,11/14/2011 8:56,11/14/2011 8:41,0
17450,11/21/2011 14:21,11/14/2011 8:56,7
17450,11/28/2011 16:32,11/21/2011 14:21,7
17450,11/28/2011 16:39,11/28/2011 16:32,0
17450,11/28/2011 16:47,11/28/2011 16:39,0
17450,11/28/2011 16:54,11/28/2011 16:47,0
17450,11/29/2011 9:56,11/28/2011 16:54,1
17450,12/1/2011 13:29,11/29/2011 9:56,2
17451,8/26/2011 11:54,NULL,NULL
17451,9/19/2011 9:30,8/26/2011 11:54,24
17451,10/14/2011 13:24,9/19/2011 9:30,25
17451,10/14/2011 13:24,10/14/2011 13:24,0
17451,11/24/2011 11:17,10/14/2011 13:24,41
17451,11/24/2011 11:19,11/24/2011 11:17,0
17451,12/8/2011 15:02,11/24/2011 11:19,14
17453,10/6/2011 17:02,NULL,NULL
17453,11/22/2011 9:42,10/6/2011 17:02,47
17454,12/15/2010 10:54,NULL,NULL
17454,2/13/2011 13:22,12/15/2010 10:54,60
17454,4/20/2011 11:19,2/13/2011 13:22,66
17454,5/31/2011 13:58,4/20/2011 11:19,41
17455,5/20/2011 12:31,NULL,NULL
17456,12/9/2010 15:23,NULL,NULL
17457,1/4/2011 14:33,NULL,NULL
17457,2/4/2011 8:56,1/4/2011 14:33,31
17457,4/1/2011 13:04,2/4/2011 8:56,56
17457,5/19/2011 10:32,4/1/2011 13:04,48
17457,8/5/2011 12:48,5/19/2011 10:32,78
17458,11/24/2011 13:01,NULL,NULL
17459,10/10/2011 17:00,NULL,NULL
17459,10/27/2011 13:25,10/10/2011 17:00,17
17460,12/1/2010 16:24,NULL,NULL
17460,12/2/2010 15:14,12/1/2010 16:24,1
17460,1/25/2011 13:43,12/2/2010 15:14,54
17460,3/16/2011 16:08,1/25/2011 13:43,50
17460,4/28/2011 10:54,3/16/2011 16:08,43
17460,9/6/2011 15:04,4/28/2011 10:54,131
17461,11/10/2011 12:01,NULL,NULL
17461,11/17/2011 10:01,11/10/2011 12:01,7
17461,11/17/2011 10:21,11/17/2011 10:01,0
17462,2/28/2011 17:01,NULL,NULL
17462,10/10/2011 13:56,2/28/2011 17:01,224
17463,1/30/2011 15:48,NULL,NULL
17463,4/20/2011 12:30,1/30/2011 15:48,80
17463,6/16/2011 15:10,4/20/2011 12:30,57
17463,10/21/2011 13:17,6/16/2011 15:10,127
17463,11/23/2011 13:40,10/21/2011 13:17,33
17464,7/4/2011 13:19,NULL,NULL
17466,9/22/2011 9:16,NULL,NULL
17466,11/29/2011 13:15,9/22/2011 9:16,68
17468,11/25/2011 12:52,NULL,NULL
17468,11/29/2011 15:33,11/25/2011 12:52,4
17469,5/19/2011 8:55,NULL,NULL
17469,7/5/2011 10:21,5/19/2011 8:55,47
17469,8/23/2011 8:54,7/5/2011 10:21,49
17469,9/28/2011 10:42,8/23/2011 8:54,36
17469,11/23/2011 13:15,9/28/2011 10:42,56
17470,12/7/2010 9:57,NULL,NULL
17470,4/5/2011 14:38,12/7/2010 9:57,119
17470,5/6/2011 10:37,4/5/2011 14:38,31
17470,8/4/2011 13:15,5/6/2011 10:37,90
17470,10/26/2011 12:42,8/4/2011 13:15,83
17472,2/13/2011 14:40,NULL,NULL
17472,2/24/2011 18:26,2/13/2011 14:40,11
17472,6/1/2011 14:57,2/24/2011 18:26,97
17475,9/21/2011 14:55,NULL,NULL
17480,9/23/2011 11:39,NULL,NULL
17481,9/7/2011 9:57,NULL,NULL
17481,11/3/2011 16:37,9/7/2011 9:57,57
17481,11/24/2011 9:06,11/3/2011 16:37,21
17481,12/6/2011 12:28,11/24/2011 9:06,12
17483,6/9/2011 19:40,NULL,NULL
17483,7/28/2011 17:33,6/9/2011 19:40,49
17483,10/5/2011 13:10,7/28/2011 17:33,69
17486,3/23/2011 14:00,NULL,NULL
17489,5/11/2011 11:34,NULL,NULL
17489,10/12/2011 8:56,5/11/2011 11:34,154
17490,6/16/2011 9:15,NULL,NULL
17490,9/19/2011 12:16,6/16/2011 9:15,95
17490,9/27/2011 11:52,9/19/2011 12:16,8
17490,10/6/2011 17:52,9/27/2011 11:52,9
17490,12/7/2011 13:46,10/6/2011 17:52,62
17490,12/9/2011 9:07,12/7/2011 13:46,2
17490,12/9/2011 9:08,12/9/2011 9:07,0
17491,12/7/2010 12:18,NULL,NULL
17491,1/18/2011 11:30,12/7/2010 12:18,42
17491,3/24/2011 9:50,1/18/2011 11:30,65
17491,6/8/2011 15:23,3/24/2011 9:50,76
17491,7/29/2011 15:02,6/8/2011 15:23,51
17491,9/5/2011 11:51,7/29/2011 15:02,38
17491,9/26/2011 13:25,9/5/2011 11:51,21
17491,11/3/2011 11:40,9/26/2011 13:25,38
17491,11/25/2011 13:10,11/3/2011 11:40,22
17491,12/8/2011 16:18,11/25/2011 13:10,13
17492,4/5/2011 15:21,NULL,NULL
17495,11/1/2011 12:06,NULL,NULL
17495,12/2/2011 12:08,11/1/2011 12:06,31
17496,12/16/2010 8:39,NULL,NULL
17498,9/25/2011 12:25,NULL,NULL
17499,2/23/2011 9:14,NULL,NULL
17500,11/10/2011 9:08,NULL,NULL
17500,11/16/2011 13:36,11/10/2011 9:08,6
17500,11/22/2011 14:25,11/16/2011 13:36,6
17501,5/3/2011 9:46,NULL,NULL
17501,5/3/2011 9:47,5/3/2011 9:46,0
17502,11/10/2011 16:39,NULL,NULL
17502,11/21/2011 13:14,11/10/2011 16:39,11
17502,11/22/2011 13:25,11/21/2011 13:14,1
17502,11/30/2011 13:13,11/22/2011 13:25,8
17503,11/1/2011 11:12,NULL,NULL
17503,12/7/2011 9:18,11/1/2011 11:12,36
17504,1/21/2011 11:09,NULL,NULL
17504,2/23/2011 14:40,1/21/2011 11:09,33
17504,3/16/2011 14:57,2/23/2011 14:40,21
17504,5/6/2011 10:34,3/16/2011 14:57,51
17504,5/15/2011 12:35,5/6/2011 10:34,9
17504,5/17/2011 12:56,5/15/2011 12:35,2
17504,5/17/2011 12:57,5/17/2011 12:56,0
17504,5/17/2011 12:58,5/17/2011 12:57,0
17504,5/17/2011 12:59,5/17/2011 12:58,0
17505,5/18/2011 9:01,NULL,NULL
17505,7/1/2011 12:50,5/18/2011 9:01,44
17506,9/25/2011 11:39,NULL,NULL
17507,2/3/2011 18:08,NULL,NULL
17507,3/23/2011 11:48,2/3/2011 18:08,48
17508,3/4/2011 8:10,NULL,NULL
17509,10/7/2011 13:14,NULL,NULL
17509,10/7/2011 14:17,10/7/2011 13:14,0
17509,10/7/2011 14:27,10/7/2011 14:17,0
17509,10/7/2011 14:28,10/7/2011 14:27,0
17509,10/7/2011 15:01,10/7/2011 14:28,0
17509,10/7/2011 15:26,10/7/2011 15:01,0
17509,10/10/2011 8:58,10/7/2011 15:26,3
17509,10/13/2011 10:26,10/10/2011 8:58,3
17510,11/15/2011 10:00,NULL,NULL
17511,12/1/2010 10:19,NULL,NULL
17511,12/7/2010 9:51,12/1/2010 10:19,6
17511,12/15/2010 11:53,12/7/2010 9:51,8
17511,1/5/2011 12:40,12/15/2010 11:53,21
17511,2/1/2011 10:38,1/5/2011 12:40,27
17511,2/22/2011 15:09,2/1/2011 10:38,21
17511,3/16/2011 12:12,2/22/2011 15:09,22
17511,3/25/2011 16:25,3/16/2011 12:12,9
17511,3/29/2011 15:18,3/25/2011 16:25,4
17511,4/12/2011 13:24,3/29/2011 15:18,14
17511,4/13/2011 15:06,4/12/2011 13:24,1
17511,4/20/2011 13:36,4/13/2011 15:06,7
17511,5/4/2011 11:32,4/20/2011 13:36,14
17511,5/4/2011 14:43,5/4/2011 11:32,0
17511,5/17/2011 15:32,5/4/2011 14:43,13
17511,6/15/2011 11:30,5/17/2011 15:32,29
17511,7/5/2011 14:53,6/15/2011 11:30,20
17511,7/20/2011 14:39,7/5/2011 14:53,15
17511,8/4/2011 12:36,7/20/2011 14:39,15
17511,8/17/2011 11:04,8/4/2011 12:36,13
17511,9/7/2011 11:41,8/17/2011 11:04,21
17511,9/21/2011 11:30,9/7/2011 11:41,14
17511,9/27/2011 11:53,9/21/2011 11:30,6
17511,10/5/2011 10:11,9/27/2011 11:53,8
17511,10/26/2011 10:29,10/5/2011 10:11,21
17511,10/26/2011 10:30,10/26/2011 10:29,0
17511,11/9/2011 11:17,10/26/2011 10:30,14
17511,11/9/2011 11:19,11/9/2011 11:17,0
17511,11/23/2011 10:31,11/9/2011 11:19,14
17511,12/5/2011 13:33,11/23/2011 10:31,12
17511,12/7/2011 10:12,12/5/2011 13:33,2
17512,2/11/2011 12:22,NULL,NULL
17512,2/16/2011 9:03,2/11/2011 12:22,5
17512,2/22/2011 9:13,2/16/2011 9:03,6
17512,3/24/2011 9:21,2/22/2011 9:13,30
17512,5/5/2011 10:49,3/24/2011 9:21,42
17512,5/23/2011 15:33,5/5/2011 10:49,18
17512,7/8/2011 13:39,5/23/2011 15:33,46
17512,8/10/2011 14:55,7/8/2011 13:39,33
17512,10/19/2011 15:26,8/10/2011 14:55,70
17512,11/11/2011 12:11,10/19/2011 15:26,23
17513,9/28/2011 16:42,NULL,NULL
17514,8/3/2011 15:45,NULL,NULL
17515,1/25/2011 14:33,NULL,NULL
17515,3/16/2011 15:19,1/25/2011 14:33,50
17515,5/17/2011 14:03,3/16/2011 15:19,62
17515,11/8/2011 14:04,5/17/2011 14:03,175
17516,2/27/2011 12:41,NULL,NULL
17516,2/27/2011 12:45,2/27/2011 12:41,0
17516,5/6/2011 13:25,2/27/2011 12:45,68
17516,8/12/2011 14:50,5/6/2011 13:25,98
17516,11/24/2011 16:51,8/12/2011 14:50,104
17517,2/4/2011 11:48,NULL,NULL
17519,12/6/2010 15:18,NULL,NULL
17519,3/23/2011 13:59,12/6/2010 15:18,107
17519,5/17/2011 10:14,3/23/2011 13:59,55
17519,6/19/2011 13:55,5/17/2011 10:14,33
17519,7/29/2011 12:09,6/19/2011 13:55,40
17519,11/22/2011 16:43,7/29/2011 12:09,116
17520,10/17/2011 12:04,NULL,NULL
17521,5/24/2011 15:14,NULL,NULL
17521,10/5/2011 13:42,5/24/2011 15:14,134
17521,11/10/2011 11:22,10/5/2011 13:42,36
17522,5/5/2011 16:31,NULL,NULL
17522,5/17/2011 10:36,5/5/2011 16:31,12
17522,6/9/2011 14:23,5/17/2011 10:36,23
17522,7/24/2011 12:29,6/9/2011 14:23,45
17522,12/8/2011 12:31,7/24/2011 12:29,137
17523,11/20/2011 13:40,NULL,NULL
17523,11/20/2011 13:47,11/20/2011 13:40,0
17523,11/24/2011 8:28,11/20/2011 13:47,4
17523,11/28/2011 13:20,11/24/2011 8:28,4
17524,12/13/2010 14:32,NULL,NULL
17525,12/15/2010 12:05,NULL,NULL
17526,12/9/2010 12:20,NULL,NULL
17526,12/14/2010 11:11,12/9/2010 12:20,5
17526,2/22/2011 9:10,12/14/2010 11:11,70
17526,12/5/2011 11:05,2/22/2011 9:10,286
17527,5/5/2011 13:43,NULL,NULL
17527,8/22/2011 10:15,5/5/2011 13:43,109
17527,9/20/2011 9:06,8/22/2011 10:15,29
17527,10/17/2011 12:32,9/20/2011 9:06,27
17528,9/29/2011 13:04,NULL,NULL
17528,9/29/2011 13:45,9/29/2011 13:04,0
17528,10/12/2011 15:35,9/29/2011 13:45,13
17528,10/21/2011 9:25,10/12/2011 15:35,9
17528,10/27/2011 14:49,10/21/2011 9:25,6
17528,11/9/2011 14:44,10/27/2011 14:49,13
17528,11/22/2011 10:21,11/9/2011 14:44,13
17528,12/8/2011 13:27,11/22/2011 10:21,16
17530,12/9/2010 20:01,NULL,NULL
17530,2/15/2011 17:02,12/9/2010 20:01,68
17530,4/20/2011 17:37,2/15/2011 17:02,64
17530,4/27/2011 12:49,4/20/2011 17:37,7
17530,4/27/2011 14:48,4/27/2011 12:49,0
17530,5/17/2011 16:48,4/27/2011 14:48,20
17530,9/15/2011 17:00,5/17/2011 16:48,121
17530,10/27/2011 20:16,9/15/2011 17:00,42
17530,11/23/2011 17:32,10/27/2011 20:16,27
17530,12/8/2011 18:42,11/23/2011 17:32,15
17531,6/2/2011 19:17,NULL,NULL
17534,10/17/2011 12:47,NULL,NULL
17535,3/4/2011 15:20,NULL,NULL
17536,6/15/2011 13:23,NULL,NULL
17537,2/9/2011 13:37,NULL,NULL
17537,11/10/2011 10:56,2/9/2011 13:37,274
17538,11/14/2011 12:12,NULL,NULL
17540,1/27/2011 14:35,NULL,NULL
17540,11/15/2011 11:56,1/27/2011 14:35,292
17542,3/15/2011 11:45,NULL,NULL
17545,10/27/2011 13:48,NULL,NULL
17545,10/27/2011 13:56,10/27/2011 13:48,0
17545,10/27/2011 14:04,10/27/2011 13:56,0
17548,4/20/2011 12:01,NULL,NULL
17549,10/19/2011 10:05,NULL,NULL
17549,11/16/2011 9:59,10/19/2011 10:05,28
17550,4/10/2011 15:19,NULL,NULL
17550,5/26/2011 14:01,4/10/2011 15:19,46
17550,5/26/2011 14:09,5/26/2011 14:01,0
17551,12/15/2010 14:12,NULL,NULL
17552,12/2/2010 18:45,NULL,NULL
17552,12/2/2010 18:46,12/2/2010 18:45,0
17552,9/29/2011 18:51,12/2/2010 18:46,301
17552,10/10/2011 17:00,9/29/2011 18:51,11
17553,8/2/2011 10:00,NULL,NULL
17554,7/14/2011 20:01,NULL,NULL
17554,8/9/2011 10:16,7/14/2011 20:01,26
17554,10/11/2011 14:19,8/9/2011 10:16,63
17554,11/23/2011 8:42,10/11/2011 14:19,43
17554,12/8/2011 14:15,11/23/2011 8:42,15
17555,1/9/2011 12:31,NULL,NULL
17555,11/20/2011 12:22,1/9/2011 12:31,315
17556,5/18/2011 10:48,NULL,NULL
17557,9/19/2011 14:23,NULL,NULL
17557,10/26/2011 15:43,9/19/2011 14:23,37
17557,11/25/2011 12:57,10/26/2011 15:43,30
17560,2/2/2011 11:14,NULL,NULL
17560,5/19/2011 17:13,2/2/2011 11:14,106
17560,7/7/2011 15:06,5/19/2011 17:13,49
17560,9/6/2011 9:18,7/7/2011 15:06,61
17561,11/20/2011 12:53,NULL,NULL
17562,6/19/2011 13:06,NULL,NULL
17562,7/6/2011 10:59,6/19/2011 13:06,17
17562,8/10/2011 15:37,7/6/2011 10:59,35
17562,8/22/2011 12:16,8/10/2011 15:37,12
17562,9/13/2011 14:42,8/22/2011 12:16,22
17562,10/19/2011 15:15,9/13/2011 14:42,36
17562,11/25/2011 14:21,10/19/2011 15:15,37
17564,9/20/2011 14:00,NULL,NULL
17564,10/26/2011 13:20,9/20/2011 14:00,36
17564,11/15/2011 13:27,10/26/2011 13:20,20
17566,11/14/2011 13:42,NULL,NULL
17566,12/1/2011 19:54,11/14/2011 13:42,17
17567,12/2/2010 15:18,NULL,NULL
17567,2/16/2011 10:38,12/2/2010 15:18,76
17567,3/3/2011 8:24,2/16/2011 10:38,15
17567,4/20/2011 13:15,3/3/2011 8:24,48
17567,7/13/2011 17:03,4/20/2011 13:15,84
17567,9/8/2011 10:00,7/13/2011 17:03,57
17567,10/13/2011 12:52,9/8/2011 10:00,35
17567,12/2/2011 15:48,10/13/2011 12:52,50
17569,1/11/2011 14:15,NULL,NULL
17571,2/14/2011 15:15,NULL,NULL
17571,3/7/2011 11:44,2/14/2011 15:15,21
17571,7/17/2011 12:26,3/7/2011 11:44,132
17571,10/20/2011 15:57,7/17/2011 12:26,95
17572,12/1/2010 12:51,NULL,NULL
17572,4/15/2011 12:10,12/1/2010 12:51,135
17572,9/1/2011 10:28,4/15/2011 12:10,139
17572,9/29/2011 17:53,9/1/2011 10:28,28
17573,9/7/2011 10:36,NULL,NULL
17573,9/15/2011 17:09,9/7/2011 10:36,8
17573,11/10/2011 13:01,9/15/2011 17:09,56
17574,4/11/2011 9:47,NULL,NULL
17576,12/9/2010 16:57,NULL,NULL
17576,12/13/2010 15:56,12/9/2010 16:57,4
17576,1/18/2011 16:45,12/13/2010 15:56,36
17576,1/18/2011 16:52,1/18/2011 16:45,0
17576,2/17/2011 16:59,1/18/2011 16:52,30
17576,3/2/2011 17:21,2/17/2011 16:59,13
17576,3/22/2011 17:00,3/2/2011 17:21,20
17576,4/12/2011 16:19,3/22/2011 17:00,21
17576,5/9/2011 16:42,4/12/2011 16:19,27
17576,6/9/2011 17:47,5/9/2011 16:42,31
17576,7/12/2011 17:23,6/9/2011 17:47,33
17576,8/18/2011 17:44,7/12/2011 17:23,37
17576,8/25/2011 19:55,8/18/2011 17:44,7
17576,9/1/2011 16:30,8/25/2011 19:55,7
17576,9/15/2011 15:29,9/1/2011 16:30,14
17576,9/27/2011 17:03,9/15/2011 15:29,12
17576,10/18/2011 17:04,9/27/2011 17:03,21
17576,11/1/2011 17:20,10/18/2011 17:04,14
17576,12/1/2011 17:56,11/1/2011 17:20,30
17578,5/5/2011 18:38,NULL,NULL
17579,6/13/2011 14:12,NULL,NULL
17579,7/25/2011 9:50,6/13/2011 14:12,42
17579,12/5/2011 12:28,7/25/2011 9:50,133
17580,12/16/2010 15:27,NULL,NULL
17580,1/31/2011 14:07,12/16/2010 15:27,46
17580,4/1/2011 12:41,1/31/2011 14:07,60
17581,12/2/2010 14:47,NULL,NULL
17581,12/2/2010 14:49,12/2/2010 14:47,0
17581,1/14/2011 12:09,12/2/2010 14:49,43
17581,3/4/2011 10:28,1/14/2011 12:09,49
17581,3/4/2011 10:30,3/4/2011 10:28,0
17581,3/4/2011 10:31,3/4/2011 10:30,0
17581,5/10/2011 11:48,3/4/2011 10:31,67
17581,5/10/2011 11:49,5/10/2011 11:48,0
17581,5/10/2011 11:50,5/10/2011 11:49,0
17581,5/10/2011 13:40,5/10/2011 11:50,0
17581,6/15/2011 12:48,5/10/2011 13:40,36
17581,6/15/2011 12:48,6/15/2011 12:48,0
17581,6/15/2011 12:50,6/15/2011 12:48,0
17581,7/4/2011 15:46,6/15/2011 12:50,19
17581,7/4/2011 15:49,7/4/2011 15:46,0
17581,8/22/2011 10:08,7/4/2011 15:49,49
17581,8/22/2011 10:09,8/22/2011 10:08,0
17581,9/22/2011 11:40,8/22/2011 10:09,31
17581,9/22/2011 11:41,9/22/2011 11:40,0
17581,11/6/2011 12:56,9/22/2011 11:41,45
17581,11/6/2011 12:59,11/6/2011 12:56,0
17581,11/6/2011 13:02,11/6/2011 12:59,0
17581,12/9/2011 12:19,11/6/2011 13:02,33
17581,12/9/2011 12:20,12/9/2011 12:19,0
17581,12/9/2011 12:21,12/9/2011 12:20,0
17582,4/17/2011 13:18,NULL,NULL
17584,8/4/2011 14:12,NULL,NULL
17584,12/2/2011 17:12,8/4/2011 14:12,120
17585,1/5/2011 15:09,NULL,NULL
17585,3/21/2011 16:32,1/5/2011 15:09,75
17585,6/22/2011 13:28,3/21/2011 16:32,93
17585,8/22/2011 13:30,6/22/2011 13:28,61
17588,4/21/2011 10:31,NULL,NULL
17588,6/20/2011 16:19,4/21/2011 10:31,60
17588,8/31/2011 13:37,6/20/2011 16:19,72
17589,4/13/2011 13:47,NULL,NULL
17589,6/5/2011 15:25,4/13/2011 13:47,53
17589,7/11/2011 17:07,6/5/2011 15:25,36
17589,10/10/2011 16:58,7/11/2011 17:07,91
17590,10/30/2011 14:05,NULL,NULL
17590,11/22/2011 16:06,10/30/2011 14:05,23
17590,12/7/2011 12:55,11/22/2011 16:06,15
17591,12/7/2010 15:39,NULL,NULL
17591,1/24/2011 11:50,12/7/2010 15:39,48
17591,2/14/2011 13:11,1/24/2011 11:50,21
17591,3/17/2011 16:23,2/14/2011 13:11,31
17591,5/20/2011 13:16,3/17/2011 16:23,64
17591,8/9/2011 12:55,5/20/2011 13:16,81
17591,9/27/2011 13:42,8/9/2011 12:55,49
17593,12/22/2010 10:29,NULL,NULL
17593,6/26/2011 13:45,12/22/2010 10:29,186
17593,7/18/2011 10:28,6/26/2011 13:45,22
17593,9/9/2011 9:52,7/18/2011 10:28,53
17593,12/6/2011 10:30,9/9/2011 9:52,88
17594,3/30/2011 10:32,NULL,NULL
17594,9/15/2011 16:34,3/30/2011 10:32,169
17595,11/2/2011 16:19,NULL,NULL
17595,11/27/2011 16:08,11/2/2011 16:19,25
17596,12/6/2010 12:34,NULL,NULL
17596,4/5/2011 11:47,12/6/2010 12:34,120
17596,6/1/2011 15:28,4/5/2011 11:47,57
17596,7/26/2011 13:46,6/1/2011 15:28,55
17596,10/7/2011 14:05,7/26/2011 13:46,73
17596,10/25/2011 13:46,10/7/2011 14:05,18
17596,11/16/2011 14:11,10/25/2011 13:46,22
17597,5/10/2011 11:54,NULL,NULL
17600,11/22/2011 9:43,NULL,NULL
17601,4/14/2011 18:02,NULL,NULL
17602,1/19/2011 16:18,NULL,NULL
17602,8/7/2011 15:52,1/19/2011 16:18,200
17602,9/15/2011 14:07,8/7/2011 15:52,39
17602,10/27/2011 20:09,9/15/2011 14:07,42
17602,11/16/2011 15:58,10/27/2011 20:09,20
17602,12/7/2011 13:53,11/16/2011 15:58,21
17603,9/22/2011 14:18,NULL,NULL
17604,1/31/2011 15:09,NULL,NULL
17604,5/6/2011 13:43,1/31/2011 15:09,95
17608,11/6/2011 13:00,NULL,NULL
17608,11/6/2011 13:06,11/6/2011 13:00,0
17609,1/16/2011 16:23,NULL,NULL
17609,2/10/2011 17:54,1/16/2011 16:23,25
17609,9/27/2011 17:47,2/10/2011 17:54,229
17609,10/30/2011 12:14,9/27/2011 17:47,33
17609,10/30/2011 12:28,10/30/2011 12:14,0
17611,12/13/2010 13:52,NULL,NULL
17611,1/19/2011 15:20,12/13/2010 13:52,37
17611,1/23/2011 13:31,1/19/2011 15:20,4
17611,3/13/2011 15:25,1/23/2011 13:31,49
17611,4/11/2011 14:11,3/13/2011 15:25,29
17611,5/22/2011 14:44,4/11/2011 14:11,41
17611,6/23/2011 14:22,5/22/2011 14:44,32
17611,7/7/2011 14:03,6/23/2011 14:22,14
17611,8/8/2011 10:51,7/7/2011 14:03,32
17611,9/28/2011 12:20,8/8/2011 10:51,51
17611,10/28/2011 14:38,9/28/2011 12:20,30
17611,11/3/2011 9:07,10/28/2011 14:38,6
17611,11/9/2011 9:01,11/3/2011 9:07,6
17611,12/2/2011 13:28,11/9/2011 9:01,23
17611,12/2/2011 13:29,12/2/2011 13:28,0
17612,2/15/2011 10:40,NULL,NULL
17612,5/9/2011 12:14,2/15/2011 10:40,83
17612,7/14/2011 15:44,5/9/2011 12:14,66
17612,8/19/2011 10:58,7/14/2011 15:44,36
17612,9/5/2011 14:07,8/19/2011 10:58,17
17612,10/17/2011 14:59,9/5/2011 14:07,42
17613,2/7/2011 11:20,NULL,NULL
17613,2/24/2011 10:25,2/7/2011 11:20,17
17613,3/22/2011 12:15,2/24/2011 10:25,26
17613,4/1/2011 9:06,3/22/2011 12:15,10
17613,4/26/2011 13:22,4/1/2011 9:06,25
17613,5/29/2011 11:59,4/26/2011 13:22,33
17613,5/29/2011 12:06,5/29/2011 11:59,0
17613,6/23/2011 10:52,5/29/2011 12:06,25
17613,8/14/2011 12:08,6/23/2011 10:52,52
17613,9/19/2011 13:20,8/14/2011 12:08,36
17613,10/27/2011 10:01,9/19/2011 13:20,38
17613,10/27/2011 10:02,10/27/2011 10:01,0
17613,11/17/2011 10:40,10/27/2011 10:02,21
17613,11/17/2011 10:51,11/17/2011 10:40,0
17614,10/13/2011 16:01,NULL,NULL
17615,5/1/2011 15:33,NULL,NULL
17615,5/20/2011 8:30,5/1/2011 15:33,19
17615,8/1/2011 14:06,5/20/2011 8:30,73
17616,12/7/2010 10:04,NULL,NULL
17616,3/30/2011 9:31,12/7/2010 10:04,113
17616,6/19/2011 10:11,3/30/2011 9:31,81
17618,12/12/2010 16:05,NULL,NULL
17618,4/5/2011 13:07,12/12/2010 16:05,114
17618,12/4/2011 11:50,4/5/2011 13:07,243
17619,1/31/2011 14:18,NULL,NULL
17620,10/11/2011 12:08,NULL,NULL
17621,12/20/2010 13:31,NULL,NULL
17621,1/31/2011 13:07,12/20/2010 13:31,42
17621,11/18/2011 17:11,1/31/2011 13:07,291
17623,11/7/2011 11:32,NULL,NULL
17624,5/5/2011 17:59,NULL,NULL
17624,11/25/2011 10:52,5/5/2011 17:59,204
17625,3/27/2011 12:21,NULL,NULL
17625,7/22/2011 13:53,3/27/2011 12:21,117
17625,10/19/2011 12:21,7/22/2011 13:53,89
17625,11/21/2011 13:36,10/19/2011 12:21,33
17628,9/19/2011 15:21,NULL,NULL
17629,12/15/2010 9:58,NULL,NULL
17629,4/3/2011 11:36,12/15/2010 9:58,109
17629,5/9/2011 12:28,4/3/2011 11:36,36
17629,6/21/2011 10:40,5/9/2011 12:28,43
17629,8/11/2011 14:16,6/21/2011 10:40,51
17629,10/4/2011 10:29,8/11/2011 14:16,54
17629,11/21/2011 17:04,10/4/2011 10:29,48
17629,12/4/2011 10:56,11/21/2011 17:04,13
17630,4/21/2011 14:03,NULL,NULL
17630,6/23/2011 11:58,4/21/2011 14:03,63
17631,4/21/2011 13:22,NULL,NULL
17631,7/25/2011 13:37,4/21/2011 13:22,95
17631,12/8/2011 9:47,7/25/2011 13:37,136
17633,8/11/2011 15:43,NULL,NULL
17633,8/28/2011 15:58,8/11/2011 15:43,17
17633,9/29/2011 11:33,8/28/2011 15:58,32
17633,11/8/2011 13:25,9/29/2011 11:33,40
17634,1/6/2011 12:45,NULL,NULL
17634,3/7/2011 13:10,1/6/2011 12:45,60
17634,4/18/2011 14:08,3/7/2011 13:10,42
17634,5/9/2011 13:10,4/18/2011 14:08,21
17634,5/11/2011 8:34,5/9/2011 13:10,2
17634,8/9/2011 14:18,5/11/2011 8:34,90
17634,9/8/2011 12:55,8/9/2011 14:18,30
17634,10/23/2011 11:39,9/8/2011 12:55,45
17634,11/3/2011 13:09,10/23/2011 11:39,11
17636,11/20/2011 14:40,NULL,NULL
17637,8/16/2011 13:25,NULL,NULL
17637,11/8/2011 12:51,8/16/2011 13:25,84
17639,3/8/2011 15:22,NULL,NULL
17640,9/14/2011 9:13,NULL,NULL
17642,6/16/2011 12:55,NULL,NULL
17642,8/12/2011 9:11,6/16/2011 12:55,57
17643,12/1/2010 14:38,NULL,NULL
17644,3/24/2011 9:44,NULL,NULL
17644,5/20/2011 13:14,3/24/2011 9:44,57
17644,5/20/2011 13:15,5/20/2011 13:14,0
17644,6/14/2011 12:08,5/20/2011 13:15,25
17644,7/13/2011 16:47,6/14/2011 12:08,29
17644,7/13/2011 16:48,7/13/2011 16:47,0
17644,8/11/2011 14:53,7/13/2011 16:48,29
17644,9/22/2011 12:54,8/11/2011 14:53,42
17644,11/3/2011 15:01,9/22/2011 12:54,42
17644,11/3/2011 15:02,11/3/2011 15:01,0
17644,12/8/2011 13:43,11/3/2011 15:02,35
17646,12/9/2010 14:28,NULL,NULL
17646,3/3/2011 10:09,12/9/2010 14:28,84
17646,5/4/2011 13:17,3/3/2011 10:09,62
17647,10/5/2011 15:38,NULL,NULL
17648,4/4/2011 10:29,NULL,NULL
17648,5/31/2011 11:21,4/4/2011 10:29,57
17648,5/31/2011 11:22,5/31/2011 11:21,0
17648,10/10/2011 9:41,5/31/2011 11:22,132
17649,7/24/2011 15:53,NULL,NULL
17650,11/18/2011 14:52,NULL,NULL
17651,6/15/2011 15:57,NULL,NULL
17651,6/23/2011 10:27,6/15/2011 15:57,8
17651,7/7/2011 8:21,6/23/2011 10:27,14
17651,7/7/2011 8:22,7/7/2011 8:21,0
17651,9/21/2011 9:45,7/7/2011 8:22,76
17651,10/6/2011 16:17,9/21/2011 9:45,15
17651,10/20/2011 11:30,10/6/2011 16:17,14
17651,10/30/2011 10:18,10/20/2011 11:30,10
17651,11/8/2011 12:30,10/30/2011 10:18,9
17651,11/28/2011 10:29,11/8/2011 12:30,20
17652,3/3/2011 14:05,NULL,NULL
17652,4/20/2011 8:07,3/3/2011 14:05,48
17652,6/2/2011 12:08,4/20/2011 8:07,43
17652,6/9/2011 16:55,6/2/2011 12:08,7
17652,6/23/2011 14:05,6/9/2011 16:55,14
17652,7/18/2011 14:04,6/23/2011 14:05,25
17652,9/16/2011 14:39,7/18/2011 14:04,60
17652,10/3/2011 13:03,9/16/2011 14:39,17
17652,10/10/2011 13:13,10/3/2011 13:03,7
17652,10/27/2011 14:59,10/10/2011 13:13,17
17652,11/4/2011 15:35,10/27/2011 14:59,8
17652,11/14/2011 12:55,11/4/2011 15:35,10
17653,8/11/2011 15:24,NULL,NULL
17653,9/1/2011 12:17,8/11/2011 15:24,21
17653,11/1/2011 15:49,9/1/2011 12:17,61
17653,11/3/2011 12:46,11/1/2011 15:49,2
17654,3/7/2011 13:17,NULL,NULL
17655,12/8/2010 16:45,NULL,NULL
17655,2/8/2011 13:39,12/8/2010 16:45,62
17655,2/28/2011 9:28,2/8/2011 13:39,20
17655,5/13/2011 16:14,2/28/2011 9:28,74
17655,8/15/2011 11:59,5/13/2011 16:14,94
17655,10/30/2011 14:15,8/15/2011 11:59,76
17655,11/29/2011 11:34,10/30/2011 14:15,30
17656,8/3/2011 10:45,NULL,NULL
17656,8/17/2011 13:06,8/3/2011 10:45,14
17656,8/25/2011 13:24,8/17/2011 13:06,8
17656,9/12/2011 15:14,8/25/2011 13:24,18
17656,9/27/2011 13:04,9/12/2011 15:14,15
17658,5/12/2011 15:23,NULL,NULL
17658,11/14/2011 12:07,5/12/2011 15:23,186
17659,12/2/2010 16:46,NULL,NULL
17659,12/16/2010 17:38,12/2/2010 16:46,14
17659,2/14/2011 12:13,12/16/2010 17:38,60
17659,5/24/2011 10:42,2/14/2011 12:13,99
17659,6/8/2011 9:58,5/24/2011 10:42,15
17659,6/23/2011 12:51,6/8/2011 9:58,15
17659,8/3/2011 14:06,6/23/2011 12:51,41
17659,8/22/2011 15:22,8/3/2011 14:06,19
17659,8/31/2011 15:13,8/22/2011 15:22,9
17659,10/11/2011 13:12,8/31/2011 15:13,41
17659,11/15/2011 14:29,10/11/2011 13:12,35
17659,11/22/2011 13:29,11/15/2011 14:29,7
17660,7/21/2011 13:37,NULL,NULL
17663,2/25/2011 14:11,NULL,NULL
17663,4/19/2011 10:49,2/25/2011 14:11,53
17663,5/25/2011 13:36,4/19/2011 10:49,36
17663,7/8/2011 11:52,5/25/2011 13:36,44
17663,9/16/2011 13:37,7/8/2011 11:52,70
17663,11/2/2011 10:44,9/16/2011 13:37,47
17663,11/14/2011 8:56,11/2/2011 10:44,12
17664,5/11/2011 14:17,NULL,NULL
17664,11/21/2011 11:29,5/11/2011 14:17,194
17666,10/5/2011 11:06,NULL,NULL
17666,12/6/2011 9:06,10/5/2011 11:06,62
17667,2/14/2011 9:24,NULL,NULL
17667,5/12/2011 15:17,2/14/2011 9:24,87
17667,5/12/2011 15:21,5/12/2011 15:17,0
17667,7/1/2011 9:47,5/12/2011 15:21,50
17667,10/4/2011 14:32,7/1/2011 9:47,95
17668,11/1/2011 14:45,NULL,NULL
17668,12/8/2011 13:25,11/1/2011 14:45,37
17669,4/4/2011 10:11,NULL,NULL
17669,4/14/2011 8:14,4/4/2011 10:11,10
17669,5/13/2011 13:29,4/14/2011 8:14,29
17669,6/22/2011 14:10,5/13/2011 13:29,40
17669,8/9/2011 13:48,6/22/2011 14:10,48
17669,9/15/2011 13:43,8/9/2011 13:48,37
17669,10/28/2011 8:53,9/15/2011 13:43,43
17670,4/26/2011 9:12,NULL,NULL
17671,12/9/2010 14:27,NULL,NULL
17671,5/12/2011 18:13,12/9/2010 14:27,154
17671,7/5/2011 12:03,5/12/2011 18:13,54
17671,11/24/2011 12:21,7/5/2011 12:03,142
17672,2/3/2011 13:29,NULL,NULL
17672,10/20/2011 14:18,2/3/2011 13:29,259
17673,1/23/2011 15:16,NULL,NULL
17673,3/18/2011 11:30,1/23/2011 15:16,54
17673,6/6/2011 14:12,3/18/2011 11:30,80
17673,6/30/2011 14:38,6/6/2011 14:12,24
17673,10/4/2011 12:25,6/30/2011 14:38,96
17673,12/8/2011 12:50,10/4/2011 12:25,65
17674,12/6/2010 10:20,NULL,NULL
17674,9/26/2011 13:35,12/6/2010 10:20,294
17675,12/7/2010 13:22,NULL,NULL
17675,12/10/2010 9:48,12/7/2010 13:22,3
17675,1/5/2011 10:08,12/10/2010 9:48,26
17675,2/1/2011 9:38,1/5/2011 10:08,27
17675,2/11/2011 13:50,2/1/2011 9:38,10
17675,2/23/2011 15:53,2/11/2011 13:50,12
17675,3/15/2011 9:22,2/23/2011 15:53,20
17675,3/29/2011 13:06,3/15/2011 9:22,14
17675,4/14/2011 8:49,3/29/2011 13:06,16
17675,4/27/2011 14:49,4/14/2011 8:49,13
17675,5/5/2011 10:07,4/27/2011 14:49,8
17675,5/19/2011 12:38,5/5/2011 10:07,14
17675,6/5/2011 12:28,5/19/2011 12:38,17
17675,6/14/2011 11:33,6/5/2011 12:28,9
17675,6/30/2011 9:02,6/14/2011 11:33,16
17675,7/12/2011 12:24,6/30/2011 9:02,12
17675,7/20/2011 13:26,7/12/2011 12:24,8
17675,7/25/2011 12:12,7/20/2011 13:26,5
17675,8/3/2011 10:45,7/25/2011 12:12,9
17675,8/9/2011 16:42,8/3/2011 10:45,6
17675,8/9/2011 16:44,8/9/2011 16:42,0
17675,8/21/2011 12:58,8/9/2011 16:44,12
17675,8/30/2011 15:42,8/21/2011 12:58,9
17675,9/30/2011 12:44,8/30/2011 15:42,31
17675,9/30/2011 12:45,9/30/2011 12:44,0
17675,10/31/2011 13:51,9/30/2011 12:45,31
17675,11/2/2011 14:30,10/31/2011 13:51,2
17675,11/18/2011 13:42,11/2/2011 14:30,16
17675,11/21/2011 8:31,11/18/2011 13:42,3
17675,12/1/2011 15:24,11/21/2011 8:31,10
17675,12/8/2011 18:03,12/1/2011 15:24,7
17676,12/8/2010 13:49,NULL,NULL
17676,8/1/2011 11:13,12/8/2010 13:49,236
17676,8/5/2011 14:36,8/1/2011 11:13,4
17676,8/22/2011 14:23,8/5/2011 14:36,17
17676,10/12/2011 14:21,8/22/2011 14:23,51
17676,12/5/2011 15:16,10/12/2011 14:21,54
17677,12/6/2010 8:42,NULL,NULL
17677,12/6/2010 8:43,12/6/2010 8:42,0
17677,12/6/2010 8:44,12/6/2010 8:43,0
17677,12/8/2010 12:08,12/6/2010 8:44,2
17677,1/25/2011 12:46,12/8/2010 12:08,48
17677,2/11/2011 11:57,1/25/2011 12:46,17
17677,3/30/2011 15:51,2/11/2011 11:57,47
17677,3/30/2011 15:52,3/30/2011 15:51,0
17677,4/14/2011 9:58,3/30/2011 15:52,15
17677,5/11/2011 12:43,4/14/2011 9:58,27
17677,5/11/2011 12:46,5/11/2011 12:43,0
17677,6/17/2011 12:20,5/11/2011 12:46,37
17677,6/17/2011 12:22,6/17/2011 12:20,0
17677,6/17/2011 12:23,6/17/2011 12:22,0
17677,7/20/2011 13:30,6/17/2011 12:23,33
17677,7/20/2011 13:31,7/20/2011 13:30,0
17677,7/20/2011 13:32,7/20/2011 13:31,0
17677,8/4/2011 17:40,7/20/2011 13:32,15
17677,8/31/2011 15:07,8/4/2011 17:40,27
17677,8/31/2011 15:08,8/31/2011 15:07,0
17677,9/15/2011 11:33,8/31/2011 15:08,15
17677,9/18/2011 12:42,9/15/2011 11:33,3
17677,10/14/2011 12:33,9/18/2011 12:42,26
17677,10/14/2011 12:34,10/14/2011 12:33,0
17677,10/27/2011 15:24,10/14/2011 12:34,13
17677,10/27/2011 15:25,10/27/2011 15:24,0
17677,11/4/2011 11:59,10/27/2011 15:25,8
17677,11/11/2011 12:53,11/4/2011 11:59,7
17677,12/8/2011 9:55,11/11/2011 12:53,27
17677,12/8/2011 9:56,12/8/2011 9:55,0
17678,3/21/2011 11:52,NULL,NULL
17679,9/15/2011 10:35,NULL,NULL
17679,10/18/2011 7:43,9/15/2011 10:35,33
17680,11/16/2011 12:42,NULL,NULL
17682,12/6/2010 13:35,NULL,NULL
17682,4/6/2011 10:19,12/6/2010 13:35,121
17682,5/31/2011 8:50,4/6/2011 10:19,55
17682,7/19/2011 11:40,5/31/2011 8:50,49
17682,8/16/2011 15:22,7/19/2011 11:40,28
17682,11/29/2011 15:59,8/16/2011 15:22,105
17684,10/27/2011 11:10,NULL,NULL
17685,12/2/2010 14:42,NULL,NULL
17685,12/14/2010 11:44,12/2/2010 14:42,12
17685,1/14/2011 12:27,12/14/2010 11:44,31
17685,2/4/2011 14:58,1/14/2011 12:27,21
17685,3/18/2011 10:16,2/4/2011 14:58,42
17685,9/12/2011 12:27,3/18/2011 10:16,178
17685,11/23/2011 11:36,9/12/2011 12:27,72
17686,2/10/2011 10:18,NULL,NULL
17686,5/23/2011 14:11,2/10/2011 10:18,102
17686,5/23/2011 14:14,5/23/2011 14:11,0
17686,5/23/2011 14:16,5/23/2011 14:14,0
17686,8/11/2011 11:44,5/23/2011 14:16,80
17686,9/20/2011 11:39,8/11/2011 11:44,40
17686,12/2/2011 15:39,9/20/2011 11:39,73
17690,12/1/2010 16:15,NULL,NULL
17690,12/1/2010 16:17,12/1/2010 16:15,0
17690,12/8/2010 15:23,12/1/2010 16:17,7
17690,12/10/2010 11:47,12/8/2010 15:23,2
17690,1/17/2011 12:31,12/10/2010 11:47,38
17690,3/20/2011 15:24,1/17/2011 12:31,62
17690,4/6/2011 16:47,3/20/2011 15:24,17
17690,5/22/2011 15:31,4/6/2011 16:47,46
17690,6/5/2011 10:47,5/22/2011 15:31,14
17690,6/6/2011 9:39,6/5/2011 10:47,1
17690,8/30/2011 9:36,6/6/2011 9:39,85
17690,10/5/2011 13:36,8/30/2011 9:36,36
17690,10/25/2011 12:29,10/5/2011 13:36,20
17690,11/4/2011 13:04,10/25/2011 12:29,10
17690,11/9/2011 15:17,11/4/2011 13:04,5
17691,12/6/2010 11:10,NULL,NULL
17691,12/16/2010 17:20,12/6/2010 11:10,10
17692,12/15/2010 13:37,NULL,NULL
17692,2/7/2011 12:22,12/15/2010 13:37,54
17692,4/27/2011 8:59,2/7/2011 12:22,79
17692,8/4/2011 14:01,4/27/2011 8:59,99
17693,7/25/2011 15:48,NULL,NULL
17694,7/21/2011 12:00,NULL,NULL
17695,6/21/2011 12:35,NULL,NULL
17695,7/31/2011 10:40,6/21/2011 12:35,40
17696,12/10/2010 9:51,NULL,NULL
17696,12/10/2010 9:52,12/10/2010 9:51,0
17696,3/7/2011 13:03,12/10/2010 9:52,87
17696,6/7/2011 8:21,3/7/2011 13:03,92
17696,7/7/2011 15:44,6/7/2011 8:21,30
17696,7/24/2011 15:52,7/7/2011 15:44,17
17696,8/23/2011 13:59,7/24/2011 15:52,30
17696,11/1/2011 13:43,8/23/2011 13:59,70
17697,4/17/2011 15:40,NULL,NULL
17698,3/24/2011 11:34,NULL,NULL
17700,3/3/2011 16:34,NULL,NULL
17700,5/10/2011 13:00,3/3/2011 16:34,68
17700,9/6/2011 9:34,5/10/2011 13:00,119
17700,11/23/2011 11:51,9/6/2011 9:34,78
17701,4/1/2011 12:25,NULL,NULL
17702,5/17/2011 16:23,NULL,NULL
17702,6/29/2011 11:41,5/17/2011 16:23,43
17702,8/23/2011 9:38,6/29/2011 11:41,55
17702,11/9/2011 16:03,8/23/2011 9:38,78
17703,7/24/2011 13:30,NULL,NULL
17703,8/22/2011 15:05,7/24/2011 13:30,29
17703,11/4/2011 15:51,8/22/2011 15:05,74
17704,4/14/2011 9:28,NULL,NULL
17704,6/24/2011 9:40,4/14/2011 9:28,71
17705,2/11/2011 10:57,NULL,NULL
17705,3/23/2011 8:22,2/11/2011 10:57,40
17705,5/8/2011 13:19,3/23/2011 8:22,46
17705,7/6/2011 12:50,5/8/2011 13:19,59
17705,7/25/2011 15:14,7/6/2011 12:50,19
17705,8/25/2011 9:53,7/25/2011 15:14,31
17705,9/26/2011 11:38,8/25/2011 9:53,32
17705,11/9/2011 15:50,9/26/2011 11:38,44
17705,12/6/2011 13:45,11/9/2011 15:50,27
17706,12/8/2010 11:02,NULL,NULL
17706,12/8/2010 11:02,12/8/2010 11:02,0
17706,12/8/2010 11:04,12/8/2010 11:02,0
17706,2/23/2011 9:30,12/8/2010 11:04,77
17706,6/5/2011 10:50,2/23/2011 9:30,102
17706,6/30/2011 12:15,6/5/2011 10:50,25
17706,7/1/2011 11:32,6/30/2011 12:15,1
17706,7/1/2011 11:33,7/1/2011 11:32,0
17706,7/14/2011 13:41,7/1/2011 11:33,13
17706,8/17/2011 13:31,7/14/2011 13:41,34
17706,8/22/2011 14:41,8/17/2011 13:31,5
17706,8/31/2011 13:23,8/22/2011 14:41,9
17706,10/10/2011 12:26,8/31/2011 13:23,40
17706,10/10/2011 12:29,10/10/2011 12:26,0
17706,10/26/2011 13:31,10/10/2011 12:29,16
17706,10/26/2011 13:31,10/26/2011 13:31,0
17706,12/5/2011 13:34,10/26/2011 13:31,40
17707,1/7/2011 13:30,NULL,NULL
17707,6/7/2011 15:03,1/7/2011 13:30,151
17708,1/19/2011 10:09,NULL,NULL
17708,6/5/2011 10:12,1/19/2011 10:09,137
17709,6/23/2011 11:55,NULL,NULL
17711,2/23/2011 11:32,NULL,NULL
17711,11/29/2011 11:40,2/23/2011 11:32,279
17712,10/26/2011 12:28,NULL,NULL
17714,1/23/2011 10:32,NULL,NULL
17715,5/23/2011 12:32,NULL,NULL
17716,3/17/2011 10:38,NULL,NULL
17716,4/4/2011 15:18,3/17/2011 10:38,18
17716,6/15/2011 16:05,4/4/2011 15:18,72
17716,8/8/2011 11:58,6/15/2011 16:05,54
17716,9/6/2011 12:00,8/8/2011 11:58,29
17716,9/6/2011 12:01,9/6/2011 12:00,0
17716,9/6/2011 12:02,9/6/2011 12:01,0
17716,9/14/2011 13:42,9/6/2011 12:02,8
17716,9/25/2011 12:02,9/14/2011 13:42,11
17716,11/10/2011 15:59,9/25/2011 12:02,46
17716,11/17/2011 12:00,11/10/2011 15:59,7
17718,4/21/2011 13:39,NULL,NULL
17719,3/29/2011 11:29,NULL,NULL
17719,4/6/2011 10:21,3/29/2011 11:29,8
17719,4/20/2011 9:35,4/6/2011 10:21,14
17719,5/24/2011 15:13,4/20/2011 9:35,34
17719,6/2/2011 15:48,5/24/2011 15:13,9
17719,6/13/2011 14:20,6/2/2011 15:48,11
17719,7/6/2011 14:01,6/13/2011 14:20,23
17719,7/25/2011 12:34,7/6/2011 14:01,19
17719,8/3/2011 12:21,7/25/2011 12:34,9
17719,8/16/2011 16:17,8/3/2011 12:21,13
17719,8/23/2011 16:36,8/16/2011 16:17,7
17719,8/25/2011 14:21,8/23/2011 16:36,2
17719,9/12/2011 15:23,8/25/2011 14:21,18
17719,9/25/2011 12:22,9/12/2011 15:23,13
17719,11/2/2011 10:36,9/25/2011 12:22,38
17720,12/7/2010 10:43,NULL,NULL
17720,4/28/2011 12:49,12/7/2010 10:43,142
17720,8/18/2011 16:32,4/28/2011 12:49,112
17720,11/13/2011 15:04,8/18/2011 16:32,87
17722,12/8/2010 12:41,NULL,NULL
17722,1/19/2011 11:50,12/8/2010 12:41,42
17722,6/3/2011 12:39,1/19/2011 11:50,135
17722,9/4/2011 15:22,6/3/2011 12:39,93
17723,5/9/2011 14:44,NULL,NULL
17723,5/23/2011 13:28,5/9/2011 14:44,14
17723,6/1/2011 16:23,5/23/2011 13:28,9
17723,6/20/2011 10:25,6/1/2011 16:23,19
17723,7/7/2011 10:43,6/20/2011 10:25,17
17723,8/4/2011 18:37,7/7/2011 10:43,28
17724,7/24/2011 13:26,NULL,NULL
17724,9/20/2011 14:50,7/24/2011 13:26,58
17724,9/29/2011 15:26,9/20/2011 14:50,9
17725,3/17/2011 19:47,NULL,NULL
17725,4/4/2011 12:07,3/17/2011 19:47,18
17725,4/27/2011 15:08,4/4/2011 12:07,23
17725,5/31/2011 14:48,4/27/2011 15:08,34
17725,6/13/2011 12:38,5/31/2011 14:48,13
17725,7/17/2011 11:41,6/13/2011 12:38,34
17725,8/19/2011 14:04,7/17/2011 11:41,33
17725,8/31/2011 10:06,8/19/2011 14:04,12
17725,9/30/2011 9:45,8/31/2011 10:06,30
17725,10/30/2011 12:32,9/30/2011 9:45,30
17725,11/23/2011 16:34,10/30/2011 12:32,24
17727,11/24/2011 17:06,NULL,NULL
17728,9/14/2011 11:39,NULL,NULL
17728,10/5/2011 8:17,9/14/2011 11:39,21
17728,12/6/2011 8:52,10/5/2011 8:17,62
17730,1/17/2011 14:49,NULL,NULL
17730,2/15/2011 11:50,1/17/2011 14:49,29
17730,3/9/2011 14:57,2/15/2011 11:50,22
17730,4/20/2011 9:02,3/9/2011 14:57,42
17730,6/7/2011 9:13,4/20/2011 9:02,48
17730,6/29/2011 12:16,6/7/2011 9:13,22
17730,8/9/2011 14:18,6/29/2011 12:16,41
17730,8/25/2011 17:21,8/9/2011 14:18,16
17730,9/22/2011 10:26,8/25/2011 17:21,28
17730,10/18/2011 9:30,9/22/2011 10:26,26
17730,10/28/2011 11:34,10/18/2011 9:30,10
17730,11/11/2011 11:02,10/28/2011 11:34,14
17730,12/6/2011 15:43,11/11/2011 11:02,25
17731,6/9/2011 14:18,NULL,NULL
17731,6/9/2011 14:19,6/9/2011 14:18,0
17731,8/3/2011 13:39,6/9/2011 14:19,55
17731,9/21/2011 15:02,8/3/2011 13:39,49
17732,12/2/2010 9:29,NULL,NULL
17733,3/23/2011 9:54,NULL,NULL
17733,11/1/2011 8:16,3/23/2011 9:54,223
17734,4/20/2011 10:04,NULL,NULL
17734,7/26/2011 9:20,4/20/2011 10:04,97
17734,10/17/2011 12:33,7/26/2011 9:20,83
17735,12/7/2010 10:32,NULL,NULL
17735,1/26/2011 12:36,12/7/2010 10:32,50
17735,2/25/2011 10:53,1/26/2011 12:36,30
17735,3/31/2011 16:41,2/25/2011 10:53,34
17735,4/7/2011 13:19,3/31/2011 16:41,7
17735,4/14/2011 10:54,4/7/2011 13:19,7
17735,4/26/2011 9:04,4/14/2011 10:54,12
17735,5/5/2011 14:32,4/26/2011 9:04,9
17735,6/5/2011 13:08,5/5/2011 14:32,31
17735,6/5/2011 13:09,6/5/2011 13:08,0
17735,6/27/2011 12:32,6/5/2011 13:09,22
17735,7/8/2011 8:48,6/27/2011 12:32,11
17735,7/19/2011 14:29,7/8/2011 8:48,11
17735,8/4/2011 10:23,7/19/2011 14:29,16
17735,8/23/2011 13:50,8/4/2011 10:23,19
17735,9/7/2011 10:38,8/23/2011 13:50,15
17735,10/5/2011 15:24,9/7/2011 10:38,28
17735,11/2/2011 14:52,10/5/2011 15:24,28
17735,12/7/2011 16:47,11/2/2011 14:52,35
17736,8/18/2011 14:33,NULL,NULL
17736,10/28/2011 9:00,8/18/2011 14:33,71
17736,11/30/2011 15:36,10/28/2011 9:00,33
17737,10/12/2011 14:42,NULL,NULL
17737,11/30/2011 15:16,10/12/2011 14:42,49
17738,3/2/2011 16:26,NULL,NULL
17738,7/14/2011 9:22,3/2/2011 16:26,134
17738,7/14/2011 9:23,7/14/2011 9:22,0
17738,11/20/2011 15:05,7/14/2011 9:23,129
17739,12/14/2010 14:26,NULL,NULL
17739,1/10/2011 15:35,12/14/2010 14:26,27
17739,5/27/2011 9:15,1/10/2011 15:35,137
17739,9/29/2011 9:03,5/27/2011 9:15,125
17739,10/5/2011 10:38,9/29/2011 9:03,6
17739,11/1/2011 15:19,10/5/2011 10:38,27
17739,11/28/2011 9:12,11/1/2011 15:19,27
17742,1/11/2011 10:04,NULL,NULL
17742,8/18/2011 15:28,1/11/2011 10:04,219
17744,12/16/2010 14:17,NULL,NULL
17744,1/13/2011 14:55,12/16/2010 14:17,28
17744,1/21/2011 9:03,1/13/2011 14:55,8
17744,4/3/2011 12:46,1/21/2011 9:03,72
17744,11/14/2011 9:05,4/3/2011 12:46,225
17744,12/6/2011 12:11,11/14/2011 9:05,22
17746,4/13/2011 14:31,NULL,NULL
17747,8/19/2011 8:13,NULL,NULL
17749,3/28/2011 13:39,NULL,NULL
17749,6/14/2011 15:45,3/28/2011 13:39,78
17750,6/28/2011 15:44,NULL,NULL
17750,7/15/2011 17:29,6/28/2011 15:44,17
17750,7/29/2011 17:19,7/15/2011 17:29,14
17750,8/18/2011 20:05,7/29/2011 17:19,20
17750,9/1/2011 17:09,8/18/2011 20:05,14
17750,9/18/2011 15:15,9/1/2011 17:09,17
17750,10/14/2011 15:59,9/18/2011 15:15,26
17750,11/3/2011 15:16,10/14/2011 15:59,20
17750,12/4/2011 14:09,11/3/2011 15:16,31
17752,12/15/2010 16:19,NULL,NULL
17754,3/24/2011 13:54,NULL,NULL
17754,7/20/2011 15:56,3/24/2011 13:54,118
17754,10/5/2011 12:40,7/20/2011 15:56,77
17754,11/2/2011 12:37,10/5/2011 12:40,28
17754,12/9/2011 11:20,11/2/2011 12:37,37
17757,12/2/2010 17:17,NULL,NULL
17757,12/6/2010 13:41,12/2/2010 17:17,4
17757,12/10/2010 16:36,12/6/2010 13:41,4
17757,12/14/2010 14:02,12/10/2010 16:36,4
17757,1/9/2011 14:21,12/14/2010 14:02,26
17757,1/27/2011 16:13,1/9/2011 14:21,18
17757,2/9/2011 14:18,1/27/2011 16:13,13
17757,2/21/2011 11:35,2/9/2011 14:18,12
17757,3/3/2011 15:17,2/21/2011 11:35,10
17757,3/24/2011 14:55,3/3/2011 15:17,21
17757,3/30/2011 16:28,3/24/2011 14:55,6
17757,4/10/2011 15:32,3/30/2011 16:28,11
17757,5/3/2011 12:07,4/10/2011 15:32,23
17757,5/20/2011 16:04,5/3/2011 12:07,17
17757,6/1/2011 16:03,5/20/2011 16:04,12
17757,6/21/2011 13:58,6/1/2011 16:03,20
17757,6/29/2011 15:22,6/21/2011 13:58,8
17757,7/10/2011 15:38,6/29/2011 15:22,11
17757,8/1/2011 13:31,7/10/2011 15:38,22
17757,8/17/2011 13:04,8/1/2011 13:31,16
17757,9/13/2011 11:26,8/17/2011 13:04,27
17757,9/30/2011 13:54,9/13/2011 11:26,17
17757,10/17/2011 16:53,9/30/2011 13:54,17
17757,11/7/2011 16:40,10/17/2011 16:53,21
17757,11/16/2011 15:51,11/7/2011 16:40,9
17757,11/21/2011 16:54,11/16/2011 15:51,5
17757,11/23/2011 16:24,11/21/2011 16:54,2
17757,11/25/2011 17:27,11/23/2011 16:24,2
17757,12/5/2011 16:04,11/25/2011 17:27,10
17757,12/8/2011 15:31,12/5/2011 16:04,3
17758,4/3/2011 15:22,NULL,NULL
17758,5/15/2011 15:13,4/3/2011 15:22,42
17758,5/15/2011 15:31,5/15/2011 15:13,0
17758,7/10/2011 15:12,5/15/2011 15:31,56
17758,9/21/2011 15:12,7/10/2011 15:12,73
17758,10/18/2011 13:11,9/21/2011 15:12,27
17758,11/20/2011 14:43,10/18/2011 13:11,33
17758,11/20/2011 14:45,11/20/2011 14:43,0
17759,6/23/2011 13:35,NULL,NULL
17759,6/23/2011 13:41,6/23/2011 13:35,0
17759,11/22/2011 16:02,6/23/2011 13:41,152
17760,12/1/2010 15:08,NULL,NULL
17760,11/18/2011 10:56,12/1/2010 15:08,352
17761,11/7/2011 10:23,NULL,NULL
17763,3/21/2011 14:25,NULL,NULL
17764,5/12/2011 16:11,NULL,NULL
17764,10/20/2011 11:03,5/12/2011 16:11,161
17765,3/28/2011 11:58,NULL,NULL
17765,5/13/2011 12:34,3/28/2011 11:58,46
17765,7/4/2011 12:41,5/13/2011 12:34,52
17767,11/24/2011 14:42,NULL,NULL
17768,6/26/2011 13:46,NULL,NULL
17768,11/6/2011 14:14,6/26/2011 13:46,133
17768,12/1/2011 13:22,11/6/2011 14:14,25
17769,1/23/2011 11:15,NULL,NULL
17769,3/6/2011 12:20,1/23/2011 11:15,42
17769,6/19/2011 11:41,3/6/2011 12:20,105
17769,7/24/2011 11:06,6/19/2011 11:41,35
17769,10/11/2011 15:26,7/24/2011 11:06,79
17769,10/16/2011 11:41,10/11/2011 15:26,5
17769,11/6/2011 11:20,10/16/2011 11:41,21
17769,11/14/2011 13:32,11/6/2011 11:20,8
17769,11/23/2011 10:09,11/14/2011 13:32,9
17769,11/27/2011 11:18,11/23/2011 10:09,4
17770,3/2/2011 13:35,NULL,NULL
17770,3/9/2011 12:38,3/2/2011 13:35,7
17770,5/11/2011 12:48,3/9/2011 12:38,63
17770,5/25/2011 12:06,5/11/2011 12:48,14
17770,5/25/2011 12:34,5/25/2011 12:06,0
17771,1/20/2011 14:13,NULL,NULL
17771,10/14/2011 11:43,1/20/2011 14:13,267
17772,11/29/2011 10:57,NULL,NULL
17772,11/29/2011 11:05,11/29/2011 10:57,0
17774,2/7/2011 13:13,NULL,NULL
17774,4/4/2011 12:55,2/7/2011 13:13,56
17774,7/17/2011 12:32,4/4/2011 12:55,104
17774,9/4/2011 12:49,7/17/2011 12:32,49
17775,3/30/2011 10:50,NULL,NULL
17777,8/31/2011 14:35,NULL,NULL
17777,10/31/2011 13:05,8/31/2011 14:35,61
17777,11/15/2011 12:02,10/31/2011 13:05,15
17779,7/19/2011 12:19,NULL,NULL
17779,9/13/2011 11:24,7/19/2011 12:19,56
17779,11/18/2011 14:15,9/13/2011 11:24,66
17781,3/31/2011 19:54,NULL,NULL
17781,7/3/2011 16:00,3/31/2011 19:54,94
17783,4/6/2011 10:07,NULL,NULL
17783,9/28/2011 16:07,4/6/2011 10:07,175
17785,10/17/2011 13:43,NULL,NULL
17786,1/26/2011 14:35,NULL,NULL
17786,9/15/2011 12:51,1/26/2011 14:35,232
17787,12/3/2010 13:43,NULL,NULL
17787,1/20/2011 12:20,12/3/2010 13:43,48
17787,2/8/2011 11:36,1/20/2011 12:20,19
17787,7/10/2011 11:24,2/8/2011 11:36,152
17788,8/2/2011 10:38,NULL,NULL
17788,9/27/2011 10:09,8/2/2011 10:38,56
17789,3/3/2011 13:14,NULL,NULL
17790,12/10/2010 10:47,NULL,NULL
17790,12/10/2010 10:52,12/10/2010 10:47,0
17790,12/13/2010 10:39,12/10/2010 10:52,3
17790,12/13/2010 10:52,12/13/2010 10:39,0
17790,12/17/2010 10:34,12/13/2010 10:52,4
17790,2/10/2011 19:44,12/17/2010 10:34,55
17790,4/7/2011 12:34,2/10/2011 19:44,56
17790,5/13/2011 10:44,4/7/2011 12:34,36
17790,5/25/2011 12:39,5/13/2011 10:44,12
17790,7/12/2011 11:15,5/25/2011 12:39,48
17790,7/29/2011 11:35,7/12/2011 11:15,17
17790,8/11/2011 14:54,7/29/2011 11:35,13
17790,10/9/2011 14:22,8/11/2011 14:54,59
17790,11/13/2011 11:30,10/9/2011 14:22,35
17791,11/10/2011 12:09,NULL,NULL
17793,11/14/2011 14:24,NULL,NULL
17795,3/20/2011 12:02,NULL,NULL
17795,6/13/2011 12:36,3/20/2011 12:02,85
17796,12/5/2010 12:23,NULL,NULL
17796,1/9/2011 11:12,12/5/2010 12:23,35
17796,1/30/2011 12:42,1/9/2011 11:12,21
17796,10/30/2011 15:38,1/30/2011 12:42,273
17797,6/10/2011 11:29,NULL,NULL
17797,11/17/2011 13:16,6/10/2011 11:29,160
17797,11/17/2011 13:21,11/17/2011 13:16,0
17799,12/13/2010 13:10,NULL,NULL
17799,1/21/2011 15:56,12/13/2010 13:10,39
17799,1/24/2011 13:06,1/21/2011 15:56,3
17799,3/14/2011 16:46,1/24/2011 13:06,49
17799,3/14/2011 16:54,3/14/2011 16:46,0
17799,4/11/2011 16:15,3/14/2011 16:54,28
17799,6/23/2011 13:39,4/11/2011 16:15,73
17799,6/29/2011 12:46,6/23/2011 13:39,6
17799,9/1/2011 14:42,6/29/2011 12:46,64
17799,11/17/2011 15:16,9/1/2011 14:42,77
17800,1/9/2011 13:50,NULL,NULL
17800,3/11/2011 14:06,1/9/2011 13:50,61
17800,5/6/2011 12:44,3/11/2011 14:06,56
17800,7/1/2011 10:58,5/6/2011 12:44,56
17800,7/3/2011 10:23,7/1/2011 10:58,2
17800,8/14/2011 12:41,7/3/2011 10:23,42
17800,9/9/2011 13:19,8/14/2011 12:41,26
17800,10/21/2011 13:24,9/9/2011 13:19,42
17800,11/2/2011 12:57,10/21/2011 13:24,12
17802,12/2/2010 13:44,NULL,NULL
17802,6/12/2011 14:57,12/2/2010 13:44,192
17802,9/18/2011 14:56,6/12/2011 14:57,98
17805,9/27/2011 11:49,NULL,NULL
17806,11/28/2011 14:12,NULL,NULL
17809,12/1/2010 9:41,NULL,NULL
17809,12/3/2010 12:41,12/1/2010 9:41,2
17809,12/3/2010 12:43,12/3/2010 12:41,0
17809,2/11/2011 9:11,12/3/2010 12:43,70
17809,4/8/2011 13:01,2/11/2011 9:11,56
17809,5/6/2011 10:00,4/8/2011 13:01,28
17809,6/20/2011 11:49,5/6/2011 10:00,45
17809,8/2/2011 15:40,6/20/2011 11:49,43
17809,10/10/2011 8:30,8/2/2011 15:40,69
17809,10/14/2011 15:04,10/10/2011 8:30,4
17809,11/23/2011 12:52,10/14/2011 15:04,40
17809,11/23/2011 12:59,11/23/2011 12:52,0
17811,1/10/2011 10:58,NULL,NULL
17811,1/20/2011 11:15,1/10/2011 10:58,10
17811,1/26/2011 10:17,1/20/2011 11:15,6
17811,2/2/2011 10:34,1/26/2011 10:17,7
17811,2/13/2011 11:52,2/2/2011 10:34,11
17811,2/14/2011 11:08,2/13/2011 11:52,1
17811,2/20/2011 12:23,2/14/2011 11:08,6
17811,2/22/2011 11:41,2/20/2011 12:23,2
17811,3/1/2011 11:36,2/22/2011 11:41,7
17811,3/6/2011 14:57,3/1/2011 11:36,5
17811,3/14/2011 12:51,3/6/2011 14:57,8
17811,3/21/2011 12:45,3/14/2011 12:51,7
17811,4/6/2011 10:14,3/21/2011 12:45,16
17811,4/12/2011 13:01,4/6/2011 10:14,6
17811,5/4/2011 16:51,4/12/2011 13:01,22
17811,5/17/2011 10:28,5/4/2011 16:51,13
17811,5/24/2011 10:17,5/17/2011 10:28,7
17811,6/5/2011 13:16,5/24/2011 10:17,12
17811,6/26/2011 15:09,6/5/2011 13:16,21
17811,7/11/2011 13:55,6/26/2011 15:09,15
17811,7/21/2011 10:59,7/11/2011 13:55,10
17811,8/11/2011 15:25,7/21/2011 10:59,21
17811,8/19/2011 14:02,8/11/2011 15:25,8
17811,9/8/2011 13:53,8/19/2011 14:02,20
17811,9/12/2011 12:54,9/8/2011 13:53,4
17811,9/12/2011 16:23,9/12/2011 12:54,0
17811,9/27/2011 10:08,9/12/2011 16:23,15
17811,10/2/2011 11:04,9/27/2011 10:08,5
17811,10/9/2011 11:29,10/2/2011 11:04,7
17811,10/16/2011 11:58,10/9/2011 11:29,7
17811,10/24/2011 12:25,10/16/2011 11:58,8
17811,11/2/2011 10:15,10/24/2011 12:25,9
17811,11/7/2011 12:52,11/2/2011 10:15,5
17811,11/14/2011 13:47,11/7/2011 12:52,7
17811,11/18/2011 13:25,11/14/2011 13:47,4
17811,11/21/2011 12:52,11/18/2011 13:25,3
17811,11/28/2011 14:26,11/21/2011 12:52,7
17811,12/2/2011 10:21,11/28/2011 14:26,4
17811,12/5/2011 13:46,12/2/2011 10:21,3
17812,12/6/2010 15:27,NULL,NULL
17812,11/1/2011 13:59,12/6/2010 15:27,330
17812,11/24/2011 14:06,11/1/2011 13:59,23
17812,11/27/2011 11:47,11/24/2011 14:06,3
17813,9/29/2011 15:57,NULL,NULL
17813,10/6/2011 16:01,9/29/2011 15:57,7
17813,10/13/2011 14:28,10/6/2011 16:01,7
17813,11/1/2011 15:26,10/13/2011 14:28,19
17813,11/25/2011 16:13,11/1/2011 15:26,24
17816,12/9/2010 14:10,NULL,NULL
17816,3/15/2011 14:20,12/9/2010 14:10,96
17816,10/5/2011 14:16,3/15/2011 14:20,204
17816,11/3/2011 11:34,10/5/2011 14:16,29
17817,3/7/2011 17:30,NULL,NULL
17817,3/7/2011 17:42,3/7/2011 17:30,0
17817,12/5/2011 14:39,3/7/2011 17:42,273
17819,12/3/2010 14:26,NULL,NULL
17819,12/12/2010 12:46,12/3/2010 14:26,9
17819,2/15/2011 15:49,12/12/2010 12:46,65
17819,4/13/2011 12:44,2/15/2011 15:49,57
17819,5/29/2011 10:40,4/13/2011 12:44,46
17819,6/10/2011 10:59,5/29/2011 10:40,12
17819,9/29/2011 10:52,6/10/2011 10:59,111
17824,10/19/2011 14:14,NULL,NULL
17827,12/10/2010 10:18,NULL,NULL
17827,12/10/2010 11:01,12/10/2010 10:18,0
17827,12/10/2010 11:31,12/10/2010 11:01,0
17827,4/11/2011 16:56,12/10/2010 11:31,122
17827,12/4/2011 15:00,4/11/2011 16:56,237
17828,6/8/2011 8:31,NULL,NULL
17828,6/22/2011 9:02,6/8/2011 8:31,14
17828,8/22/2011 9:03,6/22/2011 9:02,61
17828,11/17/2011 8:41,8/22/2011 9:03,87
17829,2/14/2011 12:46,NULL,NULL
17830,2/24/2011 10:15,NULL,NULL
17830,3/23/2011 11:44,2/24/2011 10:15,27
17830,12/8/2011 12:28,3/23/2011 11:44,260
17831,11/6/2011 15:09,NULL,NULL
17832,10/21/2011 11:43,NULL,NULL
17835,11/16/2011 16:30,NULL,NULL
17835,11/30/2011 11:17,11/16/2011 16:30,14
17835,12/7/2011 11:48,11/30/2011 11:17,7
17836,10/23/2011 16:13,NULL,NULL
17837,6/29/2011 16:44,NULL,NULL
17837,7/7/2011 17:47,6/29/2011 16:44,8
17837,7/14/2011 18:44,7/7/2011 17:47,7
17837,9/25/2011 14:08,7/14/2011 18:44,73
17837,10/5/2011 15:18,9/25/2011 14:08,10
17837,10/11/2011 14:34,10/5/2011 15:18,6
17837,10/14/2011 17:23,10/11/2011 14:34,3
17837,10/28/2011 16:13,10/14/2011 17:23,14
17838,12/2/2010 15:55,NULL,NULL
17838,12/9/2010 15:50,12/2/2010 15:55,7
17838,2/20/2011 13:52,12/9/2010 15:50,73
17838,9/11/2011 14:34,2/20/2011 13:52,203
17838,11/13/2011 11:20,9/11/2011 14:34,63
17839,10/28/2011 17:27,NULL,NULL
17841,12/1/2010 14:41,NULL,NULL
17841,12/3/2010 14:35,12/1/2010 14:41,2
17841,12/6/2010 14:51,12/3/2010 14:35,3
17841,12/9/2010 17:27,12/6/2010 14:51,3
17841,12/14/2010 14:40,12/9/2010 17:27,5
17841,12/19/2010 13:59,12/14/2010 14:40,5
17841,1/4/2011 12:51,12/19/2010 13:59,16
17841,1/9/2011 14:36,1/4/2011 12:51,5
17841,1/12/2011 12:31,1/9/2011 14:36,3
17841,1/16/2011 13:51,1/12/2011 12:31,4
17841,1/16/2011 13:54,1/16/2011 13:51,0
17841,1/19/2011 14:39,1/16/2011 13:54,3
17841,1/23/2011 14:20,1/19/2011 14:39,4
17841,1/26/2011 15:00,1/23/2011 14:20,3
17841,1/30/2011 14:19,1/26/2011 15:00,4
17841,2/2/2011 15:48,1/30/2011 14:19,3
17841,2/8/2011 9:56,2/2/2011 15:48,6
17841,2/13/2011 15:26,2/8/2011 9:56,5
17841,2/17/2011 14:19,2/13/2011 15:26,4
17841,2/17/2011 14:26,2/17/2011 14:19,0
17841,2/22/2011 16:03,2/17/2011 14:26,5
17841,2/28/2011 15:05,2/22/2011 16:03,6
17841,3/3/2011 15:02,2/28/2011 15:05,3
17841,3/7/2011 14:33,3/3/2011 15:02,4
17841,3/10/2011 15:01,3/7/2011 14:33,3
17841,3/10/2011 15:08,3/10/2011 15:01,0
17841,3/14/2011 15:40,3/10/2011 15:08,4
17841,3/18/2011 14:54,3/14/2011 15:40,4
17841,3/21/2011 13:38,3/18/2011 14:54,3
17841,3/28/2011 11:34,3/21/2011 13:38,7
17841,3/31/2011 13:14,3/28/2011 11:34,3
17841,4/5/2011 15:00,3/31/2011 13:14,5
17841,4/11/2011 13:41,4/5/2011 15:00,6
17841,4/14/2011 10:10,4/11/2011 13:41,3
17841,4/18/2011 10:41,4/14/2011 10:10,4
17841,4/21/2011 10:19,4/18/2011 10:41,3
17841,4/27/2011 12:00,4/21/2011 10:19,6
17841,5/3/2011 10:41,4/27/2011 12:00,6
17841,5/6/2011 11:36,5/3/2011 10:41,3
17841,5/10/2011 13:19,5/6/2011 11:36,4
17841,5/13/2011 14:58,5/10/2011 13:19,3
17841,5/16/2011 16:41,5/13/2011 14:58,3
17841,5/19/2011 13:57,5/16/2011 16:41,3
17841,5/23/2011 11:49,5/19/2011 13:57,4
17841,5/24/2011 17:03,5/23/2011 11:49,1
17841,5/27/2011 14:01,5/24/2011 17:03,3
17841,5/31/2011 14:34,5/27/2011 14:01,4
17841,6/5/2011 14:45,5/31/2011 14:34,5
17841,6/8/2011 13:35,6/5/2011 14:45,3
17841,6/9/2011 16:10,6/8/2011 13:35,1
17841,6/13/2011 16:33,6/9/2011 16:10,4
17841,6/16/2011 19:59,6/13/2011 16:33,3
17841,6/21/2011 15:41,6/16/2011 19:59,5
17841,6/27/2011 14:30,6/21/2011 15:41,6
17841,6/30/2011 13:17,6/27/2011 14:30,3
17841,6/30/2011 13:23,6/30/2011 13:17,0
17841,7/4/2011 13:36,6/30/2011 13:23,4
17841,7/4/2011 13:50,7/4/2011 13:36,0
17841,7/6/2011 10:41,7/4/2011 13:50,2
17841,7/10/2011 12:16,7/6/2011 10:41,4
17841,7/12/2011 14:48,7/10/2011 12:16,2
17841,7/15/2011 10:05,7/12/2011 14:48,3
17841,7/18/2011 12:25,7/15/2011 10:05,3
17841,7/20/2011 12:58,7/18/2011 12:25,2
17841,7/25/2011 12:09,7/20/2011 12:58,5
17841,7/27/2011 13:42,7/25/2011 12:09,2
17841,7/29/2011 12:41,7/27/2011 13:42,2
17841,7/31/2011 15:24,7/29/2011 12:41,2
17841,8/3/2011 11:58,7/31/2011 15:24,3
17841,8/5/2011 11:19,8/3/2011 11:58,2
17841,8/9/2011 12:58,8/5/2011 11:19,4
17841,8/11/2011 11:45,8/9/2011 12:58,2
17841,8/14/2011 13:14,8/11/2011 11:45,3
17841,8/17/2011 11:48,8/14/2011 13:14,3
17841,8/19/2011 11:17,8/17/2011 11:48,2
17841,8/23/2011 11:47,8/19/2011 11:17,4
17841,8/25/2011 12:06,8/23/2011 11:47,2
17841,8/28/2011 13:18,8/25/2011 12:06,3
17841,9/1/2011 13:40,8/28/2011 13:18,4
17841,9/6/2011 14:23,9/1/2011 13:40,5
17841,9/9/2011 10:12,9/6/2011 14:23,3
17841,9/11/2011 15:47,9/9/2011 10:12,2
17841,9/14/2011 12:14,9/11/2011 15:47,3
17841,9/18/2011 11:58,9/14/2011 12:14,4
17841,9/20/2011 12:50,9/18/2011 11:58,2
17841,9/23/2011 12:38,9/20/2011 12:50,3
17841,9/26/2011 10:57,9/23/2011 12:38,3
17841,9/28/2011 15:50,9/26/2011 10:57,2
17841,10/2/2011 15:33,9/28/2011 15:50,4
17841,10/2/2011 15:35,10/2/2011 15:33,0
17841,10/5/2011 13:58,10/2/2011 15:35,3
17841,10/5/2011 14:01,10/5/2011 13:58,0
17841,10/7/2011 10:13,10/5/2011 14:01,2
17841,10/7/2011 10:20,10/7/2011 10:13,0
17841,10/10/2011 13:33,10/7/2011 10:20,3
17841,10/12/2011 12:47,10/10/2011 13:33,2
17841,10/13/2011 15:38,10/12/2011 12:47,1
17841,10/17/2011 15:06,10/13/2011 15:38,4
17841,10/19/2011 12:35,10/17/2011 15:06,2
17841,10/23/2011 15:11,10/19/2011 12:35,4
17841,10/26/2011 12:53,10/23/2011 15:11,3
17841,10/26/2011 13:01,10/26/2011 12:53,0
17841,10/28/2011 12:08,10/26/2011 13:01,2
17841,10/31/2011 11:59,10/28/2011 12:08,3
17841,11/2/2011 12:45,10/31/2011 11:59,2
17841,11/4/2011 15:08,11/2/2011 12:45,2
17841,11/4/2011 15:14,11/4/2011 15:08,0
17841,11/8/2011 12:58,11/4/2011 15:14,4
17841,11/9/2011 12:29,11/8/2011 12:58,1
17841,11/9/2011 12:38,11/9/2011 12:29,0
17841,11/11/2011 10:41,11/9/2011 12:38,2
17841,11/13/2011 14:09,11/11/2011 10:41,2
17841,11/16/2011 11:46,11/13/2011 14:09,3
17841,11/16/2011 11:47,11/16/2011 11:46,0
17841,11/18/2011 10:58,11/16/2011 11:47,2
17841,11/20/2011 15:00,11/18/2011 10:58,2
17841,11/23/2011 14:07,11/20/2011 15:00,3
17841,11/24/2011 19:59,11/23/2011 14:07,1
17841,11/27/2011 11:12,11/24/2011 19:59,3
17841,11/29/2011 17:52,11/27/2011 11:12,2
17841,12/1/2011 19:42,11/29/2011 17:52,2
17841,12/2/2011 13:49,12/1/2011 19:42,1
17841,12/6/2011 14:23,12/2/2011 13:49,4
17841,12/8/2011 12:07,12/6/2011 14:23,2
17843,2/9/2011 15:33,NULL,NULL
17844,8/25/2011 11:27,NULL,NULL
17846,9/15/2011 15:20,NULL,NULL
17848,12/16/2010 18:38,NULL,NULL
17848,1/13/2011 10:48,12/16/2010 18:38,28
17848,2/2/2011 17:15,1/13/2011 10:48,20
17848,4/4/2011 16:36,2/2/2011 17:15,61
17848,6/23/2011 17:35,4/4/2011 16:36,80
17848,7/14/2011 17:14,6/23/2011 17:35,21
17848,7/21/2011 11:17,7/14/2011 17:14,7
17848,8/3/2011 15:14,7/21/2011 11:17,13
17848,9/19/2011 16:49,8/3/2011 15:14,47
17849,1/10/2011 11:59,NULL,NULL
17849,2/7/2011 11:39,1/10/2011 11:59,28
17849,3/21/2011 12:13,2/7/2011 11:39,42
17849,5/5/2011 13:46,3/21/2011 12:13,45
17850,12/1/2010 8:26,NULL,NULL
17850,12/1/2010 8:28,12/1/2010 8:26,0
17850,12/1/2010 9:01,12/1/2010 8:28,0
17850,12/1/2010 9:02,12/1/2010 9:01,0
17850,12/1/2010 9:32,12/1/2010 9:02,0
17850,12/1/2010 9:34,12/1/2010 9:32,0
17850,12/1/2010 10:51,12/1/2010 9:34,0
17850,12/1/2010 10:52,12/1/2010 10:51,0
17850,12/1/2010 11:33,12/1/2010 10:52,0
17850,12/1/2010 11:34,12/1/2010 11:33,0
17850,12/2/2010 8:32,12/1/2010 11:34,1
17850,12/2/2010 8:33,12/2/2010 8:32,0
17850,12/2/2010 8:34,12/2/2010 8:33,0
17850,12/2/2010 8:40,12/2/2010 8:34,0
17850,12/2/2010 9:41,12/2/2010 8:40,0
17850,12/2/2010 9:42,12/2/2010 9:41,0
17850,12/2/2010 9:44,12/2/2010 9:42,0
17850,12/2/2010 9:44,12/2/2010 9:44,0
17850,12/2/2010 10:54,12/2/2010 9:44,0
17850,12/2/2010 10:55,12/2/2010 10:54,0
17850,12/2/2010 10:56,12/2/2010 10:55,0
17850,12/2/2010 10:58,12/2/2010 10:56,0
17850,12/2/2010 12:23,12/2/2010 10:58,0
17850,12/2/2010 12:24,12/2/2010 12:23,0
17850,12/2/2010 12:25,12/2/2010 12:24,0
17850,12/2/2010 12:26,12/2/2010 12:25,0
17850,12/2/2010 14:04,12/2/2010 12:26,0
17850,12/2/2010 14:05,12/2/2010 14:04,0
17850,12/2/2010 14:06,12/2/2010 14:05,0
17850,12/2/2010 14:07,12/2/2010 14:06,0
17850,12/2/2010 15:24,12/2/2010 14:07,0
17850,12/2/2010 15:25,12/2/2010 15:24,0
17850,12/2/2010 15:26,12/2/2010 15:25,0
17850,12/2/2010 15:27,12/2/2010 15:26,0
17852,11/28/2011 12:31,NULL,NULL
17852,11/28/2011 12:36,11/28/2011 12:31,0
17854,4/26/2011 16:53,NULL,NULL
17854,6/7/2011 16:21,4/26/2011 16:53,42
17855,12/2/2010 9:44,NULL,NULL
17856,3/3/2011 11:40,NULL,NULL
17856,3/20/2011 11:37,3/3/2011 11:40,17
17856,4/20/2011 13:13,3/20/2011 11:37,31
17856,12/8/2011 9:40,4/20/2011 13:13,232
17857,12/9/2010 11:35,NULL,NULL
17857,12/16/2010 16:28,12/9/2010 11:35,7
17857,2/16/2011 15:43,12/16/2010 16:28,62
17857,3/18/2011 10:11,2/16/2011 15:43,30
17857,4/5/2011 17:02,3/18/2011 10:11,18
17857,4/26/2011 16:01,4/5/2011 17:02,21
17857,4/27/2011 10:01,4/26/2011 16:01,1
17857,5/3/2011 11:19,4/27/2011 10:01,6
17857,5/17/2011 11:11,5/3/2011 11:19,14
17857,6/20/2011 12:24,5/17/2011 11:11,34
17857,6/20/2011 12:26,6/20/2011 12:24,0
17857,8/11/2011 9:46,6/20/2011 12:26,52
17857,8/22/2011 13:55,8/11/2011 9:46,11
17857,9/2/2011 11:59,8/22/2011 13:55,11
17857,9/28/2011 9:02,9/2/2011 11:59,26
17857,10/25/2011 14:23,9/28/2011 9:02,27
17857,11/3/2011 14:39,10/25/2011 14:23,9
17857,11/3/2011 14:42,11/3/2011 14:39,0
17857,11/7/2011 12:10,11/3/2011 14:42,4
17857,11/9/2011 13:48,11/7/2011 12:10,2
17857,11/22/2011 15:22,11/9/2011 13:48,13
17857,12/5/2011 13:11,11/22/2011 15:22,13
17857,12/5/2011 13:13,12/5/2011 13:11,0
17858,12/5/2010 13:08,NULL,NULL
17858,12/15/2010 13:26,12/5/2010 13:08,10
17858,1/23/2011 14:29,12/15/2010 13:26,39
17858,2/8/2011 12:38,1/23/2011 14:29,16
17858,3/16/2011 14:02,2/8/2011 12:38,36
17858,3/23/2011 16:22,3/16/2011 14:02,7
17858,6/24/2011 17:07,3/23/2011 16:22,93
17858,8/12/2011 16:36,6/24/2011 17:07,49
17858,8/15/2011 14:51,8/12/2011 16:36,3
17858,9/18/2011 14:08,8/15/2011 14:51,34
17858,10/17/2011 12:33,9/18/2011 14:08,29
17858,12/4/2011 11:56,10/17/2011 12:33,48
17859,2/8/2011 10:32,NULL,NULL
17860,12/6/2010 12:41,NULL,NULL
17861,1/24/2011 11:34,NULL,NULL
17861,3/31/2011 15:02,1/24/2011 11:34,66
17861,7/6/2011 13:13,3/31/2011 15:02,97
17861,7/6/2011 13:25,7/6/2011 13:13,0
17861,7/26/2011 16:55,7/6/2011 13:25,20
17861,11/10/2011 12:46,7/26/2011 16:55,107
17861,11/15/2011 13:01,11/10/2011 12:46,5
17861,12/6/2011 16:21,11/15/2011 13:01,21
17862,1/20/2011 12:23,NULL,NULL
17863,12/5/2010 13:21,NULL,NULL
17863,2/2/2011 10:22,12/5/2010 13:21,59
17863,3/30/2011 11:39,2/2/2011 10:22,56
17863,7/17/2011 13:48,3/30/2011 11:39,109
17863,9/20/2011 10:38,7/17/2011 13:48,65
17863,10/11/2011 13:45,9/20/2011 10:38,21
17864,3/9/2011 11:44,NULL,NULL
17864,9/11/2011 13:39,3/9/2011 11:44,186
17864,11/27/2011 11:15,9/11/2011 13:39,77
17865,12/10/2010 14:53,NULL,NULL
17865,12/17/2010 15:57,12/10/2010 14:53,7
17865,2/17/2011 12:24,12/17/2010 15:57,62
17865,2/24/2011 12:01,2/17/2011 12:24,7
17865,3/22/2011 9:43,2/24/2011 12:01,26
17865,4/14/2011 11:07,3/22/2011 9:43,23
17865,5/19/2011 11:24,4/14/2011 11:07,35
17865,6/16/2011 16:26,5/19/2011 11:24,28
17865,7/1/2011 9:19,6/16/2011 16:26,15
17865,8/17/2011 9:45,7/1/2011 9:19,47
17865,8/24/2011 12:23,8/17/2011 9:45,7
17865,8/24/2011 12:32,8/24/2011 12:23,0
17865,9/12/2011 14:23,8/24/2011 12:32,19
17865,9/12/2011 14:24,9/12/2011 14:23,0
17865,9/15/2011 11:47,9/12/2011 14:24,3
17865,9/21/2011 13:57,9/15/2011 11:47,6
17865,9/21/2011 13:58,9/21/2011 13:57,0
17865,10/26/2011 10:11,9/21/2011 13:58,35
17865,10/26/2011 10:13,10/26/2011 10:11,0
17865,11/9/2011 12:08,10/26/2011 10:13,14
17866,7/20/2011 11:07,NULL,NULL
17867,2/24/2011 12:25,NULL,NULL
17867,5/20/2011 15:52,2/24/2011 12:25,85
17867,7/19/2011 12:38,5/20/2011 15:52,60
17867,7/19/2011 12:42,7/19/2011 12:38,0
17867,11/9/2011 14:11,7/19/2011 12:42,113
17867,11/9/2011 14:15,11/9/2011 14:11,0
17869,12/6/2010 17:16,NULL,NULL
17869,4/7/2011 19:10,12/6/2010 17:16,122
17869,5/8/2011 13:24,4/7/2011 19:10,31
17869,8/24/2011 16:00,5/8/2011 13:24,108
17869,8/24/2011 16:16,8/24/2011 16:00,0
17870,12/8/2010 8:12,NULL,NULL
17870,7/27/2011 17:01,12/8/2010 8:12,231
17870,7/27/2011 17:03,7/27/2011 17:01,0
17870,7/27/2011 17:06,7/27/2011 17:03,0
17870,7/27/2011 17:08,7/27/2011 17:06,0
17870,8/8/2011 10:40,7/27/2011 17:08,12
17870,9/9/2011 10:37,8/8/2011 10:40,32
17870,9/29/2011 10:19,9/9/2011 10:37,20
17870,10/25/2011 10:32,9/29/2011 10:19,26
17870,11/8/2011 11:03,10/25/2011 10:32,14
17870,11/25/2011 11:20,11/8/2011 11:03,17
17870,12/7/2011 15:07,11/25/2011 11:20,12
17871,5/19/2011 11:32,NULL,NULL
17873,12/1/2010 14:54,NULL,NULL
17873,3/3/2011 15:31,12/1/2010 14:54,92
17873,4/13/2011 14:21,3/3/2011 15:31,41
17873,6/8/2011 14:51,4/13/2011 14:21,56
17873,9/20/2011 16:41,6/8/2011 14:51,104
17874,3/29/2011 11:25,NULL,NULL
17874,4/28/2011 13:17,3/29/2011 11:25,30
17874,4/28/2011 13:23,4/28/2011 13:17,0
17874,4/28/2011 13:39,4/28/2011 13:23,0
17874,4/28/2011 19:53,4/28/2011 13:39,0
17874,6/7/2011 12:54,4/28/2011 19:53,40
17877,6/22/2011 13:00,NULL,NULL
17878,10/27/2011 11:24,NULL,NULL
17879,6/19/2011 12:36,NULL,NULL
17880,12/10/2010 10:21,NULL,NULL
17881,2/8/2011 17:16,NULL,NULL
17883,4/7/2011 19:16,NULL,NULL
17883,9/14/2011 13:37,4/7/2011 19:16,160
17883,11/25/2011 14:02,9/14/2011 13:37,72
17883,12/6/2011 17:49,11/25/2011 14:02,11
17884,12/3/2010 12:11,NULL,NULL
17884,12/6/2010 15:13,12/3/2010 12:11,3
17884,2/1/2011 11:08,12/6/2010 15:13,57
17884,12/6/2011 11:33,2/1/2011 11:08,308
17885,11/27/2011 14:40,NULL,NULL
17886,4/4/2011 12:34,NULL,NULL
17886,5/13/2011 10:22,4/4/2011 12:34,39
17886,11/8/2011 10:09,5/13/2011 10:22,179
17887,8/2/2011 17:29,NULL,NULL
17888,12/17/2010 13:56,NULL,NULL
17888,1/26/2011 12:45,12/17/2010 13:56,40
17888,5/11/2011 14:29,1/26/2011 12:45,105
17888,7/1/2011 13:17,5/11/2011 14:29,51
17888,9/21/2011 16:43,7/1/2011 13:17,82
17888,10/11/2011 12:36,9/21/2011 16:43,20
17888,11/1/2011 15:48,10/11/2011 12:36,21
17888,11/18/2011 13:45,11/1/2011 15:48,17
17889,1/21/2011 17:14,NULL,NULL
17889,5/11/2011 16:26,1/21/2011 17:14,110
17890,12/13/2010 15:12,NULL,NULL
17890,1/21/2011 11:19,12/13/2010 15:12,39
17891,6/30/2011 20:08,NULL,NULL
17892,7/7/2011 12:56,NULL,NULL
17892,10/13/2011 13:20,7/7/2011 12:56,98
17892,10/14/2011 16:49,10/13/2011 13:20,1
17893,4/28/2011 13:50,NULL,NULL
17894,12/8/2010 14:50,NULL,NULL
17894,12/14/2010 10:38,12/8/2010 14:50,6
17894,12/15/2010 13:00,12/14/2010 10:38,1
17894,12/22/2010 13:46,12/15/2010 13:00,7
17894,1/31/2011 13:19,12/22/2010 13:46,40
17894,2/27/2011 14:49,1/31/2011 13:19,27
17894,9/4/2011 14:36,2/27/2011 14:49,189
17894,9/29/2011 9:23,9/4/2011 14:36,25
17895,10/26/2011 17:00,NULL,NULL
17896,11/16/2011 13:59,NULL,NULL
17897,12/1/2010 12:31,NULL,NULL
17897,12/7/2010 15:54,12/1/2010 12:31,6
17897,6/20/2011 11:23,12/7/2010 15:54,195
17898,5/16/2011 17:13,NULL,NULL
17898,9/15/2011 14:56,5/16/2011 17:13,122
17899,7/3/2011 14:58,NULL,NULL
17900,6/2/2011 14:28,NULL,NULL
17900,6/2/2011 14:38,6/2/2011 14:28,0
17901,11/10/2011 17:29,NULL,NULL
17904,11/18/2011 12:57,NULL,NULL
17905,12/1/2010 13:21,NULL,NULL
17905,12/22/2010 16:23,12/1/2010 13:21,21
17905,7/6/2011 10:47,12/22/2010 16:23,196
17905,9/29/2011 17:33,7/6/2011 10:47,85
17906,4/6/2011 17:25,NULL,NULL
17908,12/1/2010 11:45,NULL,NULL
17911,11/30/2011 14:52,NULL,NULL
17912,12/10/2010 11:11,NULL,NULL
17912,12/10/2010 15:49,12/10/2010 11:11,0
17912,12/14/2010 16:23,12/10/2010 15:49,4
17912,12/15/2010 16:50,12/14/2010 16:23,1
17912,2/2/2011 14:25,12/15/2010 16:50,49
17913,12/19/2010 11:35,NULL,NULL
17913,10/12/2011 10:45,12/19/2010 11:35,297
17914,12/6/2011 11:58,NULL,NULL
17917,12/12/2010 12:08,NULL,NULL
17917,3/28/2011 16:37,12/12/2010 12:08,106
17917,10/25/2011 13:20,3/28/2011 16:37,211
17919,9/12/2011 13:41,NULL,NULL
17920,12/1/2010 11:49,NULL,NULL
17920,12/6/2010 16:58,12/1/2010 11:49,5
17920,1/28/2011 16:18,12/6/2010 16:58,53
17920,4/17/2011 10:27,1/28/2011 16:18,79
17920,5/23/2011 17:25,4/17/2011 10:27,36
17920,7/1/2011 12:33,5/23/2011 17:25,39
17920,7/22/2011 10:52,7/1/2011 12:33,21
17920,7/26/2011 17:14,7/22/2011 10:52,4
17920,8/26/2011 13:56,7/26/2011 17:14,31
17920,9/22/2011 12:13,8/26/2011 13:56,27
17920,10/17/2011 17:24,9/22/2011 12:13,25
17920,11/6/2011 14:43,10/17/2011 17:24,20
17920,11/13/2011 11:44,11/6/2011 14:43,7
17920,11/25/2011 13:47,11/13/2011 11:44,12
17920,11/28/2011 10:46,11/25/2011 13:47,3
17920,12/1/2011 16:37,11/28/2011 10:46,3
17920,12/5/2011 14:29,12/1/2011 16:37,4
17921,3/18/2011 13:19,NULL,NULL
17921,6/30/2011 18:17,3/18/2011 13:19,104
17921,7/14/2011 18:56,6/30/2011 18:17,14
17921,10/6/2011 18:56,7/14/2011 18:56,84
17923,3/2/2011 15:15,NULL,NULL
17924,12/1/2010 10:51,NULL,NULL
17924,2/11/2011 11:38,12/1/2010 10:51,72
17924,10/3/2011 10:08,2/11/2011 11:38,234
17924,10/31/2011 15:20,10/3/2011 10:08,28
17924,10/31/2011 15:21,10/31/2011 15:20,0
17924,11/28/2011 9:08,10/31/2011 15:21,28
17924,11/28/2011 9:11,11/28/2011 9:08,0
17925,12/2/2010 10:10,NULL,NULL
17926,5/20/2011 9:24,NULL,NULL
17926,7/29/2011 14:39,5/20/2011 9:24,70
17928,4/7/2011 18:03,NULL,NULL
17928,10/25/2011 13:52,4/7/2011 18:03,201
17929,2/4/2011 11:40,NULL,NULL
17929,3/30/2011 12:35,2/4/2011 11:40,54
17929,8/19/2011 8:57,3/30/2011 12:35,142
17929,11/28/2011 16:01,8/19/2011 8:57,101
17930,4/14/2011 15:46,NULL,NULL
17930,6/30/2011 18:44,4/14/2011 15:46,77
17930,9/29/2011 12:11,6/30/2011 18:44,91
17930,10/6/2011 15:32,9/29/2011 12:11,7
17930,11/4/2011 10:23,10/6/2011 15:32,29
17931,3/29/2011 12:31,NULL,NULL
17931,7/28/2011 18:33,3/29/2011 12:31,121
17932,5/12/2011 13:58,NULL,NULL
17932,6/19/2011 10:39,5/12/2011 13:58,38
17932,11/10/2011 19:49,6/19/2011 10:39,144
17934,10/12/2011 10:50,NULL,NULL
17934,10/19/2011 11:16,10/12/2011 10:50,7
17935,7/21/2011 11:23,NULL,NULL
17935,7/24/2011 13:18,7/21/2011 11:23,3
17936,12/4/2011 13:32,NULL,NULL
17937,12/12/2010 14:43,NULL,NULL
17937,12/13/2010 14:56,12/12/2010 14:43,1
17937,2/14/2011 9:27,12/13/2010 14:56,63
17937,3/27/2011 10:16,2/14/2011 9:27,41
17937,8/17/2011 12:10,3/27/2011 10:16,143
17937,11/8/2011 15:45,8/17/2011 12:10,83
17937,12/1/2011 11:45,11/8/2011 15:45,23
17939,7/3/2011 12:27,NULL,NULL
17940,2/10/2011 9:29,NULL,NULL
17940,3/8/2011 10:12,2/10/2011 9:29,26
17940,4/5/2011 8:51,3/8/2011 10:12,28
17940,4/8/2011 14:27,4/5/2011 8:51,3
17940,5/5/2011 18:06,4/8/2011 14:27,27
17940,6/28/2011 14:54,5/5/2011 18:06,54
17940,6/28/2011 14:55,6/28/2011 14:54,0
17940,8/3/2011 11:24,6/28/2011 14:55,36
17940,8/23/2011 13:30,8/3/2011 11:24,20
17940,10/21/2011 13:27,8/23/2011 13:30,59
17941,8/1/2011 8:30,NULL,NULL
17942,12/2/2011 10:45,NULL,NULL
17946,3/25/2011 14:34,NULL,NULL
17946,4/20/2011 17:00,3/25/2011 14:34,26
17947,11/2/2011 13:05,NULL,NULL
17948,7/15/2011 12:58,NULL,NULL
17949,12/3/2010 13:12,NULL,NULL
17949,1/6/2011 10:20,12/3/2010 13:12,34
17949,2/23/2011 9:53,1/6/2011 10:20,48
17949,2/23/2011 9:54,2/23/2011 9:53,0
17949,3/2/2011 9:03,2/23/2011 9:54,7
17949,3/11/2011 9:23,3/2/2011 9:03,9
17949,4/27/2011 12:04,3/11/2011 9:23,47
17949,5/9/2011 12:04,4/27/2011 12:04,12
17949,5/9/2011 12:05,5/9/2011 12:04,0
17949,5/9/2011 12:07,5/9/2011 12:05,0
17949,5/17/2011 11:10,5/9/2011 12:07,8
17949,5/23/2011 9:42,5/17/2011 11:10,6
17949,5/31/2011 14:02,5/23/2011 9:42,8
17949,6/3/2011 13:48,5/31/2011 14:02,3
17949,6/3/2011 13:50,6/3/2011 13:48,0
17949,6/30/2011 10:44,6/3/2011 13:50,27
17949,6/30/2011 11:01,6/30/2011 10:44,0
17949,6/30/2011 11:02,6/30/2011 11:01,0
17949,6/30/2011 11:22,6/30/2011 11:02,0
17949,6/30/2011 12:50,6/30/2011 11:22,0
17949,6/30/2011 15:40,6/30/2011 12:50,0
17949,7/12/2011 12:43,6/30/2011 15:40,12
17949,7/21/2011 18:21,7/12/2011 12:43,9
17949,7/28/2011 14:33,7/21/2011 18:21,7
17949,7/28/2011 14:45,7/28/2011 14:33,0
17949,8/10/2011 13:43,7/28/2011 14:45,13
17949,8/17/2011 15:05,8/10/2011 13:43,7
17949,8/26/2011 11:24,8/17/2011 15:05,9
17949,8/31/2011 10:46,8/26/2011 11:24,5
17949,9/1/2011 11:56,8/31/2011 10:46,1
17949,9/2/2011 10:05,9/1/2011 11:56,1
17949,9/2/2011 10:06,9/2/2011 10:05,0
17949,9/7/2011 14:30,9/2/2011 10:06,5
17949,9/30/2011 11:56,9/7/2011 14:30,23
17949,9/30/2011 11:57,9/30/2011 11:56,0
17949,9/30/2011 11:58,9/30/2011 11:57,0
17949,10/10/2011 11:14,9/30/2011 11:58,10
17949,10/14/2011 12:19,10/10/2011 11:14,4
17949,10/28/2011 12:32,10/14/2011 12:19,14
17949,11/22/2011 8:44,10/28/2011 12:32,25
17949,12/2/2011 11:38,11/22/2011 8:44,10
17949,12/2/2011 11:39,12/2/2011 11:38,0
17949,12/2/2011 11:43,12/2/2011 11:39,0
17949,12/8/2011 18:45,12/2/2011 11:43,6
17949,12/8/2011 18:46,12/8/2011 18:45,0
17950,12/9/2010 15:16,NULL,NULL
17950,12/9/2010 15:20,12/9/2010 15:16,0
17950,9/28/2011 15:18,12/9/2010 15:20,293
17951,12/1/2010 12:40,NULL,NULL
17951,12/16/2010 12:55,12/1/2010 12:40,15
17951,10/31/2011 12:30,12/16/2010 12:55,319
17954,12/3/2010 14:18,NULL,NULL
17954,12/7/2010 12:37,12/3/2010 14:18,4
17954,1/14/2011 14:39,12/7/2010 12:37,38
17954,2/17/2011 12:42,1/14/2011 14:39,34
17954,3/15/2011 11:30,2/17/2011 12:42,26
17954,3/20/2011 12:57,3/15/2011 11:30,5
17954,4/27/2011 11:05,3/20/2011 12:57,38
17954,6/8/2011 12:44,4/27/2011 11:05,42
17954,6/30/2011 13:14,6/8/2011 12:44,22
17954,8/8/2011 13:46,6/30/2011 13:14,39
17954,10/2/2011 15:52,8/8/2011 13:46,55
17954,12/4/2011 14:15,10/2/2011 15:52,63
17955,5/4/2011 12:29,NULL,NULL
17955,5/4/2011 12:33,5/4/2011 12:29,0
17955,5/5/2011 12:40,5/4/2011 12:33,1
17955,5/25/2011 12:00,5/5/2011 12:40,20
17956,4/4/2011 13:47,NULL,NULL
17957,10/4/2011 14:58,NULL,NULL
17958,8/15/2011 12:19,NULL,NULL
17960,6/21/2011 14:15,NULL,NULL
17961,12/2/2010 19:18,NULL,NULL
17961,12/21/2010 10:26,12/2/2010 19:18,19
17961,12/21/2010 16:08,12/21/2010 10:26,0
17961,1/14/2011 17:16,12/21/2010 16:08,24
17961,1/17/2011 16:07,1/14/2011 17:16,3
17961,2/2/2011 13:28,1/17/2011 16:07,16
17961,2/16/2011 10:33,2/2/2011 13:28,14
17961,3/1/2011 15:49,2/16/2011 10:33,13
17961,3/11/2011 16:54,3/1/2011 15:49,10
17961,3/16/2011 14:12,3/11/2011 16:54,5
17961,3/17/2011 18:27,3/16/2011 14:12,1
17961,3/18/2011 15:44,3/17/2011 18:27,1
17961,4/8/2011 17:25,3/18/2011 15:44,21
17961,4/21/2011 16:01,4/8/2011 17:25,13
17961,4/27/2011 14:17,4/21/2011 16:01,6
17961,5/4/2011 14:03,4/27/2011 14:17,7
17961,5/13/2011 16:12,5/4/2011 14:03,9
17961,5/20/2011 12:26,5/13/2011 16:12,7
17961,5/24/2011 14:18,5/20/2011 12:26,4
17961,5/27/2011 16:24,5/24/2011 14:18,3
17961,6/9/2011 15:27,5/27/2011 16:24,13
17961,6/12/2011 15:57,6/9/2011 15:27,3
17961,6/17/2011 11:01,6/12/2011 15:57,5
17961,6/17/2011 16:23,6/17/2011 11:01,0
17961,6/23/2011 12:21,6/17/2011 16:23,6
17961,7/7/2011 17:01,6/23/2011 12:21,14
17961,7/21/2011 18:00,7/7/2011 17:01,14
17961,7/21/2011 18:07,7/21/2011 18:00,0
17961,7/22/2011 14:53,7/21/2011 18:07,1
17961,8/4/2011 17:55,7/22/2011 14:53,13
17961,8/8/2011 12:15,8/4/2011 17:55,4
17961,9/12/2011 11:44,8/8/2011 12:15,35
17961,9/13/2011 16:56,9/12/2011 11:44,1
17961,9/15/2011 10:02,9/13/2011 16:56,2
17961,9/19/2011 9:20,9/15/2011 10:02,4
17961,9/30/2011 12:12,9/19/2011 9:20,11
17961,11/8/2011 16:28,9/30/2011 12:12,39
17961,11/18/2011 16:48,11/8/2011 16:28,10
17961,11/18/2011 16:55,11/18/2011 16:48,0
17962,7/20/2011 14:16,NULL,NULL
17964,12/2/2010 13:32,NULL,NULL
17964,11/8/2011 10:44,12/2/2010 13:32,341
17965,12/5/2010 15:54,NULL,NULL
17965,12/9/2010 18:09,12/5/2010 15:54,4
17965,1/12/2011 10:58,12/9/2010 18:09,34
17965,1/28/2011 12:28,1/12/2011 10:58,16
17965,3/1/2011 12:07,1/28/2011 12:28,32
17965,4/1/2011 10:34,3/1/2011 12:07,31
17965,6/28/2011 15:05,4/1/2011 10:34,88
17965,7/8/2011 13:23,6/28/2011 15:05,10
17965,7/21/2011 15:45,7/8/2011 13:23,13
17965,7/28/2011 15:04,7/21/2011 15:45,7
17965,9/9/2011 10:42,7/28/2011 15:04,43
17965,9/9/2011 10:54,9/9/2011 10:42,0
17965,10/11/2011 9:26,9/9/2011 10:54,32
17965,11/2/2011 9:31,10/11/2011 9:26,22
17966,3/23/2011 17:25,NULL,NULL
17966,6/8/2011 10:51,3/23/2011 17:25,77
17966,7/11/2011 15:26,6/8/2011 10:51,33
17966,7/11/2011 15:28,7/11/2011 15:26,0
17966,11/2/2011 10:26,7/11/2011 15:28,114
17967,12/3/2010 11:19,NULL,NULL
17968,12/1/2010 12:23,NULL,NULL
17969,12/13/2010 15:34,NULL,NULL
17969,6/26/2011 13:00,12/13/2010 15:34,195
17970,5/12/2011 20:03,NULL,NULL
17972,4/12/2011 12:16,NULL,NULL
17973,10/19/2011 10:34,NULL,NULL
17974,5/4/2011 11:50,NULL,NULL
17974,10/26/2011 15:17,5/4/2011 11:50,175
17974,11/15/2011 11:37,10/26/2011 15:17,20
17975,12/8/2010 11:38,NULL,NULL
17975,12/14/2010 11:12,12/8/2010 11:38,6
17975,1/4/2011 13:50,12/14/2010 11:12,21
17975,2/2/2011 12:53,1/4/2011 13:50,29
17975,3/13/2011 10:27,2/2/2011 12:53,39
17975,4/26/2011 11:09,3/13/2011 10:27,44
17975,5/31/2011 12:42,4/26/2011 11:09,35
17975,7/4/2011 12:18,5/31/2011 12:42,34
17975,7/19/2011 11:08,7/4/2011 12:18,15
17975,7/28/2011 12:29,7/19/2011 11:08,9
17975,8/17/2011 10:59,7/28/2011 12:29,20
17975,10/7/2011 10:29,8/17/2011 10:59,51
17975,11/24/2011 13:27,10/7/2011 10:29,48
17976,12/2/2010 13:49,NULL,NULL
17977,11/10/2011 13:28,NULL,NULL
17978,12/9/2010 14:05,NULL,NULL
17979,3/25/2011 11:34,NULL,NULL
17979,3/25/2011 12:07,3/25/2011 11:34,0
17979,6/24/2011 10:44,3/25/2011 12:07,91
17979,11/4/2011 12:05,6/24/2011 10:44,133
17980,12/15/2010 15:50,NULL,NULL
17980,5/19/2011 14:29,12/15/2010 15:50,155
17980,6/27/2011 12:01,5/19/2011 14:29,39
17984,7/17/2011 15:59,NULL,NULL
17985,11/17/2011 14:24,NULL,NULL
17986,10/14/2011 14:22,NULL,NULL
17987,6/7/2011 14:22,NULL,NULL
17988,1/17/2011 11:59,NULL,NULL
17988,7/1/2011 15:22,1/17/2011 11:59,165
17988,8/14/2011 15:34,7/1/2011 15:22,44
17988,8/14/2011 15:35,8/14/2011 15:34,0
17988,8/14/2011 15:56,8/14/2011 15:35,0
17988,11/27/2011 10:34,8/14/2011 15:56,105
17988,11/28/2011 11:00,11/27/2011 10:34,1
17990,12/13/2010 12:10,NULL,NULL
17990,12/21/2010 12:57,12/13/2010 12:10,8
17990,4/17/2011 11:44,12/21/2010 12:57,117
17991,4/27/2011 16:39,NULL,NULL
17991,4/28/2011 15:58,4/27/2011 16:39,1
17994,2/22/2011 11:02,NULL,NULL
17994,3/11/2011 15:14,2/22/2011 11:02,17
17994,6/3/2011 9:50,3/11/2011 15:14,84
17994,8/10/2011 11:41,6/3/2011 9:50,68
17995,3/3/2011 12:30,NULL,NULL
17997,6/28/2011 17:28,NULL,NULL
17997,7/6/2011 16:54,6/28/2011 17:28,8
17997,7/10/2011 15:17,7/6/2011 16:54,4
17997,7/29/2011 17:28,7/10/2011 15:17,19
17997,9/2/2011 15:48,7/29/2011 17:28,35
17997,9/8/2011 15:16,9/2/2011 15:48,6
17997,9/21/2011 17:05,9/8/2011 15:16,13
17997,9/26/2011 16:13,9/21/2011 17:05,5
17999,12/8/2010 15:17,NULL,NULL
17999,11/2/2011 15:56,12/8/2010 15:17,329
18001,9/14/2011 11:21,NULL,NULL
18001,11/27/2011 16:02,9/14/2011 11:21,74
18004,12/12/2010 13:47,NULL,NULL
18005,10/23/2011 14:40,NULL,NULL
18005,12/6/2011 11:51,10/23/2011 14:40,44
18006,11/16/2011 16:52,NULL,NULL
18008,1/25/2011 12:26,NULL,NULL
18008,3/21/2011 15:07,1/25/2011 12:26,55
18008,3/24/2011 18:28,3/21/2011 15:07,3
18008,4/11/2011 10:18,3/24/2011 18:28,18
18008,4/21/2011 15:26,4/11/2011 10:18,10
18008,5/20/2011 16:55,4/21/2011 15:26,29
18008,5/20/2011 16:56,5/20/2011 16:55,0
18008,9/27/2011 9:18,5/20/2011 16:56,130
18008,9/30/2011 15:17,9/27/2011 9:18,3
18009,4/18/2011 13:36,NULL,NULL
18010,3/28/2011 12:27,NULL,NULL
18011,12/1/2010 17:35,NULL,NULL
18013,7/7/2011 14:08,NULL,NULL
18013,7/7/2011 14:11,7/7/2011 14:08,0
18014,11/11/2011 15:28,NULL,NULL
18015,12/5/2011 14:49,NULL,NULL
18016,12/10/2010 17:14,NULL,NULL
18016,1/28/2011 15:21,12/10/2010 17:14,49
18016,6/6/2011 13:31,1/28/2011 15:21,129
18016,9/26/2011 14:06,6/6/2011 13:31,112
18016,11/7/2011 13:25,9/26/2011 14:06,42
18017,2/2/2011 13:57,NULL,NULL
18017,6/23/2011 15:48,2/2/2011 13:57,141
18017,9/19/2011 16:15,6/23/2011 15:48,88
18018,5/24/2011 13:22,NULL,NULL
18018,8/23/2011 17:37,5/24/2011 13:22,91
18019,10/19/2011 12:10,NULL,NULL
18022,11/4/2011 12:45,NULL,NULL
18024,7/10/2011 12:28,NULL,NULL
18024,7/10/2011 12:40,7/10/2011 12:28,0
18027,9/2/2011 10:38,NULL,NULL
18030,10/28/2011 13:55,NULL,NULL
18030,12/5/2011 16:37,10/28/2011 13:55,38
18032,1/9/2011 15:32,NULL,NULL
18033,10/5/2011 17:28,NULL,NULL
18034,11/18/2011 12:08,NULL,NULL
18034,11/18/2011 12:22,11/18/2011 12:08,0
18035,10/27/2011 17:48,NULL,NULL
18035,10/27/2011 17:57,10/27/2011 17:48,0
18035,11/4/2011 12:39,10/27/2011 17:57,8
18036,4/8/2011 11:26,NULL,NULL
18036,8/26/2011 12:55,4/8/2011 11:26,140
18036,11/7/2011 14:40,8/26/2011 12:55,73
18037,12/12/2010 16:20,NULL,NULL
18037,1/21/2011 15:45,12/12/2010 16:20,40
18037,3/31/2011 14:42,1/21/2011 15:45,69
18037,4/17/2011 15:29,3/31/2011 14:42,17
18037,4/28/2011 16:23,4/17/2011 15:29,11
18037,7/8/2011 13:39,4/28/2011 16:23,71
18040,4/8/2011 8:27,NULL,NULL
18040,11/20/2011 14:20,4/8/2011 8:27,226
18041,12/2/2010 11:21,NULL,NULL
18041,12/2/2010 11:35,12/2/2010 11:21,0
18041,12/9/2010 13:24,12/2/2010 11:35,7
18041,1/6/2011 15:29,12/9/2010 13:24,28
18041,1/18/2011 15:25,1/6/2011 15:29,12
18041,2/2/2011 13:11,1/18/2011 15:25,15
18041,2/23/2011 10:10,2/2/2011 13:11,21
18041,3/3/2011 15:11,2/23/2011 10:10,8
18041,3/22/2011 15:25,3/3/2011 15:11,19
18041,3/31/2011 11:07,3/22/2011 15:25,9
18041,4/8/2011 12:34,3/31/2011 11:07,8
18041,5/4/2011 15:33,4/8/2011 12:34,26
18041,5/10/2011 14:51,5/4/2011 15:33,6
18041,6/9/2011 15:55,5/10/2011 14:51,30
18041,7/19/2011 12:47,6/9/2011 15:55,40
18041,8/28/2011 12:28,7/19/2011 12:47,40
18041,9/23/2011 10:02,8/28/2011 12:28,26
18041,9/30/2011 10:08,9/23/2011 10:02,7
18041,11/3/2011 11:27,9/30/2011 10:08,34
18041,11/16/2011 16:00,11/3/2011 11:27,13
18041,11/28/2011 11:39,11/16/2011 16:00,12
18042,10/17/2011 11:49,NULL,NULL
18043,12/8/2010 12:35,NULL,NULL
18043,5/17/2011 12:40,12/8/2010 12:35,160
18043,11/15/2011 12:48,5/17/2011 12:40,182
18044,12/14/2010 12:25,NULL,NULL
18044,3/1/2011 10:25,12/14/2010 12:25,77
18044,3/29/2011 10:39,3/1/2011 10:25,28
18044,4/4/2011 15:35,3/29/2011 10:39,6
18044,5/24/2011 11:29,4/4/2011 15:35,50
18044,5/25/2011 15:47,5/24/2011 11:29,1
18044,6/26/2011 13:31,5/25/2011 15:47,32
18044,9/13/2011 11:52,6/26/2011 13:31,79
18044,11/3/2011 8:56,9/13/2011 11:52,51
18044,12/5/2011 14:26,11/3/2011 8:56,32
18045,10/25/2011 13:07,NULL,NULL
18048,5/20/2011 14:54,NULL,NULL
18048,5/20/2011 14:58,5/20/2011 14:54,0
18050,12/15/2010 14:25,NULL,NULL
18053,9/30/2011 9:05,NULL,NULL
18055,12/5/2010 10:52,NULL,NULL
18055,12/7/2010 9:13,12/5/2010 10:52,2
18055,12/16/2010 12:09,12/7/2010 9:13,9
18055,2/1/2011 10:59,12/16/2010 12:09,47
18055,2/21/2011 12:53,2/1/2011 10:59,20
18055,5/20/2011 10:37,2/21/2011 12:53,88
18055,8/3/2011 12:55,5/20/2011 10:37,75
18055,9/16/2011 14:04,8/3/2011 12:55,44
18055,10/31/2011 12:02,9/16/2011 14:04,45
18055,12/2/2011 14:25,10/31/2011 12:02,32
18056,2/24/2011 14:27,NULL,NULL
18058,11/30/2011 8:38,NULL,NULL
18059,10/3/2011 9:30,NULL,NULL
18059,10/26/2011 14:36,10/3/2011 9:30,23
18059,11/16/2011 16:49,10/26/2011 14:36,21
18061,12/8/2010 13:03,NULL,NULL
18061,1/21/2011 10:35,12/8/2010 13:03,44
18061,2/22/2011 8:24,1/21/2011 10:35,32
18061,4/8/2011 7:49,2/22/2011 8:24,45
18061,5/17/2011 8:18,4/8/2011 7:49,39
18061,6/10/2011 14:46,5/17/2011 8:18,24
18061,7/11/2011 13:22,6/10/2011 14:46,31
18061,8/24/2011 8:49,7/11/2011 13:22,44
18061,10/5/2011 9:59,8/24/2011 8:49,42
18061,11/18/2011 11:20,10/5/2011 9:59,44
18062,1/6/2011 10:03,NULL,NULL
18062,5/3/2011 9:34,1/6/2011 10:03,117
18062,6/19/2011 14:47,5/3/2011 9:34,47
18064,4/18/2011 15:08,NULL,NULL
18064,7/29/2011 16:39,4/18/2011 15:08,102
18065,12/10/2010 12:44,NULL,NULL
18065,12/10/2010 12:45,12/10/2010 12:44,0
18065,2/24/2011 13:43,12/10/2010 12:45,76
18065,5/4/2011 11:43,2/24/2011 13:43,69
18065,5/4/2011 11:45,5/4/2011 11:43,0
18065,5/4/2011 11:46,5/4/2011 11:45,0
18065,6/9/2011 12:27,5/4/2011 11:46,36
18065,6/9/2011 12:27,6/9/2011 12:27,0
18065,9/14/2011 11:35,6/9/2011 12:27,97
18065,9/14/2011 11:36,9/14/2011 11:35,0
18065,9/14/2011 11:36,9/14/2011 11:36,0
18065,12/4/2011 10:29,9/14/2011 11:36,81
18065,12/4/2011 10:29,12/4/2011 10:29,0
18065,12/4/2011 10:30,12/4/2011 10:29,0
18066,9/25/2011 15:30,NULL,NULL
18067,10/30/2011 15:58,NULL,NULL
18068,2/23/2011 14:50,NULL,NULL
18069,1/16/2011 15:50,NULL,NULL
18069,4/18/2011 16:31,1/16/2011 15:50,92
18069,6/12/2011 15:14,4/18/2011 16:31,55
18069,9/12/2011 16:14,6/12/2011 15:14,92
18069,11/13/2011 16:03,9/12/2011 16:14,62
18071,12/9/2010 10:33,NULL,NULL
18071,3/27/2011 11:59,12/9/2010 10:33,108
18072,6/7/2011 10:44,NULL,NULL
18073,5/26/2011 19:38,NULL,NULL
18073,5/27/2011 14:12,5/26/2011 19:38,1
18073,6/7/2011 15:04,5/27/2011 14:12,11
18073,6/14/2011 12:17,6/7/2011 15:04,7
18073,6/15/2011 12:32,6/14/2011 12:17,1
18073,6/27/2011 14:36,6/15/2011 12:32,12
18073,6/27/2011 14:37,6/27/2011 14:36,0
18073,7/7/2011 11:10,6/27/2011 14:37,10
18073,7/7/2011 11:12,7/7/2011 11:10,0
18073,7/21/2011 11:30,7/7/2011 11:12,14
18073,8/3/2011 14:33,7/21/2011 11:30,13
18073,8/17/2011 14:02,8/3/2011 14:33,14
18074,12/1/2010 9:53,NULL,NULL
18075,12/14/2010 10:48,NULL,NULL
18075,1/25/2011 10:20,12/14/2010 10:48,42
18075,2/9/2011 9:10,1/25/2011 10:20,15
18075,3/1/2011 10:26,2/9/2011 9:10,20
18075,3/23/2011 12:13,3/1/2011 10:26,22
18075,5/19/2011 12:59,3/23/2011 12:13,57
18075,6/29/2011 8:58,5/19/2011 12:59,41
18075,8/25/2011 15:10,6/29/2011 8:58,57
18075,10/11/2011 11:34,8/25/2011 15:10,47
18075,11/16/2011 15:21,10/11/2011 11:34,36
18077,12/8/2010 10:21,NULL,NULL
18077,12/19/2010 11:19,12/8/2010 10:21,11
18077,1/25/2011 10:38,12/19/2010 11:19,37
18077,4/27/2011 11:41,1/25/2011 10:38,92
18077,6/19/2011 12:10,4/27/2011 11:41,53
18077,8/11/2011 13:25,6/19/2011 12:10,53
18077,8/28/2011 12:29,8/11/2011 13:25,17
18077,10/19/2011 11:13,8/28/2011 12:29,52
18077,10/27/2011 13:58,10/19/2011 11:13,8
18077,11/6/2011 10:44,10/27/2011 13:58,10
18077,12/1/2011 13:32,11/6/2011 10:44,25
18078,3/25/2011 15:08,NULL,NULL
18078,5/6/2011 14:32,3/25/2011 15:08,42
18079,4/15/2011 12:14,NULL,NULL
18079,8/5/2011 11:00,4/15/2011 12:14,112
18079,10/25/2011 15:21,8/5/2011 11:00,81
18079,10/25/2011 15:27,10/25/2011 15:21,0
18080,4/11/2011 10:10,NULL,NULL
18080,11/21/2011 8:02,4/11/2011 10:10,224
18081,7/29/2011 11:56,NULL,NULL
18081,8/19/2011 12:23,7/29/2011 11:56,21
18081,11/3/2011 16:30,8/19/2011 12:23,76
18082,11/14/2011 12:45,NULL,NULL
18084,11/23/2011 13:57,NULL,NULL
18085,12/1/2010 12:08,NULL,NULL
18085,1/13/2011 15:17,12/1/2010 12:08,43
18086,3/10/2011 13:34,NULL,NULL
18087,2/22/2011 10:43,NULL,NULL
18087,9/2/2011 15:12,2/22/2011 10:43,192
18088,10/9/2011 13:41,NULL,NULL
18092,12/9/2010 10:00,NULL,NULL
18092,12/20/2010 11:45,12/9/2010 10:00,11
18092,12/22/2010 16:19,12/20/2010 11:45,2
18092,1/13/2011 14:50,12/22/2010 16:19,22
18092,4/26/2011 12:16,1/13/2011 14:50,103
18092,6/8/2011 11:54,4/26/2011 12:16,43
18092,6/8/2011 12:02,6/8/2011 11:54,0
18092,8/12/2011 12:37,6/8/2011 12:02,65
18092,9/14/2011 9:11,8/12/2011 12:37,33
18092,11/1/2011 10:56,9/14/2011 9:11,48
18092,12/7/2011 13:14,11/1/2011 10:56,36
18093,2/10/2011 12:15,NULL,NULL
18093,2/15/2011 10:52,2/10/2011 12:15,5
18093,8/11/2011 14:34,2/15/2011 10:52,177
18093,9/7/2011 15:43,8/11/2011 14:34,27
18094,2/21/2011 8:50,NULL,NULL
18094,4/15/2011 14:05,2/21/2011 8:50,53
18094,5/5/2011 11:46,4/15/2011 14:05,20
18094,7/26/2011 14:41,5/5/2011 11:46,82
18094,7/26/2011 14:42,7/26/2011 14:41,0
18094,9/19/2011 9:27,7/26/2011 14:42,55
18094,9/19/2011 9:28,9/19/2011 9:27,0
18095,1/11/2011 12:37,NULL,NULL
18095,1/31/2011 12:50,1/11/2011 12:37,20
18096,10/7/2011 11:55,NULL,NULL
18096,10/13/2011 13:35,10/7/2011 11:55,6
18096,11/28/2011 12:44,10/13/2011 13:35,46
18097,12/20/2010 14:49,NULL,NULL
18097,1/4/2011 10:22,12/20/2010 14:49,15
18097,5/18/2011 13:56,1/4/2011 10:22,134
18097,8/5/2011 10:31,5/18/2011 13:56,79
18097,8/5/2011 10:32,8/5/2011 10:31,0
18097,12/2/2011 11:16,8/5/2011 10:32,119
18099,8/4/2011 15:52,NULL,NULL
18101,7/19/2011 13:05,NULL,NULL
18101,11/28/2011 13:37,7/19/2011 13:05,132
18102,12/7/2010 16:42,NULL,NULL
18102,12/7/2010 16:43,12/7/2010 16:42,0
18102,12/7/2010 16:43,12/7/2010 16:43,0
18102,12/9/2010 13:44,12/7/2010 16:43,2
18102,2/7/2011 15:34,12/9/2010 13:44,60
18102,2/7/2011 15:37,2/7/2011 15:34,0
18102,3/3/2011 9:26,2/7/2011 15:37,24
18102,3/25/2011 14:06,3/3/2011 9:26,22
18102,4/20/2011 11:06,3/25/2011 14:06,26
18102,5/16/2011 14:24,4/20/2011 11:06,26
18102,5/17/2011 11:27,5/16/2011 14:24,1
18102,5/17/2011 11:28,5/17/2011 11:27,0
18102,5/17/2011 11:28,5/17/2011 11:28,0
18102,5/17/2011 11:29,5/17/2011 11:28,0
18102,5/17/2011 11:31,5/17/2011 11:29,0
18102,6/7/2011 16:35,5/17/2011 11:31,21
18102,6/9/2011 17:27,6/7/2011 16:35,2
18102,6/14/2011 11:25,6/9/2011 17:27,5
18102,6/14/2011 11:28,6/14/2011 11:25,0
18102,6/14/2011 11:31,6/14/2011 11:28,0
18102,7/4/2011 10:20,6/14/2011 11:31,20
18102,7/4/2011 10:20,7/4/2011 10:20,0
18102,7/20/2011 11:28,7/4/2011 10:20,16
18102,7/20/2011 11:33,7/20/2011 11:28,0
18102,7/28/2011 16:00,7/20/2011 11:33,8
18102,8/5/2011 15:39,7/28/2011 16:00,8
18102,9/2/2011 11:53,8/5/2011 15:39,28
18102,9/15/2011 15:27,9/2/2011 11:53,13
18102,9/15/2011 15:30,9/15/2011 15:27,0
18102,9/15/2011 15:34,9/15/2011 15:30,0
18102,9/15/2011 15:35,9/15/2011 15:34,0
18102,9/15/2011 15:35,9/15/2011 15:35,0
18102,9/22/2011 10:48,9/15/2011 15:35,7
18102,9/22/2011 11:28,9/22/2011 10:48,0
18102,9/22/2011 12:11,9/22/2011 11:28,0
18102,9/22/2011 12:22,9/22/2011 12:11,0
18102,9/22/2011 13:21,9/22/2011 12:22,0
18102,9/22/2011 13:53,9/22/2011 13:21,0
18102,9/28/2011 16:17,9/22/2011 13:53,6
18102,9/28/2011 16:17,9/28/2011 16:17,0
18102,10/3/2011 11:01,9/28/2011 16:17,5
18102,10/3/2011 11:24,10/3/2011 11:01,0
18102,10/3/2011 11:37,10/3/2011 11:24,0
18102,10/3/2011 14:34,10/3/2011 11:37,0
18102,10/3/2011 15:06,10/3/2011 14:34,0
18102,10/3/2011 15:24,10/3/2011 15:06,0
18102,10/3/2011 15:26,10/3/2011 15:24,0
18102,10/4/2011 15:58,10/3/2011 15:26,1
18102,10/21/2011 11:54,10/4/2011 15:58,17
18102,10/21/2011 11:56,10/21/2011 11:54,0
18102,10/21/2011 12:08,10/21/2011 11:56,0
18102,11/4/2011 10:09,10/21/2011 12:08,14
18102,11/4/2011 10:38,11/4/2011 10:09,0
18102,11/4/2011 10:48,11/4/2011 10:38,0
18102,11/4/2011 10:57,11/4/2011 10:48,0
18102,11/4/2011 11:03,11/4/2011 10:57,0
18102,11/28/2011 12:55,11/4/2011 11:03,24
18102,12/8/2011 18:25,11/28/2011 12:55,10
18102,12/8/2011 18:43,12/8/2011 18:25,0
18102,12/9/2011 11:50,12/8/2011 18:43,1
18104,11/2/2011 14:07,NULL,NULL
18105,11/2/2011 12:04,NULL,NULL
18106,1/14/2011 12:23,NULL,NULL
18108,3/30/2011 13:56,NULL,NULL
18109,12/5/2010 10:58,NULL,NULL
18109,12/12/2010 10:47,12/5/2010 10:58,7
18109,1/5/2011 12:29,12/12/2010 10:47,24
18109,1/12/2011 12:12,1/5/2011 12:29,7
18109,1/18/2011 13:15,1/12/2011 12:12,6
18109,2/9/2011 12:16,1/18/2011 13:15,22
18109,3/24/2011 18:43,2/9/2011 12:16,43
18109,4/3/2011 10:55,3/24/2011 18:43,10
18109,4/12/2011 10:48,4/3/2011 10:55,9
18109,5/19/2011 19:47,4/12/2011 10:48,37
18109,5/29/2011 14:23,5/19/2011 19:47,10
18109,6/12/2011 12:03,5/29/2011 14:23,14
18109,6/19/2011 12:47,6/12/2011 12:03,7
18109,7/14/2011 17:13,6/19/2011 12:47,25
18109,7/24/2011 14:16,7/14/2011 17:13,10
18109,8/4/2011 17:26,7/24/2011 14:16,11
18109,8/21/2011 12:21,8/4/2011 17:26,17
18109,9/9/2011 13:58,8/21/2011 12:21,19
18109,9/28/2011 12:34,9/9/2011 13:58,19
18109,10/6/2011 18:47,9/28/2011 12:34,8
18109,10/23/2011 14:56,10/6/2011 18:47,17
18109,11/9/2011 11:04,10/23/2011 14:56,17
18109,11/25/2011 15:32,11/9/2011 11:04,16
18109,12/2/2011 15:25,11/25/2011 15:32,7
18109,12/2/2011 16:06,12/2/2011 15:25,0
18109,12/8/2011 11:36,12/2/2011 16:06,6
18110,11/20/2011 12:34,NULL,NULL
18112,6/26/2011 13:56,NULL,NULL
18112,11/27/2011 14:43,6/26/2011 13:56,154
18113,12/6/2010 12:31,NULL,NULL
18114,2/22/2011 13:20,NULL,NULL
18116,12/10/2010 12:14,NULL,NULL
18116,12/16/2010 13:21,12/10/2010 12:14,6
18116,12/23/2010 16:06,12/16/2010 13:21,7
18116,2/17/2011 13:28,12/23/2010 16:06,56
18116,4/3/2011 14:24,2/17/2011 13:28,45
18116,4/18/2011 13:17,4/3/2011 14:24,15
18116,4/19/2011 16:14,4/18/2011 13:17,1
18116,10/3/2011 11:00,4/19/2011 16:14,167
18117,11/14/2011 12:47,NULL,NULL
18118,12/5/2010 12:13,NULL,NULL
18118,12/10/2010 12:20,12/5/2010 12:13,5
18118,1/18/2011 13:05,12/10/2010 12:20,39
18118,2/7/2011 12:05,1/18/2011 13:05,20
18118,2/11/2011 11:17,2/7/2011 12:05,4
18118,3/2/2011 11:07,2/11/2011 11:17,19
18118,3/14/2011 11:04,3/2/2011 11:07,12
18118,3/24/2011 12:02,3/14/2011 11:04,10
18118,3/28/2011 10:52,3/24/2011 12:02,4
18118,4/1/2011 10:21,3/28/2011 10:52,4
18118,4/10/2011 11:14,4/1/2011 10:21,9
18118,5/4/2011 10:58,4/10/2011 11:14,24
18118,5/11/2011 12:58,5/4/2011 10:58,7
18118,5/16/2011 13:35,5/11/2011 12:58,5
18118,6/6/2011 12:06,5/16/2011 13:35,21
18118,6/17/2011 11:49,6/6/2011 12:06,11
18118,6/24/2011 10:33,6/17/2011 11:49,7
18118,7/15/2011 10:44,6/24/2011 10:33,21
18118,9/9/2011 12:22,7/15/2011 10:44,56
18118,9/23/2011 12:16,9/9/2011 12:22,14
18118,10/18/2011 12:17,9/23/2011 12:16,25
18118,10/21/2011 11:30,10/18/2011 12:17,3
18118,10/26/2011 12:28,10/21/2011 11:30,5
18118,11/11/2011 10:48,10/26/2011 12:28,16
18118,11/20/2011 11:09,11/11/2011 10:48,9
18118,11/29/2011 11:32,11/20/2011 11:09,9
18119,12/7/2010 11:59,NULL,NULL
18120,5/9/2011 13:45,NULL,NULL
18121,7/8/2011 12:14,NULL,NULL
18121,7/13/2011 12:53,7/8/2011 12:14,5
18122,7/12/2011 11:37,NULL,NULL
18122,9/16/2011 12:34,7/12/2011 11:37,66
18122,10/16/2011 13:08,9/16/2011 12:34,30
18122,11/4/2011 11:41,10/16/2011 13:08,19
18122,11/17/2011 14:29,11/4/2011 11:41,13
18122,12/1/2011 13:08,11/17/2011 14:29,14
18123,11/8/2011 13:31,NULL,NULL
18123,11/15/2011 14:23,11/8/2011 13:31,7
18125,1/27/2011 15:02,NULL,NULL
18125,2/17/2011 13:47,1/27/2011 15:02,21
18125,5/22/2011 11:51,2/17/2011 13:47,94
18125,11/10/2011 12:29,5/22/2011 11:51,172
18126,10/10/2011 12:19,NULL,NULL
18127,7/29/2011 10:06,NULL,NULL
18127,11/20/2011 12:45,7/29/2011 10:06,114
18127,11/20/2011 14:05,11/20/2011 12:45,0
18129,4/10/2011 14:16,NULL,NULL
18130,10/13/2011 15:58,NULL,NULL
18130,11/11/2011 9:25,10/13/2011 15:58,29
18130,11/24/2011 14:40,11/11/2011 9:25,13
18133,5/11/2011 14:14,NULL,NULL
18135,6/2/2011 14:04,NULL,NULL
18135,9/20/2011 14:08,6/2/2011 14:04,110
18135,11/1/2011 17:08,9/20/2011 14:08,42
18135,11/8/2011 11:51,11/1/2011 17:08,7
18135,11/10/2011 19:32,11/8/2011 11:51,2
18136,1/24/2011 12:08,NULL,NULL
18136,5/12/2011 11:59,1/24/2011 12:08,108
18136,10/7/2011 15:40,5/12/2011 11:59,148
18138,2/17/2011 14:51,NULL,NULL
18139,11/21/2011 14:06,NULL,NULL
18139,11/21/2011 14:47,11/21/2011 14:06,0
18139,11/21/2011 15:53,11/21/2011 14:47,0
18139,11/21/2011 16:20,11/21/2011 15:53,0
18139,11/22/2011 9:17,11/21/2011 16:20,1
18139,11/22/2011 10:44,11/22/2011 9:17,0
18142,5/8/2011 12:31,NULL,NULL
18142,7/5/2011 13:19,5/8/2011 12:31,58
18143,7/21/2011 10:44,NULL,NULL
18143,8/15/2011 12:07,7/21/2011 10:44,25
18144,12/1/2010 13:45,NULL,NULL
18144,12/14/2010 13:02,12/1/2010 13:45,13
18144,1/25/2011 12:15,12/14/2010 13:02,42
18144,3/15/2011 16:29,1/25/2011 12:15,49
18144,4/26/2011 14:37,3/15/2011 16:29,42
18144,4/26/2011 14:38,4/26/2011 14:37,0
18144,5/11/2011 13:20,4/26/2011 14:38,15
18144,7/6/2011 13:04,5/11/2011 13:20,56
18144,8/22/2011 9:21,7/6/2011 13:04,47
18144,9/22/2011 17:08,8/22/2011 9:21,31
18144,11/9/2011 9:22,9/22/2011 17:08,48
18144,12/2/2011 12:46,11/9/2011 9:22,23
18145,1/31/2011 12:10,NULL,NULL
18145,5/19/2011 10:38,1/31/2011 12:10,108
18145,9/13/2011 12:13,5/19/2011 10:38,117
18145,11/27/2011 11:22,9/13/2011 12:13,75
18146,5/3/2011 16:35,NULL,NULL
18146,7/22/2011 12:08,5/3/2011 16:35,80
18147,8/23/2011 12:22,NULL,NULL
18147,10/25/2011 11:46,8/23/2011 12:22,63
18149,3/11/2011 12:44,NULL,NULL
18149,5/8/2011 12:48,3/11/2011 12:44,58
18149,10/20/2011 12:04,5/8/2011 12:48,165
18150,5/22/2011 10:47,NULL,NULL
18150,7/22/2011 15:43,5/22/2011 10:47,61
18150,11/7/2011 16:49,7/22/2011 15:43,108
18151,2/23/2011 8:29,NULL,NULL
18151,7/28/2011 11:35,2/23/2011 8:29,155
18154,10/27/2011 10:40,NULL,NULL
18154,12/6/2011 16:41,10/27/2011 10:40,40
18155,2/21/2011 10:36,NULL,NULL
18155,6/22/2011 11:59,2/21/2011 10:36,121
18155,9/25/2011 13:32,6/22/2011 11:59,95
18156,12/5/2010 12:29,NULL,NULL
18156,11/27/2011 12:24,12/5/2010 12:29,357
18158,9/12/2011 9:03,NULL,NULL
18158,11/30/2011 16:19,9/12/2011 9:03,79
18159,2/11/2011 14:26,NULL,NULL
18160,5/23/2011 13:41,NULL,NULL
18160,10/13/2011 15:50,5/23/2011 13:41,143
18161,1/24/2011 11:56,NULL,NULL
18161,4/1/2011 8:22,1/24/2011 11:56,67
18161,7/22/2011 13:31,4/1/2011 8:22,112
18161,10/6/2011 12:25,7/22/2011 13:31,76
18161,11/24/2011 16:40,10/6/2011 12:25,49
18164,11/2/2011 12:56,NULL,NULL
18165,6/15/2011 13:23,NULL,NULL
18167,8/26/2011 11:40,NULL,NULL
18167,11/4/2011 13:51,8/26/2011 11:40,70
18167,11/16/2011 15:56,11/4/2011 13:51,12
18168,12/2/2010 18:08,NULL,NULL
18168,12/15/2010 11:08,12/2/2010 18:08,13
18168,2/10/2011 13:19,12/15/2010 11:08,57
18168,3/17/2011 13:58,2/10/2011 13:19,35
18168,5/19/2011 19:02,3/17/2011 13:58,63
18168,6/16/2011 19:21,5/19/2011 19:02,28
18169,10/10/2011 12:18,NULL,NULL
18170,5/6/2011 15:13,NULL,NULL
18170,8/19/2011 16:04,5/6/2011 15:13,105
18170,11/6/2011 14:35,8/19/2011 16:04,79
18171,1/10/2011 9:55,NULL,NULL
18171,4/15/2011 11:36,1/10/2011 9:55,95
18171,6/30/2011 9:59,4/15/2011 11:36,76
18171,9/1/2011 16:30,6/30/2011 9:59,63
18171,10/12/2011 9:13,9/1/2011 16:30,41
18172,2/23/2011 10:44,NULL,NULL
18172,2/23/2011 12:37,2/23/2011 10:44,0
18172,3/31/2011 17:28,2/23/2011 12:37,36
18172,4/26/2011 9:15,3/31/2011 17:28,26
18172,5/9/2011 14:22,4/26/2011 9:15,13
18172,5/12/2011 19:22,5/9/2011 14:22,3
18172,5/12/2011 19:23,5/12/2011 19:22,0
18172,7/14/2011 16:39,5/12/2011 19:23,63
18172,7/28/2011 13:28,7/14/2011 16:39,14
18172,8/4/2011 16:17,7/28/2011 13:28,7
18172,9/1/2011 16:50,8/4/2011 16:17,28
18172,9/15/2011 12:02,9/1/2011 16:50,14
18172,9/22/2011 16:48,9/15/2011 12:02,7
18172,9/22/2011 16:48,9/22/2011 16:48,0
18172,11/4/2011 11:53,9/22/2011 16:48,43
18172,11/4/2011 11:53,11/4/2011 11:53,0
18172,11/4/2011 11:54,11/4/2011 11:53,0
18172,11/9/2011 10:27,11/4/2011 11:54,5
18172,11/9/2011 10:27,11/9/2011 10:27,0
18172,11/25/2011 11:12,11/9/2011 10:27,16
18173,3/10/2011 11:56,NULL,NULL
18173,4/19/2011 15:20,3/10/2011 11:56,40
18173,5/24/2011 14:25,4/19/2011 15:20,35
18173,9/14/2011 11:26,5/24/2011 14:25,113
18174,12/2/2011 16:56,NULL,NULL
18176,12/16/2010 15:45,NULL,NULL
18177,3/29/2011 8:46,NULL,NULL
18177,4/20/2011 15:25,3/29/2011 8:46,22
18177,4/21/2011 10:00,4/20/2011 15:25,1
18177,5/19/2011 18:28,4/21/2011 10:00,28
18177,7/5/2011 10:23,5/19/2011 18:28,47
18177,11/8/2011 14:44,7/5/2011 10:23,126
18178,12/10/2010 12:42,NULL,NULL
18178,2/3/2011 14:08,12/10/2010 12:42,55
18178,5/4/2011 10:15,2/3/2011 14:08,90
18178,8/3/2011 9:30,5/4/2011 10:15,91
18179,1/7/2011 14:22,NULL,NULL
18179,1/17/2011 14:51,1/7/2011 14:22,10
18179,3/30/2011 12:43,1/17/2011 14:51,72
18179,4/1/2011 13:21,3/30/2011 12:43,2
18179,10/17/2011 13:44,4/1/2011 13:21,199
18179,11/30/2011 16:23,10/17/2011 13:44,44
18180,7/20/2011 8:59,NULL,NULL
18180,7/26/2011 8:51,7/20/2011 8:59,6
18180,9/12/2011 14:39,7/26/2011 8:51,48
18180,9/20/2011 10:21,9/12/2011 14:39,8
18180,10/11/2011 11:38,9/20/2011 10:21,21
18180,12/5/2011 8:39,10/11/2011 11:38,55
18181,11/15/2011 15:08,NULL,NULL
18183,3/10/2011 10:08,NULL,NULL
18183,4/26/2011 15:26,3/10/2011 10:08,47
18184,11/24/2011 15:28,NULL,NULL
18185,4/4/2011 13:42,NULL,NULL
18188,2/22/2011 14:43,NULL,NULL
18188,9/23/2011 12:58,2/22/2011 14:43,213
18188,11/24/2011 16:46,9/23/2011 12:58,62
18189,3/17/2011 9:49,NULL,NULL
18189,9/23/2011 12:40,3/17/2011 9:49,190
18190,1/13/2011 10:35,NULL,NULL
18190,5/31/2011 14:48,1/13/2011 10:35,138
18191,3/23/2011 12:08,NULL,NULL
18192,9/29/2011 9:53,NULL,NULL
18193,6/27/2011 13:58,NULL,NULL
18194,9/18/2011 13:29,NULL,NULL
18196,2/22/2011 16:13,NULL,NULL
18196,9/5/2011 16:22,2/22/2011 16:13,195
18198,1/7/2011 13:39,NULL,NULL
18198,2/2/2011 10:06,1/7/2011 13:39,26
18198,2/24/2011 15:12,2/2/2011 10:06,22
18198,3/17/2011 14:47,2/24/2011 15:12,21
18198,3/30/2011 14:06,3/17/2011 14:47,13
18198,4/14/2011 17:44,3/30/2011 14:06,15
18198,4/20/2011 8:24,4/14/2011 17:44,6
18198,5/5/2011 9:34,4/20/2011 8:24,15
18198,5/17/2011 10:04,5/5/2011 9:34,12
18198,5/20/2011 15:39,5/17/2011 10:04,3
18198,6/5/2011 10:37,5/20/2011 15:39,16
18198,6/23/2011 10:24,6/5/2011 10:37,18
18198,7/5/2011 12:17,6/23/2011 10:24,12
18198,8/31/2011 11:50,7/5/2011 12:17,57
18198,9/29/2011 12:43,8/31/2011 11:50,29
18198,11/8/2011 15:35,9/29/2011 12:43,40
18198,12/5/2011 14:49,11/8/2011 15:35,27
18200,8/25/2011 18:45,NULL,NULL
18202,2/1/2011 13:36,NULL,NULL
18202,5/24/2011 12:10,2/1/2011 13:36,112
18202,5/24/2011 12:12,5/24/2011 12:10,0
18203,7/5/2011 13:07,NULL,NULL
18204,5/31/2011 15:26,NULL,NULL
18204,8/22/2011 9:10,5/31/2011 15:26,83
18204,9/29/2011 16:44,8/22/2011 9:10,38
18205,9/26/2011 12:02,NULL,NULL
18205,11/3/2011 13:22,9/26/2011 12:02,38
18209,11/11/2011 12:07,NULL,NULL
18210,3/17/2011 16:58,NULL,NULL
18210,10/19/2011 15:29,3/17/2011 16:58,216
18210,11/10/2011 8:39,10/19/2011 15:29,22
18210,11/18/2011 10:18,11/10/2011 8:39,8
18210,11/30/2011 8:43,11/18/2011 10:18,12
18210,12/8/2011 11:02,11/30/2011 8:43,8
18211,3/6/2011 12:09,NULL,NULL
18211,7/26/2011 12:24,3/6/2011 12:09,142
18211,9/15/2011 8:27,7/26/2011 12:24,51
18211,10/27/2011 13:36,9/15/2011 8:27,42
18211,11/14/2011 8:10,10/27/2011 13:36,18
18212,1/17/2011 16:14,NULL,NULL
18213,4/17/2011 10:21,NULL,NULL
18215,9/11/2011 16:05,NULL,NULL
18216,11/8/2011 16:55,NULL,NULL
18217,9/30/2011 10:44,NULL,NULL
18217,11/10/2011 13:18,9/30/2011 10:44,41
18218,3/3/2011 12:24,NULL,NULL
18218,5/12/2011 12:53,3/3/2011 12:24,70
18219,12/6/2010 10:05,NULL,NULL
18219,12/14/2010 12:30,12/6/2010 10:05,8
18219,2/16/2011 14:18,12/14/2010 12:30,64
18219,4/18/2011 14:21,2/16/2011 14:18,61
18219,5/9/2011 12:16,4/18/2011 14:21,21
18219,6/24/2011 12:43,5/9/2011 12:16,46
18219,6/24/2011 12:44,6/24/2011 12:43,0
18219,7/13/2011 13:33,6/24/2011 12:44,19
18219,10/27/2011 18:02,7/13/2011 13:33,106
18219,12/7/2011 11:43,10/27/2011 18:02,41
18220,4/27/2011 9:03,NULL,NULL
18221,5/12/2011 14:13,NULL,NULL
18221,6/8/2011 11:37,5/12/2011 14:13,27
18221,8/16/2011 10:50,6/8/2011 11:37,69
18221,10/6/2011 17:51,8/16/2011 10:50,51
18221,11/17/2011 14:40,10/6/2011 17:51,42
18222,9/8/2011 10:45,NULL,NULL
18223,12/16/2010 16:42,NULL,NULL
18223,1/17/2011 11:55,12/16/2010 16:42,32
18223,1/21/2011 11:08,1/17/2011 11:55,4
18223,2/25/2011 13:15,1/21/2011 11:08,35
18223,3/6/2011 10:26,2/25/2011 13:15,9
18223,3/31/2011 16:56,3/6/2011 10:26,25
18223,5/18/2011 9:37,3/31/2011 16:56,48
18223,6/20/2011 13:41,5/18/2011 9:37,33
18223,6/20/2011 13:44,6/20/2011 13:41,0
18223,7/19/2011 15:07,6/20/2011 13:44,29
18223,9/4/2011 11:49,7/19/2011 15:07,47
18223,10/5/2011 15:09,9/4/2011 11:49,31
18223,10/31/2011 9:48,10/5/2011 15:09,26
18223,12/5/2011 9:11,10/31/2011 9:48,35
18224,3/21/2011 10:30,NULL,NULL
18225,12/9/2010 15:46,NULL,NULL
18225,2/7/2011 14:33,12/9/2010 15:46,60
18225,3/20/2011 12:07,2/7/2011 14:33,41
18225,3/22/2011 9:01,3/20/2011 12:07,2
18225,5/19/2011 19:51,3/22/2011 9:01,58
18225,7/13/2011 15:29,5/19/2011 19:51,55
18225,8/18/2011 17:57,7/13/2011 15:29,36
18225,9/16/2011 15:23,8/18/2011 17:57,29
18225,10/27/2011 13:26,9/16/2011 15:23,41
18225,11/17/2011 9:33,10/27/2011 13:26,21
18225,11/18/2011 13:16,11/17/2011 9:33,1
18225,12/6/2011 13:27,11/18/2011 13:16,18
18226,1/6/2011 9:00,NULL,NULL
18226,3/29/2011 10:50,1/6/2011 9:00,82
18226,4/10/2011 16:02,3/29/2011 10:50,12
18226,4/27/2011 14:18,4/10/2011 16:02,17
18226,5/25/2011 15:19,4/27/2011 14:18,28
18226,6/7/2011 9:51,5/25/2011 15:19,13
18226,7/3/2011 10:47,6/7/2011 9:51,26
18226,7/27/2011 15:17,7/3/2011 10:47,24
18226,8/11/2011 10:45,7/27/2011 15:17,15
18226,9/19/2011 9:14,8/11/2011 10:45,39
18226,10/26/2011 13:36,9/19/2011 9:14,37
18227,5/6/2011 12:23,NULL,NULL
18228,9/21/2011 10:48,NULL,NULL
18228,10/14/2011 9:21,9/21/2011 10:48,23
18229,12/1/2010 16:25,NULL,NULL
18229,12/8/2010 10:51,12/1/2010 16:25,7
18229,1/14/2011 10:39,12/8/2010 10:51,37
18229,2/18/2011 10:32,1/14/2011 10:39,35
18229,3/20/2011 10:30,2/18/2011 10:32,30
18229,4/14/2011 8:13,3/20/2011 10:30,25
18229,5/5/2011 11:18,4/14/2011 8:13,21
18229,5/25/2011 10:56,5/5/2011 11:18,20
18229,6/8/2011 15:18,5/25/2011 10:56,14
18229,6/21/2011 15:01,6/8/2011 15:18,13
18229,7/15/2011 12:10,6/21/2011 15:01,24
18229,7/24/2011 13:13,7/15/2011 12:10,9
18229,8/21/2011 10:35,7/24/2011 13:13,28
18229,9/7/2011 10:51,8/21/2011 10:35,17
18229,9/14/2011 10:28,9/7/2011 10:51,7
18229,9/30/2011 11:55,9/14/2011 10:28,16
18229,10/12/2011 12:59,9/30/2011 11:55,12
18229,11/7/2011 14:23,10/12/2011 12:59,26
18229,11/21/2011 13:58,11/7/2011 14:23,14
18229,11/28/2011 9:48,11/21/2011 13:58,7
18230,2/10/2011 13:06,NULL,NULL
18230,4/1/2011 11:31,2/10/2011 13:06,50
18230,5/16/2011 15:48,4/1/2011 11:31,45
18230,6/19/2011 13:01,5/16/2011 15:48,34
18230,9/6/2011 13:20,6/19/2011 13:01,79
18230,11/10/2011 16:15,9/6/2011 13:20,65
18230,11/30/2011 13:22,11/10/2011 16:15,20
18231,2/24/2011 9:08,NULL,NULL
18231,3/16/2011 11:36,2/24/2011 9:08,20
18231,4/13/2011 9:32,3/16/2011 11:36,28
18231,4/18/2011 12:17,4/13/2011 9:32,5
18231,5/31/2011 14:18,4/18/2011 12:17,43
18232,5/26/2011 16:30,NULL,NULL
18232,5/31/2011 8:03,5/26/2011 16:30,5
18232,7/5/2011 11:10,5/31/2011 8:03,35
18232,9/19/2011 11:49,7/5/2011 11:10,76
18233,1/18/2011 8:44,NULL,NULL
18235,5/6/2011 13:35,NULL,NULL
18235,8/11/2011 15:56,5/6/2011 13:35,97
18235,9/29/2011 8:27,8/11/2011 15:56,49
18236,4/13/2011 9:52,NULL,NULL
18236,6/6/2011 14:13,4/13/2011 9:52,54
18236,7/7/2011 13:02,6/6/2011 14:13,31
18236,8/2/2011 15:53,7/7/2011 13:02,26
18236,9/21/2011 9:22,8/2/2011 15:53,50
18236,11/10/2011 8:06,9/21/2011 9:22,50
18237,7/28/2011 13:05,NULL,NULL
18237,8/12/2011 12:44,7/28/2011 13:05,15
18237,9/9/2011 12:36,8/12/2011 12:44,28
18237,10/5/2011 13:33,9/9/2011 12:36,26
18237,12/7/2011 12:49,10/5/2011 13:33,63
18239,12/2/2010 17:48,NULL,NULL
18239,1/21/2011 15:36,12/2/2010 17:48,50
18239,1/31/2011 10:44,1/21/2011 15:36,10
18239,3/24/2011 15:15,1/31/2011 10:44,52
18239,5/5/2011 12:38,3/24/2011 15:15,42
18240,10/24/2011 13:06,NULL,NULL
18241,5/6/2011 9:22,NULL,NULL
18241,6/16/2011 11:51,5/6/2011 9:22,41
18241,6/28/2011 13:09,6/16/2011 11:51,12
18241,7/27/2011 10:10,6/28/2011 13:09,29
18241,8/3/2011 10:11,7/27/2011 10:10,7
18241,8/8/2011 16:07,8/3/2011 10:11,5
18241,8/15/2011 10:29,8/8/2011 16:07,7
18241,8/16/2011 14:34,8/15/2011 10:29,1
18241,8/22/2011 15:07,8/16/2011 14:34,6
18241,8/25/2011 10:55,8/22/2011 15:07,3
18241,9/1/2011 14:47,8/25/2011 10:55,7
18241,9/21/2011 8:56,9/1/2011 14:47,20
18241,9/26/2011 12:54,9/21/2011 8:56,5
18241,10/11/2011 9:29,9/26/2011 12:54,15
18241,10/17/2011 15:37,10/11/2011 9:29,6
18241,10/21/2011 10:19,10/17/2011 15:37,4
18241,11/30/2011 12:10,10/21/2011 10:19,40
18242,5/10/2011 11:20,NULL,NULL
18242,5/27/2011 14:22,5/10/2011 11:20,17
18242,9/28/2011 12:25,5/27/2011 14:22,124
18242,9/28/2011 13:43,9/28/2011 12:25,0
18245,12/19/2010 14:58,NULL,NULL
18245,1/31/2011 11:46,12/19/2010 14:58,43
18245,5/12/2011 9:59,1/31/2011 11:46,101
18245,5/12/2011 10:03,5/12/2011 9:59,0
18245,7/13/2011 14:28,5/12/2011 10:03,62
18245,7/13/2011 14:29,7/13/2011 14:28,0
18245,12/2/2011 14:48,7/13/2011 14:29,142
18246,4/20/2011 13:55,NULL,NULL
18246,11/16/2011 11:49,4/20/2011 13:55,210
18248,6/6/2011 13:18,NULL,NULL
18248,8/9/2011 10:19,6/6/2011 13:18,64
18249,11/22/2011 15:07,NULL,NULL
18250,2/2/2011 13:16,NULL,NULL
18251,9/13/2011 15:03,NULL,NULL
18252,6/21/2011 11:47,NULL,NULL
18252,10/20/2011 12:43,6/21/2011 11:47,121
18255,9/11/2011 13:16,NULL,NULL
18257,2/16/2011 15:13,NULL,NULL
18257,2/22/2011 11:05,2/16/2011 15:13,6
18257,5/17/2011 10:10,2/22/2011 11:05,84
18257,6/24/2011 8:40,5/17/2011 10:10,38
18257,8/17/2011 14:47,6/24/2011 8:40,54
18257,10/3/2011 14:53,8/17/2011 14:47,47
18257,10/3/2011 14:55,10/3/2011 14:53,0
18257,10/31/2011 14:48,10/3/2011 14:55,28
18259,12/8/2010 13:38,NULL,NULL
18259,9/15/2011 14:37,12/8/2010 13:38,281
18259,11/15/2011 12:34,9/15/2011 14:37,61
18260,12/16/2010 18:23,NULL,NULL
18260,1/9/2011 14:42,12/16/2010 18:23,24
18260,3/15/2011 10:34,1/9/2011 14:42,65
18260,4/13/2011 12:47,3/15/2011 10:34,29
18260,5/18/2011 10:08,4/13/2011 12:47,35
18260,6/20/2011 12:37,5/18/2011 10:08,33
18261,9/5/2011 9:34,NULL,NULL
18261,10/27/2011 15:36,9/5/2011 9:34,52
18262,7/22/2011 16:04,NULL,NULL
18263,4/1/2011 11:48,NULL,NULL
18263,7/7/2011 10:04,4/1/2011 11:48,97
18263,11/14/2011 9:00,7/7/2011 10:04,130
18265,7/4/2011 15:26,NULL,NULL
18265,9/28/2011 14:10,7/4/2011 15:26,86
18268,7/28/2011 19:13,NULL,NULL
18269,12/8/2010 13:53,NULL,NULL
18270,3/18/2011 12:41,NULL,NULL
18270,11/1/2011 13:57,3/18/2011 12:41,228
18272,4/7/2011 9:35,NULL,NULL
18272,4/28/2011 18:11,4/7/2011 9:35,21
18272,7/12/2011 15:42,4/28/2011 18:11,75
18272,8/18/2011 12:06,7/12/2011 15:42,37
18272,10/25/2011 11:52,8/18/2011 12:06,68
18272,12/7/2011 12:43,10/25/2011 11:52,43
18273,3/27/2011 11:22,NULL,NULL
18273,9/5/2011 11:27,3/27/2011 11:22,162
18273,12/7/2011 13:16,9/5/2011 11:27,93
18274,11/9/2011 17:03,NULL,NULL
18276,10/27/2011 10:54,NULL,NULL
18277,10/12/2011 15:22,NULL,NULL
18278,9/27/2011 11:58,NULL,NULL
18280,3/7/2011 9:52,NULL,NULL
18281,6/12/2011 10:53,NULL,NULL
18282,8/5/2011 13:35,NULL,NULL
18282,12/2/2011 11:43,8/5/2011 13:35,119
18283,1/6/2011 14:14,NULL,NULL
18283,1/23/2011 14:58,1/6/2011 14:14,17
18283,2/28/2011 10:30,1/23/2011 14:58,36
18283,4/21/2011 16:37,2/28/2011 10:30,52
18283,5/23/2011 11:33,4/21/2011 16:37,32
18283,6/14/2011 11:41,5/23/2011 11:33,22
18283,6/23/2011 19:20,6/14/2011 11:41,9
18283,7/14/2011 13:00,6/23/2011 19:20,21
18283,7/14/2011 13:20,7/14/2011 13:00,0
18283,9/5/2011 12:35,7/14/2011 13:20,53
18283,10/27/2011 14:38,9/5/2011 12:35,52
18283,11/10/2011 14:59,10/27/2011 14:38,14
18283,11/10/2011 15:07,11/10/2011 14:59,0
18283,11/23/2011 13:27,11/10/2011 15:07,13
18283,11/30/2011 12:59,11/23/2011 13:27,7
18283,12/6/2011 12:02,11/30/2011 12:59,6
18287,5/22/2011 10:39,NULL,NULL
18287,10/12/2011 10:23,5/22/2011 10:39,143
18287,10/28/2011 9:29,10/12/2011 10:23,16
